solid ASCII
  facet normal -0.000000e+00 7.071068e-01 7.071068e-01
    outer loop
      vertex   1.495902e+02 -2.395625e+01 2.085000e+01
      vertex   1.683964e+02 -2.395625e+01 2.085000e+01
      vertex   1.491760e+02 -2.295625e+01 1.985000e+01
    endloop
  endfacet
  facet normal -0.000000e+00 7.071068e-01 7.071068e-01
    outer loop
      vertex   1.491760e+02 -2.295625e+01 1.985000e+01
      vertex   1.683964e+02 -2.395625e+01 2.085000e+01
      vertex   1.688106e+02 -2.295625e+01 1.985000e+01
    endloop
  endfacet
  facet normal 5.000000e-01 5.000000e-01 7.071068e-01
    outer loop
      vertex   1.683964e+02 -2.395625e+01 2.085000e+01
      vertex   1.736875e+02 -2.924738e+01 2.085000e+01
      vertex   1.688106e+02 -2.295625e+01 1.985000e+01
    endloop
  endfacet
  facet normal 5.000000e-01 5.000000e-01 7.071068e-01
    outer loop
      vertex   1.688106e+02 -2.295625e+01 1.985000e+01
      vertex   1.736875e+02 -2.924738e+01 2.085000e+01
      vertex   1.746875e+02 -2.883317e+01 1.985000e+01
    endloop
  endfacet
  facet normal 7.071068e-01 -0.000000e+00 7.071068e-01
    outer loop
      vertex   1.736875e+02 -5.885887e+01 2.085000e+01
      vertex   1.746875e+02 -5.927308e+01 1.985000e+01
      vertex   1.736875e+02 -2.924738e+01 2.085000e+01
    endloop
  endfacet
  facet normal 7.071068e-01 2.345589e-30 7.071068e-01
    outer loop
      vertex   1.736875e+02 -2.924738e+01 2.085000e+01
      vertex   1.746875e+02 -5.927308e+01 1.985000e+01
      vertex   1.746875e+02 -2.883317e+01 1.985000e+01
    endloop
  endfacet
  facet normal 5.000000e-01 -5.000000e-01 7.071068e-01
    outer loop
      vertex   1.683964e+02 -6.415000e+01 2.085000e+01
      vertex   1.688106e+02 -6.515000e+01 1.985000e+01
      vertex   1.736875e+02 -5.885887e+01 2.085000e+01
    endloop
  endfacet
  facet normal 5.000000e-01 -5.000000e-01 7.071068e-01
    outer loop
      vertex   1.736875e+02 -5.885887e+01 2.085000e+01
      vertex   1.688106e+02 -6.515000e+01 1.985000e+01
      vertex   1.746875e+02 -5.927308e+01 1.985000e+01
    endloop
  endfacet
  facet normal 0.000000e+00 -7.071068e-01 7.071068e-01
    outer loop
      vertex   1.552000e+02 -6.415000e+01 2.085000e+01
      vertex   1.562000e+02 -6.515000e+01 1.985000e+01
      vertex   1.683964e+02 -6.415000e+01 2.085000e+01
    endloop
  endfacet
  facet normal 0.000000e+00 -7.071068e-01 7.071068e-01
    outer loop
      vertex   1.683964e+02 -6.415000e+01 2.085000e+01
      vertex   1.562000e+02 -6.515000e+01 1.985000e+01
      vertex   1.688106e+02 -6.515000e+01 1.985000e+01
    endloop
  endfacet
  facet normal 7.071068e-01 -0.000000e+00 7.071068e-01
    outer loop
      vertex   1.562000e+02 -8.309939e+01 1.985000e+01
      vertex   1.562000e+02 -6.515000e+01 1.985000e+01
      vertex   1.552000e+02 -8.283161e+01 2.085000e+01
    endloop
  endfacet
  facet normal 7.071068e-01 -0.000000e+00 7.071068e-01
    outer loop
      vertex   1.552000e+02 -8.283161e+01 2.085000e+01
      vertex   1.562000e+02 -6.515000e+01 1.985000e+01
      vertex   1.552000e+02 -6.415000e+01 2.085000e+01
    endloop
  endfacet
  facet normal 6.124857e-01 -3.533571e-01 7.071068e-01
    outer loop
      vertex   1.562000e+02 -8.309939e+01 1.985000e+01
      vertex   1.552000e+02 -8.283161e+01 2.085000e+01
      vertex   1.510650e+02 -9.200000e+01 1.985000e+01
    endloop
  endfacet
  facet normal 6.124857e-01 -3.533571e-01 7.071068e-01
    outer loop
      vertex   1.510650e+02 -9.200000e+01 1.985000e+01
      vertex   1.552000e+02 -8.283161e+01 2.085000e+01
      vertex   1.504875e+02 -9.100000e+01 2.085000e+01
    endloop
  endfacet
  facet normal 0.000000e+00 -7.071068e-01 7.071068e-01
    outer loop
      vertex   1.510650e+02 -9.200000e+01 1.985000e+01
      vertex   1.504875e+02 -9.100000e+01 2.085000e+01
      vertex   1.494828e+02 -9.200000e+01 1.985000e+01
    endloop
  endfacet
  facet normal 6.046587e-29 -7.071068e-01 7.071068e-01
    outer loop
      vertex   1.494828e+02 -9.200000e+01 1.985000e+01
      vertex   1.504875e+02 -9.100000e+01 2.085000e+01
      vertex   1.498971e+02 -9.100000e+01 2.085000e+01
    endloop
  endfacet
  facet normal -5.000000e-01 -5.000000e-01 7.071068e-01
    outer loop
      vertex   1.494828e+02 -9.200000e+01 1.985000e+01
      vertex   1.498971e+02 -9.100000e+01 2.085000e+01
      vertex   1.484000e+02 -9.091716e+01 1.985000e+01
    endloop
  endfacet
  facet normal -5.000000e-01 -5.000000e-01 7.071068e-01
    outer loop
      vertex   1.484000e+02 -9.091716e+01 1.985000e+01
      vertex   1.498971e+02 -9.100000e+01 2.085000e+01
      vertex   1.494000e+02 -9.050294e+01 2.085000e+01
    endloop
  endfacet
  facet normal -7.071068e-01 0.000000e+00 7.071068e-01
    outer loop
      vertex   1.484000e+02 -9.091716e+01 1.985000e+01
      vertex   1.494000e+02 -9.050294e+01 2.085000e+01
      vertex   1.484000e+02 -8.950294e+01 1.985000e+01
    endloop
  endfacet
  facet normal -7.071068e-01 0.000000e+00 7.071068e-01
    outer loop
      vertex   1.484000e+02 -8.950294e+01 1.985000e+01
      vertex   1.494000e+02 -9.050294e+01 2.085000e+01
      vertex   1.494000e+02 -8.908873e+01 2.085000e+01
    endloop
  endfacet
  facet normal -5.000000e-01 5.000000e-01 7.071068e-01
    outer loop
      vertex   1.495902e+02 -2.395625e+01 2.085000e+01
      vertex   1.491760e+02 -2.295625e+01 1.985000e+01
      vertex   1.477260e+02 -2.582046e+01 2.085000e+01
    endloop
  endfacet
  facet normal -5.000000e-01 5.000000e-01 7.071068e-01
    outer loop
      vertex   1.477260e+02 -2.582046e+01 2.085000e+01
      vertex   1.491760e+02 -2.295625e+01 1.985000e+01
      vertex   1.467260e+02 -2.540625e+01 1.985000e+01
    endloop
  endfacet
  facet normal -5.000000e-01 -5.000000e-01 7.071068e-01
    outer loop
      vertex   1.467260e+02 -8.782894e+01 1.985000e+01
      vertex   1.484000e+02 -8.950294e+01 1.985000e+01
      vertex   1.477260e+02 -8.741473e+01 2.085000e+01
    endloop
  endfacet
  facet normal -5.000000e-01 -5.000000e-01 7.071068e-01
    outer loop
      vertex   1.477260e+02 -8.741473e+01 2.085000e+01
      vertex   1.484000e+02 -8.950294e+01 1.985000e+01
      vertex   1.494000e+02 -8.908873e+01 2.085000e+01
    endloop
  endfacet
  facet normal -7.071068e-01 0.000000e+00 7.071068e-01
    outer loop
      vertex   1.477260e+02 -8.741473e+01 2.085000e+01
      vertex   1.477260e+02 -2.582046e+01 2.085000e+01
      vertex   1.467260e+02 -8.782894e+01 1.985000e+01
    endloop
  endfacet
  facet normal -7.071068e-01 0.000000e+00 7.071068e-01
    outer loop
      vertex   1.467260e+02 -8.782894e+01 1.985000e+01
      vertex   1.477260e+02 -2.582046e+01 2.085000e+01
      vertex   1.467260e+02 -2.540625e+01 1.985000e+01
    endloop
  endfacet
  facet normal -0.000000e+00 -1.000000e+00 -0.000000e+00
    outer loop
      vertex   1.510650e+02 -9.200000e+01 1.985000e+01
      vertex   1.494828e+02 -9.200000e+01 1.985000e+01
      vertex   1.510650e+02 -9.200000e+01 5.350000e+00
    endloop
  endfacet
  facet normal 0.000000e+00 -1.000000e+00 0.000000e+00
    outer loop
      vertex   1.510650e+02 -9.200000e+01 5.350000e+00
      vertex   1.494828e+02 -9.200000e+01 1.985000e+01
      vertex   1.494828e+02 -9.200000e+01 5.350000e+00
    endloop
  endfacet
  facet normal -7.071068e-01 -7.071068e-01 -0.000000e+00
    outer loop
      vertex   1.494828e+02 -9.200000e+01 1.985000e+01
      vertex   1.484000e+02 -9.091716e+01 1.985000e+01
      vertex   1.494828e+02 -9.200000e+01 5.350000e+00
    endloop
  endfacet
  facet normal -7.071068e-01 -7.071068e-01 -2.797468e-19
    outer loop
      vertex   1.494828e+02 -9.200000e+01 5.350000e+00
      vertex   1.484000e+02 -9.091716e+01 1.985000e+01
      vertex   1.484000e+02 -9.091716e+01 5.350000e+00
    endloop
  endfacet
  facet normal -1.000000e+00 -0.000000e+00 -0.000000e+00
    outer loop
      vertex   1.484000e+02 -8.950294e+01 1.985000e+01
      vertex   1.484000e+02 -8.950294e+01 1.885000e+01
      vertex   1.484000e+02 -9.091716e+01 1.985000e+01
    endloop
  endfacet
  facet normal -1.000000e+00 0.000000e+00 0.000000e+00
    outer loop
      vertex   1.484000e+02 -9.091716e+01 1.985000e+01
      vertex   1.484000e+02 -8.950294e+01 1.885000e+01
      vertex   1.484000e+02 -9.091716e+01 5.350000e+00
    endloop
  endfacet
  facet normal -1.000000e+00 0.000000e+00 0.000000e+00
    outer loop
      vertex   1.484000e+02 -9.091716e+01 5.350000e+00
      vertex   1.484000e+02 -8.950294e+01 1.885000e+01
      vertex   1.484000e+02 -5.788084e+01 5.350000e+00
    endloop
  endfacet
  facet normal -1.000000e+00 0.000000e+00 0.000000e+00
    outer loop
      vertex   1.484000e+02 -5.788084e+01 5.350000e+00
      vertex   1.484000e+02 -8.950294e+01 1.885000e+01
      vertex   1.484000e+02 -5.788084e+01 1.885000e+01
    endloop
  endfacet
  facet normal -7.071068e-01 -7.071068e-01 -0.000000e+00
    outer loop
      vertex   1.484000e+02 -8.950294e+01 1.985000e+01
      vertex   1.467260e+02 -8.782894e+01 1.985000e+01
      vertex   1.484000e+02 -8.950294e+01 1.885000e+01
    endloop
  endfacet
  facet normal -7.071068e-01 -7.071068e-01 1.722773e-18
    outer loop
      vertex   1.484000e+02 -8.950294e+01 1.885000e+01
      vertex   1.467260e+02 -8.782894e+01 1.985000e+01
      vertex   1.467260e+02 -8.782894e+01 1.885000e+01
    endloop
  endfacet
  facet normal -1.000000e+00 0.000000e+00 0.000000e+00
    outer loop
      vertex   1.467260e+02 -8.782894e+01 1.985000e+01
      vertex   1.467260e+02 -2.540625e+01 1.985000e+01
      vertex   1.467260e+02 -8.782894e+01 1.885000e+01
    endloop
  endfacet
  facet normal -1.000000e+00 0.000000e+00 0.000000e+00
    outer loop
      vertex   1.467260e+02 -8.782894e+01 1.885000e+01
      vertex   1.467260e+02 -2.540625e+01 1.985000e+01
      vertex   1.467260e+02 -2.540625e+01 1.885000e+01
    endloop
  endfacet
  facet normal -7.071068e-01 7.071068e-01 0.000000e+00
    outer loop
      vertex   1.467260e+02 -2.540625e+01 1.985000e+01
      vertex   1.491760e+02 -2.295625e+01 1.985000e+01
      vertex   1.467260e+02 -2.540625e+01 1.885000e+01
    endloop
  endfacet
  facet normal -7.071068e-01 7.071068e-01 6.152199e-17
    outer loop
      vertex   1.467260e+02 -2.540625e+01 1.885000e+01
      vertex   1.491760e+02 -2.295625e+01 1.985000e+01
      vertex   1.491760e+02 -2.295625e+01 1.885000e+01
    endloop
  endfacet
  facet normal 0.000000e+00 1.000000e+00 0.000000e+00
    outer loop
      vertex   1.491760e+02 -2.295625e+01 1.885000e+01
      vertex   1.491760e+02 -2.295625e+01 1.985000e+01
      vertex   1.650827e+02 -2.295625e+01 1.885000e+01
    endloop
  endfacet
  facet normal 0.000000e+00 1.000000e+00 -0.000000e+00
    outer loop
      vertex   1.650827e+02 -2.295625e+01 1.885000e+01
      vertex   1.491760e+02 -2.295625e+01 1.985000e+01
      vertex   1.688106e+02 -2.295625e+01 1.985000e+01
    endloop
  endfacet
  facet normal -0.000000e+00 1.000000e+00 0.000000e+00
    outer loop
      vertex   1.650827e+02 -2.295625e+01 1.885000e+01
      vertex   1.688106e+02 -2.295625e+01 1.985000e+01
      vertex   1.688106e+02 -2.295625e+01 5.350000e+00
    endloop
  endfacet
  facet normal 0.000000e+00 1.000000e+00 0.000000e+00
    outer loop
      vertex   1.688106e+02 -2.295625e+01 5.350000e+00
      vertex   1.650827e+02 -2.295625e+01 5.350000e+00
      vertex   1.650827e+02 -2.295625e+01 1.885000e+01
    endloop
  endfacet
  facet normal -0.000000e+00 0.000000e+00 1.000000e+00
    outer loop
      vertex   1.495902e+02 -2.395625e+01 2.085000e+01
      vertex   1.552000e+02 -6.415000e+01 2.085000e+01
      vertex   1.683964e+02 -2.395625e+01 2.085000e+01
    endloop
  endfacet
  facet normal 0.000000e+00 0.000000e+00 1.000000e+00
    outer loop
      vertex   1.683964e+02 -2.395625e+01 2.085000e+01
      vertex   1.552000e+02 -6.415000e+01 2.085000e+01
      vertex   1.683964e+02 -6.415000e+01 2.085000e+01
    endloop
  endfacet
  facet normal 0.000000e+00 0.000000e+00 1.000000e+00
    outer loop
      vertex   1.683964e+02 -2.395625e+01 2.085000e+01
      vertex   1.683964e+02 -6.415000e+01 2.085000e+01
      vertex   1.736875e+02 -5.885887e+01 2.085000e+01
    endloop
  endfacet
  facet normal 0.000000e+00 0.000000e+00 1.000000e+00
    outer loop
      vertex   1.495902e+02 -2.395625e+01 2.085000e+01
      vertex   1.477260e+02 -2.582046e+01 2.085000e+01
      vertex   1.552000e+02 -6.415000e+01 2.085000e+01
    endloop
  endfacet
  facet normal 0.000000e+00 0.000000e+00 1.000000e+00
    outer loop
      vertex   1.552000e+02 -6.415000e+01 2.085000e+01
      vertex   1.477260e+02 -2.582046e+01 2.085000e+01
      vertex   1.477260e+02 -8.741473e+01 2.085000e+01
    endloop
  endfacet
  facet normal 0.000000e+00 0.000000e+00 1.000000e+00
    outer loop
      vertex   1.552000e+02 -6.415000e+01 2.085000e+01
      vertex   1.477260e+02 -8.741473e+01 2.085000e+01
      vertex   1.552000e+02 -8.283161e+01 2.085000e+01
    endloop
  endfacet
  facet normal 0.000000e+00 0.000000e+00 1.000000e+00
    outer loop
      vertex   1.552000e+02 -8.283161e+01 2.085000e+01
      vertex   1.477260e+02 -8.741473e+01 2.085000e+01
      vertex   1.494000e+02 -8.908873e+01 2.085000e+01
    endloop
  endfacet
  facet normal 0.000000e+00 0.000000e+00 1.000000e+00
    outer loop
      vertex   1.552000e+02 -8.283161e+01 2.085000e+01
      vertex   1.494000e+02 -8.908873e+01 2.085000e+01
      vertex   1.504875e+02 -9.100000e+01 2.085000e+01
    endloop
  endfacet
  facet normal 0.000000e+00 0.000000e+00 1.000000e+00
    outer loop
      vertex   1.504875e+02 -9.100000e+01 2.085000e+01
      vertex   1.494000e+02 -8.908873e+01 2.085000e+01
      vertex   1.498971e+02 -9.100000e+01 2.085000e+01
    endloop
  endfacet
  facet normal 0.000000e+00 0.000000e+00 1.000000e+00
    outer loop
      vertex   1.498971e+02 -9.100000e+01 2.085000e+01
      vertex   1.494000e+02 -8.908873e+01 2.085000e+01
      vertex   1.494000e+02 -9.050294e+01 2.085000e+01
    endloop
  endfacet
  facet normal 0.000000e+00 -0.000000e+00 1.000000e+00
    outer loop
      vertex   1.736875e+02 -5.885887e+01 2.085000e+01
      vertex   1.736875e+02 -2.924738e+01 2.085000e+01
      vertex   1.683964e+02 -2.395625e+01 2.085000e+01
    endloop
  endfacet
  facet normal -0.000000e+00 -0.000000e+00 -1.000000e+00
    outer loop
      vertex   1.650827e+02 -2.295625e+01 1.885000e+01
      vertex   1.650827e+02 -3.075625e+01 1.885000e+01
      vertex   1.491760e+02 -2.295625e+01 1.885000e+01
    endloop
  endfacet
  facet normal 0.000000e+00 -0.000000e+00 -1.000000e+00
    outer loop
      vertex   1.491760e+02 -2.295625e+01 1.885000e+01
      vertex   1.650827e+02 -3.075625e+01 1.885000e+01
      vertex   1.489130e+02 -5.735000e+01 1.885000e+01
    endloop
  endfacet
  facet normal 0.000000e+00 0.000000e+00 -1.000000e+00
    outer loop
      vertex   1.491760e+02 -2.295625e+01 1.885000e+01
      vertex   1.489130e+02 -5.735000e+01 1.885000e+01
      vertex   1.467260e+02 -2.540625e+01 1.885000e+01
    endloop
  endfacet
  facet normal 0.000000e+00 0.000000e+00 -1.000000e+00
    outer loop
      vertex   1.467260e+02 -2.540625e+01 1.885000e+01
      vertex   1.489130e+02 -5.735000e+01 1.885000e+01
      vertex   1.484000e+02 -5.788084e+01 1.885000e+01
    endloop
  endfacet
  facet normal 0.000000e+00 0.000000e+00 -1.000000e+00
    outer loop
      vertex   1.467260e+02 -2.540625e+01 1.885000e+01
      vertex   1.484000e+02 -5.788084e+01 1.885000e+01
      vertex   1.467260e+02 -8.782894e+01 1.885000e+01
    endloop
  endfacet
  facet normal 0.000000e+00 0.000000e+00 -1.000000e+00
    outer loop
      vertex   1.467260e+02 -8.782894e+01 1.885000e+01
      vertex   1.484000e+02 -5.788084e+01 1.885000e+01
      vertex   1.484000e+02 -8.950294e+01 1.885000e+01
    endloop
  endfacet
  facet normal -0.000000e+00 -0.000000e+00 -1.000000e+00
    outer loop
      vertex   1.655797e+02 -3.075625e+01 1.885000e+01
      vertex   1.668875e+02 -3.206403e+01 1.885000e+01
      vertex   1.650827e+02 -3.075625e+01 1.885000e+01
    endloop
  endfacet
  facet normal 0.000000e+00 0.000000e+00 -1.000000e+00
    outer loop
      vertex   1.650827e+02 -3.075625e+01 1.885000e+01
      vertex   1.668875e+02 -3.206403e+01 1.885000e+01
      vertex   1.668875e+02 -5.604222e+01 1.885000e+01
    endloop
  endfacet
  facet normal 0.000000e+00 0.000000e+00 -1.000000e+00
    outer loop
      vertex   1.650827e+02 -3.075625e+01 1.885000e+01
      vertex   1.668875e+02 -5.604222e+01 1.885000e+01
      vertex   1.655797e+02 -5.735000e+01 1.885000e+01
    endloop
  endfacet
  facet normal 0.000000e+00 0.000000e+00 -1.000000e+00
    outer loop
      vertex   1.655797e+02 -5.735000e+01 1.885000e+01
      vertex   1.489130e+02 -5.735000e+01 1.885000e+01
      vertex   1.650827e+02 -3.075625e+01 1.885000e+01
    endloop
  endfacet
  facet normal -7.191035e-01 6.949029e-01 0.000000e+00
    outer loop
      vertex   1.484000e+02 -5.788084e+01 1.885000e+01
      vertex   1.489130e+02 -5.735000e+01 1.885000e+01
      vertex   1.484000e+02 -5.788084e+01 5.350000e+00
    endloop
  endfacet
  facet normal -7.191035e-01 6.949029e-01 7.322425e-19
    outer loop
      vertex   1.484000e+02 -5.788084e+01 5.350000e+00
      vertex   1.489130e+02 -5.735000e+01 1.885000e+01
      vertex   1.489130e+02 -5.735000e+01 5.350000e+00
    endloop
  endfacet
  facet normal -0.000000e+00 1.000000e+00 0.000000e+00
    outer loop
      vertex   1.489130e+02 -5.735000e+01 1.885000e+01
      vertex   1.655797e+02 -5.735000e+01 1.885000e+01
      vertex   1.489130e+02 -5.735000e+01 5.350000e+00
    endloop
  endfacet
  facet normal 0.000000e+00 1.000000e+00 0.000000e+00
    outer loop
      vertex   1.489130e+02 -5.735000e+01 5.350000e+00
      vertex   1.655797e+02 -5.735000e+01 1.885000e+01
      vertex   1.655797e+02 -5.735000e+01 5.350000e+00
    endloop
  endfacet
  facet normal -7.071068e-01 7.071068e-01 0.000000e+00
    outer loop
      vertex   1.655797e+02 -5.735000e+01 1.885000e+01
      vertex   1.668875e+02 -5.604222e+01 1.885000e+01
      vertex   1.655797e+02 -5.735000e+01 5.350000e+00
    endloop
  endfacet
  facet normal -7.071068e-01 7.071068e-01 -2.560553e-19
    outer loop
      vertex   1.655797e+02 -5.735000e+01 5.350000e+00
      vertex   1.668875e+02 -5.604222e+01 1.885000e+01
      vertex   1.668875e+02 -5.604222e+01 5.350000e+00
    endloop
  endfacet
  facet normal -1.000000e+00 0.000000e+00 0.000000e+00
    outer loop
      vertex   1.668875e+02 -5.604222e+01 1.885000e+01
      vertex   1.668875e+02 -3.206403e+01 1.885000e+01
      vertex   1.668875e+02 -5.604222e+01 5.350000e+00
    endloop
  endfacet
  facet normal -1.000000e+00 0.000000e+00 0.000000e+00
    outer loop
      vertex   1.668875e+02 -5.604222e+01 5.350000e+00
      vertex   1.668875e+02 -3.206403e+01 1.885000e+01
      vertex   1.668875e+02 -3.206403e+01 5.350000e+00
    endloop
  endfacet
  facet normal -7.071068e-01 -7.071068e-01 -0.000000e+00
    outer loop
      vertex   1.668875e+02 -3.206403e+01 1.885000e+01
      vertex   1.655797e+02 -3.075625e+01 1.885000e+01
      vertex   1.668875e+02 -3.206403e+01 5.350000e+00
    endloop
  endfacet
  facet normal -7.071068e-01 -7.071068e-01 1.260226e-18
    outer loop
      vertex   1.668875e+02 -3.206403e+01 5.350000e+00
      vertex   1.655797e+02 -3.075625e+01 1.885000e+01
      vertex   1.655797e+02 -3.075625e+01 5.350000e+00
    endloop
  endfacet
  facet normal -0.000000e+00 -1.000000e+00 -0.000000e+00
    outer loop
      vertex   1.655797e+02 -3.075625e+01 1.885000e+01
      vertex   1.650827e+02 -3.075625e+01 1.885000e+01
      vertex   1.655797e+02 -3.075625e+01 5.350000e+00
    endloop
  endfacet
  facet normal 0.000000e+00 -1.000000e+00 0.000000e+00
    outer loop
      vertex   1.655797e+02 -3.075625e+01 5.350000e+00
      vertex   1.650827e+02 -3.075625e+01 1.885000e+01
      vertex   1.650827e+02 -3.075625e+01 5.350000e+00
    endloop
  endfacet
  facet normal -1.000000e+00 0.000000e+00 0.000000e+00
    outer loop
      vertex   1.650827e+02 -3.075625e+01 1.885000e+01
      vertex   1.650827e+02 -2.295625e+01 1.885000e+01
      vertex   1.650827e+02 -3.075625e+01 5.350000e+00
    endloop
  endfacet
  facet normal -1.000000e+00 0.000000e+00 0.000000e+00
    outer loop
      vertex   1.650827e+02 -3.075625e+01 5.350000e+00
      vertex   1.650827e+02 -2.295625e+01 1.885000e+01
      vertex   1.650827e+02 -2.295625e+01 5.350000e+00
    endloop
  endfacet
  facet normal -9.967573e-01 -8.046657e-02 -7.457600e-17
    outer loop
      vertex   1.701264e+02 -2.846795e+01 1.685000e+01
      vertex   1.701264e+02 -2.846795e+01 1.301667e+01
      vertex   1.701413e+02 -2.865242e+01 1.685000e+01
    endloop
  endfacet
  facet normal -9.967573e-01 -8.046657e-02 -0.000000e+00
    outer loop
      vertex   1.701413e+02 -2.865242e+01 1.685000e+01
      vertex   1.701264e+02 -2.846795e+01 1.301667e+01
      vertex   1.701413e+02 -2.865242e+01 1.301667e+01
    endloop
  endfacet
  facet normal -9.967573e-01 8.046657e-02 0.000000e+00
    outer loop
      vertex   1.701413e+02 -2.865242e+01 1.685000e+01
      vertex   1.701413e+02 -2.865242e+01 1.301667e+01
      vertex   1.701264e+02 -2.883690e+01 1.685000e+01
    endloop
  endfacet
  facet normal -9.967573e-01 8.046657e-02 -7.457600e-17
    outer loop
      vertex   1.701264e+02 -2.883690e+01 1.685000e+01
      vertex   1.701413e+02 -2.865242e+01 1.301667e+01
      vertex   1.701264e+02 -2.883690e+01 1.301667e+01
    endloop
  endfacet
  facet normal -9.709418e-01 2.393157e-01 -2.217965e-16
    outer loop
      vertex   1.701264e+02 -2.883690e+01 1.685000e+01
      vertex   1.701264e+02 -2.883690e+01 1.301667e+01
      vertex   1.700821e+02 -2.901659e+01 1.685000e+01
    endloop
  endfacet
  facet normal -9.709418e-01 2.393157e-01 4.435931e-16
    outer loop
      vertex   1.700821e+02 -2.901659e+01 1.685000e+01
      vertex   1.701264e+02 -2.883690e+01 1.301667e+01
      vertex   1.700821e+02 -2.901659e+01 1.301667e+01
    endloop
  endfacet
  facet normal -9.199794e-01 3.919666e-01 7.265453e-16
    outer loop
      vertex   1.700821e+02 -2.901659e+01 1.685000e+01
      vertex   1.700821e+02 -2.901659e+01 1.301667e+01
      vertex   1.700096e+02 -2.918686e+01 1.685000e+01
    endloop
  endfacet
  facet normal -9.199794e-01 3.919666e-01 3.632726e-16
    outer loop
      vertex   1.700096e+02 -2.918686e+01 1.685000e+01
      vertex   1.700821e+02 -2.901659e+01 1.301667e+01
      vertex   1.700096e+02 -2.918686e+01 1.301667e+01
    endloop
  endfacet
  facet normal -8.451901e-01 5.344658e-01 4.953402e-16
    outer loop
      vertex   1.700096e+02 -2.918686e+01 1.685000e+01
      vertex   1.700096e+02 -2.918686e+01 1.301667e+01
      vertex   1.699107e+02 -2.934328e+01 1.685000e+01
    endloop
  endfacet
  facet normal -8.451901e-01 5.344658e-01 0.000000e+00
    outer loop
      vertex   1.699107e+02 -2.934328e+01 1.685000e+01
      vertex   1.700096e+02 -2.918686e+01 1.301667e+01
      vertex   1.699107e+02 -2.934328e+01 1.301667e+01
    endloop
  endfacet
  facet normal -7.485107e-01 6.631227e-01 0.000000e+00
    outer loop
      vertex   1.699107e+02 -2.934328e+01 1.685000e+01
      vertex   1.699107e+02 -2.934328e+01 1.301667e+01
      vertex   1.697880e+02 -2.948181e+01 1.685000e+01
    endloop
  endfacet
  facet normal -7.485107e-01 6.631227e-01 -1.229157e-15
    outer loop
      vertex   1.697880e+02 -2.948181e+01 1.685000e+01
      vertex   1.699107e+02 -2.934328e+01 1.301667e+01
      vertex   1.697880e+02 -2.948181e+01 1.301667e+01
    endloop
  endfacet
  facet normal -6.324454e-01 7.746050e-01 -1.435800e-15
    outer loop
      vertex   1.697880e+02 -2.948181e+01 1.685000e+01
      vertex   1.697880e+02 -2.948181e+01 1.301667e+01
      vertex   1.696446e+02 -2.959886e+01 1.685000e+01
    endloop
  endfacet
  facet normal -6.324454e-01 7.746050e-01 -7.178999e-16
    outer loop
      vertex   1.696446e+02 -2.959886e+01 1.685000e+01
      vertex   1.697880e+02 -2.948181e+01 1.301667e+01
      vertex   1.696446e+02 -2.959886e+01 1.301667e+01
    endloop
  endfacet
  facet normal -5.000000e-01 8.660254e-01 -8.026279e-16
    outer loop
      vertex   1.696446e+02 -2.959886e+01 1.685000e+01
      vertex   1.696446e+02 -2.959886e+01 1.301667e+01
      vertex   1.694843e+02 -2.969139e+01 1.685000e+01
    endloop
  endfacet
  facet normal -5.000000e-01 8.660254e-01 0.000000e+00
    outer loop
      vertex   1.694843e+02 -2.969139e+01 1.685000e+01
      vertex   1.696446e+02 -2.959886e+01 1.301667e+01
      vertex   1.694843e+02 -2.969139e+01 1.301667e+01
    endloop
  endfacet
  facet normal -3.546049e-01 9.350162e-01 0.000000e+00
    outer loop
      vertex   1.694843e+02 -2.969139e+01 1.685000e+01
      vertex   1.694843e+02 -2.969139e+01 1.301667e+01
      vertex   1.693113e+02 -2.975702e+01 1.685000e+01
    endloop
  endfacet
  facet normal -3.546049e-01 9.350162e-01 0.000000e+00
    outer loop
      vertex   1.693113e+02 -2.975702e+01 1.685000e+01
      vertex   1.694843e+02 -2.969139e+01 1.301667e+01
      vertex   1.693113e+02 -2.975702e+01 1.301667e+01
    endloop
  endfacet
  facet normal -2.000257e-01 9.797907e-01 0.000000e+00
    outer loop
      vertex   1.693113e+02 -2.975702e+01 1.685000e+01
      vertex   1.693113e+02 -2.975702e+01 1.301667e+01
      vertex   1.691299e+02 -2.979404e+01 1.685000e+01
    endloop
  endfacet
  facet normal -2.000257e-01 9.797907e-01 0.000000e+00
    outer loop
      vertex   1.691299e+02 -2.979404e+01 1.685000e+01
      vertex   1.693113e+02 -2.975702e+01 1.301667e+01
      vertex   1.691299e+02 -2.979404e+01 1.301667e+01
    endloop
  endfacet
  facet normal -4.026594e-02 9.991890e-01 0.000000e+00
    outer loop
      vertex   1.691299e+02 -2.979404e+01 1.685000e+01
      vertex   1.691299e+02 -2.979404e+01 1.301667e+01
      vertex   1.689450e+02 -2.980149e+01 1.685000e+01
    endloop
  endfacet
  facet normal -4.026594e-02 9.991890e-01 0.000000e+00
    outer loop
      vertex   1.689450e+02 -2.980149e+01 1.685000e+01
      vertex   1.691299e+02 -2.979404e+01 1.301667e+01
      vertex   1.689450e+02 -2.980149e+01 1.301667e+01
    endloop
  endfacet
  facet normal 1.205367e-01 9.927089e-01 0.000000e+00
    outer loop
      vertex   1.689450e+02 -2.980149e+01 1.685000e+01
      vertex   1.689450e+02 -2.980149e+01 1.301667e+01
      vertex   1.687613e+02 -2.977918e+01 1.685000e+01
    endloop
  endfacet
  facet normal 1.205367e-01 9.927089e-01 9.200375e-16
    outer loop
      vertex   1.687613e+02 -2.977918e+01 1.685000e+01
      vertex   1.689450e+02 -2.980149e+01 1.301667e+01
      vertex   1.687613e+02 -2.977918e+01 1.301667e+01
    endloop
  endfacet
  facet normal 2.782175e-01 9.605181e-01 8.902033e-16
    outer loop
      vertex   1.687613e+02 -2.977918e+01 1.685000e+01
      vertex   1.687613e+02 -2.977918e+01 1.301667e+01
      vertex   1.685835e+02 -2.972769e+01 1.685000e+01
    endloop
  endfacet
  facet normal 2.782175e-01 9.605181e-01 -8.902033e-16
    outer loop
      vertex   1.685835e+02 -2.972769e+01 1.685000e+01
      vertex   1.687613e+02 -2.977918e+01 1.301667e+01
      vertex   1.685835e+02 -2.972769e+01 1.301667e+01
    endloop
  endfacet
  facet normal 4.286926e-01 9.034504e-01 -8.373132e-16
    outer loop
      vertex   1.685835e+02 -2.972769e+01 1.685000e+01
      vertex   1.685835e+02 -2.972769e+01 1.301667e+01
      vertex   1.684163e+02 -2.964835e+01 1.685000e+01
    endloop
  endfacet
  facet normal 4.286926e-01 9.034504e-01 0.000000e+00
    outer loop
      vertex   1.684163e+02 -2.964835e+01 1.685000e+01
      vertex   1.685835e+02 -2.972769e+01 1.301667e+01
      vertex   1.684163e+02 -2.964835e+01 1.301667e+01
    endloop
  endfacet
  facet normal 5.680647e-01 8.229839e-01 0.000000e+00
    outer loop
      vertex   1.684163e+02 -2.964835e+01 1.685000e+01
      vertex   1.684163e+02 -2.964835e+01 1.301667e+01
      vertex   1.682640e+02 -2.954322e+01 1.685000e+01
    endloop
  endfacet
  facet normal 5.680647e-01 8.229839e-01 -7.627372e-16
    outer loop
      vertex   1.682640e+02 -2.954322e+01 1.685000e+01
      vertex   1.684163e+02 -2.964835e+01 1.301667e+01
      vertex   1.682640e+02 -2.954322e+01 1.301667e+01
    endloop
  endfacet
  facet normal 6.927244e-01 7.212024e-01 -6.684067e-16
    outer loop
      vertex   1.682640e+02 -2.954322e+01 1.685000e+01
      vertex   1.682640e+02 -2.954322e+01 1.301667e+01
      vertex   1.681305e+02 -2.941502e+01 1.685000e+01
    endloop
  endfacet
  facet normal 6.927244e-01 7.212024e-01 6.684067e-16
    outer loop
      vertex   1.681305e+02 -2.941502e+01 1.685000e+01
      vertex   1.682640e+02 -2.954322e+01 1.301667e+01
      vertex   1.681305e+02 -2.941502e+01 1.301667e+01
    endloop
  endfacet
  facet normal 7.994428e-01 6.007423e-01 5.567649e-16
    outer loop
      vertex   1.681305e+02 -2.941502e+01 1.685000e+01
      vertex   1.681305e+02 -2.941502e+01 1.301667e+01
      vertex   1.680194e+02 -2.926706e+01 1.685000e+01
    endloop
  endfacet
  facet normal 7.994428e-01 6.007423e-01 5.567649e-16
    outer loop
      vertex   1.680194e+02 -2.926706e+01 1.685000e+01
      vertex   1.681305e+02 -2.941502e+01 1.301667e+01
      vertex   1.680194e+02 -2.926706e+01 1.301667e+01
    endloop
  endfacet
  facet normal 8.854560e-01 4.647232e-01 4.307031e-16
    outer loop
      vertex   1.680194e+02 -2.926706e+01 1.685000e+01
      vertex   1.680194e+02 -2.926706e+01 1.301667e+01
      vertex   1.679333e+02 -2.910319e+01 1.685000e+01
    endloop
  endfacet
  facet normal 8.854560e-01 4.647232e-01 -4.307031e-16
    outer loop
      vertex   1.679333e+02 -2.910319e+01 1.685000e+01
      vertex   1.680194e+02 -2.926706e+01 1.301667e+01
      vertex   1.679333e+02 -2.910319e+01 1.301667e+01
    endloop
  endfacet
  facet normal 9.485364e-01 3.166680e-01 -2.934863e-16
    outer loop
      vertex   1.679333e+02 -2.910319e+01 1.685000e+01
      vertex   1.679333e+02 -2.910319e+01 1.301667e+01
      vertex   1.678747e+02 -2.892764e+01 1.685000e+01
    endloop
  endfacet
  facet normal 9.485364e-01 3.166680e-01 -5.869725e-16
    outer loop
      vertex   1.678747e+02 -2.892764e+01 1.685000e+01
      vertex   1.679333e+02 -2.910319e+01 1.301667e+01
      vertex   1.678747e+02 -2.892764e+01 1.301667e+01
    endloop
  endfacet
  facet normal 9.870503e-01 1.604113e-01 -2.973367e-16
    outer loop
      vertex   1.678747e+02 -2.892764e+01 1.685000e+01
      vertex   1.678747e+02 -2.892764e+01 1.301667e+01
      vertex   1.678451e+02 -2.874496e+01 1.685000e+01
    endloop
  endfacet
  facet normal 9.870503e-01 1.604113e-01 0.000000e+00
    outer loop
      vertex   1.678451e+02 -2.874496e+01 1.685000e+01
      vertex   1.678747e+02 -2.892764e+01 1.301667e+01
      vertex   1.678451e+02 -2.874496e+01 1.301667e+01
    endloop
  endfacet
  facet normal 1.000000e+00 -0.000000e+00 0.000000e+00
    outer loop
      vertex   1.678451e+02 -2.874496e+01 1.685000e+01
      vertex   1.678451e+02 -2.874496e+01 1.301667e+01
      vertex   1.678451e+02 -2.855989e+01 1.685000e+01
    endloop
  endfacet
  facet normal 1.000000e+00 0.000000e+00 0.000000e+00
    outer loop
      vertex   1.678451e+02 -2.855989e+01 1.685000e+01
      vertex   1.678451e+02 -2.874496e+01 1.301667e+01
      vertex   1.678451e+02 -2.855989e+01 1.301667e+01
    endloop
  endfacet
  facet normal 9.870503e-01 -1.604113e-01 0.000000e+00
    outer loop
      vertex   1.678451e+02 -2.855989e+01 1.685000e+01
      vertex   1.678451e+02 -2.855989e+01 1.301667e+01
      vertex   1.678747e+02 -2.837721e+01 1.685000e+01
    endloop
  endfacet
  facet normal 9.870503e-01 -1.604113e-01 -2.973367e-16
    outer loop
      vertex   1.678747e+02 -2.837721e+01 1.685000e+01
      vertex   1.678451e+02 -2.855989e+01 1.301667e+01
      vertex   1.678747e+02 -2.837721e+01 1.301667e+01
    endloop
  endfacet
  facet normal 9.485364e-01 -3.166680e-01 -5.869725e-16
    outer loop
      vertex   1.678747e+02 -2.837721e+01 1.685000e+01
      vertex   1.678747e+02 -2.837721e+01 1.301667e+01
      vertex   1.679333e+02 -2.820166e+01 1.685000e+01
    endloop
  endfacet
  facet normal 9.485364e-01 -3.166680e-01 -2.934863e-16
    outer loop
      vertex   1.679333e+02 -2.820166e+01 1.685000e+01
      vertex   1.678747e+02 -2.837721e+01 1.301667e+01
      vertex   1.679333e+02 -2.820166e+01 1.301667e+01
    endloop
  endfacet
  facet normal 8.854560e-01 -4.647232e-01 -4.307031e-16
    outer loop
      vertex   1.679333e+02 -2.820166e+01 1.685000e+01
      vertex   1.679333e+02 -2.820166e+01 1.301667e+01
      vertex   1.680194e+02 -2.803779e+01 1.685000e+01
    endloop
  endfacet
  facet normal 8.854560e-01 -4.647232e-01 4.307031e-16
    outer loop
      vertex   1.680194e+02 -2.803779e+01 1.685000e+01
      vertex   1.679333e+02 -2.820166e+01 1.301667e+01
      vertex   1.680194e+02 -2.803779e+01 1.301667e+01
    endloop
  endfacet
  facet normal 7.994428e-01 -6.007423e-01 5.567649e-16
    outer loop
      vertex   1.680194e+02 -2.803779e+01 1.685000e+01
      vertex   1.680194e+02 -2.803779e+01 1.301667e+01
      vertex   1.681305e+02 -2.788983e+01 1.685000e+01
    endloop
  endfacet
  facet normal 7.994428e-01 -6.007423e-01 5.567649e-16
    outer loop
      vertex   1.681305e+02 -2.788983e+01 1.685000e+01
      vertex   1.680194e+02 -2.803779e+01 1.301667e+01
      vertex   1.681305e+02 -2.788983e+01 1.301667e+01
    endloop
  endfacet
  facet normal 6.927244e-01 -7.212024e-01 6.684067e-16
    outer loop
      vertex   1.681305e+02 -2.788983e+01 1.685000e+01
      vertex   1.681305e+02 -2.788983e+01 1.301667e+01
      vertex   1.682640e+02 -2.776163e+01 1.685000e+01
    endloop
  endfacet
  facet normal 6.927244e-01 -7.212024e-01 -6.684067e-16
    outer loop
      vertex   1.682640e+02 -2.776163e+01 1.685000e+01
      vertex   1.681305e+02 -2.788983e+01 1.301667e+01
      vertex   1.682640e+02 -2.776163e+01 1.301667e+01
    endloop
  endfacet
  facet normal 5.680647e-01 -8.229839e-01 -7.627372e-16
    outer loop
      vertex   1.682640e+02 -2.776163e+01 1.685000e+01
      vertex   1.682640e+02 -2.776163e+01 1.301667e+01
      vertex   1.684163e+02 -2.765650e+01 1.685000e+01
    endloop
  endfacet
  facet normal 5.680647e-01 -8.229839e-01 0.000000e+00
    outer loop
      vertex   1.684163e+02 -2.765650e+01 1.685000e+01
      vertex   1.682640e+02 -2.776163e+01 1.301667e+01
      vertex   1.684163e+02 -2.765650e+01 1.301667e+01
    endloop
  endfacet
  facet normal 4.286926e-01 -9.034504e-01 0.000000e+00
    outer loop
      vertex   1.684163e+02 -2.765650e+01 1.685000e+01
      vertex   1.684163e+02 -2.765650e+01 1.301667e+01
      vertex   1.685835e+02 -2.757716e+01 1.685000e+01
    endloop
  endfacet
  facet normal 4.286926e-01 -9.034504e-01 -8.373132e-16
    outer loop
      vertex   1.685835e+02 -2.757716e+01 1.685000e+01
      vertex   1.684163e+02 -2.765650e+01 1.301667e+01
      vertex   1.685835e+02 -2.757716e+01 1.301667e+01
    endloop
  endfacet
  facet normal 2.782175e-01 -9.605181e-01 -8.902033e-16
    outer loop
      vertex   1.685835e+02 -2.757716e+01 1.685000e+01
      vertex   1.685835e+02 -2.757716e+01 1.301667e+01
      vertex   1.687613e+02 -2.752567e+01 1.685000e+01
    endloop
  endfacet
  facet normal 2.782175e-01 -9.605181e-01 8.902033e-16
    outer loop
      vertex   1.687613e+02 -2.752567e+01 1.685000e+01
      vertex   1.685835e+02 -2.757716e+01 1.301667e+01
      vertex   1.687613e+02 -2.752567e+01 1.301667e+01
    endloop
  endfacet
  facet normal 1.205367e-01 -9.927089e-01 9.200375e-16
    outer loop
      vertex   1.687613e+02 -2.752567e+01 1.685000e+01
      vertex   1.687613e+02 -2.752567e+01 1.301667e+01
      vertex   1.689450e+02 -2.750336e+01 1.685000e+01
    endloop
  endfacet
  facet normal 1.205367e-01 -9.927089e-01 0.000000e+00
    outer loop
      vertex   1.689450e+02 -2.750336e+01 1.685000e+01
      vertex   1.687613e+02 -2.752567e+01 1.301667e+01
      vertex   1.689450e+02 -2.750336e+01 1.301667e+01
    endloop
  endfacet
  facet normal -4.026594e-02 -9.991890e-01 -0.000000e+00
    outer loop
      vertex   1.689450e+02 -2.750336e+01 1.685000e+01
      vertex   1.689450e+02 -2.750336e+01 1.301667e+01
      vertex   1.691299e+02 -2.751081e+01 1.685000e+01
    endloop
  endfacet
  facet normal -4.026594e-02 -9.991890e-01 -0.000000e+00
    outer loop
      vertex   1.691299e+02 -2.751081e+01 1.685000e+01
      vertex   1.689450e+02 -2.750336e+01 1.301667e+01
      vertex   1.691299e+02 -2.751081e+01 1.301667e+01
    endloop
  endfacet
  facet normal -2.000257e-01 -9.797907e-01 -0.000000e+00
    outer loop
      vertex   1.691299e+02 -2.751081e+01 1.685000e+01
      vertex   1.691299e+02 -2.751081e+01 1.301667e+01
      vertex   1.693113e+02 -2.754783e+01 1.685000e+01
    endloop
  endfacet
  facet normal -2.000257e-01 -9.797907e-01 -0.000000e+00
    outer loop
      vertex   1.693113e+02 -2.754783e+01 1.685000e+01
      vertex   1.691299e+02 -2.751081e+01 1.301667e+01
      vertex   1.693113e+02 -2.754783e+01 1.301667e+01
    endloop
  endfacet
  facet normal -3.546049e-01 -9.350162e-01 -0.000000e+00
    outer loop
      vertex   1.693113e+02 -2.754783e+01 1.685000e+01
      vertex   1.693113e+02 -2.754783e+01 1.301667e+01
      vertex   1.694843e+02 -2.761346e+01 1.685000e+01
    endloop
  endfacet
  facet normal -3.546049e-01 -9.350162e-01 -0.000000e+00
    outer loop
      vertex   1.694843e+02 -2.761346e+01 1.685000e+01
      vertex   1.693113e+02 -2.754783e+01 1.301667e+01
      vertex   1.694843e+02 -2.761346e+01 1.301667e+01
    endloop
  endfacet
  facet normal -5.000000e-01 -8.660254e-01 -0.000000e+00
    outer loop
      vertex   1.694843e+02 -2.761346e+01 1.685000e+01
      vertex   1.694843e+02 -2.761346e+01 1.301667e+01
      vertex   1.696446e+02 -2.770599e+01 1.685000e+01
    endloop
  endfacet
  facet normal -5.000000e-01 -8.660254e-01 -8.026279e-16
    outer loop
      vertex   1.696446e+02 -2.770599e+01 1.685000e+01
      vertex   1.694843e+02 -2.761346e+01 1.301667e+01
      vertex   1.696446e+02 -2.770599e+01 1.301667e+01
    endloop
  endfacet
  facet normal -6.324454e-01 -7.746050e-01 -7.178999e-16
    outer loop
      vertex   1.696446e+02 -2.770599e+01 1.685000e+01
      vertex   1.696446e+02 -2.770599e+01 1.301667e+01
      vertex   1.697880e+02 -2.782304e+01 1.685000e+01
    endloop
  endfacet
  facet normal -6.324454e-01 -7.746050e-01 -1.435800e-15
    outer loop
      vertex   1.697880e+02 -2.782304e+01 1.685000e+01
      vertex   1.696446e+02 -2.770599e+01 1.301667e+01
      vertex   1.697880e+02 -2.782304e+01 1.301667e+01
    endloop
  endfacet
  facet normal -7.485107e-01 -6.631227e-01 -1.229157e-15
    outer loop
      vertex   1.697880e+02 -2.782304e+01 1.685000e+01
      vertex   1.697880e+02 -2.782304e+01 1.301667e+01
      vertex   1.699107e+02 -2.796157e+01 1.685000e+01
    endloop
  endfacet
  facet normal -7.485107e-01 -6.631227e-01 -0.000000e+00
    outer loop
      vertex   1.699107e+02 -2.796157e+01 1.685000e+01
      vertex   1.697880e+02 -2.782304e+01 1.301667e+01
      vertex   1.699107e+02 -2.796157e+01 1.301667e+01
    endloop
  endfacet
  facet normal -8.451901e-01 -5.344658e-01 -0.000000e+00
    outer loop
      vertex   1.699107e+02 -2.796157e+01 1.685000e+01
      vertex   1.699107e+02 -2.796157e+01 1.301667e+01
      vertex   1.700096e+02 -2.811799e+01 1.685000e+01
    endloop
  endfacet
  facet normal -8.451901e-01 -5.344658e-01 4.953402e-16
    outer loop
      vertex   1.700096e+02 -2.811799e+01 1.685000e+01
      vertex   1.699107e+02 -2.796157e+01 1.301667e+01
      vertex   1.700096e+02 -2.811799e+01 1.301667e+01
    endloop
  endfacet
  facet normal -9.199794e-01 -3.919666e-01 3.632726e-16
    outer loop
      vertex   1.700096e+02 -2.811799e+01 1.685000e+01
      vertex   1.700096e+02 -2.811799e+01 1.301667e+01
      vertex   1.700821e+02 -2.828826e+01 1.685000e+01
    endloop
  endfacet
  facet normal -9.199794e-01 -3.919666e-01 7.265453e-16
    outer loop
      vertex   1.700821e+02 -2.828826e+01 1.685000e+01
      vertex   1.700096e+02 -2.811799e+01 1.301667e+01
      vertex   1.700821e+02 -2.828826e+01 1.301667e+01
    endloop
  endfacet
  facet normal -9.709418e-01 -2.393157e-01 4.435931e-16
    outer loop
      vertex   1.700821e+02 -2.828826e+01 1.685000e+01
      vertex   1.700821e+02 -2.828826e+01 1.301667e+01
      vertex   1.701264e+02 -2.846795e+01 1.685000e+01
    endloop
  endfacet
  facet normal -9.709418e-01 -2.393157e-01 -2.217965e-16
    outer loop
      vertex   1.701264e+02 -2.846795e+01 1.685000e+01
      vertex   1.700821e+02 -2.828826e+01 1.301667e+01
      vertex   1.701264e+02 -2.846795e+01 1.301667e+01
    endloop
  endfacet
  facet normal -9.967573e-01 8.046657e-02 7.457600e-17
    outer loop
      vertex   1.701264e+02 -2.883690e+01 5.350000e+00
      vertex   1.701264e+02 -2.883690e+01 9.183333e+00
      vertex   1.701413e+02 -2.865242e+01 5.350000e+00
    endloop
  endfacet
  facet normal -9.967573e-01 8.046657e-02 0.000000e+00
    outer loop
      vertex   1.701413e+02 -2.865242e+01 5.350000e+00
      vertex   1.701264e+02 -2.883690e+01 9.183333e+00
      vertex   1.701413e+02 -2.865242e+01 9.183333e+00
    endloop
  endfacet
  facet normal -9.967573e-01 -8.046657e-02 0.000000e+00
    outer loop
      vertex   1.701413e+02 -2.865242e+01 5.350000e+00
      vertex   1.701413e+02 -2.865242e+01 9.183333e+00
      vertex   1.701264e+02 -2.846795e+01 5.350000e+00
    endloop
  endfacet
  facet normal -9.967573e-01 -8.046657e-02 7.457600e-17
    outer loop
      vertex   1.701264e+02 -2.846795e+01 5.350000e+00
      vertex   1.701413e+02 -2.865242e+01 9.183333e+00
      vertex   1.701264e+02 -2.846795e+01 9.183333e+00
    endloop
  endfacet
  facet normal -9.709418e-01 -2.393157e-01 2.217965e-16
    outer loop
      vertex   1.701264e+02 -2.846795e+01 5.350000e+00
      vertex   1.701264e+02 -2.846795e+01 9.183333e+00
      vertex   1.700821e+02 -2.828826e+01 5.350000e+00
    endloop
  endfacet
  facet normal -9.709418e-01 -2.393157e-01 -4.435931e-16
    outer loop
      vertex   1.700821e+02 -2.828826e+01 5.350000e+00
      vertex   1.701264e+02 -2.846795e+01 9.183333e+00
      vertex   1.700821e+02 -2.828826e+01 9.183333e+00
    endloop
  endfacet
  facet normal -9.199794e-01 -3.919666e-01 -7.265453e-16
    outer loop
      vertex   1.700821e+02 -2.828826e+01 5.350000e+00
      vertex   1.700821e+02 -2.828826e+01 9.183333e+00
      vertex   1.700096e+02 -2.811799e+01 5.350000e+00
    endloop
  endfacet
  facet normal -9.199794e-01 -3.919666e-01 -3.632726e-16
    outer loop
      vertex   1.700096e+02 -2.811799e+01 5.350000e+00
      vertex   1.700821e+02 -2.828826e+01 9.183333e+00
      vertex   1.700096e+02 -2.811799e+01 9.183333e+00
    endloop
  endfacet
  facet normal -8.451901e-01 -5.344658e-01 -4.953402e-16
    outer loop
      vertex   1.700096e+02 -2.811799e+01 5.350000e+00
      vertex   1.700096e+02 -2.811799e+01 9.183333e+00
      vertex   1.699107e+02 -2.796157e+01 5.350000e+00
    endloop
  endfacet
  facet normal -8.451901e-01 -5.344658e-01 0.000000e+00
    outer loop
      vertex   1.699107e+02 -2.796157e+01 5.350000e+00
      vertex   1.700096e+02 -2.811799e+01 9.183333e+00
      vertex   1.699107e+02 -2.796157e+01 9.183333e+00
    endloop
  endfacet
  facet normal -7.485107e-01 -6.631227e-01 0.000000e+00
    outer loop
      vertex   1.699107e+02 -2.796157e+01 5.350000e+00
      vertex   1.699107e+02 -2.796157e+01 9.183333e+00
      vertex   1.697880e+02 -2.782304e+01 5.350000e+00
    endloop
  endfacet
  facet normal -7.485107e-01 -6.631227e-01 1.229157e-15
    outer loop
      vertex   1.697880e+02 -2.782304e+01 5.350000e+00
      vertex   1.699107e+02 -2.796157e+01 9.183333e+00
      vertex   1.697880e+02 -2.782304e+01 9.183333e+00
    endloop
  endfacet
  facet normal -6.324454e-01 -7.746050e-01 1.435800e-15
    outer loop
      vertex   1.697880e+02 -2.782304e+01 5.350000e+00
      vertex   1.697880e+02 -2.782304e+01 9.183333e+00
      vertex   1.696446e+02 -2.770599e+01 5.350000e+00
    endloop
  endfacet
  facet normal -6.324454e-01 -7.746050e-01 7.178999e-16
    outer loop
      vertex   1.696446e+02 -2.770599e+01 5.350000e+00
      vertex   1.697880e+02 -2.782304e+01 9.183333e+00
      vertex   1.696446e+02 -2.770599e+01 9.183333e+00
    endloop
  endfacet
  facet normal -5.000000e-01 -8.660254e-01 8.026279e-16
    outer loop
      vertex   1.696446e+02 -2.770599e+01 5.350000e+00
      vertex   1.696446e+02 -2.770599e+01 9.183333e+00
      vertex   1.694843e+02 -2.761346e+01 5.350000e+00
    endloop
  endfacet
  facet normal -5.000000e-01 -8.660254e-01 0.000000e+00
    outer loop
      vertex   1.694843e+02 -2.761346e+01 5.350000e+00
      vertex   1.696446e+02 -2.770599e+01 9.183333e+00
      vertex   1.694843e+02 -2.761346e+01 9.183333e+00
    endloop
  endfacet
  facet normal -3.546049e-01 -9.350162e-01 0.000000e+00
    outer loop
      vertex   1.694843e+02 -2.761346e+01 5.350000e+00
      vertex   1.694843e+02 -2.761346e+01 9.183333e+00
      vertex   1.693113e+02 -2.754783e+01 5.350000e+00
    endloop
  endfacet
  facet normal -3.546049e-01 -9.350162e-01 0.000000e+00
    outer loop
      vertex   1.693113e+02 -2.754783e+01 5.350000e+00
      vertex   1.694843e+02 -2.761346e+01 9.183333e+00
      vertex   1.693113e+02 -2.754783e+01 9.183333e+00
    endloop
  endfacet
  facet normal -2.000257e-01 -9.797907e-01 0.000000e+00
    outer loop
      vertex   1.693113e+02 -2.754783e+01 5.350000e+00
      vertex   1.693113e+02 -2.754783e+01 9.183333e+00
      vertex   1.691299e+02 -2.751081e+01 5.350000e+00
    endloop
  endfacet
  facet normal -2.000257e-01 -9.797907e-01 0.000000e+00
    outer loop
      vertex   1.691299e+02 -2.751081e+01 5.350000e+00
      vertex   1.693113e+02 -2.754783e+01 9.183333e+00
      vertex   1.691299e+02 -2.751081e+01 9.183333e+00
    endloop
  endfacet
  facet normal -4.026594e-02 -9.991890e-01 0.000000e+00
    outer loop
      vertex   1.691299e+02 -2.751081e+01 5.350000e+00
      vertex   1.691299e+02 -2.751081e+01 9.183333e+00
      vertex   1.689450e+02 -2.750336e+01 5.350000e+00
    endloop
  endfacet
  facet normal -4.026594e-02 -9.991890e-01 0.000000e+00
    outer loop
      vertex   1.689450e+02 -2.750336e+01 5.350000e+00
      vertex   1.691299e+02 -2.751081e+01 9.183333e+00
      vertex   1.689450e+02 -2.750336e+01 9.183333e+00
    endloop
  endfacet
  facet normal 1.205367e-01 -9.927089e-01 0.000000e+00
    outer loop
      vertex   1.689450e+02 -2.750336e+01 5.350000e+00
      vertex   1.689450e+02 -2.750336e+01 9.183333e+00
      vertex   1.687613e+02 -2.752567e+01 5.350000e+00
    endloop
  endfacet
  facet normal 1.205367e-01 -9.927089e-01 -9.200375e-16
    outer loop
      vertex   1.687613e+02 -2.752567e+01 5.350000e+00
      vertex   1.689450e+02 -2.750336e+01 9.183333e+00
      vertex   1.687613e+02 -2.752567e+01 9.183333e+00
    endloop
  endfacet
  facet normal 2.782175e-01 -9.605181e-01 -8.902033e-16
    outer loop
      vertex   1.687613e+02 -2.752567e+01 5.350000e+00
      vertex   1.687613e+02 -2.752567e+01 9.183333e+00
      vertex   1.685835e+02 -2.757716e+01 5.350000e+00
    endloop
  endfacet
  facet normal 2.782175e-01 -9.605181e-01 8.902033e-16
    outer loop
      vertex   1.685835e+02 -2.757716e+01 5.350000e+00
      vertex   1.687613e+02 -2.752567e+01 9.183333e+00
      vertex   1.685835e+02 -2.757716e+01 9.183333e+00
    endloop
  endfacet
  facet normal 4.286926e-01 -9.034504e-01 8.373132e-16
    outer loop
      vertex   1.685835e+02 -2.757716e+01 5.350000e+00
      vertex   1.685835e+02 -2.757716e+01 9.183333e+00
      vertex   1.684163e+02 -2.765650e+01 5.350000e+00
    endloop
  endfacet
  facet normal 4.286926e-01 -9.034504e-01 0.000000e+00
    outer loop
      vertex   1.684163e+02 -2.765650e+01 5.350000e+00
      vertex   1.685835e+02 -2.757716e+01 9.183333e+00
      vertex   1.684163e+02 -2.765650e+01 9.183333e+00
    endloop
  endfacet
  facet normal 5.680647e-01 -8.229839e-01 0.000000e+00
    outer loop
      vertex   1.684163e+02 -2.765650e+01 5.350000e+00
      vertex   1.684163e+02 -2.765650e+01 9.183333e+00
      vertex   1.682640e+02 -2.776163e+01 5.350000e+00
    endloop
  endfacet
  facet normal 5.680647e-01 -8.229839e-01 7.627372e-16
    outer loop
      vertex   1.682640e+02 -2.776163e+01 5.350000e+00
      vertex   1.684163e+02 -2.765650e+01 9.183333e+00
      vertex   1.682640e+02 -2.776163e+01 9.183333e+00
    endloop
  endfacet
  facet normal 6.927244e-01 -7.212024e-01 6.684067e-16
    outer loop
      vertex   1.682640e+02 -2.776163e+01 5.350000e+00
      vertex   1.682640e+02 -2.776163e+01 9.183333e+00
      vertex   1.681305e+02 -2.788983e+01 5.350000e+00
    endloop
  endfacet
  facet normal 6.927244e-01 -7.212024e-01 -6.684067e-16
    outer loop
      vertex   1.681305e+02 -2.788983e+01 5.350000e+00
      vertex   1.682640e+02 -2.776163e+01 9.183333e+00
      vertex   1.681305e+02 -2.788983e+01 9.183333e+00
    endloop
  endfacet
  facet normal 7.994428e-01 -6.007423e-01 -5.567649e-16
    outer loop
      vertex   1.681305e+02 -2.788983e+01 5.350000e+00
      vertex   1.681305e+02 -2.788983e+01 9.183333e+00
      vertex   1.680194e+02 -2.803779e+01 5.350000e+00
    endloop
  endfacet
  facet normal 7.994428e-01 -6.007423e-01 -5.567649e-16
    outer loop
      vertex   1.680194e+02 -2.803779e+01 5.350000e+00
      vertex   1.681305e+02 -2.788983e+01 9.183333e+00
      vertex   1.680194e+02 -2.803779e+01 9.183333e+00
    endloop
  endfacet
  facet normal 8.854560e-01 -4.647232e-01 -4.307031e-16
    outer loop
      vertex   1.680194e+02 -2.803779e+01 5.350000e+00
      vertex   1.680194e+02 -2.803779e+01 9.183333e+00
      vertex   1.679333e+02 -2.820166e+01 5.350000e+00
    endloop
  endfacet
  facet normal 8.854560e-01 -4.647232e-01 4.307031e-16
    outer loop
      vertex   1.679333e+02 -2.820166e+01 5.350000e+00
      vertex   1.680194e+02 -2.803779e+01 9.183333e+00
      vertex   1.679333e+02 -2.820166e+01 9.183333e+00
    endloop
  endfacet
  facet normal 9.485364e-01 -3.166680e-01 2.934863e-16
    outer loop
      vertex   1.679333e+02 -2.820166e+01 5.350000e+00
      vertex   1.679333e+02 -2.820166e+01 9.183333e+00
      vertex   1.678747e+02 -2.837721e+01 5.350000e+00
    endloop
  endfacet
  facet normal 9.485364e-01 -3.166680e-01 5.869725e-16
    outer loop
      vertex   1.678747e+02 -2.837721e+01 5.350000e+00
      vertex   1.679333e+02 -2.820166e+01 9.183333e+00
      vertex   1.678747e+02 -2.837721e+01 9.183333e+00
    endloop
  endfacet
  facet normal 9.870503e-01 -1.604113e-01 2.973367e-16
    outer loop
      vertex   1.678747e+02 -2.837721e+01 5.350000e+00
      vertex   1.678747e+02 -2.837721e+01 9.183333e+00
      vertex   1.678451e+02 -2.855989e+01 5.350000e+00
    endloop
  endfacet
  facet normal 9.870503e-01 -1.604113e-01 0.000000e+00
    outer loop
      vertex   1.678451e+02 -2.855989e+01 5.350000e+00
      vertex   1.678747e+02 -2.837721e+01 9.183333e+00
      vertex   1.678451e+02 -2.855989e+01 9.183333e+00
    endloop
  endfacet
  facet normal 1.000000e+00 0.000000e+00 -0.000000e+00
    outer loop
      vertex   1.678451e+02 -2.855989e+01 5.350000e+00
      vertex   1.678451e+02 -2.855989e+01 9.183333e+00
      vertex   1.678451e+02 -2.874496e+01 5.350000e+00
    endloop
  endfacet
  facet normal 1.000000e+00 0.000000e+00 0.000000e+00
    outer loop
      vertex   1.678451e+02 -2.874496e+01 5.350000e+00
      vertex   1.678451e+02 -2.855989e+01 9.183333e+00
      vertex   1.678451e+02 -2.874496e+01 9.183333e+00
    endloop
  endfacet
  facet normal 9.870503e-01 1.604113e-01 -0.000000e+00
    outer loop
      vertex   1.678451e+02 -2.874496e+01 5.350000e+00
      vertex   1.678451e+02 -2.874496e+01 9.183333e+00
      vertex   1.678747e+02 -2.892764e+01 5.350000e+00
    endloop
  endfacet
  facet normal 9.870503e-01 1.604113e-01 2.973367e-16
    outer loop
      vertex   1.678747e+02 -2.892764e+01 5.350000e+00
      vertex   1.678451e+02 -2.874496e+01 9.183333e+00
      vertex   1.678747e+02 -2.892764e+01 9.183333e+00
    endloop
  endfacet
  facet normal 9.485364e-01 3.166680e-01 5.869725e-16
    outer loop
      vertex   1.678747e+02 -2.892764e+01 5.350000e+00
      vertex   1.678747e+02 -2.892764e+01 9.183333e+00
      vertex   1.679333e+02 -2.910319e+01 5.350000e+00
    endloop
  endfacet
  facet normal 9.485364e-01 3.166680e-01 2.934863e-16
    outer loop
      vertex   1.679333e+02 -2.910319e+01 5.350000e+00
      vertex   1.678747e+02 -2.892764e+01 9.183333e+00
      vertex   1.679333e+02 -2.910319e+01 9.183333e+00
    endloop
  endfacet
  facet normal 8.854560e-01 4.647232e-01 4.307031e-16
    outer loop
      vertex   1.679333e+02 -2.910319e+01 5.350000e+00
      vertex   1.679333e+02 -2.910319e+01 9.183333e+00
      vertex   1.680194e+02 -2.926706e+01 5.350000e+00
    endloop
  endfacet
  facet normal 8.854560e-01 4.647232e-01 -4.307031e-16
    outer loop
      vertex   1.680194e+02 -2.926706e+01 5.350000e+00
      vertex   1.679333e+02 -2.910319e+01 9.183333e+00
      vertex   1.680194e+02 -2.926706e+01 9.183333e+00
    endloop
  endfacet
  facet normal 7.994428e-01 6.007423e-01 -5.567649e-16
    outer loop
      vertex   1.680194e+02 -2.926706e+01 5.350000e+00
      vertex   1.680194e+02 -2.926706e+01 9.183333e+00
      vertex   1.681305e+02 -2.941502e+01 5.350000e+00
    endloop
  endfacet
  facet normal 7.994428e-01 6.007423e-01 -5.567649e-16
    outer loop
      vertex   1.681305e+02 -2.941502e+01 5.350000e+00
      vertex   1.680194e+02 -2.926706e+01 9.183333e+00
      vertex   1.681305e+02 -2.941502e+01 9.183333e+00
    endloop
  endfacet
  facet normal 6.927244e-01 7.212024e-01 -6.684067e-16
    outer loop
      vertex   1.681305e+02 -2.941502e+01 5.350000e+00
      vertex   1.681305e+02 -2.941502e+01 9.183333e+00
      vertex   1.682640e+02 -2.954322e+01 5.350000e+00
    endloop
  endfacet
  facet normal 6.927244e-01 7.212024e-01 6.684067e-16
    outer loop
      vertex   1.682640e+02 -2.954322e+01 5.350000e+00
      vertex   1.681305e+02 -2.941502e+01 9.183333e+00
      vertex   1.682640e+02 -2.954322e+01 9.183333e+00
    endloop
  endfacet
  facet normal 5.680647e-01 8.229839e-01 7.627372e-16
    outer loop
      vertex   1.682640e+02 -2.954322e+01 5.350000e+00
      vertex   1.682640e+02 -2.954322e+01 9.183333e+00
      vertex   1.684163e+02 -2.964835e+01 5.350000e+00
    endloop
  endfacet
  facet normal 5.680647e-01 8.229839e-01 -0.000000e+00
    outer loop
      vertex   1.684163e+02 -2.964835e+01 5.350000e+00
      vertex   1.682640e+02 -2.954322e+01 9.183333e+00
      vertex   1.684163e+02 -2.964835e+01 9.183333e+00
    endloop
  endfacet
  facet normal 4.286926e-01 9.034504e-01 -0.000000e+00
    outer loop
      vertex   1.684163e+02 -2.964835e+01 5.350000e+00
      vertex   1.684163e+02 -2.964835e+01 9.183333e+00
      vertex   1.685835e+02 -2.972769e+01 5.350000e+00
    endloop
  endfacet
  facet normal 4.286926e-01 9.034504e-01 8.373132e-16
    outer loop
      vertex   1.685835e+02 -2.972769e+01 5.350000e+00
      vertex   1.684163e+02 -2.964835e+01 9.183333e+00
      vertex   1.685835e+02 -2.972769e+01 9.183333e+00
    endloop
  endfacet
  facet normal 2.782175e-01 9.605181e-01 8.902033e-16
    outer loop
      vertex   1.685835e+02 -2.972769e+01 5.350000e+00
      vertex   1.685835e+02 -2.972769e+01 9.183333e+00
      vertex   1.687613e+02 -2.977918e+01 5.350000e+00
    endloop
  endfacet
  facet normal 2.782175e-01 9.605181e-01 -8.902033e-16
    outer loop
      vertex   1.687613e+02 -2.977918e+01 5.350000e+00
      vertex   1.685835e+02 -2.972769e+01 9.183333e+00
      vertex   1.687613e+02 -2.977918e+01 9.183333e+00
    endloop
  endfacet
  facet normal 1.205367e-01 9.927089e-01 -9.200375e-16
    outer loop
      vertex   1.687613e+02 -2.977918e+01 5.350000e+00
      vertex   1.687613e+02 -2.977918e+01 9.183333e+00
      vertex   1.689450e+02 -2.980149e+01 5.350000e+00
    endloop
  endfacet
  facet normal 1.205367e-01 9.927089e-01 -0.000000e+00
    outer loop
      vertex   1.689450e+02 -2.980149e+01 5.350000e+00
      vertex   1.687613e+02 -2.977918e+01 9.183333e+00
      vertex   1.689450e+02 -2.980149e+01 9.183333e+00
    endloop
  endfacet
  facet normal -4.026594e-02 9.991890e-01 0.000000e+00
    outer loop
      vertex   1.689450e+02 -2.980149e+01 5.350000e+00
      vertex   1.689450e+02 -2.980149e+01 9.183333e+00
      vertex   1.691299e+02 -2.979404e+01 5.350000e+00
    endloop
  endfacet
  facet normal -4.026594e-02 9.991890e-01 0.000000e+00
    outer loop
      vertex   1.691299e+02 -2.979404e+01 5.350000e+00
      vertex   1.689450e+02 -2.980149e+01 9.183333e+00
      vertex   1.691299e+02 -2.979404e+01 9.183333e+00
    endloop
  endfacet
  facet normal -2.000257e-01 9.797907e-01 0.000000e+00
    outer loop
      vertex   1.691299e+02 -2.979404e+01 5.350000e+00
      vertex   1.691299e+02 -2.979404e+01 9.183333e+00
      vertex   1.693113e+02 -2.975702e+01 5.350000e+00
    endloop
  endfacet
  facet normal -2.000257e-01 9.797907e-01 0.000000e+00
    outer loop
      vertex   1.693113e+02 -2.975702e+01 5.350000e+00
      vertex   1.691299e+02 -2.979404e+01 9.183333e+00
      vertex   1.693113e+02 -2.975702e+01 9.183333e+00
    endloop
  endfacet
  facet normal -3.546049e-01 9.350162e-01 0.000000e+00
    outer loop
      vertex   1.693113e+02 -2.975702e+01 5.350000e+00
      vertex   1.693113e+02 -2.975702e+01 9.183333e+00
      vertex   1.694843e+02 -2.969139e+01 5.350000e+00
    endloop
  endfacet
  facet normal -3.546049e-01 9.350162e-01 0.000000e+00
    outer loop
      vertex   1.694843e+02 -2.969139e+01 5.350000e+00
      vertex   1.693113e+02 -2.975702e+01 9.183333e+00
      vertex   1.694843e+02 -2.969139e+01 9.183333e+00
    endloop
  endfacet
  facet normal -5.000000e-01 8.660254e-01 0.000000e+00
    outer loop
      vertex   1.694843e+02 -2.969139e+01 5.350000e+00
      vertex   1.694843e+02 -2.969139e+01 9.183333e+00
      vertex   1.696446e+02 -2.959886e+01 5.350000e+00
    endloop
  endfacet
  facet normal -5.000000e-01 8.660254e-01 8.026279e-16
    outer loop
      vertex   1.696446e+02 -2.959886e+01 5.350000e+00
      vertex   1.694843e+02 -2.969139e+01 9.183333e+00
      vertex   1.696446e+02 -2.959886e+01 9.183333e+00
    endloop
  endfacet
  facet normal -6.324454e-01 7.746050e-01 7.178999e-16
    outer loop
      vertex   1.696446e+02 -2.959886e+01 5.350000e+00
      vertex   1.696446e+02 -2.959886e+01 9.183333e+00
      vertex   1.697880e+02 -2.948181e+01 5.350000e+00
    endloop
  endfacet
  facet normal -6.324454e-01 7.746050e-01 1.435800e-15
    outer loop
      vertex   1.697880e+02 -2.948181e+01 5.350000e+00
      vertex   1.696446e+02 -2.959886e+01 9.183333e+00
      vertex   1.697880e+02 -2.948181e+01 9.183333e+00
    endloop
  endfacet
  facet normal -7.485107e-01 6.631227e-01 1.229157e-15
    outer loop
      vertex   1.697880e+02 -2.948181e+01 5.350000e+00
      vertex   1.697880e+02 -2.948181e+01 9.183333e+00
      vertex   1.699107e+02 -2.934328e+01 5.350000e+00
    endloop
  endfacet
  facet normal -7.485107e-01 6.631227e-01 0.000000e+00
    outer loop
      vertex   1.699107e+02 -2.934328e+01 5.350000e+00
      vertex   1.697880e+02 -2.948181e+01 9.183333e+00
      vertex   1.699107e+02 -2.934328e+01 9.183333e+00
    endloop
  endfacet
  facet normal -8.451901e-01 5.344658e-01 0.000000e+00
    outer loop
      vertex   1.699107e+02 -2.934328e+01 5.350000e+00
      vertex   1.699107e+02 -2.934328e+01 9.183333e+00
      vertex   1.700096e+02 -2.918686e+01 5.350000e+00
    endloop
  endfacet
  facet normal -8.451901e-01 5.344658e-01 -4.953402e-16
    outer loop
      vertex   1.700096e+02 -2.918686e+01 5.350000e+00
      vertex   1.699107e+02 -2.934328e+01 9.183333e+00
      vertex   1.700096e+02 -2.918686e+01 9.183333e+00
    endloop
  endfacet
  facet normal -9.199794e-01 3.919666e-01 -3.632726e-16
    outer loop
      vertex   1.700096e+02 -2.918686e+01 5.350000e+00
      vertex   1.700096e+02 -2.918686e+01 9.183333e+00
      vertex   1.700821e+02 -2.901659e+01 5.350000e+00
    endloop
  endfacet
  facet normal -9.199794e-01 3.919666e-01 -7.265453e-16
    outer loop
      vertex   1.700821e+02 -2.901659e+01 5.350000e+00
      vertex   1.700096e+02 -2.918686e+01 9.183333e+00
      vertex   1.700821e+02 -2.901659e+01 9.183333e+00
    endloop
  endfacet
  facet normal -9.709418e-01 2.393157e-01 -4.435931e-16
    outer loop
      vertex   1.700821e+02 -2.901659e+01 5.350000e+00
      vertex   1.700821e+02 -2.901659e+01 9.183333e+00
      vertex   1.701264e+02 -2.883690e+01 5.350000e+00
    endloop
  endfacet
  facet normal -9.709418e-01 2.393157e-01 2.217965e-16
    outer loop
      vertex   1.701264e+02 -2.883690e+01 5.350000e+00
      vertex   1.700821e+02 -2.901659e+01 9.183333e+00
      vertex   1.701264e+02 -2.883690e+01 9.183333e+00
    endloop
  endfacet
  facet normal -9.967573e-01 8.046657e-02 0.000000e+00
    outer loop
      vertex   1.701413e+02 -2.865242e+01 1.301667e+01
      vertex   1.701413e+02 -2.865242e+01 9.183333e+00
      vertex   1.701264e+02 -2.883690e+01 1.301667e+01
    endloop
  endfacet
  facet normal -9.967573e-01 8.046657e-02 0.000000e+00
    outer loop
      vertex   1.701264e+02 -2.883690e+01 1.301667e+01
      vertex   1.701413e+02 -2.865242e+01 9.183333e+00
      vertex   1.701264e+02 -2.883690e+01 9.183333e+00
    endloop
  endfacet
  facet normal -9.709418e-01 2.393157e-01 0.000000e+00
    outer loop
      vertex   1.701264e+02 -2.883690e+01 1.301667e+01
      vertex   1.701264e+02 -2.883690e+01 9.183333e+00
      vertex   1.700821e+02 -2.901659e+01 1.301667e+01
    endloop
  endfacet
  facet normal -9.709418e-01 2.393157e-01 0.000000e+00
    outer loop
      vertex   1.700821e+02 -2.901659e+01 1.301667e+01
      vertex   1.701264e+02 -2.883690e+01 9.183333e+00
      vertex   1.700821e+02 -2.901659e+01 9.183333e+00
    endloop
  endfacet
  facet normal -9.199794e-01 3.919666e-01 0.000000e+00
    outer loop
      vertex   1.700821e+02 -2.901659e+01 1.301667e+01
      vertex   1.700821e+02 -2.901659e+01 9.183333e+00
      vertex   1.700096e+02 -2.918686e+01 1.301667e+01
    endloop
  endfacet
  facet normal -9.199794e-01 3.919666e-01 0.000000e+00
    outer loop
      vertex   1.700096e+02 -2.918686e+01 1.301667e+01
      vertex   1.700821e+02 -2.901659e+01 9.183333e+00
      vertex   1.700096e+02 -2.918686e+01 9.183333e+00
    endloop
  endfacet
  facet normal -8.451901e-01 5.344658e-01 0.000000e+00
    outer loop
      vertex   1.700096e+02 -2.918686e+01 1.301667e+01
      vertex   1.700096e+02 -2.918686e+01 9.183333e+00
      vertex   1.699107e+02 -2.934328e+01 1.301667e+01
    endloop
  endfacet
  facet normal -8.451901e-01 5.344658e-01 0.000000e+00
    outer loop
      vertex   1.699107e+02 -2.934328e+01 1.301667e+01
      vertex   1.700096e+02 -2.918686e+01 9.183333e+00
      vertex   1.699107e+02 -2.934328e+01 9.183333e+00
    endloop
  endfacet
  facet normal -7.485107e-01 6.631227e-01 0.000000e+00
    outer loop
      vertex   1.699107e+02 -2.934328e+01 1.301667e+01
      vertex   1.699107e+02 -2.934328e+01 9.183333e+00
      vertex   1.697880e+02 -2.948181e+01 1.301667e+01
    endloop
  endfacet
  facet normal -7.485107e-01 6.631227e-01 0.000000e+00
    outer loop
      vertex   1.697880e+02 -2.948181e+01 1.301667e+01
      vertex   1.699107e+02 -2.934328e+01 9.183333e+00
      vertex   1.697880e+02 -2.948181e+01 9.183333e+00
    endloop
  endfacet
  facet normal -6.324454e-01 7.746050e-01 0.000000e+00
    outer loop
      vertex   1.697880e+02 -2.948181e+01 1.301667e+01
      vertex   1.697880e+02 -2.948181e+01 9.183333e+00
      vertex   1.696446e+02 -2.959886e+01 1.301667e+01
    endloop
  endfacet
  facet normal -6.324454e-01 7.746050e-01 0.000000e+00
    outer loop
      vertex   1.696446e+02 -2.959886e+01 1.301667e+01
      vertex   1.697880e+02 -2.948181e+01 9.183333e+00
      vertex   1.696446e+02 -2.959886e+01 9.183333e+00
    endloop
  endfacet
  facet normal -5.000000e-01 8.660254e-01 0.000000e+00
    outer loop
      vertex   1.696446e+02 -2.959886e+01 1.301667e+01
      vertex   1.696446e+02 -2.959886e+01 9.183333e+00
      vertex   1.694843e+02 -2.969139e+01 1.301667e+01
    endloop
  endfacet
  facet normal -5.000000e-01 8.660254e-01 0.000000e+00
    outer loop
      vertex   1.694843e+02 -2.969139e+01 1.301667e+01
      vertex   1.696446e+02 -2.959886e+01 9.183333e+00
      vertex   1.694843e+02 -2.969139e+01 9.183333e+00
    endloop
  endfacet
  facet normal -3.546049e-01 9.350162e-01 0.000000e+00
    outer loop
      vertex   1.694843e+02 -2.969139e+01 1.301667e+01
      vertex   1.694843e+02 -2.969139e+01 9.183333e+00
      vertex   1.693113e+02 -2.975702e+01 1.301667e+01
    endloop
  endfacet
  facet normal -3.546049e-01 9.350162e-01 0.000000e+00
    outer loop
      vertex   1.693113e+02 -2.975702e+01 1.301667e+01
      vertex   1.694843e+02 -2.969139e+01 9.183333e+00
      vertex   1.693113e+02 -2.975702e+01 9.183333e+00
    endloop
  endfacet
  facet normal -2.000257e-01 9.797907e-01 0.000000e+00
    outer loop
      vertex   1.693113e+02 -2.975702e+01 1.301667e+01
      vertex   1.693113e+02 -2.975702e+01 9.183333e+00
      vertex   1.691299e+02 -2.979404e+01 1.301667e+01
    endloop
  endfacet
  facet normal -2.000257e-01 9.797907e-01 0.000000e+00
    outer loop
      vertex   1.691299e+02 -2.979404e+01 1.301667e+01
      vertex   1.693113e+02 -2.975702e+01 9.183333e+00
      vertex   1.691299e+02 -2.979404e+01 9.183333e+00
    endloop
  endfacet
  facet normal -4.026594e-02 9.991890e-01 0.000000e+00
    outer loop
      vertex   1.691299e+02 -2.979404e+01 1.301667e+01
      vertex   1.691299e+02 -2.979404e+01 9.183333e+00
      vertex   1.689450e+02 -2.980149e+01 1.301667e+01
    endloop
  endfacet
  facet normal -4.026594e-02 9.991890e-01 0.000000e+00
    outer loop
      vertex   1.689450e+02 -2.980149e+01 1.301667e+01
      vertex   1.691299e+02 -2.979404e+01 9.183333e+00
      vertex   1.689450e+02 -2.980149e+01 9.183333e+00
    endloop
  endfacet
  facet normal 1.205367e-01 9.927089e-01 0.000000e+00
    outer loop
      vertex   1.689450e+02 -2.980149e+01 1.301667e+01
      vertex   1.689450e+02 -2.980149e+01 9.183333e+00
      vertex   1.687613e+02 -2.977918e+01 1.301667e+01
    endloop
  endfacet
  facet normal 1.205367e-01 9.927089e-01 0.000000e+00
    outer loop
      vertex   1.687613e+02 -2.977918e+01 1.301667e+01
      vertex   1.689450e+02 -2.980149e+01 9.183333e+00
      vertex   1.687613e+02 -2.977918e+01 9.183333e+00
    endloop
  endfacet
  facet normal 2.782175e-01 9.605181e-01 0.000000e+00
    outer loop
      vertex   1.687613e+02 -2.977918e+01 1.301667e+01
      vertex   1.687613e+02 -2.977918e+01 9.183333e+00
      vertex   1.685835e+02 -2.972769e+01 1.301667e+01
    endloop
  endfacet
  facet normal 2.782175e-01 9.605181e-01 0.000000e+00
    outer loop
      vertex   1.685835e+02 -2.972769e+01 1.301667e+01
      vertex   1.687613e+02 -2.977918e+01 9.183333e+00
      vertex   1.685835e+02 -2.972769e+01 9.183333e+00
    endloop
  endfacet
  facet normal 4.286926e-01 9.034504e-01 0.000000e+00
    outer loop
      vertex   1.685835e+02 -2.972769e+01 1.301667e+01
      vertex   1.685835e+02 -2.972769e+01 9.183333e+00
      vertex   1.684163e+02 -2.964835e+01 1.301667e+01
    endloop
  endfacet
  facet normal 4.286926e-01 9.034504e-01 0.000000e+00
    outer loop
      vertex   1.684163e+02 -2.964835e+01 1.301667e+01
      vertex   1.685835e+02 -2.972769e+01 9.183333e+00
      vertex   1.684163e+02 -2.964835e+01 9.183333e+00
    endloop
  endfacet
  facet normal 5.680647e-01 8.229839e-01 0.000000e+00
    outer loop
      vertex   1.684163e+02 -2.964835e+01 1.301667e+01
      vertex   1.684163e+02 -2.964835e+01 9.183333e+00
      vertex   1.682640e+02 -2.954322e+01 1.301667e+01
    endloop
  endfacet
  facet normal 5.680647e-01 8.229839e-01 0.000000e+00
    outer loop
      vertex   1.682640e+02 -2.954322e+01 1.301667e+01
      vertex   1.684163e+02 -2.964835e+01 9.183333e+00
      vertex   1.682640e+02 -2.954322e+01 9.183333e+00
    endloop
  endfacet
  facet normal 6.927244e-01 7.212024e-01 0.000000e+00
    outer loop
      vertex   1.682640e+02 -2.954322e+01 1.301667e+01
      vertex   1.682640e+02 -2.954322e+01 9.183333e+00
      vertex   1.681305e+02 -2.941502e+01 1.301667e+01
    endloop
  endfacet
  facet normal 6.927244e-01 7.212024e-01 0.000000e+00
    outer loop
      vertex   1.681305e+02 -2.941502e+01 1.301667e+01
      vertex   1.682640e+02 -2.954322e+01 9.183333e+00
      vertex   1.681305e+02 -2.941502e+01 9.183333e+00
    endloop
  endfacet
  facet normal 7.994428e-01 6.007423e-01 0.000000e+00
    outer loop
      vertex   1.681305e+02 -2.941502e+01 1.301667e+01
      vertex   1.681305e+02 -2.941502e+01 9.183333e+00
      vertex   1.680194e+02 -2.926706e+01 1.301667e+01
    endloop
  endfacet
  facet normal 7.994428e-01 6.007423e-01 0.000000e+00
    outer loop
      vertex   1.680194e+02 -2.926706e+01 1.301667e+01
      vertex   1.681305e+02 -2.941502e+01 9.183333e+00
      vertex   1.680194e+02 -2.926706e+01 9.183333e+00
    endloop
  endfacet
  facet normal 8.854560e-01 4.647232e-01 0.000000e+00
    outer loop
      vertex   1.680194e+02 -2.926706e+01 1.301667e+01
      vertex   1.680194e+02 -2.926706e+01 9.183333e+00
      vertex   1.679333e+02 -2.910319e+01 1.301667e+01
    endloop
  endfacet
  facet normal 8.854560e-01 4.647232e-01 0.000000e+00
    outer loop
      vertex   1.679333e+02 -2.910319e+01 1.301667e+01
      vertex   1.680194e+02 -2.926706e+01 9.183333e+00
      vertex   1.679333e+02 -2.910319e+01 9.183333e+00
    endloop
  endfacet
  facet normal 9.485364e-01 3.166680e-01 0.000000e+00
    outer loop
      vertex   1.679333e+02 -2.910319e+01 1.301667e+01
      vertex   1.679333e+02 -2.910319e+01 9.183333e+00
      vertex   1.678747e+02 -2.892764e+01 1.301667e+01
    endloop
  endfacet
  facet normal 9.485364e-01 3.166680e-01 0.000000e+00
    outer loop
      vertex   1.678747e+02 -2.892764e+01 1.301667e+01
      vertex   1.679333e+02 -2.910319e+01 9.183333e+00
      vertex   1.678747e+02 -2.892764e+01 9.183333e+00
    endloop
  endfacet
  facet normal 9.870503e-01 1.604113e-01 0.000000e+00
    outer loop
      vertex   1.678747e+02 -2.892764e+01 1.301667e+01
      vertex   1.678747e+02 -2.892764e+01 9.183333e+00
      vertex   1.678451e+02 -2.874496e+01 1.301667e+01
    endloop
  endfacet
  facet normal 9.870503e-01 1.604113e-01 0.000000e+00
    outer loop
      vertex   1.678451e+02 -2.874496e+01 1.301667e+01
      vertex   1.678747e+02 -2.892764e+01 9.183333e+00
      vertex   1.678451e+02 -2.874496e+01 9.183333e+00
    endloop
  endfacet
  facet normal 1.000000e+00 -0.000000e+00 0.000000e+00
    outer loop
      vertex   1.678451e+02 -2.874496e+01 1.301667e+01
      vertex   1.678451e+02 -2.874496e+01 9.183333e+00
      vertex   1.678451e+02 -2.855989e+01 1.301667e+01
    endloop
  endfacet
  facet normal 1.000000e+00 0.000000e+00 0.000000e+00
    outer loop
      vertex   1.678451e+02 -2.855989e+01 1.301667e+01
      vertex   1.678451e+02 -2.874496e+01 9.183333e+00
      vertex   1.678451e+02 -2.855989e+01 9.183333e+00
    endloop
  endfacet
  facet normal 9.870503e-01 -1.604113e-01 0.000000e+00
    outer loop
      vertex   1.678451e+02 -2.855989e+01 1.301667e+01
      vertex   1.678451e+02 -2.855989e+01 9.183333e+00
      vertex   1.678747e+02 -2.837721e+01 1.301667e+01
    endloop
  endfacet
  facet normal 9.870503e-01 -1.604113e-01 0.000000e+00
    outer loop
      vertex   1.678747e+02 -2.837721e+01 1.301667e+01
      vertex   1.678451e+02 -2.855989e+01 9.183333e+00
      vertex   1.678747e+02 -2.837721e+01 9.183333e+00
    endloop
  endfacet
  facet normal 9.485364e-01 -3.166680e-01 0.000000e+00
    outer loop
      vertex   1.678747e+02 -2.837721e+01 1.301667e+01
      vertex   1.678747e+02 -2.837721e+01 9.183333e+00
      vertex   1.679333e+02 -2.820166e+01 1.301667e+01
    endloop
  endfacet
  facet normal 9.485364e-01 -3.166680e-01 0.000000e+00
    outer loop
      vertex   1.679333e+02 -2.820166e+01 1.301667e+01
      vertex   1.678747e+02 -2.837721e+01 9.183333e+00
      vertex   1.679333e+02 -2.820166e+01 9.183333e+00
    endloop
  endfacet
  facet normal 8.854560e-01 -4.647232e-01 0.000000e+00
    outer loop
      vertex   1.679333e+02 -2.820166e+01 1.301667e+01
      vertex   1.679333e+02 -2.820166e+01 9.183333e+00
      vertex   1.680194e+02 -2.803779e+01 1.301667e+01
    endloop
  endfacet
  facet normal 8.854560e-01 -4.647232e-01 0.000000e+00
    outer loop
      vertex   1.680194e+02 -2.803779e+01 1.301667e+01
      vertex   1.679333e+02 -2.820166e+01 9.183333e+00
      vertex   1.680194e+02 -2.803779e+01 9.183333e+00
    endloop
  endfacet
  facet normal 7.994428e-01 -6.007423e-01 0.000000e+00
    outer loop
      vertex   1.680194e+02 -2.803779e+01 1.301667e+01
      vertex   1.680194e+02 -2.803779e+01 9.183333e+00
      vertex   1.681305e+02 -2.788983e+01 1.301667e+01
    endloop
  endfacet
  facet normal 7.994428e-01 -6.007423e-01 0.000000e+00
    outer loop
      vertex   1.681305e+02 -2.788983e+01 1.301667e+01
      vertex   1.680194e+02 -2.803779e+01 9.183333e+00
      vertex   1.681305e+02 -2.788983e+01 9.183333e+00
    endloop
  endfacet
  facet normal 6.927244e-01 -7.212024e-01 0.000000e+00
    outer loop
      vertex   1.681305e+02 -2.788983e+01 1.301667e+01
      vertex   1.681305e+02 -2.788983e+01 9.183333e+00
      vertex   1.682640e+02 -2.776163e+01 1.301667e+01
    endloop
  endfacet
  facet normal 6.927244e-01 -7.212024e-01 0.000000e+00
    outer loop
      vertex   1.682640e+02 -2.776163e+01 1.301667e+01
      vertex   1.681305e+02 -2.788983e+01 9.183333e+00
      vertex   1.682640e+02 -2.776163e+01 9.183333e+00
    endloop
  endfacet
  facet normal 5.680647e-01 -8.229839e-01 0.000000e+00
    outer loop
      vertex   1.682640e+02 -2.776163e+01 1.301667e+01
      vertex   1.682640e+02 -2.776163e+01 9.183333e+00
      vertex   1.684163e+02 -2.765650e+01 1.301667e+01
    endloop
  endfacet
  facet normal 5.680647e-01 -8.229839e-01 0.000000e+00
    outer loop
      vertex   1.684163e+02 -2.765650e+01 1.301667e+01
      vertex   1.682640e+02 -2.776163e+01 9.183333e+00
      vertex   1.684163e+02 -2.765650e+01 9.183333e+00
    endloop
  endfacet
  facet normal 4.286926e-01 -9.034504e-01 0.000000e+00
    outer loop
      vertex   1.684163e+02 -2.765650e+01 1.301667e+01
      vertex   1.684163e+02 -2.765650e+01 9.183333e+00
      vertex   1.685835e+02 -2.757716e+01 1.301667e+01
    endloop
  endfacet
  facet normal 4.286926e-01 -9.034504e-01 0.000000e+00
    outer loop
      vertex   1.685835e+02 -2.757716e+01 1.301667e+01
      vertex   1.684163e+02 -2.765650e+01 9.183333e+00
      vertex   1.685835e+02 -2.757716e+01 9.183333e+00
    endloop
  endfacet
  facet normal 2.782175e-01 -9.605181e-01 0.000000e+00
    outer loop
      vertex   1.685835e+02 -2.757716e+01 1.301667e+01
      vertex   1.685835e+02 -2.757716e+01 9.183333e+00
      vertex   1.687613e+02 -2.752567e+01 1.301667e+01
    endloop
  endfacet
  facet normal 2.782175e-01 -9.605181e-01 0.000000e+00
    outer loop
      vertex   1.687613e+02 -2.752567e+01 1.301667e+01
      vertex   1.685835e+02 -2.757716e+01 9.183333e+00
      vertex   1.687613e+02 -2.752567e+01 9.183333e+00
    endloop
  endfacet
  facet normal 1.205367e-01 -9.927089e-01 0.000000e+00
    outer loop
      vertex   1.687613e+02 -2.752567e+01 1.301667e+01
      vertex   1.687613e+02 -2.752567e+01 9.183333e+00
      vertex   1.689450e+02 -2.750336e+01 1.301667e+01
    endloop
  endfacet
  facet normal 1.205367e-01 -9.927089e-01 0.000000e+00
    outer loop
      vertex   1.689450e+02 -2.750336e+01 1.301667e+01
      vertex   1.687613e+02 -2.752567e+01 9.183333e+00
      vertex   1.689450e+02 -2.750336e+01 9.183333e+00
    endloop
  endfacet
  facet normal -4.026594e-02 -9.991890e-01 -0.000000e+00
    outer loop
      vertex   1.689450e+02 -2.750336e+01 1.301667e+01
      vertex   1.689450e+02 -2.750336e+01 9.183333e+00
      vertex   1.691299e+02 -2.751081e+01 1.301667e+01
    endloop
  endfacet
  facet normal -4.026594e-02 -9.991890e-01 -0.000000e+00
    outer loop
      vertex   1.691299e+02 -2.751081e+01 1.301667e+01
      vertex   1.689450e+02 -2.750336e+01 9.183333e+00
      vertex   1.691299e+02 -2.751081e+01 9.183333e+00
    endloop
  endfacet
  facet normal -2.000257e-01 -9.797907e-01 -0.000000e+00
    outer loop
      vertex   1.691299e+02 -2.751081e+01 1.301667e+01
      vertex   1.691299e+02 -2.751081e+01 9.183333e+00
      vertex   1.693113e+02 -2.754783e+01 1.301667e+01
    endloop
  endfacet
  facet normal -2.000257e-01 -9.797907e-01 -0.000000e+00
    outer loop
      vertex   1.693113e+02 -2.754783e+01 1.301667e+01
      vertex   1.691299e+02 -2.751081e+01 9.183333e+00
      vertex   1.693113e+02 -2.754783e+01 9.183333e+00
    endloop
  endfacet
  facet normal -3.546049e-01 -9.350162e-01 -0.000000e+00
    outer loop
      vertex   1.693113e+02 -2.754783e+01 1.301667e+01
      vertex   1.693113e+02 -2.754783e+01 9.183333e+00
      vertex   1.694843e+02 -2.761346e+01 1.301667e+01
    endloop
  endfacet
  facet normal -3.546049e-01 -9.350162e-01 -0.000000e+00
    outer loop
      vertex   1.694843e+02 -2.761346e+01 1.301667e+01
      vertex   1.693113e+02 -2.754783e+01 9.183333e+00
      vertex   1.694843e+02 -2.761346e+01 9.183333e+00
    endloop
  endfacet
  facet normal -5.000000e-01 -8.660254e-01 -0.000000e+00
    outer loop
      vertex   1.694843e+02 -2.761346e+01 1.301667e+01
      vertex   1.694843e+02 -2.761346e+01 9.183333e+00
      vertex   1.696446e+02 -2.770599e+01 1.301667e+01
    endloop
  endfacet
  facet normal -5.000000e-01 -8.660254e-01 -0.000000e+00
    outer loop
      vertex   1.696446e+02 -2.770599e+01 1.301667e+01
      vertex   1.694843e+02 -2.761346e+01 9.183333e+00
      vertex   1.696446e+02 -2.770599e+01 9.183333e+00
    endloop
  endfacet
  facet normal -6.324454e-01 -7.746050e-01 -0.000000e+00
    outer loop
      vertex   1.696446e+02 -2.770599e+01 1.301667e+01
      vertex   1.696446e+02 -2.770599e+01 9.183333e+00
      vertex   1.697880e+02 -2.782304e+01 1.301667e+01
    endloop
  endfacet
  facet normal -6.324454e-01 -7.746050e-01 -0.000000e+00
    outer loop
      vertex   1.697880e+02 -2.782304e+01 1.301667e+01
      vertex   1.696446e+02 -2.770599e+01 9.183333e+00
      vertex   1.697880e+02 -2.782304e+01 9.183333e+00
    endloop
  endfacet
  facet normal -7.485107e-01 -6.631227e-01 -0.000000e+00
    outer loop
      vertex   1.697880e+02 -2.782304e+01 1.301667e+01
      vertex   1.697880e+02 -2.782304e+01 9.183333e+00
      vertex   1.699107e+02 -2.796157e+01 1.301667e+01
    endloop
  endfacet
  facet normal -7.485107e-01 -6.631227e-01 -0.000000e+00
    outer loop
      vertex   1.699107e+02 -2.796157e+01 1.301667e+01
      vertex   1.697880e+02 -2.782304e+01 9.183333e+00
      vertex   1.699107e+02 -2.796157e+01 9.183333e+00
    endloop
  endfacet
  facet normal -8.451901e-01 -5.344658e-01 -0.000000e+00
    outer loop
      vertex   1.699107e+02 -2.796157e+01 1.301667e+01
      vertex   1.699107e+02 -2.796157e+01 9.183333e+00
      vertex   1.700096e+02 -2.811799e+01 1.301667e+01
    endloop
  endfacet
  facet normal -8.451901e-01 -5.344658e-01 -0.000000e+00
    outer loop
      vertex   1.700096e+02 -2.811799e+01 1.301667e+01
      vertex   1.699107e+02 -2.796157e+01 9.183333e+00
      vertex   1.700096e+02 -2.811799e+01 9.183333e+00
    endloop
  endfacet
  facet normal -9.199794e-01 -3.919666e-01 -0.000000e+00
    outer loop
      vertex   1.700096e+02 -2.811799e+01 1.301667e+01
      vertex   1.700096e+02 -2.811799e+01 9.183333e+00
      vertex   1.700821e+02 -2.828826e+01 1.301667e+01
    endloop
  endfacet
  facet normal -9.199794e-01 -3.919666e-01 -0.000000e+00
    outer loop
      vertex   1.700821e+02 -2.828826e+01 1.301667e+01
      vertex   1.700096e+02 -2.811799e+01 9.183333e+00
      vertex   1.700821e+02 -2.828826e+01 9.183333e+00
    endloop
  endfacet
  facet normal -9.709418e-01 -2.393157e-01 -0.000000e+00
    outer loop
      vertex   1.700821e+02 -2.828826e+01 1.301667e+01
      vertex   1.700821e+02 -2.828826e+01 9.183333e+00
      vertex   1.701264e+02 -2.846795e+01 1.301667e+01
    endloop
  endfacet
  facet normal -9.709418e-01 -2.393157e-01 -0.000000e+00
    outer loop
      vertex   1.701264e+02 -2.846795e+01 1.301667e+01
      vertex   1.700821e+02 -2.828826e+01 9.183333e+00
      vertex   1.701264e+02 -2.846795e+01 9.183333e+00
    endloop
  endfacet
  facet normal -9.967573e-01 -8.046657e-02 -0.000000e+00
    outer loop
      vertex   1.701264e+02 -2.846795e+01 1.301667e+01
      vertex   1.701264e+02 -2.846795e+01 9.183333e+00
      vertex   1.701413e+02 -2.865242e+01 1.301667e+01
    endloop
  endfacet
  facet normal -9.967573e-01 -8.046657e-02 -0.000000e+00
    outer loop
      vertex   1.701413e+02 -2.865242e+01 1.301667e+01
      vertex   1.701264e+02 -2.846795e+01 9.183333e+00
      vertex   1.701413e+02 -2.865242e+01 9.183333e+00
    endloop
  endfacet
  facet normal -0.000000e+00 0.000000e+00 -1.000000e+00
    outer loop
      vertex   1.701413e+02 -2.865242e+01 1.685000e+01
      vertex   1.701264e+02 -2.883690e+01 1.685000e+01
      vertex   1.701264e+02 -2.846795e+01 1.685000e+01
    endloop
  endfacet
  facet normal 0.000000e+00 -0.000000e+00 -1.000000e+00
    outer loop
      vertex   1.701264e+02 -2.846795e+01 1.685000e+01
      vertex   1.701264e+02 -2.883690e+01 1.685000e+01
      vertex   1.700821e+02 -2.901659e+01 1.685000e+01
    endloop
  endfacet
  facet normal -0.000000e+00 0.000000e+00 -1.000000e+00
    outer loop
      vertex   1.701264e+02 -2.846795e+01 1.685000e+01
      vertex   1.700821e+02 -2.901659e+01 1.685000e+01
      vertex   1.700821e+02 -2.828826e+01 1.685000e+01
    endloop
  endfacet
  facet normal 0.000000e+00 -0.000000e+00 -1.000000e+00
    outer loop
      vertex   1.700821e+02 -2.828826e+01 1.685000e+01
      vertex   1.700821e+02 -2.901659e+01 1.685000e+01
      vertex   1.700096e+02 -2.918686e+01 1.685000e+01
    endloop
  endfacet
  facet normal -0.000000e+00 0.000000e+00 -1.000000e+00
    outer loop
      vertex   1.700821e+02 -2.828826e+01 1.685000e+01
      vertex   1.700096e+02 -2.918686e+01 1.685000e+01
      vertex   1.700096e+02 -2.811799e+01 1.685000e+01
    endloop
  endfacet
  facet normal 0.000000e+00 -0.000000e+00 -1.000000e+00
    outer loop
      vertex   1.700096e+02 -2.811799e+01 1.685000e+01
      vertex   1.700096e+02 -2.918686e+01 1.685000e+01
      vertex   1.699107e+02 -2.934328e+01 1.685000e+01
    endloop
  endfacet
  facet normal 0.000000e+00 0.000000e+00 -1.000000e+00
    outer loop
      vertex   1.700096e+02 -2.811799e+01 1.685000e+01
      vertex   1.699107e+02 -2.934328e+01 1.685000e+01
      vertex   1.697880e+02 -2.948181e+01 1.685000e+01
    endloop
  endfacet
  facet normal -0.000000e+00 0.000000e+00 -1.000000e+00
    outer loop
      vertex   1.697880e+02 -2.948181e+01 1.685000e+01
      vertex   1.696446e+02 -2.959886e+01 1.685000e+01
      vertex   1.700096e+02 -2.811799e+01 1.685000e+01
    endloop
  endfacet
  facet normal 0.000000e+00 0.000000e+00 -1.000000e+00
    outer loop
      vertex   1.700096e+02 -2.811799e+01 1.685000e+01
      vertex   1.696446e+02 -2.959886e+01 1.685000e+01
      vertex   1.694843e+02 -2.969139e+01 1.685000e+01
    endloop
  endfacet
  facet normal 0.000000e+00 0.000000e+00 -1.000000e+00
    outer loop
      vertex   1.700096e+02 -2.811799e+01 1.685000e+01
      vertex   1.694843e+02 -2.969139e+01 1.685000e+01
      vertex   1.693113e+02 -2.975702e+01 1.685000e+01
    endloop
  endfacet
  facet normal -0.000000e+00 0.000000e+00 -1.000000e+00
    outer loop
      vertex   1.693113e+02 -2.975702e+01 1.685000e+01
      vertex   1.691299e+02 -2.979404e+01 1.685000e+01
      vertex   1.700096e+02 -2.811799e+01 1.685000e+01
    endloop
  endfacet
  facet normal 0.000000e+00 0.000000e+00 -1.000000e+00
    outer loop
      vertex   1.700096e+02 -2.811799e+01 1.685000e+01
      vertex   1.691299e+02 -2.979404e+01 1.685000e+01
      vertex   1.689450e+02 -2.980149e+01 1.685000e+01
    endloop
  endfacet
  facet normal 0.000000e+00 0.000000e+00 -1.000000e+00
    outer loop
      vertex   1.700096e+02 -2.811799e+01 1.685000e+01
      vertex   1.689450e+02 -2.980149e+01 1.685000e+01
      vertex   1.687613e+02 -2.977918e+01 1.685000e+01
    endloop
  endfacet
  facet normal 0.000000e+00 0.000000e+00 -1.000000e+00
    outer loop
      vertex   1.687613e+02 -2.977918e+01 1.685000e+01
      vertex   1.685835e+02 -2.972769e+01 1.685000e+01
      vertex   1.700096e+02 -2.811799e+01 1.685000e+01
    endloop
  endfacet
  facet normal 0.000000e+00 0.000000e+00 -1.000000e+00
    outer loop
      vertex   1.700096e+02 -2.811799e+01 1.685000e+01
      vertex   1.685835e+02 -2.972769e+01 1.685000e+01
      vertex   1.684163e+02 -2.964835e+01 1.685000e+01
    endloop
  endfacet
  facet normal -0.000000e+00 0.000000e+00 -1.000000e+00
    outer loop
      vertex   1.700096e+02 -2.811799e+01 1.685000e+01
      vertex   1.684163e+02 -2.964835e+01 1.685000e+01
      vertex   1.699107e+02 -2.796157e+01 1.685000e+01
    endloop
  endfacet
  facet normal 0.000000e+00 0.000000e+00 -1.000000e+00
    outer loop
      vertex   1.699107e+02 -2.796157e+01 1.685000e+01
      vertex   1.684163e+02 -2.964835e+01 1.685000e+01
      vertex   1.682640e+02 -2.954322e+01 1.685000e+01
    endloop
  endfacet
  facet normal 0.000000e+00 0.000000e+00 -1.000000e+00
    outer loop
      vertex   1.699107e+02 -2.796157e+01 1.685000e+01
      vertex   1.682640e+02 -2.954322e+01 1.685000e+01
      vertex   1.681305e+02 -2.941502e+01 1.685000e+01
    endloop
  endfacet
  facet normal 0.000000e+00 0.000000e+00 -1.000000e+00
    outer loop
      vertex   1.681305e+02 -2.941502e+01 1.685000e+01
      vertex   1.680194e+02 -2.926706e+01 1.685000e+01
      vertex   1.699107e+02 -2.796157e+01 1.685000e+01
    endloop
  endfacet
  facet normal 0.000000e+00 0.000000e+00 -1.000000e+00
    outer loop
      vertex   1.699107e+02 -2.796157e+01 1.685000e+01
      vertex   1.680194e+02 -2.926706e+01 1.685000e+01
      vertex   1.679333e+02 -2.910319e+01 1.685000e+01
    endloop
  endfacet
  facet normal 0.000000e+00 0.000000e+00 -1.000000e+00
    outer loop
      vertex   1.699107e+02 -2.796157e+01 1.685000e+01
      vertex   1.679333e+02 -2.910319e+01 1.685000e+01
      vertex   1.678747e+02 -2.892764e+01 1.685000e+01
    endloop
  endfacet
  facet normal 0.000000e+00 0.000000e+00 -1.000000e+00
    outer loop
      vertex   1.678747e+02 -2.892764e+01 1.685000e+01
      vertex   1.678451e+02 -2.874496e+01 1.685000e+01
      vertex   1.699107e+02 -2.796157e+01 1.685000e+01
    endloop
  endfacet
  facet normal 0.000000e+00 0.000000e+00 -1.000000e+00
    outer loop
      vertex   1.699107e+02 -2.796157e+01 1.685000e+01
      vertex   1.678451e+02 -2.874496e+01 1.685000e+01
      vertex   1.678451e+02 -2.855989e+01 1.685000e+01
    endloop
  endfacet
  facet normal 0.000000e+00 0.000000e+00 -1.000000e+00
    outer loop
      vertex   1.699107e+02 -2.796157e+01 1.685000e+01
      vertex   1.678451e+02 -2.855989e+01 1.685000e+01
      vertex   1.678747e+02 -2.837721e+01 1.685000e+01
    endloop
  endfacet
  facet normal 0.000000e+00 0.000000e+00 -1.000000e+00
    outer loop
      vertex   1.678747e+02 -2.837721e+01 1.685000e+01
      vertex   1.679333e+02 -2.820166e+01 1.685000e+01
      vertex   1.699107e+02 -2.796157e+01 1.685000e+01
    endloop
  endfacet
  facet normal 0.000000e+00 0.000000e+00 -1.000000e+00
    outer loop
      vertex   1.699107e+02 -2.796157e+01 1.685000e+01
      vertex   1.679333e+02 -2.820166e+01 1.685000e+01
      vertex   1.680194e+02 -2.803779e+01 1.685000e+01
    endloop
  endfacet
  facet normal -0.000000e+00 0.000000e+00 -1.000000e+00
    outer loop
      vertex   1.699107e+02 -2.796157e+01 1.685000e+01
      vertex   1.680194e+02 -2.803779e+01 1.685000e+01
      vertex   1.681305e+02 -2.788983e+01 1.685000e+01
    endloop
  endfacet
  facet normal 0.000000e+00 0.000000e+00 -1.000000e+00
    outer loop
      vertex   1.699107e+02 -2.796157e+01 1.685000e+01
      vertex   1.681305e+02 -2.788983e+01 1.685000e+01
      vertex   1.697880e+02 -2.782304e+01 1.685000e+01
    endloop
  endfacet
  facet normal -0.000000e+00 0.000000e+00 -1.000000e+00
    outer loop
      vertex   1.697880e+02 -2.782304e+01 1.685000e+01
      vertex   1.681305e+02 -2.788983e+01 1.685000e+01
      vertex   1.682640e+02 -2.776163e+01 1.685000e+01
    endloop
  endfacet
  facet normal 0.000000e+00 0.000000e+00 -1.000000e+00
    outer loop
      vertex   1.697880e+02 -2.782304e+01 1.685000e+01
      vertex   1.682640e+02 -2.776163e+01 1.685000e+01
      vertex   1.696446e+02 -2.770599e+01 1.685000e+01
    endloop
  endfacet
  facet normal -0.000000e+00 0.000000e+00 -1.000000e+00
    outer loop
      vertex   1.696446e+02 -2.770599e+01 1.685000e+01
      vertex   1.682640e+02 -2.776163e+01 1.685000e+01
      vertex   1.684163e+02 -2.765650e+01 1.685000e+01
    endloop
  endfacet
  facet normal 0.000000e+00 0.000000e+00 -1.000000e+00
    outer loop
      vertex   1.696446e+02 -2.770599e+01 1.685000e+01
      vertex   1.684163e+02 -2.765650e+01 1.685000e+01
      vertex   1.694843e+02 -2.761346e+01 1.685000e+01
    endloop
  endfacet
  facet normal -0.000000e+00 0.000000e+00 -1.000000e+00
    outer loop
      vertex   1.694843e+02 -2.761346e+01 1.685000e+01
      vertex   1.684163e+02 -2.765650e+01 1.685000e+01
      vertex   1.685835e+02 -2.757716e+01 1.685000e+01
    endloop
  endfacet
  facet normal 0.000000e+00 0.000000e+00 -1.000000e+00
    outer loop
      vertex   1.694843e+02 -2.761346e+01 1.685000e+01
      vertex   1.685835e+02 -2.757716e+01 1.685000e+01
      vertex   1.693113e+02 -2.754783e+01 1.685000e+01
    endloop
  endfacet
  facet normal -0.000000e+00 0.000000e+00 -1.000000e+00
    outer loop
      vertex   1.693113e+02 -2.754783e+01 1.685000e+01
      vertex   1.685835e+02 -2.757716e+01 1.685000e+01
      vertex   1.687613e+02 -2.752567e+01 1.685000e+01
    endloop
  endfacet
  facet normal 0.000000e+00 0.000000e+00 -1.000000e+00
    outer loop
      vertex   1.693113e+02 -2.754783e+01 1.685000e+01
      vertex   1.687613e+02 -2.752567e+01 1.685000e+01
      vertex   1.691299e+02 -2.751081e+01 1.685000e+01
    endloop
  endfacet
  facet normal -0.000000e+00 0.000000e+00 -1.000000e+00
    outer loop
      vertex   1.691299e+02 -2.751081e+01 1.685000e+01
      vertex   1.687613e+02 -2.752567e+01 1.685000e+01
      vertex   1.689450e+02 -2.750336e+01 1.685000e+01
    endloop
  endfacet
  facet normal -9.967573e-01 -8.046657e-02 -0.000000e+00
    outer loop
      vertex   1.535634e+02 -6.119824e+01 1.685000e+01
      vertex   1.535634e+02 -6.119824e+01 1.301667e+01
      vertex   1.535782e+02 -6.138271e+01 1.685000e+01
    endloop
  endfacet
  facet normal -9.967573e-01 -8.046657e-02 -0.000000e+00
    outer loop
      vertex   1.535782e+02 -6.138271e+01 1.685000e+01
      vertex   1.535634e+02 -6.119824e+01 1.301667e+01
      vertex   1.535782e+02 -6.138271e+01 1.301667e+01
    endloop
  endfacet
  facet normal -9.967573e-01 8.046657e-02 0.000000e+00
    outer loop
      vertex   1.535782e+02 -6.138271e+01 1.685000e+01
      vertex   1.535782e+02 -6.138271e+01 1.301667e+01
      vertex   1.535634e+02 -6.156718e+01 1.685000e+01
    endloop
  endfacet
  facet normal -9.967573e-01 8.046657e-02 0.000000e+00
    outer loop
      vertex   1.535634e+02 -6.156718e+01 1.685000e+01
      vertex   1.535782e+02 -6.138271e+01 1.301667e+01
      vertex   1.535634e+02 -6.156718e+01 1.301667e+01
    endloop
  endfacet
  facet normal -9.709418e-01 2.393157e-01 0.000000e+00
    outer loop
      vertex   1.535634e+02 -6.156718e+01 1.685000e+01
      vertex   1.535634e+02 -6.156718e+01 1.301667e+01
      vertex   1.535191e+02 -6.174688e+01 1.685000e+01
    endloop
  endfacet
  facet normal -9.709418e-01 2.393157e-01 0.000000e+00
    outer loop
      vertex   1.535191e+02 -6.174688e+01 1.685000e+01
      vertex   1.535634e+02 -6.156718e+01 1.301667e+01
      vertex   1.535191e+02 -6.174688e+01 1.301667e+01
    endloop
  endfacet
  facet normal -9.199794e-01 3.919666e-01 0.000000e+00
    outer loop
      vertex   1.535191e+02 -6.174688e+01 1.685000e+01
      vertex   1.535191e+02 -6.174688e+01 1.301667e+01
      vertex   1.534465e+02 -6.191714e+01 1.685000e+01
    endloop
  endfacet
  facet normal -9.199794e-01 3.919666e-01 0.000000e+00
    outer loop
      vertex   1.534465e+02 -6.191714e+01 1.685000e+01
      vertex   1.535191e+02 -6.174688e+01 1.301667e+01
      vertex   1.534465e+02 -6.191714e+01 1.301667e+01
    endloop
  endfacet
  facet normal -8.451901e-01 5.344658e-01 0.000000e+00
    outer loop
      vertex   1.534465e+02 -6.191714e+01 1.685000e+01
      vertex   1.534465e+02 -6.191714e+01 1.301667e+01
      vertex   1.533476e+02 -6.207356e+01 1.685000e+01
    endloop
  endfacet
  facet normal -8.451901e-01 5.344658e-01 0.000000e+00
    outer loop
      vertex   1.533476e+02 -6.207356e+01 1.685000e+01
      vertex   1.534465e+02 -6.191714e+01 1.301667e+01
      vertex   1.533476e+02 -6.207356e+01 1.301667e+01
    endloop
  endfacet
  facet normal -7.485107e-01 6.631227e-01 0.000000e+00
    outer loop
      vertex   1.533476e+02 -6.207356e+01 1.685000e+01
      vertex   1.533476e+02 -6.207356e+01 1.301667e+01
      vertex   1.532249e+02 -6.221209e+01 1.685000e+01
    endloop
  endfacet
  facet normal -7.485107e-01 6.631227e-01 0.000000e+00
    outer loop
      vertex   1.532249e+02 -6.221209e+01 1.685000e+01
      vertex   1.533476e+02 -6.207356e+01 1.301667e+01
      vertex   1.532249e+02 -6.221209e+01 1.301667e+01
    endloop
  endfacet
  facet normal -6.324454e-01 7.746050e-01 0.000000e+00
    outer loop
      vertex   1.532249e+02 -6.221209e+01 1.685000e+01
      vertex   1.532249e+02 -6.221209e+01 1.301667e+01
      vertex   1.530815e+02 -6.232914e+01 1.685000e+01
    endloop
  endfacet
  facet normal -6.324454e-01 7.746050e-01 0.000000e+00
    outer loop
      vertex   1.530815e+02 -6.232914e+01 1.685000e+01
      vertex   1.532249e+02 -6.221209e+01 1.301667e+01
      vertex   1.530815e+02 -6.232914e+01 1.301667e+01
    endloop
  endfacet
  facet normal -5.000000e-01 8.660254e-01 0.000000e+00
    outer loop
      vertex   1.530815e+02 -6.232914e+01 1.685000e+01
      vertex   1.530815e+02 -6.232914e+01 1.301667e+01
      vertex   1.529212e+02 -6.242168e+01 1.685000e+01
    endloop
  endfacet
  facet normal -5.000000e-01 8.660254e-01 0.000000e+00
    outer loop
      vertex   1.529212e+02 -6.242168e+01 1.685000e+01
      vertex   1.530815e+02 -6.232914e+01 1.301667e+01
      vertex   1.529212e+02 -6.242168e+01 1.301667e+01
    endloop
  endfacet
  facet normal -3.546049e-01 9.350162e-01 0.000000e+00
    outer loop
      vertex   1.529212e+02 -6.242168e+01 1.685000e+01
      vertex   1.529212e+02 -6.242168e+01 1.301667e+01
      vertex   1.527482e+02 -6.248731e+01 1.685000e+01
    endloop
  endfacet
  facet normal -3.546049e-01 9.350162e-01 3.466273e-15
    outer loop
      vertex   1.527482e+02 -6.248731e+01 1.685000e+01
      vertex   1.529212e+02 -6.242168e+01 1.301667e+01
      vertex   1.527482e+02 -6.248731e+01 1.301667e+01
    endloop
  endfacet
  facet normal -2.000257e-01 9.797907e-01 3.632260e-15
    outer loop
      vertex   1.527482e+02 -6.248731e+01 1.685000e+01
      vertex   1.527482e+02 -6.248731e+01 1.301667e+01
      vertex   1.525669e+02 -6.252433e+01 1.685000e+01
    endloop
  endfacet
  facet normal -2.000257e-01 9.797907e-01 0.000000e+00
    outer loop
      vertex   1.525669e+02 -6.252433e+01 1.685000e+01
      vertex   1.527482e+02 -6.248731e+01 1.301667e+01
      vertex   1.525669e+02 -6.252433e+01 1.301667e+01
    endloop
  endfacet
  facet normal -4.026594e-02 9.991890e-01 0.000000e+00
    outer loop
      vertex   1.525669e+02 -6.252433e+01 1.685000e+01
      vertex   1.525669e+02 -6.252433e+01 1.301667e+01
      vertex   1.523819e+02 -6.253178e+01 1.685000e+01
    endloop
  endfacet
  facet normal -4.026594e-02 9.991890e-01 0.000000e+00
    outer loop
      vertex   1.523819e+02 -6.253178e+01 1.685000e+01
      vertex   1.525669e+02 -6.252433e+01 1.301667e+01
      vertex   1.523819e+02 -6.253178e+01 1.301667e+01
    endloop
  endfacet
  facet normal 1.205367e-01 9.927089e-01 0.000000e+00
    outer loop
      vertex   1.523819e+02 -6.253178e+01 1.685000e+01
      vertex   1.523819e+02 -6.253178e+01 1.301667e+01
      vertex   1.521982e+02 -6.250947e+01 1.685000e+01
    endloop
  endfacet
  facet normal 1.205367e-01 9.927089e-01 0.000000e+00
    outer loop
      vertex   1.521982e+02 -6.250947e+01 1.685000e+01
      vertex   1.523819e+02 -6.253178e+01 1.301667e+01
      vertex   1.521982e+02 -6.250947e+01 1.301667e+01
    endloop
  endfacet
  facet normal 2.782175e-01 9.605181e-01 0.000000e+00
    outer loop
      vertex   1.521982e+02 -6.250947e+01 1.685000e+01
      vertex   1.521982e+02 -6.250947e+01 1.301667e+01
      vertex   1.520204e+02 -6.245798e+01 1.685000e+01
    endloop
  endfacet
  facet normal 2.782175e-01 9.605181e-01 0.000000e+00
    outer loop
      vertex   1.520204e+02 -6.245798e+01 1.685000e+01
      vertex   1.521982e+02 -6.250947e+01 1.301667e+01
      vertex   1.520204e+02 -6.245798e+01 1.301667e+01
    endloop
  endfacet
  facet normal 4.286926e-01 9.034504e-01 0.000000e+00
    outer loop
      vertex   1.520204e+02 -6.245798e+01 1.685000e+01
      vertex   1.520204e+02 -6.245798e+01 1.301667e+01
      vertex   1.518532e+02 -6.237864e+01 1.685000e+01
    endloop
  endfacet
  facet normal 4.286926e-01 9.034504e-01 0.000000e+00
    outer loop
      vertex   1.518532e+02 -6.237864e+01 1.685000e+01
      vertex   1.520204e+02 -6.245798e+01 1.301667e+01
      vertex   1.518532e+02 -6.237864e+01 1.301667e+01
    endloop
  endfacet
  facet normal 5.680647e-01 8.229839e-01 0.000000e+00
    outer loop
      vertex   1.518532e+02 -6.237864e+01 1.685000e+01
      vertex   1.518532e+02 -6.237864e+01 1.301667e+01
      vertex   1.517009e+02 -6.227351e+01 1.685000e+01
    endloop
  endfacet
  facet normal 5.680647e-01 8.229839e-01 0.000000e+00
    outer loop
      vertex   1.517009e+02 -6.227351e+01 1.685000e+01
      vertex   1.518532e+02 -6.237864e+01 1.301667e+01
      vertex   1.517009e+02 -6.227351e+01 1.301667e+01
    endloop
  endfacet
  facet normal 6.927244e-01 7.212024e-01 0.000000e+00
    outer loop
      vertex   1.517009e+02 -6.227351e+01 1.685000e+01
      vertex   1.517009e+02 -6.227351e+01 1.301667e+01
      vertex   1.515675e+02 -6.214530e+01 1.685000e+01
    endloop
  endfacet
  facet normal 6.927244e-01 7.212024e-01 0.000000e+00
    outer loop
      vertex   1.515675e+02 -6.214530e+01 1.685000e+01
      vertex   1.517009e+02 -6.227351e+01 1.301667e+01
      vertex   1.515675e+02 -6.214530e+01 1.301667e+01
    endloop
  endfacet
  facet normal 7.994428e-01 6.007423e-01 0.000000e+00
    outer loop
      vertex   1.515675e+02 -6.214530e+01 1.685000e+01
      vertex   1.515675e+02 -6.214530e+01 1.301667e+01
      vertex   1.514563e+02 -6.199735e+01 1.685000e+01
    endloop
  endfacet
  facet normal 7.994428e-01 6.007423e-01 0.000000e+00
    outer loop
      vertex   1.514563e+02 -6.199735e+01 1.685000e+01
      vertex   1.515675e+02 -6.214530e+01 1.301667e+01
      vertex   1.514563e+02 -6.199735e+01 1.301667e+01
    endloop
  endfacet
  facet normal 8.854560e-01 4.647232e-01 0.000000e+00
    outer loop
      vertex   1.514563e+02 -6.199735e+01 1.685000e+01
      vertex   1.514563e+02 -6.199735e+01 1.301667e+01
      vertex   1.513703e+02 -6.183347e+01 1.685000e+01
    endloop
  endfacet
  facet normal 8.854560e-01 4.647232e-01 0.000000e+00
    outer loop
      vertex   1.513703e+02 -6.183347e+01 1.685000e+01
      vertex   1.514563e+02 -6.199735e+01 1.301667e+01
      vertex   1.513703e+02 -6.183347e+01 1.301667e+01
    endloop
  endfacet
  facet normal 9.485364e-01 3.166680e-01 0.000000e+00
    outer loop
      vertex   1.513703e+02 -6.183347e+01 1.685000e+01
      vertex   1.513703e+02 -6.183347e+01 1.301667e+01
      vertex   1.513117e+02 -6.165792e+01 1.685000e+01
    endloop
  endfacet
  facet normal 9.485364e-01 3.166680e-01 0.000000e+00
    outer loop
      vertex   1.513117e+02 -6.165792e+01 1.685000e+01
      vertex   1.513703e+02 -6.183347e+01 1.301667e+01
      vertex   1.513117e+02 -6.165792e+01 1.301667e+01
    endloop
  endfacet
  facet normal 9.870503e-01 1.604113e-01 0.000000e+00
    outer loop
      vertex   1.513117e+02 -6.165792e+01 1.685000e+01
      vertex   1.513117e+02 -6.165792e+01 1.301667e+01
      vertex   1.512820e+02 -6.147525e+01 1.685000e+01
    endloop
  endfacet
  facet normal 9.870503e-01 1.604113e-01 0.000000e+00
    outer loop
      vertex   1.512820e+02 -6.147525e+01 1.685000e+01
      vertex   1.513117e+02 -6.165792e+01 1.301667e+01
      vertex   1.512820e+02 -6.147525e+01 1.301667e+01
    endloop
  endfacet
  facet normal 1.000000e+00 -0.000000e+00 0.000000e+00
    outer loop
      vertex   1.512820e+02 -6.147525e+01 1.685000e+01
      vertex   1.512820e+02 -6.147525e+01 1.301667e+01
      vertex   1.512820e+02 -6.129017e+01 1.685000e+01
    endloop
  endfacet
  facet normal 1.000000e+00 0.000000e+00 0.000000e+00
    outer loop
      vertex   1.512820e+02 -6.129017e+01 1.685000e+01
      vertex   1.512820e+02 -6.147525e+01 1.301667e+01
      vertex   1.512820e+02 -6.129017e+01 1.301667e+01
    endloop
  endfacet
  facet normal 9.870503e-01 -1.604113e-01 0.000000e+00
    outer loop
      vertex   1.512820e+02 -6.129017e+01 1.685000e+01
      vertex   1.512820e+02 -6.129017e+01 1.301667e+01
      vertex   1.513117e+02 -6.110750e+01 1.685000e+01
    endloop
  endfacet
  facet normal 9.870503e-01 -1.604113e-01 0.000000e+00
    outer loop
      vertex   1.513117e+02 -6.110750e+01 1.685000e+01
      vertex   1.512820e+02 -6.129017e+01 1.301667e+01
      vertex   1.513117e+02 -6.110750e+01 1.301667e+01
    endloop
  endfacet
  facet normal 9.485364e-01 -3.166680e-01 0.000000e+00
    outer loop
      vertex   1.513117e+02 -6.110750e+01 1.685000e+01
      vertex   1.513117e+02 -6.110750e+01 1.301667e+01
      vertex   1.513703e+02 -6.093195e+01 1.685000e+01
    endloop
  endfacet
  facet normal 9.485364e-01 -3.166680e-01 0.000000e+00
    outer loop
      vertex   1.513703e+02 -6.093195e+01 1.685000e+01
      vertex   1.513117e+02 -6.110750e+01 1.301667e+01
      vertex   1.513703e+02 -6.093195e+01 1.301667e+01
    endloop
  endfacet
  facet normal 8.854560e-01 -4.647232e-01 0.000000e+00
    outer loop
      vertex   1.513703e+02 -6.093195e+01 1.685000e+01
      vertex   1.513703e+02 -6.093195e+01 1.301667e+01
      vertex   1.514563e+02 -6.076808e+01 1.685000e+01
    endloop
  endfacet
  facet normal 8.854560e-01 -4.647232e-01 0.000000e+00
    outer loop
      vertex   1.514563e+02 -6.076808e+01 1.685000e+01
      vertex   1.513703e+02 -6.093195e+01 1.301667e+01
      vertex   1.514563e+02 -6.076808e+01 1.301667e+01
    endloop
  endfacet
  facet normal 7.994428e-01 -6.007423e-01 0.000000e+00
    outer loop
      vertex   1.514563e+02 -6.076808e+01 1.685000e+01
      vertex   1.514563e+02 -6.076808e+01 1.301667e+01
      vertex   1.515675e+02 -6.062012e+01 1.685000e+01
    endloop
  endfacet
  facet normal 7.994428e-01 -6.007423e-01 0.000000e+00
    outer loop
      vertex   1.515675e+02 -6.062012e+01 1.685000e+01
      vertex   1.514563e+02 -6.076808e+01 1.301667e+01
      vertex   1.515675e+02 -6.062012e+01 1.301667e+01
    endloop
  endfacet
  facet normal 6.927244e-01 -7.212024e-01 0.000000e+00
    outer loop
      vertex   1.515675e+02 -6.062012e+01 1.685000e+01
      vertex   1.515675e+02 -6.062012e+01 1.301667e+01
      vertex   1.517009e+02 -6.049192e+01 1.685000e+01
    endloop
  endfacet
  facet normal 6.927244e-01 -7.212024e-01 0.000000e+00
    outer loop
      vertex   1.517009e+02 -6.049192e+01 1.685000e+01
      vertex   1.515675e+02 -6.062012e+01 1.301667e+01
      vertex   1.517009e+02 -6.049192e+01 1.301667e+01
    endloop
  endfacet
  facet normal 5.680647e-01 -8.229839e-01 0.000000e+00
    outer loop
      vertex   1.517009e+02 -6.049192e+01 1.685000e+01
      vertex   1.517009e+02 -6.049192e+01 1.301667e+01
      vertex   1.518532e+02 -6.038678e+01 1.685000e+01
    endloop
  endfacet
  facet normal 5.680647e-01 -8.229839e-01 0.000000e+00
    outer loop
      vertex   1.518532e+02 -6.038678e+01 1.685000e+01
      vertex   1.517009e+02 -6.049192e+01 1.301667e+01
      vertex   1.518532e+02 -6.038678e+01 1.301667e+01
    endloop
  endfacet
  facet normal 4.286926e-01 -9.034504e-01 0.000000e+00
    outer loop
      vertex   1.518532e+02 -6.038678e+01 1.685000e+01
      vertex   1.518532e+02 -6.038678e+01 1.301667e+01
      vertex   1.520204e+02 -6.030744e+01 1.685000e+01
    endloop
  endfacet
  facet normal 4.286926e-01 -9.034504e-01 0.000000e+00
    outer loop
      vertex   1.520204e+02 -6.030744e+01 1.685000e+01
      vertex   1.518532e+02 -6.038678e+01 1.301667e+01
      vertex   1.520204e+02 -6.030744e+01 1.301667e+01
    endloop
  endfacet
  facet normal 2.782175e-01 -9.605181e-01 0.000000e+00
    outer loop
      vertex   1.520204e+02 -6.030744e+01 1.685000e+01
      vertex   1.520204e+02 -6.030744e+01 1.301667e+01
      vertex   1.521982e+02 -6.025595e+01 1.685000e+01
    endloop
  endfacet
  facet normal 2.782175e-01 -9.605181e-01 0.000000e+00
    outer loop
      vertex   1.521982e+02 -6.025595e+01 1.685000e+01
      vertex   1.520204e+02 -6.030744e+01 1.301667e+01
      vertex   1.521982e+02 -6.025595e+01 1.301667e+01
    endloop
  endfacet
  facet normal 1.205367e-01 -9.927089e-01 0.000000e+00
    outer loop
      vertex   1.521982e+02 -6.025595e+01 1.685000e+01
      vertex   1.521982e+02 -6.025595e+01 1.301667e+01
      vertex   1.523819e+02 -6.023364e+01 1.685000e+01
    endloop
  endfacet
  facet normal 1.205367e-01 -9.927089e-01 0.000000e+00
    outer loop
      vertex   1.523819e+02 -6.023364e+01 1.685000e+01
      vertex   1.521982e+02 -6.025595e+01 1.301667e+01
      vertex   1.523819e+02 -6.023364e+01 1.301667e+01
    endloop
  endfacet
  facet normal -4.026594e-02 -9.991890e-01 -0.000000e+00
    outer loop
      vertex   1.523819e+02 -6.023364e+01 1.685000e+01
      vertex   1.523819e+02 -6.023364e+01 1.301667e+01
      vertex   1.525669e+02 -6.024110e+01 1.685000e+01
    endloop
  endfacet
  facet normal -4.026594e-02 -9.991890e-01 -0.000000e+00
    outer loop
      vertex   1.525669e+02 -6.024110e+01 1.685000e+01
      vertex   1.523819e+02 -6.023364e+01 1.301667e+01
      vertex   1.525669e+02 -6.024110e+01 1.301667e+01
    endloop
  endfacet
  facet normal -2.000257e-01 -9.797907e-01 -0.000000e+00
    outer loop
      vertex   1.525669e+02 -6.024110e+01 1.685000e+01
      vertex   1.525669e+02 -6.024110e+01 1.301667e+01
      vertex   1.527482e+02 -6.027812e+01 1.685000e+01
    endloop
  endfacet
  facet normal -2.000257e-01 -9.797907e-01 1.816130e-15
    outer loop
      vertex   1.527482e+02 -6.027812e+01 1.685000e+01
      vertex   1.525669e+02 -6.024110e+01 1.301667e+01
      vertex   1.527482e+02 -6.027812e+01 1.301667e+01
    endloop
  endfacet
  facet normal -3.546049e-01 -9.350162e-01 1.733137e-15
    outer loop
      vertex   1.527482e+02 -6.027812e+01 1.685000e+01
      vertex   1.527482e+02 -6.027812e+01 1.301667e+01
      vertex   1.529212e+02 -6.034374e+01 1.685000e+01
    endloop
  endfacet
  facet normal -3.546049e-01 -9.350162e-01 -0.000000e+00
    outer loop
      vertex   1.529212e+02 -6.034374e+01 1.685000e+01
      vertex   1.527482e+02 -6.027812e+01 1.301667e+01
      vertex   1.529212e+02 -6.034374e+01 1.301667e+01
    endloop
  endfacet
  facet normal -5.000000e-01 -8.660254e-01 -0.000000e+00
    outer loop
      vertex   1.529212e+02 -6.034374e+01 1.685000e+01
      vertex   1.529212e+02 -6.034374e+01 1.301667e+01
      vertex   1.530815e+02 -6.043628e+01 1.685000e+01
    endloop
  endfacet
  facet normal -5.000000e-01 -8.660254e-01 -0.000000e+00
    outer loop
      vertex   1.530815e+02 -6.043628e+01 1.685000e+01
      vertex   1.529212e+02 -6.034374e+01 1.301667e+01
      vertex   1.530815e+02 -6.043628e+01 1.301667e+01
    endloop
  endfacet
  facet normal -6.324454e-01 -7.746050e-01 -0.000000e+00
    outer loop
      vertex   1.530815e+02 -6.043628e+01 1.685000e+01
      vertex   1.530815e+02 -6.043628e+01 1.301667e+01
      vertex   1.532249e+02 -6.055333e+01 1.685000e+01
    endloop
  endfacet
  facet normal -6.324454e-01 -7.746050e-01 -0.000000e+00
    outer loop
      vertex   1.532249e+02 -6.055333e+01 1.685000e+01
      vertex   1.530815e+02 -6.043628e+01 1.301667e+01
      vertex   1.532249e+02 -6.055333e+01 1.301667e+01
    endloop
  endfacet
  facet normal -7.485107e-01 -6.631227e-01 -0.000000e+00
    outer loop
      vertex   1.532249e+02 -6.055333e+01 1.685000e+01
      vertex   1.532249e+02 -6.055333e+01 1.301667e+01
      vertex   1.533476e+02 -6.069186e+01 1.685000e+01
    endloop
  endfacet
  facet normal -7.485107e-01 -6.631227e-01 -0.000000e+00
    outer loop
      vertex   1.533476e+02 -6.069186e+01 1.685000e+01
      vertex   1.532249e+02 -6.055333e+01 1.301667e+01
      vertex   1.533476e+02 -6.069186e+01 1.301667e+01
    endloop
  endfacet
  facet normal -8.451901e-01 -5.344658e-01 -0.000000e+00
    outer loop
      vertex   1.533476e+02 -6.069186e+01 1.685000e+01
      vertex   1.533476e+02 -6.069186e+01 1.301667e+01
      vertex   1.534465e+02 -6.084828e+01 1.685000e+01
    endloop
  endfacet
  facet normal -8.451901e-01 -5.344658e-01 -0.000000e+00
    outer loop
      vertex   1.534465e+02 -6.084828e+01 1.685000e+01
      vertex   1.533476e+02 -6.069186e+01 1.301667e+01
      vertex   1.534465e+02 -6.084828e+01 1.301667e+01
    endloop
  endfacet
  facet normal -9.199794e-01 -3.919666e-01 -0.000000e+00
    outer loop
      vertex   1.534465e+02 -6.084828e+01 1.685000e+01
      vertex   1.534465e+02 -6.084828e+01 1.301667e+01
      vertex   1.535191e+02 -6.101854e+01 1.685000e+01
    endloop
  endfacet
  facet normal -9.199794e-01 -3.919666e-01 -0.000000e+00
    outer loop
      vertex   1.535191e+02 -6.101854e+01 1.685000e+01
      vertex   1.534465e+02 -6.084828e+01 1.301667e+01
      vertex   1.535191e+02 -6.101854e+01 1.301667e+01
    endloop
  endfacet
  facet normal -9.709418e-01 -2.393157e-01 -0.000000e+00
    outer loop
      vertex   1.535191e+02 -6.101854e+01 1.685000e+01
      vertex   1.535191e+02 -6.101854e+01 1.301667e+01
      vertex   1.535634e+02 -6.119824e+01 1.685000e+01
    endloop
  endfacet
  facet normal -9.709418e-01 -2.393157e-01 -0.000000e+00
    outer loop
      vertex   1.535634e+02 -6.119824e+01 1.685000e+01
      vertex   1.535191e+02 -6.101854e+01 1.301667e+01
      vertex   1.535634e+02 -6.119824e+01 1.301667e+01
    endloop
  endfacet
  facet normal -9.967573e-01 8.046657e-02 0.000000e+00
    outer loop
      vertex   1.535634e+02 -6.156718e+01 5.350000e+00
      vertex   1.535634e+02 -6.156718e+01 9.183333e+00
      vertex   1.535782e+02 -6.138271e+01 5.350000e+00
    endloop
  endfacet
  facet normal -9.967573e-01 8.046657e-02 0.000000e+00
    outer loop
      vertex   1.535782e+02 -6.138271e+01 5.350000e+00
      vertex   1.535634e+02 -6.156718e+01 9.183333e+00
      vertex   1.535782e+02 -6.138271e+01 9.183333e+00
    endloop
  endfacet
  facet normal -9.967573e-01 -8.046657e-02 0.000000e+00
    outer loop
      vertex   1.535782e+02 -6.138271e+01 5.350000e+00
      vertex   1.535782e+02 -6.138271e+01 9.183333e+00
      vertex   1.535634e+02 -6.119824e+01 5.350000e+00
    endloop
  endfacet
  facet normal -9.967573e-01 -8.046657e-02 0.000000e+00
    outer loop
      vertex   1.535634e+02 -6.119824e+01 5.350000e+00
      vertex   1.535782e+02 -6.138271e+01 9.183333e+00
      vertex   1.535634e+02 -6.119824e+01 9.183333e+00
    endloop
  endfacet
  facet normal -9.709418e-01 -2.393157e-01 0.000000e+00
    outer loop
      vertex   1.535634e+02 -6.119824e+01 5.350000e+00
      vertex   1.535634e+02 -6.119824e+01 9.183333e+00
      vertex   1.535191e+02 -6.101854e+01 5.350000e+00
    endloop
  endfacet
  facet normal -9.709418e-01 -2.393157e-01 0.000000e+00
    outer loop
      vertex   1.535191e+02 -6.101854e+01 5.350000e+00
      vertex   1.535634e+02 -6.119824e+01 9.183333e+00
      vertex   1.535191e+02 -6.101854e+01 9.183333e+00
    endloop
  endfacet
  facet normal -9.199794e-01 -3.919666e-01 0.000000e+00
    outer loop
      vertex   1.535191e+02 -6.101854e+01 5.350000e+00
      vertex   1.535191e+02 -6.101854e+01 9.183333e+00
      vertex   1.534465e+02 -6.084828e+01 5.350000e+00
    endloop
  endfacet
  facet normal -9.199794e-01 -3.919666e-01 0.000000e+00
    outer loop
      vertex   1.534465e+02 -6.084828e+01 5.350000e+00
      vertex   1.535191e+02 -6.101854e+01 9.183333e+00
      vertex   1.534465e+02 -6.084828e+01 9.183333e+00
    endloop
  endfacet
  facet normal -8.451901e-01 -5.344658e-01 0.000000e+00
    outer loop
      vertex   1.534465e+02 -6.084828e+01 5.350000e+00
      vertex   1.534465e+02 -6.084828e+01 9.183333e+00
      vertex   1.533476e+02 -6.069186e+01 5.350000e+00
    endloop
  endfacet
  facet normal -8.451901e-01 -5.344658e-01 0.000000e+00
    outer loop
      vertex   1.533476e+02 -6.069186e+01 5.350000e+00
      vertex   1.534465e+02 -6.084828e+01 9.183333e+00
      vertex   1.533476e+02 -6.069186e+01 9.183333e+00
    endloop
  endfacet
  facet normal -7.485107e-01 -6.631227e-01 0.000000e+00
    outer loop
      vertex   1.533476e+02 -6.069186e+01 5.350000e+00
      vertex   1.533476e+02 -6.069186e+01 9.183333e+00
      vertex   1.532249e+02 -6.055333e+01 5.350000e+00
    endloop
  endfacet
  facet normal -7.485107e-01 -6.631227e-01 0.000000e+00
    outer loop
      vertex   1.532249e+02 -6.055333e+01 5.350000e+00
      vertex   1.533476e+02 -6.069186e+01 9.183333e+00
      vertex   1.532249e+02 -6.055333e+01 9.183333e+00
    endloop
  endfacet
  facet normal -6.324454e-01 -7.746050e-01 0.000000e+00
    outer loop
      vertex   1.532249e+02 -6.055333e+01 5.350000e+00
      vertex   1.532249e+02 -6.055333e+01 9.183333e+00
      vertex   1.530815e+02 -6.043628e+01 5.350000e+00
    endloop
  endfacet
  facet normal -6.324454e-01 -7.746050e-01 0.000000e+00
    outer loop
      vertex   1.530815e+02 -6.043628e+01 5.350000e+00
      vertex   1.532249e+02 -6.055333e+01 9.183333e+00
      vertex   1.530815e+02 -6.043628e+01 9.183333e+00
    endloop
  endfacet
  facet normal -5.000000e-01 -8.660254e-01 0.000000e+00
    outer loop
      vertex   1.530815e+02 -6.043628e+01 5.350000e+00
      vertex   1.530815e+02 -6.043628e+01 9.183333e+00
      vertex   1.529212e+02 -6.034374e+01 5.350000e+00
    endloop
  endfacet
  facet normal -5.000000e-01 -8.660254e-01 0.000000e+00
    outer loop
      vertex   1.529212e+02 -6.034374e+01 5.350000e+00
      vertex   1.530815e+02 -6.043628e+01 9.183333e+00
      vertex   1.529212e+02 -6.034374e+01 9.183333e+00
    endloop
  endfacet
  facet normal -3.546049e-01 -9.350162e-01 0.000000e+00
    outer loop
      vertex   1.529212e+02 -6.034374e+01 5.350000e+00
      vertex   1.529212e+02 -6.034374e+01 9.183333e+00
      vertex   1.527482e+02 -6.027812e+01 5.350000e+00
    endloop
  endfacet
  facet normal -3.546049e-01 -9.350162e-01 -1.733137e-15
    outer loop
      vertex   1.527482e+02 -6.027812e+01 5.350000e+00
      vertex   1.529212e+02 -6.034374e+01 9.183333e+00
      vertex   1.527482e+02 -6.027812e+01 9.183333e+00
    endloop
  endfacet
  facet normal -2.000257e-01 -9.797907e-01 -1.816130e-15
    outer loop
      vertex   1.527482e+02 -6.027812e+01 5.350000e+00
      vertex   1.527482e+02 -6.027812e+01 9.183333e+00
      vertex   1.525669e+02 -6.024110e+01 5.350000e+00
    endloop
  endfacet
  facet normal -2.000257e-01 -9.797907e-01 0.000000e+00
    outer loop
      vertex   1.525669e+02 -6.024110e+01 5.350000e+00
      vertex   1.527482e+02 -6.027812e+01 9.183333e+00
      vertex   1.525669e+02 -6.024110e+01 9.183333e+00
    endloop
  endfacet
  facet normal -4.026594e-02 -9.991890e-01 0.000000e+00
    outer loop
      vertex   1.525669e+02 -6.024110e+01 5.350000e+00
      vertex   1.525669e+02 -6.024110e+01 9.183333e+00
      vertex   1.523819e+02 -6.023364e+01 5.350000e+00
    endloop
  endfacet
  facet normal -4.026594e-02 -9.991890e-01 0.000000e+00
    outer loop
      vertex   1.523819e+02 -6.023364e+01 5.350000e+00
      vertex   1.525669e+02 -6.024110e+01 9.183333e+00
      vertex   1.523819e+02 -6.023364e+01 9.183333e+00
    endloop
  endfacet
  facet normal 1.205367e-01 -9.927089e-01 0.000000e+00
    outer loop
      vertex   1.523819e+02 -6.023364e+01 5.350000e+00
      vertex   1.523819e+02 -6.023364e+01 9.183333e+00
      vertex   1.521982e+02 -6.025595e+01 5.350000e+00
    endloop
  endfacet
  facet normal 1.205367e-01 -9.927089e-01 0.000000e+00
    outer loop
      vertex   1.521982e+02 -6.025595e+01 5.350000e+00
      vertex   1.523819e+02 -6.023364e+01 9.183333e+00
      vertex   1.521982e+02 -6.025595e+01 9.183333e+00
    endloop
  endfacet
  facet normal 2.782175e-01 -9.605181e-01 0.000000e+00
    outer loop
      vertex   1.521982e+02 -6.025595e+01 5.350000e+00
      vertex   1.521982e+02 -6.025595e+01 9.183333e+00
      vertex   1.520204e+02 -6.030744e+01 5.350000e+00
    endloop
  endfacet
  facet normal 2.782175e-01 -9.605181e-01 0.000000e+00
    outer loop
      vertex   1.520204e+02 -6.030744e+01 5.350000e+00
      vertex   1.521982e+02 -6.025595e+01 9.183333e+00
      vertex   1.520204e+02 -6.030744e+01 9.183333e+00
    endloop
  endfacet
  facet normal 4.286926e-01 -9.034504e-01 0.000000e+00
    outer loop
      vertex   1.520204e+02 -6.030744e+01 5.350000e+00
      vertex   1.520204e+02 -6.030744e+01 9.183333e+00
      vertex   1.518532e+02 -6.038678e+01 5.350000e+00
    endloop
  endfacet
  facet normal 4.286926e-01 -9.034504e-01 0.000000e+00
    outer loop
      vertex   1.518532e+02 -6.038678e+01 5.350000e+00
      vertex   1.520204e+02 -6.030744e+01 9.183333e+00
      vertex   1.518532e+02 -6.038678e+01 9.183333e+00
    endloop
  endfacet
  facet normal 5.680647e-01 -8.229839e-01 0.000000e+00
    outer loop
      vertex   1.518532e+02 -6.038678e+01 5.350000e+00
      vertex   1.518532e+02 -6.038678e+01 9.183333e+00
      vertex   1.517009e+02 -6.049192e+01 5.350000e+00
    endloop
  endfacet
  facet normal 5.680647e-01 -8.229839e-01 0.000000e+00
    outer loop
      vertex   1.517009e+02 -6.049192e+01 5.350000e+00
      vertex   1.518532e+02 -6.038678e+01 9.183333e+00
      vertex   1.517009e+02 -6.049192e+01 9.183333e+00
    endloop
  endfacet
  facet normal 6.927244e-01 -7.212024e-01 0.000000e+00
    outer loop
      vertex   1.517009e+02 -6.049192e+01 5.350000e+00
      vertex   1.517009e+02 -6.049192e+01 9.183333e+00
      vertex   1.515675e+02 -6.062012e+01 5.350000e+00
    endloop
  endfacet
  facet normal 6.927244e-01 -7.212024e-01 0.000000e+00
    outer loop
      vertex   1.515675e+02 -6.062012e+01 5.350000e+00
      vertex   1.517009e+02 -6.049192e+01 9.183333e+00
      vertex   1.515675e+02 -6.062012e+01 9.183333e+00
    endloop
  endfacet
  facet normal 7.994428e-01 -6.007423e-01 0.000000e+00
    outer loop
      vertex   1.515675e+02 -6.062012e+01 5.350000e+00
      vertex   1.515675e+02 -6.062012e+01 9.183333e+00
      vertex   1.514563e+02 -6.076808e+01 5.350000e+00
    endloop
  endfacet
  facet normal 7.994428e-01 -6.007423e-01 0.000000e+00
    outer loop
      vertex   1.514563e+02 -6.076808e+01 5.350000e+00
      vertex   1.515675e+02 -6.062012e+01 9.183333e+00
      vertex   1.514563e+02 -6.076808e+01 9.183333e+00
    endloop
  endfacet
  facet normal 8.854560e-01 -4.647232e-01 0.000000e+00
    outer loop
      vertex   1.514563e+02 -6.076808e+01 5.350000e+00
      vertex   1.514563e+02 -6.076808e+01 9.183333e+00
      vertex   1.513703e+02 -6.093195e+01 5.350000e+00
    endloop
  endfacet
  facet normal 8.854560e-01 -4.647232e-01 0.000000e+00
    outer loop
      vertex   1.513703e+02 -6.093195e+01 5.350000e+00
      vertex   1.514563e+02 -6.076808e+01 9.183333e+00
      vertex   1.513703e+02 -6.093195e+01 9.183333e+00
    endloop
  endfacet
  facet normal 9.485364e-01 -3.166680e-01 0.000000e+00
    outer loop
      vertex   1.513703e+02 -6.093195e+01 5.350000e+00
      vertex   1.513703e+02 -6.093195e+01 9.183333e+00
      vertex   1.513117e+02 -6.110750e+01 5.350000e+00
    endloop
  endfacet
  facet normal 9.485364e-01 -3.166680e-01 0.000000e+00
    outer loop
      vertex   1.513117e+02 -6.110750e+01 5.350000e+00
      vertex   1.513703e+02 -6.093195e+01 9.183333e+00
      vertex   1.513117e+02 -6.110750e+01 9.183333e+00
    endloop
  endfacet
  facet normal 9.870503e-01 -1.604113e-01 0.000000e+00
    outer loop
      vertex   1.513117e+02 -6.110750e+01 5.350000e+00
      vertex   1.513117e+02 -6.110750e+01 9.183333e+00
      vertex   1.512820e+02 -6.129017e+01 5.350000e+00
    endloop
  endfacet
  facet normal 9.870503e-01 -1.604113e-01 0.000000e+00
    outer loop
      vertex   1.512820e+02 -6.129017e+01 5.350000e+00
      vertex   1.513117e+02 -6.110750e+01 9.183333e+00
      vertex   1.512820e+02 -6.129017e+01 9.183333e+00
    endloop
  endfacet
  facet normal 1.000000e+00 0.000000e+00 -0.000000e+00
    outer loop
      vertex   1.512820e+02 -6.129017e+01 5.350000e+00
      vertex   1.512820e+02 -6.129017e+01 9.183333e+00
      vertex   1.512820e+02 -6.147525e+01 5.350000e+00
    endloop
  endfacet
  facet normal 1.000000e+00 0.000000e+00 0.000000e+00
    outer loop
      vertex   1.512820e+02 -6.147525e+01 5.350000e+00
      vertex   1.512820e+02 -6.129017e+01 9.183333e+00
      vertex   1.512820e+02 -6.147525e+01 9.183333e+00
    endloop
  endfacet
  facet normal 9.870503e-01 1.604113e-01 -0.000000e+00
    outer loop
      vertex   1.512820e+02 -6.147525e+01 5.350000e+00
      vertex   1.512820e+02 -6.147525e+01 9.183333e+00
      vertex   1.513117e+02 -6.165792e+01 5.350000e+00
    endloop
  endfacet
  facet normal 9.870503e-01 1.604113e-01 -0.000000e+00
    outer loop
      vertex   1.513117e+02 -6.165792e+01 5.350000e+00
      vertex   1.512820e+02 -6.147525e+01 9.183333e+00
      vertex   1.513117e+02 -6.165792e+01 9.183333e+00
    endloop
  endfacet
  facet normal 9.485364e-01 3.166680e-01 -0.000000e+00
    outer loop
      vertex   1.513117e+02 -6.165792e+01 5.350000e+00
      vertex   1.513117e+02 -6.165792e+01 9.183333e+00
      vertex   1.513703e+02 -6.183347e+01 5.350000e+00
    endloop
  endfacet
  facet normal 9.485364e-01 3.166680e-01 -0.000000e+00
    outer loop
      vertex   1.513703e+02 -6.183347e+01 5.350000e+00
      vertex   1.513117e+02 -6.165792e+01 9.183333e+00
      vertex   1.513703e+02 -6.183347e+01 9.183333e+00
    endloop
  endfacet
  facet normal 8.854560e-01 4.647232e-01 -0.000000e+00
    outer loop
      vertex   1.513703e+02 -6.183347e+01 5.350000e+00
      vertex   1.513703e+02 -6.183347e+01 9.183333e+00
      vertex   1.514563e+02 -6.199735e+01 5.350000e+00
    endloop
  endfacet
  facet normal 8.854560e-01 4.647232e-01 -0.000000e+00
    outer loop
      vertex   1.514563e+02 -6.199735e+01 5.350000e+00
      vertex   1.513703e+02 -6.183347e+01 9.183333e+00
      vertex   1.514563e+02 -6.199735e+01 9.183333e+00
    endloop
  endfacet
  facet normal 7.994428e-01 6.007423e-01 -0.000000e+00
    outer loop
      vertex   1.514563e+02 -6.199735e+01 5.350000e+00
      vertex   1.514563e+02 -6.199735e+01 9.183333e+00
      vertex   1.515675e+02 -6.214530e+01 5.350000e+00
    endloop
  endfacet
  facet normal 7.994428e-01 6.007423e-01 -0.000000e+00
    outer loop
      vertex   1.515675e+02 -6.214530e+01 5.350000e+00
      vertex   1.514563e+02 -6.199735e+01 9.183333e+00
      vertex   1.515675e+02 -6.214530e+01 9.183333e+00
    endloop
  endfacet
  facet normal 6.927244e-01 7.212024e-01 -0.000000e+00
    outer loop
      vertex   1.515675e+02 -6.214530e+01 5.350000e+00
      vertex   1.515675e+02 -6.214530e+01 9.183333e+00
      vertex   1.517009e+02 -6.227351e+01 5.350000e+00
    endloop
  endfacet
  facet normal 6.927244e-01 7.212024e-01 -0.000000e+00
    outer loop
      vertex   1.517009e+02 -6.227351e+01 5.350000e+00
      vertex   1.515675e+02 -6.214530e+01 9.183333e+00
      vertex   1.517009e+02 -6.227351e+01 9.183333e+00
    endloop
  endfacet
  facet normal 5.680647e-01 8.229839e-01 -0.000000e+00
    outer loop
      vertex   1.517009e+02 -6.227351e+01 5.350000e+00
      vertex   1.517009e+02 -6.227351e+01 9.183333e+00
      vertex   1.518532e+02 -6.237864e+01 5.350000e+00
    endloop
  endfacet
  facet normal 5.680647e-01 8.229839e-01 -0.000000e+00
    outer loop
      vertex   1.518532e+02 -6.237864e+01 5.350000e+00
      vertex   1.517009e+02 -6.227351e+01 9.183333e+00
      vertex   1.518532e+02 -6.237864e+01 9.183333e+00
    endloop
  endfacet
  facet normal 4.286926e-01 9.034504e-01 -0.000000e+00
    outer loop
      vertex   1.518532e+02 -6.237864e+01 5.350000e+00
      vertex   1.518532e+02 -6.237864e+01 9.183333e+00
      vertex   1.520204e+02 -6.245798e+01 5.350000e+00
    endloop
  endfacet
  facet normal 4.286926e-01 9.034504e-01 -0.000000e+00
    outer loop
      vertex   1.520204e+02 -6.245798e+01 5.350000e+00
      vertex   1.518532e+02 -6.237864e+01 9.183333e+00
      vertex   1.520204e+02 -6.245798e+01 9.183333e+00
    endloop
  endfacet
  facet normal 2.782175e-01 9.605181e-01 -0.000000e+00
    outer loop
      vertex   1.520204e+02 -6.245798e+01 5.350000e+00
      vertex   1.520204e+02 -6.245798e+01 9.183333e+00
      vertex   1.521982e+02 -6.250947e+01 5.350000e+00
    endloop
  endfacet
  facet normal 2.782175e-01 9.605181e-01 -0.000000e+00
    outer loop
      vertex   1.521982e+02 -6.250947e+01 5.350000e+00
      vertex   1.520204e+02 -6.245798e+01 9.183333e+00
      vertex   1.521982e+02 -6.250947e+01 9.183333e+00
    endloop
  endfacet
  facet normal 1.205367e-01 9.927089e-01 -0.000000e+00
    outer loop
      vertex   1.521982e+02 -6.250947e+01 5.350000e+00
      vertex   1.521982e+02 -6.250947e+01 9.183333e+00
      vertex   1.523819e+02 -6.253178e+01 5.350000e+00
    endloop
  endfacet
  facet normal 1.205367e-01 9.927089e-01 -0.000000e+00
    outer loop
      vertex   1.523819e+02 -6.253178e+01 5.350000e+00
      vertex   1.521982e+02 -6.250947e+01 9.183333e+00
      vertex   1.523819e+02 -6.253178e+01 9.183333e+00
    endloop
  endfacet
  facet normal -4.026594e-02 9.991890e-01 0.000000e+00
    outer loop
      vertex   1.523819e+02 -6.253178e+01 5.350000e+00
      vertex   1.523819e+02 -6.253178e+01 9.183333e+00
      vertex   1.525669e+02 -6.252433e+01 5.350000e+00
    endloop
  endfacet
  facet normal -4.026594e-02 9.991890e-01 0.000000e+00
    outer loop
      vertex   1.525669e+02 -6.252433e+01 5.350000e+00
      vertex   1.523819e+02 -6.253178e+01 9.183333e+00
      vertex   1.525669e+02 -6.252433e+01 9.183333e+00
    endloop
  endfacet
  facet normal -2.000257e-01 9.797907e-01 0.000000e+00
    outer loop
      vertex   1.525669e+02 -6.252433e+01 5.350000e+00
      vertex   1.525669e+02 -6.252433e+01 9.183333e+00
      vertex   1.527482e+02 -6.248731e+01 5.350000e+00
    endloop
  endfacet
  facet normal -2.000257e-01 9.797907e-01 -3.632260e-15
    outer loop
      vertex   1.527482e+02 -6.248731e+01 5.350000e+00
      vertex   1.525669e+02 -6.252433e+01 9.183333e+00
      vertex   1.527482e+02 -6.248731e+01 9.183333e+00
    endloop
  endfacet
  facet normal -3.546049e-01 9.350162e-01 -3.466273e-15
    outer loop
      vertex   1.527482e+02 -6.248731e+01 5.350000e+00
      vertex   1.527482e+02 -6.248731e+01 9.183333e+00
      vertex   1.529212e+02 -6.242168e+01 5.350000e+00
    endloop
  endfacet
  facet normal -3.546049e-01 9.350162e-01 0.000000e+00
    outer loop
      vertex   1.529212e+02 -6.242168e+01 5.350000e+00
      vertex   1.527482e+02 -6.248731e+01 9.183333e+00
      vertex   1.529212e+02 -6.242168e+01 9.183333e+00
    endloop
  endfacet
  facet normal -5.000000e-01 8.660254e-01 0.000000e+00
    outer loop
      vertex   1.529212e+02 -6.242168e+01 5.350000e+00
      vertex   1.529212e+02 -6.242168e+01 9.183333e+00
      vertex   1.530815e+02 -6.232914e+01 5.350000e+00
    endloop
  endfacet
  facet normal -5.000000e-01 8.660254e-01 0.000000e+00
    outer loop
      vertex   1.530815e+02 -6.232914e+01 5.350000e+00
      vertex   1.529212e+02 -6.242168e+01 9.183333e+00
      vertex   1.530815e+02 -6.232914e+01 9.183333e+00
    endloop
  endfacet
  facet normal -6.324454e-01 7.746050e-01 0.000000e+00
    outer loop
      vertex   1.530815e+02 -6.232914e+01 5.350000e+00
      vertex   1.530815e+02 -6.232914e+01 9.183333e+00
      vertex   1.532249e+02 -6.221209e+01 5.350000e+00
    endloop
  endfacet
  facet normal -6.324454e-01 7.746050e-01 0.000000e+00
    outer loop
      vertex   1.532249e+02 -6.221209e+01 5.350000e+00
      vertex   1.530815e+02 -6.232914e+01 9.183333e+00
      vertex   1.532249e+02 -6.221209e+01 9.183333e+00
    endloop
  endfacet
  facet normal -7.485107e-01 6.631227e-01 0.000000e+00
    outer loop
      vertex   1.532249e+02 -6.221209e+01 5.350000e+00
      vertex   1.532249e+02 -6.221209e+01 9.183333e+00
      vertex   1.533476e+02 -6.207356e+01 5.350000e+00
    endloop
  endfacet
  facet normal -7.485107e-01 6.631227e-01 0.000000e+00
    outer loop
      vertex   1.533476e+02 -6.207356e+01 5.350000e+00
      vertex   1.532249e+02 -6.221209e+01 9.183333e+00
      vertex   1.533476e+02 -6.207356e+01 9.183333e+00
    endloop
  endfacet
  facet normal -8.451901e-01 5.344658e-01 0.000000e+00
    outer loop
      vertex   1.533476e+02 -6.207356e+01 5.350000e+00
      vertex   1.533476e+02 -6.207356e+01 9.183333e+00
      vertex   1.534465e+02 -6.191714e+01 5.350000e+00
    endloop
  endfacet
  facet normal -8.451901e-01 5.344658e-01 0.000000e+00
    outer loop
      vertex   1.534465e+02 -6.191714e+01 5.350000e+00
      vertex   1.533476e+02 -6.207356e+01 9.183333e+00
      vertex   1.534465e+02 -6.191714e+01 9.183333e+00
    endloop
  endfacet
  facet normal -9.199794e-01 3.919666e-01 0.000000e+00
    outer loop
      vertex   1.534465e+02 -6.191714e+01 5.350000e+00
      vertex   1.534465e+02 -6.191714e+01 9.183333e+00
      vertex   1.535191e+02 -6.174688e+01 5.350000e+00
    endloop
  endfacet
  facet normal -9.199794e-01 3.919666e-01 0.000000e+00
    outer loop
      vertex   1.535191e+02 -6.174688e+01 5.350000e+00
      vertex   1.534465e+02 -6.191714e+01 9.183333e+00
      vertex   1.535191e+02 -6.174688e+01 9.183333e+00
    endloop
  endfacet
  facet normal -9.709418e-01 2.393157e-01 0.000000e+00
    outer loop
      vertex   1.535191e+02 -6.174688e+01 5.350000e+00
      vertex   1.535191e+02 -6.174688e+01 9.183333e+00
      vertex   1.535634e+02 -6.156718e+01 5.350000e+00
    endloop
  endfacet
  facet normal -9.709418e-01 2.393157e-01 0.000000e+00
    outer loop
      vertex   1.535634e+02 -6.156718e+01 5.350000e+00
      vertex   1.535191e+02 -6.174688e+01 9.183333e+00
      vertex   1.535634e+02 -6.156718e+01 9.183333e+00
    endloop
  endfacet
  facet normal -9.967573e-01 8.046657e-02 0.000000e+00
    outer loop
      vertex   1.535782e+02 -6.138271e+01 1.301667e+01
      vertex   1.535782e+02 -6.138271e+01 9.183333e+00
      vertex   1.535634e+02 -6.156718e+01 1.301667e+01
    endloop
  endfacet
  facet normal -9.967573e-01 8.046657e-02 0.000000e+00
    outer loop
      vertex   1.535634e+02 -6.156718e+01 1.301667e+01
      vertex   1.535782e+02 -6.138271e+01 9.183333e+00
      vertex   1.535634e+02 -6.156718e+01 9.183333e+00
    endloop
  endfacet
  facet normal -9.709418e-01 2.393157e-01 0.000000e+00
    outer loop
      vertex   1.535634e+02 -6.156718e+01 1.301667e+01
      vertex   1.535634e+02 -6.156718e+01 9.183333e+00
      vertex   1.535191e+02 -6.174688e+01 1.301667e+01
    endloop
  endfacet
  facet normal -9.709418e-01 2.393157e-01 0.000000e+00
    outer loop
      vertex   1.535191e+02 -6.174688e+01 1.301667e+01
      vertex   1.535634e+02 -6.156718e+01 9.183333e+00
      vertex   1.535191e+02 -6.174688e+01 9.183333e+00
    endloop
  endfacet
  facet normal -9.199794e-01 3.919666e-01 0.000000e+00
    outer loop
      vertex   1.535191e+02 -6.174688e+01 1.301667e+01
      vertex   1.535191e+02 -6.174688e+01 9.183333e+00
      vertex   1.534465e+02 -6.191714e+01 1.301667e+01
    endloop
  endfacet
  facet normal -9.199794e-01 3.919666e-01 0.000000e+00
    outer loop
      vertex   1.534465e+02 -6.191714e+01 1.301667e+01
      vertex   1.535191e+02 -6.174688e+01 9.183333e+00
      vertex   1.534465e+02 -6.191714e+01 9.183333e+00
    endloop
  endfacet
  facet normal -8.451901e-01 5.344658e-01 0.000000e+00
    outer loop
      vertex   1.534465e+02 -6.191714e+01 1.301667e+01
      vertex   1.534465e+02 -6.191714e+01 9.183333e+00
      vertex   1.533476e+02 -6.207356e+01 1.301667e+01
    endloop
  endfacet
  facet normal -8.451901e-01 5.344658e-01 0.000000e+00
    outer loop
      vertex   1.533476e+02 -6.207356e+01 1.301667e+01
      vertex   1.534465e+02 -6.191714e+01 9.183333e+00
      vertex   1.533476e+02 -6.207356e+01 9.183333e+00
    endloop
  endfacet
  facet normal -7.485107e-01 6.631227e-01 0.000000e+00
    outer loop
      vertex   1.533476e+02 -6.207356e+01 1.301667e+01
      vertex   1.533476e+02 -6.207356e+01 9.183333e+00
      vertex   1.532249e+02 -6.221209e+01 1.301667e+01
    endloop
  endfacet
  facet normal -7.485107e-01 6.631227e-01 0.000000e+00
    outer loop
      vertex   1.532249e+02 -6.221209e+01 1.301667e+01
      vertex   1.533476e+02 -6.207356e+01 9.183333e+00
      vertex   1.532249e+02 -6.221209e+01 9.183333e+00
    endloop
  endfacet
  facet normal -6.324454e-01 7.746050e-01 0.000000e+00
    outer loop
      vertex   1.532249e+02 -6.221209e+01 1.301667e+01
      vertex   1.532249e+02 -6.221209e+01 9.183333e+00
      vertex   1.530815e+02 -6.232914e+01 1.301667e+01
    endloop
  endfacet
  facet normal -6.324454e-01 7.746050e-01 0.000000e+00
    outer loop
      vertex   1.530815e+02 -6.232914e+01 1.301667e+01
      vertex   1.532249e+02 -6.221209e+01 9.183333e+00
      vertex   1.530815e+02 -6.232914e+01 9.183333e+00
    endloop
  endfacet
  facet normal -5.000000e-01 8.660254e-01 0.000000e+00
    outer loop
      vertex   1.530815e+02 -6.232914e+01 1.301667e+01
      vertex   1.530815e+02 -6.232914e+01 9.183333e+00
      vertex   1.529212e+02 -6.242168e+01 1.301667e+01
    endloop
  endfacet
  facet normal -5.000000e-01 8.660254e-01 0.000000e+00
    outer loop
      vertex   1.529212e+02 -6.242168e+01 1.301667e+01
      vertex   1.530815e+02 -6.232914e+01 9.183333e+00
      vertex   1.529212e+02 -6.242168e+01 9.183333e+00
    endloop
  endfacet
  facet normal -3.546049e-01 9.350162e-01 0.000000e+00
    outer loop
      vertex   1.529212e+02 -6.242168e+01 1.301667e+01
      vertex   1.529212e+02 -6.242168e+01 9.183333e+00
      vertex   1.527482e+02 -6.248731e+01 1.301667e+01
    endloop
  endfacet
  facet normal -3.546049e-01 9.350162e-01 0.000000e+00
    outer loop
      vertex   1.527482e+02 -6.248731e+01 1.301667e+01
      vertex   1.529212e+02 -6.242168e+01 9.183333e+00
      vertex   1.527482e+02 -6.248731e+01 9.183333e+00
    endloop
  endfacet
  facet normal -2.000257e-01 9.797907e-01 0.000000e+00
    outer loop
      vertex   1.527482e+02 -6.248731e+01 1.301667e+01
      vertex   1.527482e+02 -6.248731e+01 9.183333e+00
      vertex   1.525669e+02 -6.252433e+01 1.301667e+01
    endloop
  endfacet
  facet normal -2.000257e-01 9.797907e-01 0.000000e+00
    outer loop
      vertex   1.525669e+02 -6.252433e+01 1.301667e+01
      vertex   1.527482e+02 -6.248731e+01 9.183333e+00
      vertex   1.525669e+02 -6.252433e+01 9.183333e+00
    endloop
  endfacet
  facet normal -4.026594e-02 9.991890e-01 0.000000e+00
    outer loop
      vertex   1.525669e+02 -6.252433e+01 1.301667e+01
      vertex   1.525669e+02 -6.252433e+01 9.183333e+00
      vertex   1.523819e+02 -6.253178e+01 1.301667e+01
    endloop
  endfacet
  facet normal -4.026594e-02 9.991890e-01 0.000000e+00
    outer loop
      vertex   1.523819e+02 -6.253178e+01 1.301667e+01
      vertex   1.525669e+02 -6.252433e+01 9.183333e+00
      vertex   1.523819e+02 -6.253178e+01 9.183333e+00
    endloop
  endfacet
  facet normal 1.205367e-01 9.927089e-01 0.000000e+00
    outer loop
      vertex   1.523819e+02 -6.253178e+01 1.301667e+01
      vertex   1.523819e+02 -6.253178e+01 9.183333e+00
      vertex   1.521982e+02 -6.250947e+01 1.301667e+01
    endloop
  endfacet
  facet normal 1.205367e-01 9.927089e-01 0.000000e+00
    outer loop
      vertex   1.521982e+02 -6.250947e+01 1.301667e+01
      vertex   1.523819e+02 -6.253178e+01 9.183333e+00
      vertex   1.521982e+02 -6.250947e+01 9.183333e+00
    endloop
  endfacet
  facet normal 2.782175e-01 9.605181e-01 0.000000e+00
    outer loop
      vertex   1.521982e+02 -6.250947e+01 1.301667e+01
      vertex   1.521982e+02 -6.250947e+01 9.183333e+00
      vertex   1.520204e+02 -6.245798e+01 1.301667e+01
    endloop
  endfacet
  facet normal 2.782175e-01 9.605181e-01 0.000000e+00
    outer loop
      vertex   1.520204e+02 -6.245798e+01 1.301667e+01
      vertex   1.521982e+02 -6.250947e+01 9.183333e+00
      vertex   1.520204e+02 -6.245798e+01 9.183333e+00
    endloop
  endfacet
  facet normal 4.286926e-01 9.034504e-01 0.000000e+00
    outer loop
      vertex   1.520204e+02 -6.245798e+01 1.301667e+01
      vertex   1.520204e+02 -6.245798e+01 9.183333e+00
      vertex   1.518532e+02 -6.237864e+01 1.301667e+01
    endloop
  endfacet
  facet normal 4.286926e-01 9.034504e-01 0.000000e+00
    outer loop
      vertex   1.518532e+02 -6.237864e+01 1.301667e+01
      vertex   1.520204e+02 -6.245798e+01 9.183333e+00
      vertex   1.518532e+02 -6.237864e+01 9.183333e+00
    endloop
  endfacet
  facet normal 5.680647e-01 8.229839e-01 0.000000e+00
    outer loop
      vertex   1.518532e+02 -6.237864e+01 1.301667e+01
      vertex   1.518532e+02 -6.237864e+01 9.183333e+00
      vertex   1.517009e+02 -6.227351e+01 1.301667e+01
    endloop
  endfacet
  facet normal 5.680647e-01 8.229839e-01 0.000000e+00
    outer loop
      vertex   1.517009e+02 -6.227351e+01 1.301667e+01
      vertex   1.518532e+02 -6.237864e+01 9.183333e+00
      vertex   1.517009e+02 -6.227351e+01 9.183333e+00
    endloop
  endfacet
  facet normal 6.927244e-01 7.212024e-01 0.000000e+00
    outer loop
      vertex   1.517009e+02 -6.227351e+01 1.301667e+01
      vertex   1.517009e+02 -6.227351e+01 9.183333e+00
      vertex   1.515675e+02 -6.214530e+01 1.301667e+01
    endloop
  endfacet
  facet normal 6.927244e-01 7.212024e-01 0.000000e+00
    outer loop
      vertex   1.515675e+02 -6.214530e+01 1.301667e+01
      vertex   1.517009e+02 -6.227351e+01 9.183333e+00
      vertex   1.515675e+02 -6.214530e+01 9.183333e+00
    endloop
  endfacet
  facet normal 7.994428e-01 6.007423e-01 0.000000e+00
    outer loop
      vertex   1.515675e+02 -6.214530e+01 1.301667e+01
      vertex   1.515675e+02 -6.214530e+01 9.183333e+00
      vertex   1.514563e+02 -6.199735e+01 1.301667e+01
    endloop
  endfacet
  facet normal 7.994428e-01 6.007423e-01 0.000000e+00
    outer loop
      vertex   1.514563e+02 -6.199735e+01 1.301667e+01
      vertex   1.515675e+02 -6.214530e+01 9.183333e+00
      vertex   1.514563e+02 -6.199735e+01 9.183333e+00
    endloop
  endfacet
  facet normal 8.854560e-01 4.647232e-01 0.000000e+00
    outer loop
      vertex   1.514563e+02 -6.199735e+01 1.301667e+01
      vertex   1.514563e+02 -6.199735e+01 9.183333e+00
      vertex   1.513703e+02 -6.183347e+01 1.301667e+01
    endloop
  endfacet
  facet normal 8.854560e-01 4.647232e-01 0.000000e+00
    outer loop
      vertex   1.513703e+02 -6.183347e+01 1.301667e+01
      vertex   1.514563e+02 -6.199735e+01 9.183333e+00
      vertex   1.513703e+02 -6.183347e+01 9.183333e+00
    endloop
  endfacet
  facet normal 9.485364e-01 3.166680e-01 0.000000e+00
    outer loop
      vertex   1.513703e+02 -6.183347e+01 1.301667e+01
      vertex   1.513703e+02 -6.183347e+01 9.183333e+00
      vertex   1.513117e+02 -6.165792e+01 1.301667e+01
    endloop
  endfacet
  facet normal 9.485364e-01 3.166680e-01 0.000000e+00
    outer loop
      vertex   1.513117e+02 -6.165792e+01 1.301667e+01
      vertex   1.513703e+02 -6.183347e+01 9.183333e+00
      vertex   1.513117e+02 -6.165792e+01 9.183333e+00
    endloop
  endfacet
  facet normal 9.870503e-01 1.604113e-01 0.000000e+00
    outer loop
      vertex   1.513117e+02 -6.165792e+01 1.301667e+01
      vertex   1.513117e+02 -6.165792e+01 9.183333e+00
      vertex   1.512820e+02 -6.147525e+01 1.301667e+01
    endloop
  endfacet
  facet normal 9.870503e-01 1.604113e-01 0.000000e+00
    outer loop
      vertex   1.512820e+02 -6.147525e+01 1.301667e+01
      vertex   1.513117e+02 -6.165792e+01 9.183333e+00
      vertex   1.512820e+02 -6.147525e+01 9.183333e+00
    endloop
  endfacet
  facet normal 1.000000e+00 -0.000000e+00 0.000000e+00
    outer loop
      vertex   1.512820e+02 -6.147525e+01 1.301667e+01
      vertex   1.512820e+02 -6.147525e+01 9.183333e+00
      vertex   1.512820e+02 -6.129017e+01 1.301667e+01
    endloop
  endfacet
  facet normal 1.000000e+00 0.000000e+00 0.000000e+00
    outer loop
      vertex   1.512820e+02 -6.129017e+01 1.301667e+01
      vertex   1.512820e+02 -6.147525e+01 9.183333e+00
      vertex   1.512820e+02 -6.129017e+01 9.183333e+00
    endloop
  endfacet
  facet normal 9.870503e-01 -1.604113e-01 0.000000e+00
    outer loop
      vertex   1.512820e+02 -6.129017e+01 1.301667e+01
      vertex   1.512820e+02 -6.129017e+01 9.183333e+00
      vertex   1.513117e+02 -6.110750e+01 1.301667e+01
    endloop
  endfacet
  facet normal 9.870503e-01 -1.604113e-01 0.000000e+00
    outer loop
      vertex   1.513117e+02 -6.110750e+01 1.301667e+01
      vertex   1.512820e+02 -6.129017e+01 9.183333e+00
      vertex   1.513117e+02 -6.110750e+01 9.183333e+00
    endloop
  endfacet
  facet normal 9.485364e-01 -3.166680e-01 0.000000e+00
    outer loop
      vertex   1.513117e+02 -6.110750e+01 1.301667e+01
      vertex   1.513117e+02 -6.110750e+01 9.183333e+00
      vertex   1.513703e+02 -6.093195e+01 1.301667e+01
    endloop
  endfacet
  facet normal 9.485364e-01 -3.166680e-01 0.000000e+00
    outer loop
      vertex   1.513703e+02 -6.093195e+01 1.301667e+01
      vertex   1.513117e+02 -6.110750e+01 9.183333e+00
      vertex   1.513703e+02 -6.093195e+01 9.183333e+00
    endloop
  endfacet
  facet normal 8.854560e-01 -4.647232e-01 0.000000e+00
    outer loop
      vertex   1.513703e+02 -6.093195e+01 1.301667e+01
      vertex   1.513703e+02 -6.093195e+01 9.183333e+00
      vertex   1.514563e+02 -6.076808e+01 1.301667e+01
    endloop
  endfacet
  facet normal 8.854560e-01 -4.647232e-01 0.000000e+00
    outer loop
      vertex   1.514563e+02 -6.076808e+01 1.301667e+01
      vertex   1.513703e+02 -6.093195e+01 9.183333e+00
      vertex   1.514563e+02 -6.076808e+01 9.183333e+00
    endloop
  endfacet
  facet normal 7.994428e-01 -6.007423e-01 0.000000e+00
    outer loop
      vertex   1.514563e+02 -6.076808e+01 1.301667e+01
      vertex   1.514563e+02 -6.076808e+01 9.183333e+00
      vertex   1.515675e+02 -6.062012e+01 1.301667e+01
    endloop
  endfacet
  facet normal 7.994428e-01 -6.007423e-01 0.000000e+00
    outer loop
      vertex   1.515675e+02 -6.062012e+01 1.301667e+01
      vertex   1.514563e+02 -6.076808e+01 9.183333e+00
      vertex   1.515675e+02 -6.062012e+01 9.183333e+00
    endloop
  endfacet
  facet normal 6.927244e-01 -7.212024e-01 0.000000e+00
    outer loop
      vertex   1.515675e+02 -6.062012e+01 1.301667e+01
      vertex   1.515675e+02 -6.062012e+01 9.183333e+00
      vertex   1.517009e+02 -6.049192e+01 1.301667e+01
    endloop
  endfacet
  facet normal 6.927244e-01 -7.212024e-01 0.000000e+00
    outer loop
      vertex   1.517009e+02 -6.049192e+01 1.301667e+01
      vertex   1.515675e+02 -6.062012e+01 9.183333e+00
      vertex   1.517009e+02 -6.049192e+01 9.183333e+00
    endloop
  endfacet
  facet normal 5.680647e-01 -8.229839e-01 0.000000e+00
    outer loop
      vertex   1.517009e+02 -6.049192e+01 1.301667e+01
      vertex   1.517009e+02 -6.049192e+01 9.183333e+00
      vertex   1.518532e+02 -6.038678e+01 1.301667e+01
    endloop
  endfacet
  facet normal 5.680647e-01 -8.229839e-01 0.000000e+00
    outer loop
      vertex   1.518532e+02 -6.038678e+01 1.301667e+01
      vertex   1.517009e+02 -6.049192e+01 9.183333e+00
      vertex   1.518532e+02 -6.038678e+01 9.183333e+00
    endloop
  endfacet
  facet normal 4.286926e-01 -9.034504e-01 0.000000e+00
    outer loop
      vertex   1.518532e+02 -6.038678e+01 1.301667e+01
      vertex   1.518532e+02 -6.038678e+01 9.183333e+00
      vertex   1.520204e+02 -6.030744e+01 1.301667e+01
    endloop
  endfacet
  facet normal 4.286926e-01 -9.034504e-01 0.000000e+00
    outer loop
      vertex   1.520204e+02 -6.030744e+01 1.301667e+01
      vertex   1.518532e+02 -6.038678e+01 9.183333e+00
      vertex   1.520204e+02 -6.030744e+01 9.183333e+00
    endloop
  endfacet
  facet normal 2.782175e-01 -9.605181e-01 0.000000e+00
    outer loop
      vertex   1.520204e+02 -6.030744e+01 1.301667e+01
      vertex   1.520204e+02 -6.030744e+01 9.183333e+00
      vertex   1.521982e+02 -6.025595e+01 1.301667e+01
    endloop
  endfacet
  facet normal 2.782175e-01 -9.605181e-01 0.000000e+00
    outer loop
      vertex   1.521982e+02 -6.025595e+01 1.301667e+01
      vertex   1.520204e+02 -6.030744e+01 9.183333e+00
      vertex   1.521982e+02 -6.025595e+01 9.183333e+00
    endloop
  endfacet
  facet normal 1.205367e-01 -9.927089e-01 0.000000e+00
    outer loop
      vertex   1.521982e+02 -6.025595e+01 1.301667e+01
      vertex   1.521982e+02 -6.025595e+01 9.183333e+00
      vertex   1.523819e+02 -6.023364e+01 1.301667e+01
    endloop
  endfacet
  facet normal 1.205367e-01 -9.927089e-01 0.000000e+00
    outer loop
      vertex   1.523819e+02 -6.023364e+01 1.301667e+01
      vertex   1.521982e+02 -6.025595e+01 9.183333e+00
      vertex   1.523819e+02 -6.023364e+01 9.183333e+00
    endloop
  endfacet
  facet normal -4.026594e-02 -9.991890e-01 -0.000000e+00
    outer loop
      vertex   1.523819e+02 -6.023364e+01 1.301667e+01
      vertex   1.523819e+02 -6.023364e+01 9.183333e+00
      vertex   1.525669e+02 -6.024110e+01 1.301667e+01
    endloop
  endfacet
  facet normal -4.026594e-02 -9.991890e-01 -0.000000e+00
    outer loop
      vertex   1.525669e+02 -6.024110e+01 1.301667e+01
      vertex   1.523819e+02 -6.023364e+01 9.183333e+00
      vertex   1.525669e+02 -6.024110e+01 9.183333e+00
    endloop
  endfacet
  facet normal -2.000257e-01 -9.797907e-01 -0.000000e+00
    outer loop
      vertex   1.525669e+02 -6.024110e+01 1.301667e+01
      vertex   1.525669e+02 -6.024110e+01 9.183333e+00
      vertex   1.527482e+02 -6.027812e+01 1.301667e+01
    endloop
  endfacet
  facet normal -2.000257e-01 -9.797907e-01 -0.000000e+00
    outer loop
      vertex   1.527482e+02 -6.027812e+01 1.301667e+01
      vertex   1.525669e+02 -6.024110e+01 9.183333e+00
      vertex   1.527482e+02 -6.027812e+01 9.183333e+00
    endloop
  endfacet
  facet normal -3.546049e-01 -9.350162e-01 -0.000000e+00
    outer loop
      vertex   1.527482e+02 -6.027812e+01 1.301667e+01
      vertex   1.527482e+02 -6.027812e+01 9.183333e+00
      vertex   1.529212e+02 -6.034374e+01 1.301667e+01
    endloop
  endfacet
  facet normal -3.546049e-01 -9.350162e-01 -0.000000e+00
    outer loop
      vertex   1.529212e+02 -6.034374e+01 1.301667e+01
      vertex   1.527482e+02 -6.027812e+01 9.183333e+00
      vertex   1.529212e+02 -6.034374e+01 9.183333e+00
    endloop
  endfacet
  facet normal -5.000000e-01 -8.660254e-01 -0.000000e+00
    outer loop
      vertex   1.529212e+02 -6.034374e+01 1.301667e+01
      vertex   1.529212e+02 -6.034374e+01 9.183333e+00
      vertex   1.530815e+02 -6.043628e+01 1.301667e+01
    endloop
  endfacet
  facet normal -5.000000e-01 -8.660254e-01 -0.000000e+00
    outer loop
      vertex   1.530815e+02 -6.043628e+01 1.301667e+01
      vertex   1.529212e+02 -6.034374e+01 9.183333e+00
      vertex   1.530815e+02 -6.043628e+01 9.183333e+00
    endloop
  endfacet
  facet normal -6.324454e-01 -7.746050e-01 -0.000000e+00
    outer loop
      vertex   1.530815e+02 -6.043628e+01 1.301667e+01
      vertex   1.530815e+02 -6.043628e+01 9.183333e+00
      vertex   1.532249e+02 -6.055333e+01 1.301667e+01
    endloop
  endfacet
  facet normal -6.324454e-01 -7.746050e-01 -0.000000e+00
    outer loop
      vertex   1.532249e+02 -6.055333e+01 1.301667e+01
      vertex   1.530815e+02 -6.043628e+01 9.183333e+00
      vertex   1.532249e+02 -6.055333e+01 9.183333e+00
    endloop
  endfacet
  facet normal -7.485107e-01 -6.631227e-01 -0.000000e+00
    outer loop
      vertex   1.532249e+02 -6.055333e+01 1.301667e+01
      vertex   1.532249e+02 -6.055333e+01 9.183333e+00
      vertex   1.533476e+02 -6.069186e+01 1.301667e+01
    endloop
  endfacet
  facet normal -7.485107e-01 -6.631227e-01 -0.000000e+00
    outer loop
      vertex   1.533476e+02 -6.069186e+01 1.301667e+01
      vertex   1.532249e+02 -6.055333e+01 9.183333e+00
      vertex   1.533476e+02 -6.069186e+01 9.183333e+00
    endloop
  endfacet
  facet normal -8.451901e-01 -5.344658e-01 -0.000000e+00
    outer loop
      vertex   1.533476e+02 -6.069186e+01 1.301667e+01
      vertex   1.533476e+02 -6.069186e+01 9.183333e+00
      vertex   1.534465e+02 -6.084828e+01 1.301667e+01
    endloop
  endfacet
  facet normal -8.451901e-01 -5.344658e-01 -0.000000e+00
    outer loop
      vertex   1.534465e+02 -6.084828e+01 1.301667e+01
      vertex   1.533476e+02 -6.069186e+01 9.183333e+00
      vertex   1.534465e+02 -6.084828e+01 9.183333e+00
    endloop
  endfacet
  facet normal -9.199794e-01 -3.919666e-01 -0.000000e+00
    outer loop
      vertex   1.534465e+02 -6.084828e+01 1.301667e+01
      vertex   1.534465e+02 -6.084828e+01 9.183333e+00
      vertex   1.535191e+02 -6.101854e+01 1.301667e+01
    endloop
  endfacet
  facet normal -9.199794e-01 -3.919666e-01 -0.000000e+00
    outer loop
      vertex   1.535191e+02 -6.101854e+01 1.301667e+01
      vertex   1.534465e+02 -6.084828e+01 9.183333e+00
      vertex   1.535191e+02 -6.101854e+01 9.183333e+00
    endloop
  endfacet
  facet normal -9.709418e-01 -2.393157e-01 -0.000000e+00
    outer loop
      vertex   1.535191e+02 -6.101854e+01 1.301667e+01
      vertex   1.535191e+02 -6.101854e+01 9.183333e+00
      vertex   1.535634e+02 -6.119824e+01 1.301667e+01
    endloop
  endfacet
  facet normal -9.709418e-01 -2.393157e-01 -0.000000e+00
    outer loop
      vertex   1.535634e+02 -6.119824e+01 1.301667e+01
      vertex   1.535191e+02 -6.101854e+01 9.183333e+00
      vertex   1.535634e+02 -6.119824e+01 9.183333e+00
    endloop
  endfacet
  facet normal -9.967573e-01 -8.046657e-02 -0.000000e+00
    outer loop
      vertex   1.535634e+02 -6.119824e+01 1.301667e+01
      vertex   1.535634e+02 -6.119824e+01 9.183333e+00
      vertex   1.535782e+02 -6.138271e+01 1.301667e+01
    endloop
  endfacet
  facet normal -9.967573e-01 -8.046657e-02 -0.000000e+00
    outer loop
      vertex   1.535782e+02 -6.138271e+01 1.301667e+01
      vertex   1.535634e+02 -6.119824e+01 9.183333e+00
      vertex   1.535782e+02 -6.138271e+01 9.183333e+00
    endloop
  endfacet
  facet normal -0.000000e+00 0.000000e+00 -1.000000e+00
    outer loop
      vertex   1.535782e+02 -6.138271e+01 1.685000e+01
      vertex   1.535634e+02 -6.156718e+01 1.685000e+01
      vertex   1.535634e+02 -6.119824e+01 1.685000e+01
    endloop
  endfacet
  facet normal 0.000000e+00 -0.000000e+00 -1.000000e+00
    outer loop
      vertex   1.535634e+02 -6.119824e+01 1.685000e+01
      vertex   1.535634e+02 -6.156718e+01 1.685000e+01
      vertex   1.535191e+02 -6.174688e+01 1.685000e+01
    endloop
  endfacet
  facet normal -0.000000e+00 0.000000e+00 -1.000000e+00
    outer loop
      vertex   1.535634e+02 -6.119824e+01 1.685000e+01
      vertex   1.535191e+02 -6.174688e+01 1.685000e+01
      vertex   1.535191e+02 -6.101854e+01 1.685000e+01
    endloop
  endfacet
  facet normal 0.000000e+00 -0.000000e+00 -1.000000e+00
    outer loop
      vertex   1.535191e+02 -6.101854e+01 1.685000e+01
      vertex   1.535191e+02 -6.174688e+01 1.685000e+01
      vertex   1.534465e+02 -6.191714e+01 1.685000e+01
    endloop
  endfacet
  facet normal -0.000000e+00 0.000000e+00 -1.000000e+00
    outer loop
      vertex   1.535191e+02 -6.101854e+01 1.685000e+01
      vertex   1.534465e+02 -6.191714e+01 1.685000e+01
      vertex   1.534465e+02 -6.084828e+01 1.685000e+01
    endloop
  endfacet
  facet normal 0.000000e+00 -0.000000e+00 -1.000000e+00
    outer loop
      vertex   1.534465e+02 -6.084828e+01 1.685000e+01
      vertex   1.534465e+02 -6.191714e+01 1.685000e+01
      vertex   1.533476e+02 -6.207356e+01 1.685000e+01
    endloop
  endfacet
  facet normal 0.000000e+00 0.000000e+00 -1.000000e+00
    outer loop
      vertex   1.534465e+02 -6.084828e+01 1.685000e+01
      vertex   1.533476e+02 -6.207356e+01 1.685000e+01
      vertex   1.532249e+02 -6.221209e+01 1.685000e+01
    endloop
  endfacet
  facet normal -0.000000e+00 0.000000e+00 -1.000000e+00
    outer loop
      vertex   1.532249e+02 -6.221209e+01 1.685000e+01
      vertex   1.530815e+02 -6.232914e+01 1.685000e+01
      vertex   1.534465e+02 -6.084828e+01 1.685000e+01
    endloop
  endfacet
  facet normal 0.000000e+00 0.000000e+00 -1.000000e+00
    outer loop
      vertex   1.534465e+02 -6.084828e+01 1.685000e+01
      vertex   1.530815e+02 -6.232914e+01 1.685000e+01
      vertex   1.529212e+02 -6.242168e+01 1.685000e+01
    endloop
  endfacet
  facet normal 0.000000e+00 0.000000e+00 -1.000000e+00
    outer loop
      vertex   1.534465e+02 -6.084828e+01 1.685000e+01
      vertex   1.529212e+02 -6.242168e+01 1.685000e+01
      vertex   1.527482e+02 -6.248731e+01 1.685000e+01
    endloop
  endfacet
  facet normal -0.000000e+00 0.000000e+00 -1.000000e+00
    outer loop
      vertex   1.527482e+02 -6.248731e+01 1.685000e+01
      vertex   1.525669e+02 -6.252433e+01 1.685000e+01
      vertex   1.534465e+02 -6.084828e+01 1.685000e+01
    endloop
  endfacet
  facet normal 0.000000e+00 0.000000e+00 -1.000000e+00
    outer loop
      vertex   1.534465e+02 -6.084828e+01 1.685000e+01
      vertex   1.525669e+02 -6.252433e+01 1.685000e+01
      vertex   1.523819e+02 -6.253178e+01 1.685000e+01
    endloop
  endfacet
  facet normal 0.000000e+00 0.000000e+00 -1.000000e+00
    outer loop
      vertex   1.534465e+02 -6.084828e+01 1.685000e+01
      vertex   1.523819e+02 -6.253178e+01 1.685000e+01
      vertex   1.521982e+02 -6.250947e+01 1.685000e+01
    endloop
  endfacet
  facet normal 0.000000e+00 0.000000e+00 -1.000000e+00
    outer loop
      vertex   1.521982e+02 -6.250947e+01 1.685000e+01
      vertex   1.520204e+02 -6.245798e+01 1.685000e+01
      vertex   1.534465e+02 -6.084828e+01 1.685000e+01
    endloop
  endfacet
  facet normal 0.000000e+00 0.000000e+00 -1.000000e+00
    outer loop
      vertex   1.534465e+02 -6.084828e+01 1.685000e+01
      vertex   1.520204e+02 -6.245798e+01 1.685000e+01
      vertex   1.518532e+02 -6.237864e+01 1.685000e+01
    endloop
  endfacet
  facet normal -0.000000e+00 0.000000e+00 -1.000000e+00
    outer loop
      vertex   1.534465e+02 -6.084828e+01 1.685000e+01
      vertex   1.518532e+02 -6.237864e+01 1.685000e+01
      vertex   1.533476e+02 -6.069186e+01 1.685000e+01
    endloop
  endfacet
  facet normal 0.000000e+00 0.000000e+00 -1.000000e+00
    outer loop
      vertex   1.533476e+02 -6.069186e+01 1.685000e+01
      vertex   1.518532e+02 -6.237864e+01 1.685000e+01
      vertex   1.517009e+02 -6.227351e+01 1.685000e+01
    endloop
  endfacet
  facet normal 0.000000e+00 0.000000e+00 -1.000000e+00
    outer loop
      vertex   1.533476e+02 -6.069186e+01 1.685000e+01
      vertex   1.517009e+02 -6.227351e+01 1.685000e+01
      vertex   1.515675e+02 -6.214530e+01 1.685000e+01
    endloop
  endfacet
  facet normal 0.000000e+00 0.000000e+00 -1.000000e+00
    outer loop
      vertex   1.515675e+02 -6.214530e+01 1.685000e+01
      vertex   1.514563e+02 -6.199735e+01 1.685000e+01
      vertex   1.533476e+02 -6.069186e+01 1.685000e+01
    endloop
  endfacet
  facet normal 0.000000e+00 0.000000e+00 -1.000000e+00
    outer loop
      vertex   1.533476e+02 -6.069186e+01 1.685000e+01
      vertex   1.514563e+02 -6.199735e+01 1.685000e+01
      vertex   1.513703e+02 -6.183347e+01 1.685000e+01
    endloop
  endfacet
  facet normal 0.000000e+00 0.000000e+00 -1.000000e+00
    outer loop
      vertex   1.533476e+02 -6.069186e+01 1.685000e+01
      vertex   1.513703e+02 -6.183347e+01 1.685000e+01
      vertex   1.513117e+02 -6.165792e+01 1.685000e+01
    endloop
  endfacet
  facet normal 0.000000e+00 0.000000e+00 -1.000000e+00
    outer loop
      vertex   1.513117e+02 -6.165792e+01 1.685000e+01
      vertex   1.512820e+02 -6.147525e+01 1.685000e+01
      vertex   1.533476e+02 -6.069186e+01 1.685000e+01
    endloop
  endfacet
  facet normal 0.000000e+00 0.000000e+00 -1.000000e+00
    outer loop
      vertex   1.533476e+02 -6.069186e+01 1.685000e+01
      vertex   1.512820e+02 -6.147525e+01 1.685000e+01
      vertex   1.512820e+02 -6.129017e+01 1.685000e+01
    endloop
  endfacet
  facet normal 0.000000e+00 0.000000e+00 -1.000000e+00
    outer loop
      vertex   1.533476e+02 -6.069186e+01 1.685000e+01
      vertex   1.512820e+02 -6.129017e+01 1.685000e+01
      vertex   1.513117e+02 -6.110750e+01 1.685000e+01
    endloop
  endfacet
  facet normal 0.000000e+00 0.000000e+00 -1.000000e+00
    outer loop
      vertex   1.513117e+02 -6.110750e+01 1.685000e+01
      vertex   1.513703e+02 -6.093195e+01 1.685000e+01
      vertex   1.533476e+02 -6.069186e+01 1.685000e+01
    endloop
  endfacet
  facet normal 0.000000e+00 0.000000e+00 -1.000000e+00
    outer loop
      vertex   1.533476e+02 -6.069186e+01 1.685000e+01
      vertex   1.513703e+02 -6.093195e+01 1.685000e+01
      vertex   1.514563e+02 -6.076808e+01 1.685000e+01
    endloop
  endfacet
  facet normal -0.000000e+00 0.000000e+00 -1.000000e+00
    outer loop
      vertex   1.533476e+02 -6.069186e+01 1.685000e+01
      vertex   1.514563e+02 -6.076808e+01 1.685000e+01
      vertex   1.515675e+02 -6.062012e+01 1.685000e+01
    endloop
  endfacet
  facet normal 0.000000e+00 0.000000e+00 -1.000000e+00
    outer loop
      vertex   1.533476e+02 -6.069186e+01 1.685000e+01
      vertex   1.515675e+02 -6.062012e+01 1.685000e+01
      vertex   1.532249e+02 -6.055333e+01 1.685000e+01
    endloop
  endfacet
  facet normal -0.000000e+00 0.000000e+00 -1.000000e+00
    outer loop
      vertex   1.532249e+02 -6.055333e+01 1.685000e+01
      vertex   1.515675e+02 -6.062012e+01 1.685000e+01
      vertex   1.517009e+02 -6.049192e+01 1.685000e+01
    endloop
  endfacet
  facet normal 0.000000e+00 0.000000e+00 -1.000000e+00
    outer loop
      vertex   1.532249e+02 -6.055333e+01 1.685000e+01
      vertex   1.517009e+02 -6.049192e+01 1.685000e+01
      vertex   1.530815e+02 -6.043628e+01 1.685000e+01
    endloop
  endfacet
  facet normal -0.000000e+00 0.000000e+00 -1.000000e+00
    outer loop
      vertex   1.530815e+02 -6.043628e+01 1.685000e+01
      vertex   1.517009e+02 -6.049192e+01 1.685000e+01
      vertex   1.518532e+02 -6.038678e+01 1.685000e+01
    endloop
  endfacet
  facet normal 0.000000e+00 0.000000e+00 -1.000000e+00
    outer loop
      vertex   1.530815e+02 -6.043628e+01 1.685000e+01
      vertex   1.518532e+02 -6.038678e+01 1.685000e+01
      vertex   1.529212e+02 -6.034374e+01 1.685000e+01
    endloop
  endfacet
  facet normal -0.000000e+00 0.000000e+00 -1.000000e+00
    outer loop
      vertex   1.529212e+02 -6.034374e+01 1.685000e+01
      vertex   1.518532e+02 -6.038678e+01 1.685000e+01
      vertex   1.520204e+02 -6.030744e+01 1.685000e+01
    endloop
  endfacet
  facet normal 0.000000e+00 0.000000e+00 -1.000000e+00
    outer loop
      vertex   1.529212e+02 -6.034374e+01 1.685000e+01
      vertex   1.520204e+02 -6.030744e+01 1.685000e+01
      vertex   1.527482e+02 -6.027812e+01 1.685000e+01
    endloop
  endfacet
  facet normal -0.000000e+00 0.000000e+00 -1.000000e+00
    outer loop
      vertex   1.527482e+02 -6.027812e+01 1.685000e+01
      vertex   1.520204e+02 -6.030744e+01 1.685000e+01
      vertex   1.521982e+02 -6.025595e+01 1.685000e+01
    endloop
  endfacet
  facet normal 0.000000e+00 0.000000e+00 -1.000000e+00
    outer loop
      vertex   1.527482e+02 -6.027812e+01 1.685000e+01
      vertex   1.521982e+02 -6.025595e+01 1.685000e+01
      vertex   1.525669e+02 -6.024110e+01 1.685000e+01
    endloop
  endfacet
  facet normal -0.000000e+00 0.000000e+00 -1.000000e+00
    outer loop
      vertex   1.525669e+02 -6.024110e+01 1.685000e+01
      vertex   1.521982e+02 -6.025595e+01 1.685000e+01
      vertex   1.523819e+02 -6.023364e+01 1.685000e+01
    endloop
  endfacet
  facet normal -9.967573e-01 -8.046657e-02 -0.000000e+00
    outer loop
      vertex   1.529485e+02 -8.289219e+01 1.685000e+01
      vertex   1.529485e+02 -8.289219e+01 1.301667e+01
      vertex   1.529634e+02 -8.307667e+01 1.685000e+01
    endloop
  endfacet
  facet normal -9.967573e-01 -8.046657e-02 -0.000000e+00
    outer loop
      vertex   1.529634e+02 -8.307667e+01 1.685000e+01
      vertex   1.529485e+02 -8.289219e+01 1.301667e+01
      vertex   1.529634e+02 -8.307667e+01 1.301667e+01
    endloop
  endfacet
  facet normal -9.967573e-01 8.046657e-02 0.000000e+00
    outer loop
      vertex   1.529634e+02 -8.307667e+01 1.685000e+01
      vertex   1.529634e+02 -8.307667e+01 1.301667e+01
      vertex   1.529485e+02 -8.326114e+01 1.685000e+01
    endloop
  endfacet
  facet normal -9.967573e-01 8.046657e-02 0.000000e+00
    outer loop
      vertex   1.529485e+02 -8.326114e+01 1.685000e+01
      vertex   1.529634e+02 -8.307667e+01 1.301667e+01
      vertex   1.529485e+02 -8.326114e+01 1.301667e+01
    endloop
  endfacet
  facet normal -9.709418e-01 2.393157e-01 0.000000e+00
    outer loop
      vertex   1.529485e+02 -8.326114e+01 1.685000e+01
      vertex   1.529485e+02 -8.326114e+01 1.301667e+01
      vertex   1.529042e+02 -8.344084e+01 1.685000e+01
    endloop
  endfacet
  facet normal -9.709418e-01 2.393157e-01 0.000000e+00
    outer loop
      vertex   1.529042e+02 -8.344084e+01 1.685000e+01
      vertex   1.529485e+02 -8.326114e+01 1.301667e+01
      vertex   1.529042e+02 -8.344084e+01 1.301667e+01
    endloop
  endfacet
  facet normal -9.199794e-01 3.919666e-01 0.000000e+00
    outer loop
      vertex   1.529042e+02 -8.344084e+01 1.685000e+01
      vertex   1.529042e+02 -8.344084e+01 1.301667e+01
      vertex   1.528316e+02 -8.361110e+01 1.685000e+01
    endloop
  endfacet
  facet normal -9.199794e-01 3.919666e-01 0.000000e+00
    outer loop
      vertex   1.528316e+02 -8.361110e+01 1.685000e+01
      vertex   1.529042e+02 -8.344084e+01 1.301667e+01
      vertex   1.528316e+02 -8.361110e+01 1.301667e+01
    endloop
  endfacet
  facet normal -8.451901e-01 5.344658e-01 0.000000e+00
    outer loop
      vertex   1.528316e+02 -8.361110e+01 1.685000e+01
      vertex   1.528316e+02 -8.361110e+01 1.301667e+01
      vertex   1.527327e+02 -8.376752e+01 1.685000e+01
    endloop
  endfacet
  facet normal -8.451901e-01 5.344658e-01 0.000000e+00
    outer loop
      vertex   1.527327e+02 -8.376752e+01 1.685000e+01
      vertex   1.528316e+02 -8.361110e+01 1.301667e+01
      vertex   1.527327e+02 -8.376752e+01 1.301667e+01
    endloop
  endfacet
  facet normal -7.485107e-01 6.631227e-01 0.000000e+00
    outer loop
      vertex   1.527327e+02 -8.376752e+01 1.685000e+01
      vertex   1.527327e+02 -8.376752e+01 1.301667e+01
      vertex   1.526100e+02 -8.390605e+01 1.685000e+01
    endloop
  endfacet
  facet normal -7.485107e-01 6.631227e-01 0.000000e+00
    outer loop
      vertex   1.526100e+02 -8.390605e+01 1.685000e+01
      vertex   1.527327e+02 -8.376752e+01 1.301667e+01
      vertex   1.526100e+02 -8.390605e+01 1.301667e+01
    endloop
  endfacet
  facet normal -6.324454e-01 7.746050e-01 0.000000e+00
    outer loop
      vertex   1.526100e+02 -8.390605e+01 1.685000e+01
      vertex   1.526100e+02 -8.390605e+01 1.301667e+01
      vertex   1.524666e+02 -8.402310e+01 1.685000e+01
    endloop
  endfacet
  facet normal -6.324454e-01 7.746050e-01 0.000000e+00
    outer loop
      vertex   1.524666e+02 -8.402310e+01 1.685000e+01
      vertex   1.526100e+02 -8.390605e+01 1.301667e+01
      vertex   1.524666e+02 -8.402310e+01 1.301667e+01
    endloop
  endfacet
  facet normal -5.000000e-01 8.660254e-01 0.000000e+00
    outer loop
      vertex   1.524666e+02 -8.402310e+01 1.685000e+01
      vertex   1.524666e+02 -8.402310e+01 1.301667e+01
      vertex   1.523064e+02 -8.411564e+01 1.685000e+01
    endloop
  endfacet
  facet normal -5.000000e-01 8.660254e-01 0.000000e+00
    outer loop
      vertex   1.523064e+02 -8.411564e+01 1.685000e+01
      vertex   1.524666e+02 -8.402310e+01 1.301667e+01
      vertex   1.523064e+02 -8.411564e+01 1.301667e+01
    endloop
  endfacet
  facet normal -3.546049e-01 9.350162e-01 0.000000e+00
    outer loop
      vertex   1.523064e+02 -8.411564e+01 1.685000e+01
      vertex   1.523064e+02 -8.411564e+01 1.301667e+01
      vertex   1.521333e+02 -8.418126e+01 1.685000e+01
    endloop
  endfacet
  facet normal -3.546049e-01 9.350162e-01 0.000000e+00
    outer loop
      vertex   1.521333e+02 -8.418126e+01 1.685000e+01
      vertex   1.523064e+02 -8.411564e+01 1.301667e+01
      vertex   1.521333e+02 -8.418126e+01 1.301667e+01
    endloop
  endfacet
  facet normal -2.000257e-01 9.797907e-01 0.000000e+00
    outer loop
      vertex   1.521333e+02 -8.418126e+01 1.685000e+01
      vertex   1.521333e+02 -8.418126e+01 1.301667e+01
      vertex   1.519520e+02 -8.421828e+01 1.685000e+01
    endloop
  endfacet
  facet normal -2.000257e-01 9.797907e-01 0.000000e+00
    outer loop
      vertex   1.519520e+02 -8.421828e+01 1.685000e+01
      vertex   1.521333e+02 -8.418126e+01 1.301667e+01
      vertex   1.519520e+02 -8.421828e+01 1.301667e+01
    endloop
  endfacet
  facet normal -4.026594e-02 9.991890e-01 0.000000e+00
    outer loop
      vertex   1.519520e+02 -8.421828e+01 1.685000e+01
      vertex   1.519520e+02 -8.421828e+01 1.301667e+01
      vertex   1.517671e+02 -8.422573e+01 1.685000e+01
    endloop
  endfacet
  facet normal -4.026594e-02 9.991890e-01 0.000000e+00
    outer loop
      vertex   1.517671e+02 -8.422573e+01 1.685000e+01
      vertex   1.519520e+02 -8.421828e+01 1.301667e+01
      vertex   1.517671e+02 -8.422573e+01 1.301667e+01
    endloop
  endfacet
  facet normal 1.205367e-01 9.927089e-01 0.000000e+00
    outer loop
      vertex   1.517671e+02 -8.422573e+01 1.685000e+01
      vertex   1.517671e+02 -8.422573e+01 1.301667e+01
      vertex   1.515833e+02 -8.420343e+01 1.685000e+01
    endloop
  endfacet
  facet normal 1.205367e-01 9.927089e-01 0.000000e+00
    outer loop
      vertex   1.515833e+02 -8.420343e+01 1.685000e+01
      vertex   1.517671e+02 -8.422573e+01 1.301667e+01
      vertex   1.515833e+02 -8.420343e+01 1.301667e+01
    endloop
  endfacet
  facet normal 2.782175e-01 9.605181e-01 0.000000e+00
    outer loop
      vertex   1.515833e+02 -8.420343e+01 1.685000e+01
      vertex   1.515833e+02 -8.420343e+01 1.301667e+01
      vertex   1.514056e+02 -8.415194e+01 1.685000e+01
    endloop
  endfacet
  facet normal 2.782175e-01 9.605181e-01 0.000000e+00
    outer loop
      vertex   1.514056e+02 -8.415194e+01 1.685000e+01
      vertex   1.515833e+02 -8.420343e+01 1.301667e+01
      vertex   1.514056e+02 -8.415194e+01 1.301667e+01
    endloop
  endfacet
  facet normal 4.286926e-01 9.034504e-01 0.000000e+00
    outer loop
      vertex   1.514056e+02 -8.415194e+01 1.685000e+01
      vertex   1.514056e+02 -8.415194e+01 1.301667e+01
      vertex   1.512384e+02 -8.407260e+01 1.685000e+01
    endloop
  endfacet
  facet normal 4.286926e-01 9.034504e-01 0.000000e+00
    outer loop
      vertex   1.512384e+02 -8.407260e+01 1.685000e+01
      vertex   1.514056e+02 -8.415194e+01 1.301667e+01
      vertex   1.512384e+02 -8.407260e+01 1.301667e+01
    endloop
  endfacet
  facet normal 5.680647e-01 8.229839e-01 0.000000e+00
    outer loop
      vertex   1.512384e+02 -8.407260e+01 1.685000e+01
      vertex   1.512384e+02 -8.407260e+01 1.301667e+01
      vertex   1.510861e+02 -8.396746e+01 1.685000e+01
    endloop
  endfacet
  facet normal 5.680647e-01 8.229839e-01 0.000000e+00
    outer loop
      vertex   1.510861e+02 -8.396746e+01 1.685000e+01
      vertex   1.512384e+02 -8.407260e+01 1.301667e+01
      vertex   1.510861e+02 -8.396746e+01 1.301667e+01
    endloop
  endfacet
  facet normal 6.927244e-01 7.212024e-01 0.000000e+00
    outer loop
      vertex   1.510861e+02 -8.396746e+01 1.685000e+01
      vertex   1.510861e+02 -8.396746e+01 1.301667e+01
      vertex   1.509526e+02 -8.383926e+01 1.685000e+01
    endloop
  endfacet
  facet normal 6.927244e-01 7.212024e-01 0.000000e+00
    outer loop
      vertex   1.509526e+02 -8.383926e+01 1.685000e+01
      vertex   1.510861e+02 -8.396746e+01 1.301667e+01
      vertex   1.509526e+02 -8.383926e+01 1.301667e+01
    endloop
  endfacet
  facet normal 7.994428e-01 6.007423e-01 0.000000e+00
    outer loop
      vertex   1.509526e+02 -8.383926e+01 1.685000e+01
      vertex   1.509526e+02 -8.383926e+01 1.301667e+01
      vertex   1.508414e+02 -8.369130e+01 1.685000e+01
    endloop
  endfacet
  facet normal 7.994428e-01 6.007423e-01 0.000000e+00
    outer loop
      vertex   1.508414e+02 -8.369130e+01 1.685000e+01
      vertex   1.509526e+02 -8.383926e+01 1.301667e+01
      vertex   1.508414e+02 -8.369130e+01 1.301667e+01
    endloop
  endfacet
  facet normal 8.854560e-01 4.647232e-01 0.000000e+00
    outer loop
      vertex   1.508414e+02 -8.369130e+01 1.685000e+01
      vertex   1.508414e+02 -8.369130e+01 1.301667e+01
      vertex   1.507554e+02 -8.352743e+01 1.685000e+01
    endloop
  endfacet
  facet normal 8.854560e-01 4.647232e-01 0.000000e+00
    outer loop
      vertex   1.507554e+02 -8.352743e+01 1.685000e+01
      vertex   1.508414e+02 -8.369130e+01 1.301667e+01
      vertex   1.507554e+02 -8.352743e+01 1.301667e+01
    endloop
  endfacet
  facet normal 9.485364e-01 3.166680e-01 0.000000e+00
    outer loop
      vertex   1.507554e+02 -8.352743e+01 1.685000e+01
      vertex   1.507554e+02 -8.352743e+01 1.301667e+01
      vertex   1.506968e+02 -8.335188e+01 1.685000e+01
    endloop
  endfacet
  facet normal 9.485364e-01 3.166680e-01 0.000000e+00
    outer loop
      vertex   1.506968e+02 -8.335188e+01 1.685000e+01
      vertex   1.507554e+02 -8.352743e+01 1.301667e+01
      vertex   1.506968e+02 -8.335188e+01 1.301667e+01
    endloop
  endfacet
  facet normal 9.870503e-01 1.604113e-01 0.000000e+00
    outer loop
      vertex   1.506968e+02 -8.335188e+01 1.685000e+01
      vertex   1.506968e+02 -8.335188e+01 1.301667e+01
      vertex   1.506671e+02 -8.316920e+01 1.685000e+01
    endloop
  endfacet
  facet normal 9.870503e-01 1.604113e-01 0.000000e+00
    outer loop
      vertex   1.506671e+02 -8.316920e+01 1.685000e+01
      vertex   1.506968e+02 -8.335188e+01 1.301667e+01
      vertex   1.506671e+02 -8.316920e+01 1.301667e+01
    endloop
  endfacet
  facet normal 1.000000e+00 -0.000000e+00 0.000000e+00
    outer loop
      vertex   1.506671e+02 -8.316920e+01 1.685000e+01
      vertex   1.506671e+02 -8.316920e+01 1.301667e+01
      vertex   1.506671e+02 -8.298413e+01 1.685000e+01
    endloop
  endfacet
  facet normal 1.000000e+00 0.000000e+00 0.000000e+00
    outer loop
      vertex   1.506671e+02 -8.298413e+01 1.685000e+01
      vertex   1.506671e+02 -8.316920e+01 1.301667e+01
      vertex   1.506671e+02 -8.298413e+01 1.301667e+01
    endloop
  endfacet
  facet normal 9.870503e-01 -1.604113e-01 0.000000e+00
    outer loop
      vertex   1.506671e+02 -8.298413e+01 1.685000e+01
      vertex   1.506671e+02 -8.298413e+01 1.301667e+01
      vertex   1.506968e+02 -8.280145e+01 1.685000e+01
    endloop
  endfacet
  facet normal 9.870503e-01 -1.604113e-01 0.000000e+00
    outer loop
      vertex   1.506968e+02 -8.280145e+01 1.685000e+01
      vertex   1.506671e+02 -8.298413e+01 1.301667e+01
      vertex   1.506968e+02 -8.280145e+01 1.301667e+01
    endloop
  endfacet
  facet normal 9.485364e-01 -3.166680e-01 0.000000e+00
    outer loop
      vertex   1.506968e+02 -8.280145e+01 1.685000e+01
      vertex   1.506968e+02 -8.280145e+01 1.301667e+01
      vertex   1.507554e+02 -8.262591e+01 1.685000e+01
    endloop
  endfacet
  facet normal 9.485364e-01 -3.166680e-01 0.000000e+00
    outer loop
      vertex   1.507554e+02 -8.262591e+01 1.685000e+01
      vertex   1.506968e+02 -8.280145e+01 1.301667e+01
      vertex   1.507554e+02 -8.262591e+01 1.301667e+01
    endloop
  endfacet
  facet normal 8.854560e-01 -4.647232e-01 0.000000e+00
    outer loop
      vertex   1.507554e+02 -8.262591e+01 1.685000e+01
      vertex   1.507554e+02 -8.262591e+01 1.301667e+01
      vertex   1.508414e+02 -8.246203e+01 1.685000e+01
    endloop
  endfacet
  facet normal 8.854560e-01 -4.647232e-01 0.000000e+00
    outer loop
      vertex   1.508414e+02 -8.246203e+01 1.685000e+01
      vertex   1.507554e+02 -8.262591e+01 1.301667e+01
      vertex   1.508414e+02 -8.246203e+01 1.301667e+01
    endloop
  endfacet
  facet normal 7.994428e-01 -6.007423e-01 0.000000e+00
    outer loop
      vertex   1.508414e+02 -8.246203e+01 1.685000e+01
      vertex   1.508414e+02 -8.246203e+01 1.301667e+01
      vertex   1.509526e+02 -8.231408e+01 1.685000e+01
    endloop
  endfacet
  facet normal 7.994428e-01 -6.007423e-01 0.000000e+00
    outer loop
      vertex   1.509526e+02 -8.231408e+01 1.685000e+01
      vertex   1.508414e+02 -8.246203e+01 1.301667e+01
      vertex   1.509526e+02 -8.231408e+01 1.301667e+01
    endloop
  endfacet
  facet normal 6.927244e-01 -7.212024e-01 0.000000e+00
    outer loop
      vertex   1.509526e+02 -8.231408e+01 1.685000e+01
      vertex   1.509526e+02 -8.231408e+01 1.301667e+01
      vertex   1.510861e+02 -8.218587e+01 1.685000e+01
    endloop
  endfacet
  facet normal 6.927244e-01 -7.212024e-01 0.000000e+00
    outer loop
      vertex   1.510861e+02 -8.218587e+01 1.685000e+01
      vertex   1.509526e+02 -8.231408e+01 1.301667e+01
      vertex   1.510861e+02 -8.218587e+01 1.301667e+01
    endloop
  endfacet
  facet normal 5.680647e-01 -8.229839e-01 0.000000e+00
    outer loop
      vertex   1.510861e+02 -8.218587e+01 1.685000e+01
      vertex   1.510861e+02 -8.218587e+01 1.301667e+01
      vertex   1.512384e+02 -8.208074e+01 1.685000e+01
    endloop
  endfacet
  facet normal 5.680647e-01 -8.229839e-01 0.000000e+00
    outer loop
      vertex   1.512384e+02 -8.208074e+01 1.685000e+01
      vertex   1.510861e+02 -8.218587e+01 1.301667e+01
      vertex   1.512384e+02 -8.208074e+01 1.301667e+01
    endloop
  endfacet
  facet normal 4.286926e-01 -9.034504e-01 0.000000e+00
    outer loop
      vertex   1.512384e+02 -8.208074e+01 1.685000e+01
      vertex   1.512384e+02 -8.208074e+01 1.301667e+01
      vertex   1.514056e+02 -8.200140e+01 1.685000e+01
    endloop
  endfacet
  facet normal 4.286926e-01 -9.034504e-01 0.000000e+00
    outer loop
      vertex   1.514056e+02 -8.200140e+01 1.685000e+01
      vertex   1.512384e+02 -8.208074e+01 1.301667e+01
      vertex   1.514056e+02 -8.200140e+01 1.301667e+01
    endloop
  endfacet
  facet normal 2.782175e-01 -9.605181e-01 0.000000e+00
    outer loop
      vertex   1.514056e+02 -8.200140e+01 1.685000e+01
      vertex   1.514056e+02 -8.200140e+01 1.301667e+01
      vertex   1.515833e+02 -8.194991e+01 1.685000e+01
    endloop
  endfacet
  facet normal 2.782175e-01 -9.605181e-01 0.000000e+00
    outer loop
      vertex   1.515833e+02 -8.194991e+01 1.685000e+01
      vertex   1.514056e+02 -8.200140e+01 1.301667e+01
      vertex   1.515833e+02 -8.194991e+01 1.301667e+01
    endloop
  endfacet
  facet normal 1.205367e-01 -9.927089e-01 0.000000e+00
    outer loop
      vertex   1.515833e+02 -8.194991e+01 1.685000e+01
      vertex   1.515833e+02 -8.194991e+01 1.301667e+01
      vertex   1.517671e+02 -8.192760e+01 1.685000e+01
    endloop
  endfacet
  facet normal 1.205367e-01 -9.927089e-01 0.000000e+00
    outer loop
      vertex   1.517671e+02 -8.192760e+01 1.685000e+01
      vertex   1.515833e+02 -8.194991e+01 1.301667e+01
      vertex   1.517671e+02 -8.192760e+01 1.301667e+01
    endloop
  endfacet
  facet normal -4.026594e-02 -9.991890e-01 -0.000000e+00
    outer loop
      vertex   1.517671e+02 -8.192760e+01 1.685000e+01
      vertex   1.517671e+02 -8.192760e+01 1.301667e+01
      vertex   1.519520e+02 -8.193505e+01 1.685000e+01
    endloop
  endfacet
  facet normal -4.026594e-02 -9.991890e-01 -0.000000e+00
    outer loop
      vertex   1.519520e+02 -8.193505e+01 1.685000e+01
      vertex   1.517671e+02 -8.192760e+01 1.301667e+01
      vertex   1.519520e+02 -8.193505e+01 1.301667e+01
    endloop
  endfacet
  facet normal -2.000257e-01 -9.797907e-01 -0.000000e+00
    outer loop
      vertex   1.519520e+02 -8.193505e+01 1.685000e+01
      vertex   1.519520e+02 -8.193505e+01 1.301667e+01
      vertex   1.521333e+02 -8.197207e+01 1.685000e+01
    endloop
  endfacet
  facet normal -2.000257e-01 -9.797907e-01 -0.000000e+00
    outer loop
      vertex   1.521333e+02 -8.197207e+01 1.685000e+01
      vertex   1.519520e+02 -8.193505e+01 1.301667e+01
      vertex   1.521333e+02 -8.197207e+01 1.301667e+01
    endloop
  endfacet
  facet normal -3.546049e-01 -9.350162e-01 -0.000000e+00
    outer loop
      vertex   1.521333e+02 -8.197207e+01 1.685000e+01
      vertex   1.521333e+02 -8.197207e+01 1.301667e+01
      vertex   1.523064e+02 -8.203770e+01 1.685000e+01
    endloop
  endfacet
  facet normal -3.546049e-01 -9.350162e-01 -0.000000e+00
    outer loop
      vertex   1.523064e+02 -8.203770e+01 1.685000e+01
      vertex   1.521333e+02 -8.197207e+01 1.301667e+01
      vertex   1.523064e+02 -8.203770e+01 1.301667e+01
    endloop
  endfacet
  facet normal -5.000000e-01 -8.660254e-01 -0.000000e+00
    outer loop
      vertex   1.523064e+02 -8.203770e+01 1.685000e+01
      vertex   1.523064e+02 -8.203770e+01 1.301667e+01
      vertex   1.524666e+02 -8.213024e+01 1.685000e+01
    endloop
  endfacet
  facet normal -5.000000e-01 -8.660254e-01 -0.000000e+00
    outer loop
      vertex   1.524666e+02 -8.213024e+01 1.685000e+01
      vertex   1.523064e+02 -8.203770e+01 1.301667e+01
      vertex   1.524666e+02 -8.213024e+01 1.301667e+01
    endloop
  endfacet
  facet normal -6.324454e-01 -7.746050e-01 -0.000000e+00
    outer loop
      vertex   1.524666e+02 -8.213024e+01 1.685000e+01
      vertex   1.524666e+02 -8.213024e+01 1.301667e+01
      vertex   1.526100e+02 -8.224728e+01 1.685000e+01
    endloop
  endfacet
  facet normal -6.324454e-01 -7.746050e-01 -0.000000e+00
    outer loop
      vertex   1.526100e+02 -8.224728e+01 1.685000e+01
      vertex   1.524666e+02 -8.213024e+01 1.301667e+01
      vertex   1.526100e+02 -8.224728e+01 1.301667e+01
    endloop
  endfacet
  facet normal -7.485107e-01 -6.631227e-01 -0.000000e+00
    outer loop
      vertex   1.526100e+02 -8.224728e+01 1.685000e+01
      vertex   1.526100e+02 -8.224728e+01 1.301667e+01
      vertex   1.527327e+02 -8.238581e+01 1.685000e+01
    endloop
  endfacet
  facet normal -7.485107e-01 -6.631227e-01 -0.000000e+00
    outer loop
      vertex   1.527327e+02 -8.238581e+01 1.685000e+01
      vertex   1.526100e+02 -8.224728e+01 1.301667e+01
      vertex   1.527327e+02 -8.238581e+01 1.301667e+01
    endloop
  endfacet
  facet normal -8.451901e-01 -5.344658e-01 -0.000000e+00
    outer loop
      vertex   1.527327e+02 -8.238581e+01 1.685000e+01
      vertex   1.527327e+02 -8.238581e+01 1.301667e+01
      vertex   1.528316e+02 -8.254224e+01 1.685000e+01
    endloop
  endfacet
  facet normal -8.451901e-01 -5.344658e-01 -0.000000e+00
    outer loop
      vertex   1.528316e+02 -8.254224e+01 1.685000e+01
      vertex   1.527327e+02 -8.238581e+01 1.301667e+01
      vertex   1.528316e+02 -8.254224e+01 1.301667e+01
    endloop
  endfacet
  facet normal -9.199794e-01 -3.919666e-01 -0.000000e+00
    outer loop
      vertex   1.528316e+02 -8.254224e+01 1.685000e+01
      vertex   1.528316e+02 -8.254224e+01 1.301667e+01
      vertex   1.529042e+02 -8.271250e+01 1.685000e+01
    endloop
  endfacet
  facet normal -9.199794e-01 -3.919666e-01 -0.000000e+00
    outer loop
      vertex   1.529042e+02 -8.271250e+01 1.685000e+01
      vertex   1.528316e+02 -8.254224e+01 1.301667e+01
      vertex   1.529042e+02 -8.271250e+01 1.301667e+01
    endloop
  endfacet
  facet normal -9.709418e-01 -2.393157e-01 -0.000000e+00
    outer loop
      vertex   1.529042e+02 -8.271250e+01 1.685000e+01
      vertex   1.529042e+02 -8.271250e+01 1.301667e+01
      vertex   1.529485e+02 -8.289219e+01 1.685000e+01
    endloop
  endfacet
  facet normal -9.709418e-01 -2.393157e-01 -0.000000e+00
    outer loop
      vertex   1.529485e+02 -8.289219e+01 1.685000e+01
      vertex   1.529042e+02 -8.271250e+01 1.301667e+01
      vertex   1.529485e+02 -8.289219e+01 1.301667e+01
    endloop
  endfacet
  facet normal -9.967573e-01 8.046657e-02 0.000000e+00
    outer loop
      vertex   1.529485e+02 -8.326114e+01 5.350000e+00
      vertex   1.529485e+02 -8.326114e+01 9.183333e+00
      vertex   1.529634e+02 -8.307667e+01 5.350000e+00
    endloop
  endfacet
  facet normal -9.967573e-01 8.046657e-02 0.000000e+00
    outer loop
      vertex   1.529634e+02 -8.307667e+01 5.350000e+00
      vertex   1.529485e+02 -8.326114e+01 9.183333e+00
      vertex   1.529634e+02 -8.307667e+01 9.183333e+00
    endloop
  endfacet
  facet normal -9.967573e-01 -8.046657e-02 0.000000e+00
    outer loop
      vertex   1.529634e+02 -8.307667e+01 5.350000e+00
      vertex   1.529634e+02 -8.307667e+01 9.183333e+00
      vertex   1.529485e+02 -8.289219e+01 5.350000e+00
    endloop
  endfacet
  facet normal -9.967573e-01 -8.046657e-02 0.000000e+00
    outer loop
      vertex   1.529485e+02 -8.289219e+01 5.350000e+00
      vertex   1.529634e+02 -8.307667e+01 9.183333e+00
      vertex   1.529485e+02 -8.289219e+01 9.183333e+00
    endloop
  endfacet
  facet normal -9.709418e-01 -2.393157e-01 0.000000e+00
    outer loop
      vertex   1.529485e+02 -8.289219e+01 5.350000e+00
      vertex   1.529485e+02 -8.289219e+01 9.183333e+00
      vertex   1.529042e+02 -8.271250e+01 5.350000e+00
    endloop
  endfacet
  facet normal -9.709418e-01 -2.393157e-01 0.000000e+00
    outer loop
      vertex   1.529042e+02 -8.271250e+01 5.350000e+00
      vertex   1.529485e+02 -8.289219e+01 9.183333e+00
      vertex   1.529042e+02 -8.271250e+01 9.183333e+00
    endloop
  endfacet
  facet normal -9.199794e-01 -3.919666e-01 0.000000e+00
    outer loop
      vertex   1.529042e+02 -8.271250e+01 5.350000e+00
      vertex   1.529042e+02 -8.271250e+01 9.183333e+00
      vertex   1.528316e+02 -8.254224e+01 5.350000e+00
    endloop
  endfacet
  facet normal -9.199794e-01 -3.919666e-01 0.000000e+00
    outer loop
      vertex   1.528316e+02 -8.254224e+01 5.350000e+00
      vertex   1.529042e+02 -8.271250e+01 9.183333e+00
      vertex   1.528316e+02 -8.254224e+01 9.183333e+00
    endloop
  endfacet
  facet normal -8.451901e-01 -5.344658e-01 0.000000e+00
    outer loop
      vertex   1.528316e+02 -8.254224e+01 5.350000e+00
      vertex   1.528316e+02 -8.254224e+01 9.183333e+00
      vertex   1.527327e+02 -8.238581e+01 5.350000e+00
    endloop
  endfacet
  facet normal -8.451901e-01 -5.344658e-01 0.000000e+00
    outer loop
      vertex   1.527327e+02 -8.238581e+01 5.350000e+00
      vertex   1.528316e+02 -8.254224e+01 9.183333e+00
      vertex   1.527327e+02 -8.238581e+01 9.183333e+00
    endloop
  endfacet
  facet normal -7.485107e-01 -6.631227e-01 0.000000e+00
    outer loop
      vertex   1.527327e+02 -8.238581e+01 5.350000e+00
      vertex   1.527327e+02 -8.238581e+01 9.183333e+00
      vertex   1.526100e+02 -8.224728e+01 5.350000e+00
    endloop
  endfacet
  facet normal -7.485107e-01 -6.631227e-01 0.000000e+00
    outer loop
      vertex   1.526100e+02 -8.224728e+01 5.350000e+00
      vertex   1.527327e+02 -8.238581e+01 9.183333e+00
      vertex   1.526100e+02 -8.224728e+01 9.183333e+00
    endloop
  endfacet
  facet normal -6.324454e-01 -7.746050e-01 0.000000e+00
    outer loop
      vertex   1.526100e+02 -8.224728e+01 5.350000e+00
      vertex   1.526100e+02 -8.224728e+01 9.183333e+00
      vertex   1.524666e+02 -8.213024e+01 5.350000e+00
    endloop
  endfacet
  facet normal -6.324454e-01 -7.746050e-01 0.000000e+00
    outer loop
      vertex   1.524666e+02 -8.213024e+01 5.350000e+00
      vertex   1.526100e+02 -8.224728e+01 9.183333e+00
      vertex   1.524666e+02 -8.213024e+01 9.183333e+00
    endloop
  endfacet
  facet normal -5.000000e-01 -8.660254e-01 0.000000e+00
    outer loop
      vertex   1.524666e+02 -8.213024e+01 5.350000e+00
      vertex   1.524666e+02 -8.213024e+01 9.183333e+00
      vertex   1.523064e+02 -8.203770e+01 5.350000e+00
    endloop
  endfacet
  facet normal -5.000000e-01 -8.660254e-01 0.000000e+00
    outer loop
      vertex   1.523064e+02 -8.203770e+01 5.350000e+00
      vertex   1.524666e+02 -8.213024e+01 9.183333e+00
      vertex   1.523064e+02 -8.203770e+01 9.183333e+00
    endloop
  endfacet
  facet normal -3.546049e-01 -9.350162e-01 0.000000e+00
    outer loop
      vertex   1.523064e+02 -8.203770e+01 5.350000e+00
      vertex   1.523064e+02 -8.203770e+01 9.183333e+00
      vertex   1.521333e+02 -8.197207e+01 5.350000e+00
    endloop
  endfacet
  facet normal -3.546049e-01 -9.350162e-01 0.000000e+00
    outer loop
      vertex   1.521333e+02 -8.197207e+01 5.350000e+00
      vertex   1.523064e+02 -8.203770e+01 9.183333e+00
      vertex   1.521333e+02 -8.197207e+01 9.183333e+00
    endloop
  endfacet
  facet normal -2.000257e-01 -9.797907e-01 0.000000e+00
    outer loop
      vertex   1.521333e+02 -8.197207e+01 5.350000e+00
      vertex   1.521333e+02 -8.197207e+01 9.183333e+00
      vertex   1.519520e+02 -8.193505e+01 5.350000e+00
    endloop
  endfacet
  facet normal -2.000257e-01 -9.797907e-01 0.000000e+00
    outer loop
      vertex   1.519520e+02 -8.193505e+01 5.350000e+00
      vertex   1.521333e+02 -8.197207e+01 9.183333e+00
      vertex   1.519520e+02 -8.193505e+01 9.183333e+00
    endloop
  endfacet
  facet normal -4.026594e-02 -9.991890e-01 0.000000e+00
    outer loop
      vertex   1.519520e+02 -8.193505e+01 5.350000e+00
      vertex   1.519520e+02 -8.193505e+01 9.183333e+00
      vertex   1.517671e+02 -8.192760e+01 5.350000e+00
    endloop
  endfacet
  facet normal -4.026594e-02 -9.991890e-01 0.000000e+00
    outer loop
      vertex   1.517671e+02 -8.192760e+01 5.350000e+00
      vertex   1.519520e+02 -8.193505e+01 9.183333e+00
      vertex   1.517671e+02 -8.192760e+01 9.183333e+00
    endloop
  endfacet
  facet normal 1.205367e-01 -9.927089e-01 0.000000e+00
    outer loop
      vertex   1.517671e+02 -8.192760e+01 5.350000e+00
      vertex   1.517671e+02 -8.192760e+01 9.183333e+00
      vertex   1.515833e+02 -8.194991e+01 5.350000e+00
    endloop
  endfacet
  facet normal 1.205367e-01 -9.927089e-01 0.000000e+00
    outer loop
      vertex   1.515833e+02 -8.194991e+01 5.350000e+00
      vertex   1.517671e+02 -8.192760e+01 9.183333e+00
      vertex   1.515833e+02 -8.194991e+01 9.183333e+00
    endloop
  endfacet
  facet normal 2.782175e-01 -9.605181e-01 0.000000e+00
    outer loop
      vertex   1.515833e+02 -8.194991e+01 5.350000e+00
      vertex   1.515833e+02 -8.194991e+01 9.183333e+00
      vertex   1.514056e+02 -8.200140e+01 5.350000e+00
    endloop
  endfacet
  facet normal 2.782175e-01 -9.605181e-01 0.000000e+00
    outer loop
      vertex   1.514056e+02 -8.200140e+01 5.350000e+00
      vertex   1.515833e+02 -8.194991e+01 9.183333e+00
      vertex   1.514056e+02 -8.200140e+01 9.183333e+00
    endloop
  endfacet
  facet normal 4.286926e-01 -9.034504e-01 0.000000e+00
    outer loop
      vertex   1.514056e+02 -8.200140e+01 5.350000e+00
      vertex   1.514056e+02 -8.200140e+01 9.183333e+00
      vertex   1.512384e+02 -8.208074e+01 5.350000e+00
    endloop
  endfacet
  facet normal 4.286926e-01 -9.034504e-01 0.000000e+00
    outer loop
      vertex   1.512384e+02 -8.208074e+01 5.350000e+00
      vertex   1.514056e+02 -8.200140e+01 9.183333e+00
      vertex   1.512384e+02 -8.208074e+01 9.183333e+00
    endloop
  endfacet
  facet normal 5.680647e-01 -8.229839e-01 0.000000e+00
    outer loop
      vertex   1.512384e+02 -8.208074e+01 5.350000e+00
      vertex   1.512384e+02 -8.208074e+01 9.183333e+00
      vertex   1.510861e+02 -8.218587e+01 5.350000e+00
    endloop
  endfacet
  facet normal 5.680647e-01 -8.229839e-01 0.000000e+00
    outer loop
      vertex   1.510861e+02 -8.218587e+01 5.350000e+00
      vertex   1.512384e+02 -8.208074e+01 9.183333e+00
      vertex   1.510861e+02 -8.218587e+01 9.183333e+00
    endloop
  endfacet
  facet normal 6.927244e-01 -7.212024e-01 0.000000e+00
    outer loop
      vertex   1.510861e+02 -8.218587e+01 5.350000e+00
      vertex   1.510861e+02 -8.218587e+01 9.183333e+00
      vertex   1.509526e+02 -8.231408e+01 5.350000e+00
    endloop
  endfacet
  facet normal 6.927244e-01 -7.212024e-01 0.000000e+00
    outer loop
      vertex   1.509526e+02 -8.231408e+01 5.350000e+00
      vertex   1.510861e+02 -8.218587e+01 9.183333e+00
      vertex   1.509526e+02 -8.231408e+01 9.183333e+00
    endloop
  endfacet
  facet normal 7.994428e-01 -6.007423e-01 0.000000e+00
    outer loop
      vertex   1.509526e+02 -8.231408e+01 5.350000e+00
      vertex   1.509526e+02 -8.231408e+01 9.183333e+00
      vertex   1.508414e+02 -8.246203e+01 5.350000e+00
    endloop
  endfacet
  facet normal 7.994428e-01 -6.007423e-01 0.000000e+00
    outer loop
      vertex   1.508414e+02 -8.246203e+01 5.350000e+00
      vertex   1.509526e+02 -8.231408e+01 9.183333e+00
      vertex   1.508414e+02 -8.246203e+01 9.183333e+00
    endloop
  endfacet
  facet normal 8.854560e-01 -4.647232e-01 0.000000e+00
    outer loop
      vertex   1.508414e+02 -8.246203e+01 5.350000e+00
      vertex   1.508414e+02 -8.246203e+01 9.183333e+00
      vertex   1.507554e+02 -8.262591e+01 5.350000e+00
    endloop
  endfacet
  facet normal 8.854560e-01 -4.647232e-01 0.000000e+00
    outer loop
      vertex   1.507554e+02 -8.262591e+01 5.350000e+00
      vertex   1.508414e+02 -8.246203e+01 9.183333e+00
      vertex   1.507554e+02 -8.262591e+01 9.183333e+00
    endloop
  endfacet
  facet normal 9.485364e-01 -3.166680e-01 0.000000e+00
    outer loop
      vertex   1.507554e+02 -8.262591e+01 5.350000e+00
      vertex   1.507554e+02 -8.262591e+01 9.183333e+00
      vertex   1.506968e+02 -8.280145e+01 5.350000e+00
    endloop
  endfacet
  facet normal 9.485364e-01 -3.166680e-01 0.000000e+00
    outer loop
      vertex   1.506968e+02 -8.280145e+01 5.350000e+00
      vertex   1.507554e+02 -8.262591e+01 9.183333e+00
      vertex   1.506968e+02 -8.280145e+01 9.183333e+00
    endloop
  endfacet
  facet normal 9.870503e-01 -1.604113e-01 0.000000e+00
    outer loop
      vertex   1.506968e+02 -8.280145e+01 5.350000e+00
      vertex   1.506968e+02 -8.280145e+01 9.183333e+00
      vertex   1.506671e+02 -8.298413e+01 5.350000e+00
    endloop
  endfacet
  facet normal 9.870503e-01 -1.604113e-01 0.000000e+00
    outer loop
      vertex   1.506671e+02 -8.298413e+01 5.350000e+00
      vertex   1.506968e+02 -8.280145e+01 9.183333e+00
      vertex   1.506671e+02 -8.298413e+01 9.183333e+00
    endloop
  endfacet
  facet normal 1.000000e+00 0.000000e+00 -0.000000e+00
    outer loop
      vertex   1.506671e+02 -8.298413e+01 5.350000e+00
      vertex   1.506671e+02 -8.298413e+01 9.183333e+00
      vertex   1.506671e+02 -8.316920e+01 5.350000e+00
    endloop
  endfacet
  facet normal 1.000000e+00 0.000000e+00 0.000000e+00
    outer loop
      vertex   1.506671e+02 -8.316920e+01 5.350000e+00
      vertex   1.506671e+02 -8.298413e+01 9.183333e+00
      vertex   1.506671e+02 -8.316920e+01 9.183333e+00
    endloop
  endfacet
  facet normal 9.870503e-01 1.604113e-01 -0.000000e+00
    outer loop
      vertex   1.506671e+02 -8.316920e+01 5.350000e+00
      vertex   1.506671e+02 -8.316920e+01 9.183333e+00
      vertex   1.506968e+02 -8.335188e+01 5.350000e+00
    endloop
  endfacet
  facet normal 9.870503e-01 1.604113e-01 -0.000000e+00
    outer loop
      vertex   1.506968e+02 -8.335188e+01 5.350000e+00
      vertex   1.506671e+02 -8.316920e+01 9.183333e+00
      vertex   1.506968e+02 -8.335188e+01 9.183333e+00
    endloop
  endfacet
  facet normal 9.485364e-01 3.166680e-01 -0.000000e+00
    outer loop
      vertex   1.506968e+02 -8.335188e+01 5.350000e+00
      vertex   1.506968e+02 -8.335188e+01 9.183333e+00
      vertex   1.507554e+02 -8.352743e+01 5.350000e+00
    endloop
  endfacet
  facet normal 9.485364e-01 3.166680e-01 -0.000000e+00
    outer loop
      vertex   1.507554e+02 -8.352743e+01 5.350000e+00
      vertex   1.506968e+02 -8.335188e+01 9.183333e+00
      vertex   1.507554e+02 -8.352743e+01 9.183333e+00
    endloop
  endfacet
  facet normal 8.854560e-01 4.647232e-01 -0.000000e+00
    outer loop
      vertex   1.507554e+02 -8.352743e+01 5.350000e+00
      vertex   1.507554e+02 -8.352743e+01 9.183333e+00
      vertex   1.508414e+02 -8.369130e+01 5.350000e+00
    endloop
  endfacet
  facet normal 8.854560e-01 4.647232e-01 -0.000000e+00
    outer loop
      vertex   1.508414e+02 -8.369130e+01 5.350000e+00
      vertex   1.507554e+02 -8.352743e+01 9.183333e+00
      vertex   1.508414e+02 -8.369130e+01 9.183333e+00
    endloop
  endfacet
  facet normal 7.994428e-01 6.007423e-01 -0.000000e+00
    outer loop
      vertex   1.508414e+02 -8.369130e+01 5.350000e+00
      vertex   1.508414e+02 -8.369130e+01 9.183333e+00
      vertex   1.509526e+02 -8.383926e+01 5.350000e+00
    endloop
  endfacet
  facet normal 7.994428e-01 6.007423e-01 -0.000000e+00
    outer loop
      vertex   1.509526e+02 -8.383926e+01 5.350000e+00
      vertex   1.508414e+02 -8.369130e+01 9.183333e+00
      vertex   1.509526e+02 -8.383926e+01 9.183333e+00
    endloop
  endfacet
  facet normal 6.927244e-01 7.212024e-01 -0.000000e+00
    outer loop
      vertex   1.509526e+02 -8.383926e+01 5.350000e+00
      vertex   1.509526e+02 -8.383926e+01 9.183333e+00
      vertex   1.510861e+02 -8.396746e+01 5.350000e+00
    endloop
  endfacet
  facet normal 6.927244e-01 7.212024e-01 -0.000000e+00
    outer loop
      vertex   1.510861e+02 -8.396746e+01 5.350000e+00
      vertex   1.509526e+02 -8.383926e+01 9.183333e+00
      vertex   1.510861e+02 -8.396746e+01 9.183333e+00
    endloop
  endfacet
  facet normal 5.680647e-01 8.229839e-01 -0.000000e+00
    outer loop
      vertex   1.510861e+02 -8.396746e+01 5.350000e+00
      vertex   1.510861e+02 -8.396746e+01 9.183333e+00
      vertex   1.512384e+02 -8.407260e+01 5.350000e+00
    endloop
  endfacet
  facet normal 5.680647e-01 8.229839e-01 -0.000000e+00
    outer loop
      vertex   1.512384e+02 -8.407260e+01 5.350000e+00
      vertex   1.510861e+02 -8.396746e+01 9.183333e+00
      vertex   1.512384e+02 -8.407260e+01 9.183333e+00
    endloop
  endfacet
  facet normal 4.286926e-01 9.034504e-01 -0.000000e+00
    outer loop
      vertex   1.512384e+02 -8.407260e+01 5.350000e+00
      vertex   1.512384e+02 -8.407260e+01 9.183333e+00
      vertex   1.514056e+02 -8.415194e+01 5.350000e+00
    endloop
  endfacet
  facet normal 4.286926e-01 9.034504e-01 -0.000000e+00
    outer loop
      vertex   1.514056e+02 -8.415194e+01 5.350000e+00
      vertex   1.512384e+02 -8.407260e+01 9.183333e+00
      vertex   1.514056e+02 -8.415194e+01 9.183333e+00
    endloop
  endfacet
  facet normal 2.782175e-01 9.605181e-01 -0.000000e+00
    outer loop
      vertex   1.514056e+02 -8.415194e+01 5.350000e+00
      vertex   1.514056e+02 -8.415194e+01 9.183333e+00
      vertex   1.515833e+02 -8.420343e+01 5.350000e+00
    endloop
  endfacet
  facet normal 2.782175e-01 9.605181e-01 -0.000000e+00
    outer loop
      vertex   1.515833e+02 -8.420343e+01 5.350000e+00
      vertex   1.514056e+02 -8.415194e+01 9.183333e+00
      vertex   1.515833e+02 -8.420343e+01 9.183333e+00
    endloop
  endfacet
  facet normal 1.205367e-01 9.927089e-01 -0.000000e+00
    outer loop
      vertex   1.515833e+02 -8.420343e+01 5.350000e+00
      vertex   1.515833e+02 -8.420343e+01 9.183333e+00
      vertex   1.517671e+02 -8.422573e+01 5.350000e+00
    endloop
  endfacet
  facet normal 1.205367e-01 9.927089e-01 -0.000000e+00
    outer loop
      vertex   1.517671e+02 -8.422573e+01 5.350000e+00
      vertex   1.515833e+02 -8.420343e+01 9.183333e+00
      vertex   1.517671e+02 -8.422573e+01 9.183333e+00
    endloop
  endfacet
  facet normal -4.026594e-02 9.991890e-01 0.000000e+00
    outer loop
      vertex   1.517671e+02 -8.422573e+01 5.350000e+00
      vertex   1.517671e+02 -8.422573e+01 9.183333e+00
      vertex   1.519520e+02 -8.421828e+01 5.350000e+00
    endloop
  endfacet
  facet normal -4.026594e-02 9.991890e-01 0.000000e+00
    outer loop
      vertex   1.519520e+02 -8.421828e+01 5.350000e+00
      vertex   1.517671e+02 -8.422573e+01 9.183333e+00
      vertex   1.519520e+02 -8.421828e+01 9.183333e+00
    endloop
  endfacet
  facet normal -2.000257e-01 9.797907e-01 0.000000e+00
    outer loop
      vertex   1.519520e+02 -8.421828e+01 5.350000e+00
      vertex   1.519520e+02 -8.421828e+01 9.183333e+00
      vertex   1.521333e+02 -8.418126e+01 5.350000e+00
    endloop
  endfacet
  facet normal -2.000257e-01 9.797907e-01 0.000000e+00
    outer loop
      vertex   1.521333e+02 -8.418126e+01 5.350000e+00
      vertex   1.519520e+02 -8.421828e+01 9.183333e+00
      vertex   1.521333e+02 -8.418126e+01 9.183333e+00
    endloop
  endfacet
  facet normal -3.546049e-01 9.350162e-01 0.000000e+00
    outer loop
      vertex   1.521333e+02 -8.418126e+01 5.350000e+00
      vertex   1.521333e+02 -8.418126e+01 9.183333e+00
      vertex   1.523064e+02 -8.411564e+01 5.350000e+00
    endloop
  endfacet
  facet normal -3.546049e-01 9.350162e-01 0.000000e+00
    outer loop
      vertex   1.523064e+02 -8.411564e+01 5.350000e+00
      vertex   1.521333e+02 -8.418126e+01 9.183333e+00
      vertex   1.523064e+02 -8.411564e+01 9.183333e+00
    endloop
  endfacet
  facet normal -5.000000e-01 8.660254e-01 0.000000e+00
    outer loop
      vertex   1.523064e+02 -8.411564e+01 5.350000e+00
      vertex   1.523064e+02 -8.411564e+01 9.183333e+00
      vertex   1.524666e+02 -8.402310e+01 5.350000e+00
    endloop
  endfacet
  facet normal -5.000000e-01 8.660254e-01 0.000000e+00
    outer loop
      vertex   1.524666e+02 -8.402310e+01 5.350000e+00
      vertex   1.523064e+02 -8.411564e+01 9.183333e+00
      vertex   1.524666e+02 -8.402310e+01 9.183333e+00
    endloop
  endfacet
  facet normal -6.324454e-01 7.746050e-01 0.000000e+00
    outer loop
      vertex   1.524666e+02 -8.402310e+01 5.350000e+00
      vertex   1.524666e+02 -8.402310e+01 9.183333e+00
      vertex   1.526100e+02 -8.390605e+01 5.350000e+00
    endloop
  endfacet
  facet normal -6.324454e-01 7.746050e-01 0.000000e+00
    outer loop
      vertex   1.526100e+02 -8.390605e+01 5.350000e+00
      vertex   1.524666e+02 -8.402310e+01 9.183333e+00
      vertex   1.526100e+02 -8.390605e+01 9.183333e+00
    endloop
  endfacet
  facet normal -7.485107e-01 6.631227e-01 0.000000e+00
    outer loop
      vertex   1.526100e+02 -8.390605e+01 5.350000e+00
      vertex   1.526100e+02 -8.390605e+01 9.183333e+00
      vertex   1.527327e+02 -8.376752e+01 5.350000e+00
    endloop
  endfacet
  facet normal -7.485107e-01 6.631227e-01 0.000000e+00
    outer loop
      vertex   1.527327e+02 -8.376752e+01 5.350000e+00
      vertex   1.526100e+02 -8.390605e+01 9.183333e+00
      vertex   1.527327e+02 -8.376752e+01 9.183333e+00
    endloop
  endfacet
  facet normal -8.451901e-01 5.344658e-01 0.000000e+00
    outer loop
      vertex   1.527327e+02 -8.376752e+01 5.350000e+00
      vertex   1.527327e+02 -8.376752e+01 9.183333e+00
      vertex   1.528316e+02 -8.361110e+01 5.350000e+00
    endloop
  endfacet
  facet normal -8.451901e-01 5.344658e-01 0.000000e+00
    outer loop
      vertex   1.528316e+02 -8.361110e+01 5.350000e+00
      vertex   1.527327e+02 -8.376752e+01 9.183333e+00
      vertex   1.528316e+02 -8.361110e+01 9.183333e+00
    endloop
  endfacet
  facet normal -9.199794e-01 3.919666e-01 0.000000e+00
    outer loop
      vertex   1.528316e+02 -8.361110e+01 5.350000e+00
      vertex   1.528316e+02 -8.361110e+01 9.183333e+00
      vertex   1.529042e+02 -8.344084e+01 5.350000e+00
    endloop
  endfacet
  facet normal -9.199794e-01 3.919666e-01 0.000000e+00
    outer loop
      vertex   1.529042e+02 -8.344084e+01 5.350000e+00
      vertex   1.528316e+02 -8.361110e+01 9.183333e+00
      vertex   1.529042e+02 -8.344084e+01 9.183333e+00
    endloop
  endfacet
  facet normal -9.709418e-01 2.393157e-01 0.000000e+00
    outer loop
      vertex   1.529042e+02 -8.344084e+01 5.350000e+00
      vertex   1.529042e+02 -8.344084e+01 9.183333e+00
      vertex   1.529485e+02 -8.326114e+01 5.350000e+00
    endloop
  endfacet
  facet normal -9.709418e-01 2.393157e-01 0.000000e+00
    outer loop
      vertex   1.529485e+02 -8.326114e+01 5.350000e+00
      vertex   1.529042e+02 -8.344084e+01 9.183333e+00
      vertex   1.529485e+02 -8.326114e+01 9.183333e+00
    endloop
  endfacet
  facet normal -9.967573e-01 8.046657e-02 0.000000e+00
    outer loop
      vertex   1.529634e+02 -8.307667e+01 1.301667e+01
      vertex   1.529634e+02 -8.307667e+01 9.183333e+00
      vertex   1.529485e+02 -8.326114e+01 1.301667e+01
    endloop
  endfacet
  facet normal -9.967573e-01 8.046657e-02 0.000000e+00
    outer loop
      vertex   1.529485e+02 -8.326114e+01 1.301667e+01
      vertex   1.529634e+02 -8.307667e+01 9.183333e+00
      vertex   1.529485e+02 -8.326114e+01 9.183333e+00
    endloop
  endfacet
  facet normal -9.709418e-01 2.393157e-01 0.000000e+00
    outer loop
      vertex   1.529485e+02 -8.326114e+01 1.301667e+01
      vertex   1.529485e+02 -8.326114e+01 9.183333e+00
      vertex   1.529042e+02 -8.344084e+01 1.301667e+01
    endloop
  endfacet
  facet normal -9.709418e-01 2.393157e-01 0.000000e+00
    outer loop
      vertex   1.529042e+02 -8.344084e+01 1.301667e+01
      vertex   1.529485e+02 -8.326114e+01 9.183333e+00
      vertex   1.529042e+02 -8.344084e+01 9.183333e+00
    endloop
  endfacet
  facet normal -9.199794e-01 3.919666e-01 0.000000e+00
    outer loop
      vertex   1.529042e+02 -8.344084e+01 1.301667e+01
      vertex   1.529042e+02 -8.344084e+01 9.183333e+00
      vertex   1.528316e+02 -8.361110e+01 1.301667e+01
    endloop
  endfacet
  facet normal -9.199794e-01 3.919666e-01 0.000000e+00
    outer loop
      vertex   1.528316e+02 -8.361110e+01 1.301667e+01
      vertex   1.529042e+02 -8.344084e+01 9.183333e+00
      vertex   1.528316e+02 -8.361110e+01 9.183333e+00
    endloop
  endfacet
  facet normal -8.451901e-01 5.344658e-01 0.000000e+00
    outer loop
      vertex   1.528316e+02 -8.361110e+01 1.301667e+01
      vertex   1.528316e+02 -8.361110e+01 9.183333e+00
      vertex   1.527327e+02 -8.376752e+01 1.301667e+01
    endloop
  endfacet
  facet normal -8.451901e-01 5.344658e-01 0.000000e+00
    outer loop
      vertex   1.527327e+02 -8.376752e+01 1.301667e+01
      vertex   1.528316e+02 -8.361110e+01 9.183333e+00
      vertex   1.527327e+02 -8.376752e+01 9.183333e+00
    endloop
  endfacet
  facet normal -7.485107e-01 6.631227e-01 0.000000e+00
    outer loop
      vertex   1.527327e+02 -8.376752e+01 1.301667e+01
      vertex   1.527327e+02 -8.376752e+01 9.183333e+00
      vertex   1.526100e+02 -8.390605e+01 1.301667e+01
    endloop
  endfacet
  facet normal -7.485107e-01 6.631227e-01 0.000000e+00
    outer loop
      vertex   1.526100e+02 -8.390605e+01 1.301667e+01
      vertex   1.527327e+02 -8.376752e+01 9.183333e+00
      vertex   1.526100e+02 -8.390605e+01 9.183333e+00
    endloop
  endfacet
  facet normal -6.324454e-01 7.746050e-01 0.000000e+00
    outer loop
      vertex   1.526100e+02 -8.390605e+01 1.301667e+01
      vertex   1.526100e+02 -8.390605e+01 9.183333e+00
      vertex   1.524666e+02 -8.402310e+01 1.301667e+01
    endloop
  endfacet
  facet normal -6.324454e-01 7.746050e-01 0.000000e+00
    outer loop
      vertex   1.524666e+02 -8.402310e+01 1.301667e+01
      vertex   1.526100e+02 -8.390605e+01 9.183333e+00
      vertex   1.524666e+02 -8.402310e+01 9.183333e+00
    endloop
  endfacet
  facet normal -5.000000e-01 8.660254e-01 0.000000e+00
    outer loop
      vertex   1.524666e+02 -8.402310e+01 1.301667e+01
      vertex   1.524666e+02 -8.402310e+01 9.183333e+00
      vertex   1.523064e+02 -8.411564e+01 1.301667e+01
    endloop
  endfacet
  facet normal -5.000000e-01 8.660254e-01 0.000000e+00
    outer loop
      vertex   1.523064e+02 -8.411564e+01 1.301667e+01
      vertex   1.524666e+02 -8.402310e+01 9.183333e+00
      vertex   1.523064e+02 -8.411564e+01 9.183333e+00
    endloop
  endfacet
  facet normal -3.546049e-01 9.350162e-01 0.000000e+00
    outer loop
      vertex   1.523064e+02 -8.411564e+01 1.301667e+01
      vertex   1.523064e+02 -8.411564e+01 9.183333e+00
      vertex   1.521333e+02 -8.418126e+01 1.301667e+01
    endloop
  endfacet
  facet normal -3.546049e-01 9.350162e-01 0.000000e+00
    outer loop
      vertex   1.521333e+02 -8.418126e+01 1.301667e+01
      vertex   1.523064e+02 -8.411564e+01 9.183333e+00
      vertex   1.521333e+02 -8.418126e+01 9.183333e+00
    endloop
  endfacet
  facet normal -2.000257e-01 9.797907e-01 0.000000e+00
    outer loop
      vertex   1.521333e+02 -8.418126e+01 1.301667e+01
      vertex   1.521333e+02 -8.418126e+01 9.183333e+00
      vertex   1.519520e+02 -8.421828e+01 1.301667e+01
    endloop
  endfacet
  facet normal -2.000257e-01 9.797907e-01 0.000000e+00
    outer loop
      vertex   1.519520e+02 -8.421828e+01 1.301667e+01
      vertex   1.521333e+02 -8.418126e+01 9.183333e+00
      vertex   1.519520e+02 -8.421828e+01 9.183333e+00
    endloop
  endfacet
  facet normal -4.026594e-02 9.991890e-01 0.000000e+00
    outer loop
      vertex   1.519520e+02 -8.421828e+01 1.301667e+01
      vertex   1.519520e+02 -8.421828e+01 9.183333e+00
      vertex   1.517671e+02 -8.422573e+01 1.301667e+01
    endloop
  endfacet
  facet normal -4.026594e-02 9.991890e-01 0.000000e+00
    outer loop
      vertex   1.517671e+02 -8.422573e+01 1.301667e+01
      vertex   1.519520e+02 -8.421828e+01 9.183333e+00
      vertex   1.517671e+02 -8.422573e+01 9.183333e+00
    endloop
  endfacet
  facet normal 1.205367e-01 9.927089e-01 0.000000e+00
    outer loop
      vertex   1.517671e+02 -8.422573e+01 1.301667e+01
      vertex   1.517671e+02 -8.422573e+01 9.183333e+00
      vertex   1.515833e+02 -8.420343e+01 1.301667e+01
    endloop
  endfacet
  facet normal 1.205367e-01 9.927089e-01 0.000000e+00
    outer loop
      vertex   1.515833e+02 -8.420343e+01 1.301667e+01
      vertex   1.517671e+02 -8.422573e+01 9.183333e+00
      vertex   1.515833e+02 -8.420343e+01 9.183333e+00
    endloop
  endfacet
  facet normal 2.782175e-01 9.605181e-01 0.000000e+00
    outer loop
      vertex   1.515833e+02 -8.420343e+01 1.301667e+01
      vertex   1.515833e+02 -8.420343e+01 9.183333e+00
      vertex   1.514056e+02 -8.415194e+01 1.301667e+01
    endloop
  endfacet
  facet normal 2.782175e-01 9.605181e-01 0.000000e+00
    outer loop
      vertex   1.514056e+02 -8.415194e+01 1.301667e+01
      vertex   1.515833e+02 -8.420343e+01 9.183333e+00
      vertex   1.514056e+02 -8.415194e+01 9.183333e+00
    endloop
  endfacet
  facet normal 4.286926e-01 9.034504e-01 0.000000e+00
    outer loop
      vertex   1.514056e+02 -8.415194e+01 1.301667e+01
      vertex   1.514056e+02 -8.415194e+01 9.183333e+00
      vertex   1.512384e+02 -8.407260e+01 1.301667e+01
    endloop
  endfacet
  facet normal 4.286926e-01 9.034504e-01 0.000000e+00
    outer loop
      vertex   1.512384e+02 -8.407260e+01 1.301667e+01
      vertex   1.514056e+02 -8.415194e+01 9.183333e+00
      vertex   1.512384e+02 -8.407260e+01 9.183333e+00
    endloop
  endfacet
  facet normal 5.680647e-01 8.229839e-01 0.000000e+00
    outer loop
      vertex   1.512384e+02 -8.407260e+01 1.301667e+01
      vertex   1.512384e+02 -8.407260e+01 9.183333e+00
      vertex   1.510861e+02 -8.396746e+01 1.301667e+01
    endloop
  endfacet
  facet normal 5.680647e-01 8.229839e-01 0.000000e+00
    outer loop
      vertex   1.510861e+02 -8.396746e+01 1.301667e+01
      vertex   1.512384e+02 -8.407260e+01 9.183333e+00
      vertex   1.510861e+02 -8.396746e+01 9.183333e+00
    endloop
  endfacet
  facet normal 6.927244e-01 7.212024e-01 0.000000e+00
    outer loop
      vertex   1.510861e+02 -8.396746e+01 1.301667e+01
      vertex   1.510861e+02 -8.396746e+01 9.183333e+00
      vertex   1.509526e+02 -8.383926e+01 1.301667e+01
    endloop
  endfacet
  facet normal 6.927244e-01 7.212024e-01 0.000000e+00
    outer loop
      vertex   1.509526e+02 -8.383926e+01 1.301667e+01
      vertex   1.510861e+02 -8.396746e+01 9.183333e+00
      vertex   1.509526e+02 -8.383926e+01 9.183333e+00
    endloop
  endfacet
  facet normal 7.994428e-01 6.007423e-01 0.000000e+00
    outer loop
      vertex   1.509526e+02 -8.383926e+01 1.301667e+01
      vertex   1.509526e+02 -8.383926e+01 9.183333e+00
      vertex   1.508414e+02 -8.369130e+01 1.301667e+01
    endloop
  endfacet
  facet normal 7.994428e-01 6.007423e-01 0.000000e+00
    outer loop
      vertex   1.508414e+02 -8.369130e+01 1.301667e+01
      vertex   1.509526e+02 -8.383926e+01 9.183333e+00
      vertex   1.508414e+02 -8.369130e+01 9.183333e+00
    endloop
  endfacet
  facet normal 8.854560e-01 4.647232e-01 0.000000e+00
    outer loop
      vertex   1.508414e+02 -8.369130e+01 1.301667e+01
      vertex   1.508414e+02 -8.369130e+01 9.183333e+00
      vertex   1.507554e+02 -8.352743e+01 1.301667e+01
    endloop
  endfacet
  facet normal 8.854560e-01 4.647232e-01 0.000000e+00
    outer loop
      vertex   1.507554e+02 -8.352743e+01 1.301667e+01
      vertex   1.508414e+02 -8.369130e+01 9.183333e+00
      vertex   1.507554e+02 -8.352743e+01 9.183333e+00
    endloop
  endfacet
  facet normal 9.485364e-01 3.166680e-01 0.000000e+00
    outer loop
      vertex   1.507554e+02 -8.352743e+01 1.301667e+01
      vertex   1.507554e+02 -8.352743e+01 9.183333e+00
      vertex   1.506968e+02 -8.335188e+01 1.301667e+01
    endloop
  endfacet
  facet normal 9.485364e-01 3.166680e-01 0.000000e+00
    outer loop
      vertex   1.506968e+02 -8.335188e+01 1.301667e+01
      vertex   1.507554e+02 -8.352743e+01 9.183333e+00
      vertex   1.506968e+02 -8.335188e+01 9.183333e+00
    endloop
  endfacet
  facet normal 9.870503e-01 1.604113e-01 0.000000e+00
    outer loop
      vertex   1.506968e+02 -8.335188e+01 1.301667e+01
      vertex   1.506968e+02 -8.335188e+01 9.183333e+00
      vertex   1.506671e+02 -8.316920e+01 1.301667e+01
    endloop
  endfacet
  facet normal 9.870503e-01 1.604113e-01 0.000000e+00
    outer loop
      vertex   1.506671e+02 -8.316920e+01 1.301667e+01
      vertex   1.506968e+02 -8.335188e+01 9.183333e+00
      vertex   1.506671e+02 -8.316920e+01 9.183333e+00
    endloop
  endfacet
  facet normal 1.000000e+00 -0.000000e+00 0.000000e+00
    outer loop
      vertex   1.506671e+02 -8.316920e+01 1.301667e+01
      vertex   1.506671e+02 -8.316920e+01 9.183333e+00
      vertex   1.506671e+02 -8.298413e+01 1.301667e+01
    endloop
  endfacet
  facet normal 1.000000e+00 0.000000e+00 0.000000e+00
    outer loop
      vertex   1.506671e+02 -8.298413e+01 1.301667e+01
      vertex   1.506671e+02 -8.316920e+01 9.183333e+00
      vertex   1.506671e+02 -8.298413e+01 9.183333e+00
    endloop
  endfacet
  facet normal 9.870503e-01 -1.604113e-01 0.000000e+00
    outer loop
      vertex   1.506671e+02 -8.298413e+01 1.301667e+01
      vertex   1.506671e+02 -8.298413e+01 9.183333e+00
      vertex   1.506968e+02 -8.280145e+01 1.301667e+01
    endloop
  endfacet
  facet normal 9.870503e-01 -1.604113e-01 0.000000e+00
    outer loop
      vertex   1.506968e+02 -8.280145e+01 1.301667e+01
      vertex   1.506671e+02 -8.298413e+01 9.183333e+00
      vertex   1.506968e+02 -8.280145e+01 9.183333e+00
    endloop
  endfacet
  facet normal 9.485364e-01 -3.166680e-01 0.000000e+00
    outer loop
      vertex   1.506968e+02 -8.280145e+01 1.301667e+01
      vertex   1.506968e+02 -8.280145e+01 9.183333e+00
      vertex   1.507554e+02 -8.262591e+01 1.301667e+01
    endloop
  endfacet
  facet normal 9.485364e-01 -3.166680e-01 0.000000e+00
    outer loop
      vertex   1.507554e+02 -8.262591e+01 1.301667e+01
      vertex   1.506968e+02 -8.280145e+01 9.183333e+00
      vertex   1.507554e+02 -8.262591e+01 9.183333e+00
    endloop
  endfacet
  facet normal 8.854560e-01 -4.647232e-01 0.000000e+00
    outer loop
      vertex   1.507554e+02 -8.262591e+01 1.301667e+01
      vertex   1.507554e+02 -8.262591e+01 9.183333e+00
      vertex   1.508414e+02 -8.246203e+01 1.301667e+01
    endloop
  endfacet
  facet normal 8.854560e-01 -4.647232e-01 0.000000e+00
    outer loop
      vertex   1.508414e+02 -8.246203e+01 1.301667e+01
      vertex   1.507554e+02 -8.262591e+01 9.183333e+00
      vertex   1.508414e+02 -8.246203e+01 9.183333e+00
    endloop
  endfacet
  facet normal 7.994428e-01 -6.007423e-01 0.000000e+00
    outer loop
      vertex   1.508414e+02 -8.246203e+01 1.301667e+01
      vertex   1.508414e+02 -8.246203e+01 9.183333e+00
      vertex   1.509526e+02 -8.231408e+01 1.301667e+01
    endloop
  endfacet
  facet normal 7.994428e-01 -6.007423e-01 0.000000e+00
    outer loop
      vertex   1.509526e+02 -8.231408e+01 1.301667e+01
      vertex   1.508414e+02 -8.246203e+01 9.183333e+00
      vertex   1.509526e+02 -8.231408e+01 9.183333e+00
    endloop
  endfacet
  facet normal 6.927244e-01 -7.212024e-01 0.000000e+00
    outer loop
      vertex   1.509526e+02 -8.231408e+01 1.301667e+01
      vertex   1.509526e+02 -8.231408e+01 9.183333e+00
      vertex   1.510861e+02 -8.218587e+01 1.301667e+01
    endloop
  endfacet
  facet normal 6.927244e-01 -7.212024e-01 0.000000e+00
    outer loop
      vertex   1.510861e+02 -8.218587e+01 1.301667e+01
      vertex   1.509526e+02 -8.231408e+01 9.183333e+00
      vertex   1.510861e+02 -8.218587e+01 9.183333e+00
    endloop
  endfacet
  facet normal 5.680647e-01 -8.229839e-01 0.000000e+00
    outer loop
      vertex   1.510861e+02 -8.218587e+01 1.301667e+01
      vertex   1.510861e+02 -8.218587e+01 9.183333e+00
      vertex   1.512384e+02 -8.208074e+01 1.301667e+01
    endloop
  endfacet
  facet normal 5.680647e-01 -8.229839e-01 0.000000e+00
    outer loop
      vertex   1.512384e+02 -8.208074e+01 1.301667e+01
      vertex   1.510861e+02 -8.218587e+01 9.183333e+00
      vertex   1.512384e+02 -8.208074e+01 9.183333e+00
    endloop
  endfacet
  facet normal 4.286926e-01 -9.034504e-01 0.000000e+00
    outer loop
      vertex   1.512384e+02 -8.208074e+01 1.301667e+01
      vertex   1.512384e+02 -8.208074e+01 9.183333e+00
      vertex   1.514056e+02 -8.200140e+01 1.301667e+01
    endloop
  endfacet
  facet normal 4.286926e-01 -9.034504e-01 0.000000e+00
    outer loop
      vertex   1.514056e+02 -8.200140e+01 1.301667e+01
      vertex   1.512384e+02 -8.208074e+01 9.183333e+00
      vertex   1.514056e+02 -8.200140e+01 9.183333e+00
    endloop
  endfacet
  facet normal 2.782175e-01 -9.605181e-01 0.000000e+00
    outer loop
      vertex   1.514056e+02 -8.200140e+01 1.301667e+01
      vertex   1.514056e+02 -8.200140e+01 9.183333e+00
      vertex   1.515833e+02 -8.194991e+01 1.301667e+01
    endloop
  endfacet
  facet normal 2.782175e-01 -9.605181e-01 0.000000e+00
    outer loop
      vertex   1.515833e+02 -8.194991e+01 1.301667e+01
      vertex   1.514056e+02 -8.200140e+01 9.183333e+00
      vertex   1.515833e+02 -8.194991e+01 9.183333e+00
    endloop
  endfacet
  facet normal 1.205367e-01 -9.927089e-01 0.000000e+00
    outer loop
      vertex   1.515833e+02 -8.194991e+01 1.301667e+01
      vertex   1.515833e+02 -8.194991e+01 9.183333e+00
      vertex   1.517671e+02 -8.192760e+01 1.301667e+01
    endloop
  endfacet
  facet normal 1.205367e-01 -9.927089e-01 0.000000e+00
    outer loop
      vertex   1.517671e+02 -8.192760e+01 1.301667e+01
      vertex   1.515833e+02 -8.194991e+01 9.183333e+00
      vertex   1.517671e+02 -8.192760e+01 9.183333e+00
    endloop
  endfacet
  facet normal -4.026594e-02 -9.991890e-01 -0.000000e+00
    outer loop
      vertex   1.517671e+02 -8.192760e+01 1.301667e+01
      vertex   1.517671e+02 -8.192760e+01 9.183333e+00
      vertex   1.519520e+02 -8.193505e+01 1.301667e+01
    endloop
  endfacet
  facet normal -4.026594e-02 -9.991890e-01 -0.000000e+00
    outer loop
      vertex   1.519520e+02 -8.193505e+01 1.301667e+01
      vertex   1.517671e+02 -8.192760e+01 9.183333e+00
      vertex   1.519520e+02 -8.193505e+01 9.183333e+00
    endloop
  endfacet
  facet normal -2.000257e-01 -9.797907e-01 -0.000000e+00
    outer loop
      vertex   1.519520e+02 -8.193505e+01 1.301667e+01
      vertex   1.519520e+02 -8.193505e+01 9.183333e+00
      vertex   1.521333e+02 -8.197207e+01 1.301667e+01
    endloop
  endfacet
  facet normal -2.000257e-01 -9.797907e-01 -0.000000e+00
    outer loop
      vertex   1.521333e+02 -8.197207e+01 1.301667e+01
      vertex   1.519520e+02 -8.193505e+01 9.183333e+00
      vertex   1.521333e+02 -8.197207e+01 9.183333e+00
    endloop
  endfacet
  facet normal -3.546049e-01 -9.350162e-01 -0.000000e+00
    outer loop
      vertex   1.521333e+02 -8.197207e+01 1.301667e+01
      vertex   1.521333e+02 -8.197207e+01 9.183333e+00
      vertex   1.523064e+02 -8.203770e+01 1.301667e+01
    endloop
  endfacet
  facet normal -3.546049e-01 -9.350162e-01 -0.000000e+00
    outer loop
      vertex   1.523064e+02 -8.203770e+01 1.301667e+01
      vertex   1.521333e+02 -8.197207e+01 9.183333e+00
      vertex   1.523064e+02 -8.203770e+01 9.183333e+00
    endloop
  endfacet
  facet normal -5.000000e-01 -8.660254e-01 -0.000000e+00
    outer loop
      vertex   1.523064e+02 -8.203770e+01 1.301667e+01
      vertex   1.523064e+02 -8.203770e+01 9.183333e+00
      vertex   1.524666e+02 -8.213024e+01 1.301667e+01
    endloop
  endfacet
  facet normal -5.000000e-01 -8.660254e-01 -0.000000e+00
    outer loop
      vertex   1.524666e+02 -8.213024e+01 1.301667e+01
      vertex   1.523064e+02 -8.203770e+01 9.183333e+00
      vertex   1.524666e+02 -8.213024e+01 9.183333e+00
    endloop
  endfacet
  facet normal -6.324454e-01 -7.746050e-01 -0.000000e+00
    outer loop
      vertex   1.524666e+02 -8.213024e+01 1.301667e+01
      vertex   1.524666e+02 -8.213024e+01 9.183333e+00
      vertex   1.526100e+02 -8.224728e+01 1.301667e+01
    endloop
  endfacet
  facet normal -6.324454e-01 -7.746050e-01 -0.000000e+00
    outer loop
      vertex   1.526100e+02 -8.224728e+01 1.301667e+01
      vertex   1.524666e+02 -8.213024e+01 9.183333e+00
      vertex   1.526100e+02 -8.224728e+01 9.183333e+00
    endloop
  endfacet
  facet normal -7.485107e-01 -6.631227e-01 -0.000000e+00
    outer loop
      vertex   1.526100e+02 -8.224728e+01 1.301667e+01
      vertex   1.526100e+02 -8.224728e+01 9.183333e+00
      vertex   1.527327e+02 -8.238581e+01 1.301667e+01
    endloop
  endfacet
  facet normal -7.485107e-01 -6.631227e-01 -0.000000e+00
    outer loop
      vertex   1.527327e+02 -8.238581e+01 1.301667e+01
      vertex   1.526100e+02 -8.224728e+01 9.183333e+00
      vertex   1.527327e+02 -8.238581e+01 9.183333e+00
    endloop
  endfacet
  facet normal -8.451901e-01 -5.344658e-01 -0.000000e+00
    outer loop
      vertex   1.527327e+02 -8.238581e+01 1.301667e+01
      vertex   1.527327e+02 -8.238581e+01 9.183333e+00
      vertex   1.528316e+02 -8.254224e+01 1.301667e+01
    endloop
  endfacet
  facet normal -8.451901e-01 -5.344658e-01 -0.000000e+00
    outer loop
      vertex   1.528316e+02 -8.254224e+01 1.301667e+01
      vertex   1.527327e+02 -8.238581e+01 9.183333e+00
      vertex   1.528316e+02 -8.254224e+01 9.183333e+00
    endloop
  endfacet
  facet normal -9.199794e-01 -3.919666e-01 -0.000000e+00
    outer loop
      vertex   1.528316e+02 -8.254224e+01 1.301667e+01
      vertex   1.528316e+02 -8.254224e+01 9.183333e+00
      vertex   1.529042e+02 -8.271250e+01 1.301667e+01
    endloop
  endfacet
  facet normal -9.199794e-01 -3.919666e-01 -0.000000e+00
    outer loop
      vertex   1.529042e+02 -8.271250e+01 1.301667e+01
      vertex   1.528316e+02 -8.254224e+01 9.183333e+00
      vertex   1.529042e+02 -8.271250e+01 9.183333e+00
    endloop
  endfacet
  facet normal -9.709418e-01 -2.393157e-01 -0.000000e+00
    outer loop
      vertex   1.529042e+02 -8.271250e+01 1.301667e+01
      vertex   1.529042e+02 -8.271250e+01 9.183333e+00
      vertex   1.529485e+02 -8.289219e+01 1.301667e+01
    endloop
  endfacet
  facet normal -9.709418e-01 -2.393157e-01 -0.000000e+00
    outer loop
      vertex   1.529485e+02 -8.289219e+01 1.301667e+01
      vertex   1.529042e+02 -8.271250e+01 9.183333e+00
      vertex   1.529485e+02 -8.289219e+01 9.183333e+00
    endloop
  endfacet
  facet normal -9.967573e-01 -8.046657e-02 -0.000000e+00
    outer loop
      vertex   1.529485e+02 -8.289219e+01 1.301667e+01
      vertex   1.529485e+02 -8.289219e+01 9.183333e+00
      vertex   1.529634e+02 -8.307667e+01 1.301667e+01
    endloop
  endfacet
  facet normal -9.967573e-01 -8.046657e-02 -0.000000e+00
    outer loop
      vertex   1.529634e+02 -8.307667e+01 1.301667e+01
      vertex   1.529485e+02 -8.289219e+01 9.183333e+00
      vertex   1.529634e+02 -8.307667e+01 9.183333e+00
    endloop
  endfacet
  facet normal -0.000000e+00 0.000000e+00 -1.000000e+00
    outer loop
      vertex   1.529634e+02 -8.307667e+01 1.685000e+01
      vertex   1.529485e+02 -8.326114e+01 1.685000e+01
      vertex   1.529485e+02 -8.289219e+01 1.685000e+01
    endloop
  endfacet
  facet normal 0.000000e+00 -0.000000e+00 -1.000000e+00
    outer loop
      vertex   1.529485e+02 -8.289219e+01 1.685000e+01
      vertex   1.529485e+02 -8.326114e+01 1.685000e+01
      vertex   1.529042e+02 -8.344084e+01 1.685000e+01
    endloop
  endfacet
  facet normal -0.000000e+00 0.000000e+00 -1.000000e+00
    outer loop
      vertex   1.529485e+02 -8.289219e+01 1.685000e+01
      vertex   1.529042e+02 -8.344084e+01 1.685000e+01
      vertex   1.529042e+02 -8.271250e+01 1.685000e+01
    endloop
  endfacet
  facet normal 0.000000e+00 -0.000000e+00 -1.000000e+00
    outer loop
      vertex   1.529042e+02 -8.271250e+01 1.685000e+01
      vertex   1.529042e+02 -8.344084e+01 1.685000e+01
      vertex   1.528316e+02 -8.361110e+01 1.685000e+01
    endloop
  endfacet
  facet normal -0.000000e+00 0.000000e+00 -1.000000e+00
    outer loop
      vertex   1.529042e+02 -8.271250e+01 1.685000e+01
      vertex   1.528316e+02 -8.361110e+01 1.685000e+01
      vertex   1.528316e+02 -8.254224e+01 1.685000e+01
    endloop
  endfacet
  facet normal 0.000000e+00 -0.000000e+00 -1.000000e+00
    outer loop
      vertex   1.528316e+02 -8.254224e+01 1.685000e+01
      vertex   1.528316e+02 -8.361110e+01 1.685000e+01
      vertex   1.527327e+02 -8.376752e+01 1.685000e+01
    endloop
  endfacet
  facet normal 0.000000e+00 0.000000e+00 -1.000000e+00
    outer loop
      vertex   1.528316e+02 -8.254224e+01 1.685000e+01
      vertex   1.527327e+02 -8.376752e+01 1.685000e+01
      vertex   1.526100e+02 -8.390605e+01 1.685000e+01
    endloop
  endfacet
  facet normal -0.000000e+00 0.000000e+00 -1.000000e+00
    outer loop
      vertex   1.526100e+02 -8.390605e+01 1.685000e+01
      vertex   1.524666e+02 -8.402310e+01 1.685000e+01
      vertex   1.528316e+02 -8.254224e+01 1.685000e+01
    endloop
  endfacet
  facet normal 0.000000e+00 0.000000e+00 -1.000000e+00
    outer loop
      vertex   1.528316e+02 -8.254224e+01 1.685000e+01
      vertex   1.524666e+02 -8.402310e+01 1.685000e+01
      vertex   1.523064e+02 -8.411564e+01 1.685000e+01
    endloop
  endfacet
  facet normal 0.000000e+00 0.000000e+00 -1.000000e+00
    outer loop
      vertex   1.528316e+02 -8.254224e+01 1.685000e+01
      vertex   1.523064e+02 -8.411564e+01 1.685000e+01
      vertex   1.521333e+02 -8.418126e+01 1.685000e+01
    endloop
  endfacet
  facet normal -0.000000e+00 0.000000e+00 -1.000000e+00
    outer loop
      vertex   1.521333e+02 -8.418126e+01 1.685000e+01
      vertex   1.519520e+02 -8.421828e+01 1.685000e+01
      vertex   1.528316e+02 -8.254224e+01 1.685000e+01
    endloop
  endfacet
  facet normal 0.000000e+00 0.000000e+00 -1.000000e+00
    outer loop
      vertex   1.528316e+02 -8.254224e+01 1.685000e+01
      vertex   1.519520e+02 -8.421828e+01 1.685000e+01
      vertex   1.517671e+02 -8.422573e+01 1.685000e+01
    endloop
  endfacet
  facet normal 0.000000e+00 0.000000e+00 -1.000000e+00
    outer loop
      vertex   1.528316e+02 -8.254224e+01 1.685000e+01
      vertex   1.517671e+02 -8.422573e+01 1.685000e+01
      vertex   1.515833e+02 -8.420343e+01 1.685000e+01
    endloop
  endfacet
  facet normal 0.000000e+00 0.000000e+00 -1.000000e+00
    outer loop
      vertex   1.515833e+02 -8.420343e+01 1.685000e+01
      vertex   1.514056e+02 -8.415194e+01 1.685000e+01
      vertex   1.528316e+02 -8.254224e+01 1.685000e+01
    endloop
  endfacet
  facet normal 0.000000e+00 0.000000e+00 -1.000000e+00
    outer loop
      vertex   1.528316e+02 -8.254224e+01 1.685000e+01
      vertex   1.514056e+02 -8.415194e+01 1.685000e+01
      vertex   1.512384e+02 -8.407260e+01 1.685000e+01
    endloop
  endfacet
  facet normal -0.000000e+00 0.000000e+00 -1.000000e+00
    outer loop
      vertex   1.528316e+02 -8.254224e+01 1.685000e+01
      vertex   1.512384e+02 -8.407260e+01 1.685000e+01
      vertex   1.527327e+02 -8.238581e+01 1.685000e+01
    endloop
  endfacet
  facet normal 0.000000e+00 0.000000e+00 -1.000000e+00
    outer loop
      vertex   1.527327e+02 -8.238581e+01 1.685000e+01
      vertex   1.512384e+02 -8.407260e+01 1.685000e+01
      vertex   1.510861e+02 -8.396746e+01 1.685000e+01
    endloop
  endfacet
  facet normal 0.000000e+00 0.000000e+00 -1.000000e+00
    outer loop
      vertex   1.527327e+02 -8.238581e+01 1.685000e+01
      vertex   1.510861e+02 -8.396746e+01 1.685000e+01
      vertex   1.509526e+02 -8.383926e+01 1.685000e+01
    endloop
  endfacet
  facet normal 0.000000e+00 0.000000e+00 -1.000000e+00
    outer loop
      vertex   1.509526e+02 -8.383926e+01 1.685000e+01
      vertex   1.508414e+02 -8.369130e+01 1.685000e+01
      vertex   1.527327e+02 -8.238581e+01 1.685000e+01
    endloop
  endfacet
  facet normal 0.000000e+00 0.000000e+00 -1.000000e+00
    outer loop
      vertex   1.527327e+02 -8.238581e+01 1.685000e+01
      vertex   1.508414e+02 -8.369130e+01 1.685000e+01
      vertex   1.507554e+02 -8.352743e+01 1.685000e+01
    endloop
  endfacet
  facet normal 0.000000e+00 0.000000e+00 -1.000000e+00
    outer loop
      vertex   1.527327e+02 -8.238581e+01 1.685000e+01
      vertex   1.507554e+02 -8.352743e+01 1.685000e+01
      vertex   1.506968e+02 -8.335188e+01 1.685000e+01
    endloop
  endfacet
  facet normal 0.000000e+00 0.000000e+00 -1.000000e+00
    outer loop
      vertex   1.506968e+02 -8.335188e+01 1.685000e+01
      vertex   1.506671e+02 -8.316920e+01 1.685000e+01
      vertex   1.527327e+02 -8.238581e+01 1.685000e+01
    endloop
  endfacet
  facet normal 0.000000e+00 0.000000e+00 -1.000000e+00
    outer loop
      vertex   1.527327e+02 -8.238581e+01 1.685000e+01
      vertex   1.506671e+02 -8.316920e+01 1.685000e+01
      vertex   1.506671e+02 -8.298413e+01 1.685000e+01
    endloop
  endfacet
  facet normal 0.000000e+00 0.000000e+00 -1.000000e+00
    outer loop
      vertex   1.527327e+02 -8.238581e+01 1.685000e+01
      vertex   1.506671e+02 -8.298413e+01 1.685000e+01
      vertex   1.506968e+02 -8.280145e+01 1.685000e+01
    endloop
  endfacet
  facet normal 0.000000e+00 0.000000e+00 -1.000000e+00
    outer loop
      vertex   1.506968e+02 -8.280145e+01 1.685000e+01
      vertex   1.507554e+02 -8.262591e+01 1.685000e+01
      vertex   1.527327e+02 -8.238581e+01 1.685000e+01
    endloop
  endfacet
  facet normal 0.000000e+00 0.000000e+00 -1.000000e+00
    outer loop
      vertex   1.527327e+02 -8.238581e+01 1.685000e+01
      vertex   1.507554e+02 -8.262591e+01 1.685000e+01
      vertex   1.508414e+02 -8.246203e+01 1.685000e+01
    endloop
  endfacet
  facet normal -0.000000e+00 0.000000e+00 -1.000000e+00
    outer loop
      vertex   1.527327e+02 -8.238581e+01 1.685000e+01
      vertex   1.508414e+02 -8.246203e+01 1.685000e+01
      vertex   1.509526e+02 -8.231408e+01 1.685000e+01
    endloop
  endfacet
  facet normal 0.000000e+00 0.000000e+00 -1.000000e+00
    outer loop
      vertex   1.527327e+02 -8.238581e+01 1.685000e+01
      vertex   1.509526e+02 -8.231408e+01 1.685000e+01
      vertex   1.526100e+02 -8.224728e+01 1.685000e+01
    endloop
  endfacet
  facet normal -0.000000e+00 0.000000e+00 -1.000000e+00
    outer loop
      vertex   1.526100e+02 -8.224728e+01 1.685000e+01
      vertex   1.509526e+02 -8.231408e+01 1.685000e+01
      vertex   1.510861e+02 -8.218587e+01 1.685000e+01
    endloop
  endfacet
  facet normal 0.000000e+00 0.000000e+00 -1.000000e+00
    outer loop
      vertex   1.526100e+02 -8.224728e+01 1.685000e+01
      vertex   1.510861e+02 -8.218587e+01 1.685000e+01
      vertex   1.524666e+02 -8.213024e+01 1.685000e+01
    endloop
  endfacet
  facet normal -0.000000e+00 0.000000e+00 -1.000000e+00
    outer loop
      vertex   1.524666e+02 -8.213024e+01 1.685000e+01
      vertex   1.510861e+02 -8.218587e+01 1.685000e+01
      vertex   1.512384e+02 -8.208074e+01 1.685000e+01
    endloop
  endfacet
  facet normal 0.000000e+00 0.000000e+00 -1.000000e+00
    outer loop
      vertex   1.524666e+02 -8.213024e+01 1.685000e+01
      vertex   1.512384e+02 -8.208074e+01 1.685000e+01
      vertex   1.523064e+02 -8.203770e+01 1.685000e+01
    endloop
  endfacet
  facet normal -0.000000e+00 0.000000e+00 -1.000000e+00
    outer loop
      vertex   1.523064e+02 -8.203770e+01 1.685000e+01
      vertex   1.512384e+02 -8.208074e+01 1.685000e+01
      vertex   1.514056e+02 -8.200140e+01 1.685000e+01
    endloop
  endfacet
  facet normal 0.000000e+00 0.000000e+00 -1.000000e+00
    outer loop
      vertex   1.523064e+02 -8.203770e+01 1.685000e+01
      vertex   1.514056e+02 -8.200140e+01 1.685000e+01
      vertex   1.521333e+02 -8.197207e+01 1.685000e+01
    endloop
  endfacet
  facet normal -0.000000e+00 0.000000e+00 -1.000000e+00
    outer loop
      vertex   1.521333e+02 -8.197207e+01 1.685000e+01
      vertex   1.514056e+02 -8.200140e+01 1.685000e+01
      vertex   1.515833e+02 -8.194991e+01 1.685000e+01
    endloop
  endfacet
  facet normal 0.000000e+00 0.000000e+00 -1.000000e+00
    outer loop
      vertex   1.521333e+02 -8.197207e+01 1.685000e+01
      vertex   1.515833e+02 -8.194991e+01 1.685000e+01
      vertex   1.519520e+02 -8.193505e+01 1.685000e+01
    endloop
  endfacet
  facet normal -0.000000e+00 0.000000e+00 -1.000000e+00
    outer loop
      vertex   1.519520e+02 -8.193505e+01 1.685000e+01
      vertex   1.515833e+02 -8.194991e+01 1.685000e+01
      vertex   1.517671e+02 -8.192760e+01 1.685000e+01
    endloop
  endfacet
  facet normal 1.000000e+00 0.000000e+00 0.000000e+00
    outer loop
      vertex   1.562000e+02 -6.515000e+01 1.985000e+01
      vertex   1.562000e+02 -8.309939e+01 1.985000e+01
      vertex   1.562000e+02 -6.515000e+01 5.350000e+00
    endloop
  endfacet
  facet normal 1.000000e+00 0.000000e+00 0.000000e+00
    outer loop
      vertex   1.562000e+02 -6.515000e+01 5.350000e+00
      vertex   1.562000e+02 -8.309939e+01 1.985000e+01
      vertex   1.562000e+02 -8.309939e+01 5.350000e+00
    endloop
  endfacet
  facet normal 8.661856e-01 -4.997225e-01 0.000000e+00
    outer loop
      vertex   1.562000e+02 -8.309939e+01 1.985000e+01
      vertex   1.510650e+02 -9.200000e+01 1.985000e+01
      vertex   1.562000e+02 -8.309939e+01 5.350000e+00
    endloop
  endfacet
  facet normal 8.661856e-01 -4.997225e-01 2.813471e-18
    outer loop
      vertex   1.562000e+02 -8.309939e+01 5.350000e+00
      vertex   1.510650e+02 -9.200000e+01 1.985000e+01
      vertex   1.510650e+02 -9.200000e+01 5.350000e+00
    endloop
  endfacet
  facet normal 7.071068e-01 7.071068e-01 0.000000e+00
    outer loop
      vertex   1.688106e+02 -2.295625e+01 1.985000e+01
      vertex   1.746875e+02 -2.883317e+01 1.985000e+01
      vertex   1.688106e+02 -2.295625e+01 5.350000e+00
    endloop
  endfacet
  facet normal 7.071068e-01 7.071068e-01 -2.608597e-17
    outer loop
      vertex   1.688106e+02 -2.295625e+01 5.350000e+00
      vertex   1.746875e+02 -2.883317e+01 1.985000e+01
      vertex   1.746875e+02 -2.883317e+01 5.350000e+00
    endloop
  endfacet
  facet normal 1.000000e+00 0.000000e+00 0.000000e+00
    outer loop
      vertex   1.746875e+02 -2.883317e+01 1.985000e+01
      vertex   1.746875e+02 -5.927308e+01 1.985000e+01
      vertex   1.746875e+02 -2.883317e+01 5.350000e+00
    endloop
  endfacet
  facet normal 1.000000e+00 0.000000e+00 0.000000e+00
    outer loop
      vertex   1.746875e+02 -2.883317e+01 5.350000e+00
      vertex   1.746875e+02 -5.927308e+01 1.985000e+01
      vertex   1.746875e+02 -5.927308e+01 5.350000e+00
    endloop
  endfacet
  facet normal 7.071068e-01 -7.071068e-01 0.000000e+00
    outer loop
      vertex   1.746875e+02 -5.927308e+01 1.985000e+01
      vertex   1.688106e+02 -6.515000e+01 1.985000e+01
      vertex   1.746875e+02 -5.927308e+01 5.350000e+00
    endloop
  endfacet
  facet normal 7.071068e-01 -7.071068e-01 2.245747e-17
    outer loop
      vertex   1.746875e+02 -5.927308e+01 5.350000e+00
      vertex   1.688106e+02 -6.515000e+01 1.985000e+01
      vertex   1.688106e+02 -6.515000e+01 5.350000e+00
    endloop
  endfacet
  facet normal -0.000000e+00 -1.000000e+00 -0.000000e+00
    outer loop
      vertex   1.688106e+02 -6.515000e+01 1.985000e+01
      vertex   1.562000e+02 -6.515000e+01 1.985000e+01
      vertex   1.688106e+02 -6.515000e+01 5.350000e+00
    endloop
  endfacet
  facet normal 0.000000e+00 -1.000000e+00 0.000000e+00
    outer loop
      vertex   1.688106e+02 -6.515000e+01 5.350000e+00
      vertex   1.562000e+02 -6.515000e+01 1.985000e+01
      vertex   1.562000e+02 -6.515000e+01 5.350000e+00
    endloop
  endfacet
  facet normal 0.000000e+00 0.000000e+00 -1.000000e+00
    outer loop
      vertex   1.562000e+02 -6.515000e+01 5.350000e+00
      vertex   1.655797e+02 -5.735000e+01 5.350000e+00
      vertex   1.688106e+02 -6.515000e+01 5.350000e+00
    endloop
  endfacet
  facet normal 0.000000e+00 0.000000e+00 -1.000000e+00
    outer loop
      vertex   1.688106e+02 -6.515000e+01 5.350000e+00
      vertex   1.655797e+02 -5.735000e+01 5.350000e+00
      vertex   1.668875e+02 -5.604222e+01 5.350000e+00
    endloop
  endfacet
  facet normal 0.000000e+00 0.000000e+00 -1.000000e+00
    outer loop
      vertex   1.688106e+02 -6.515000e+01 5.350000e+00
      vertex   1.668875e+02 -5.604222e+01 5.350000e+00
      vertex   1.746875e+02 -5.927308e+01 5.350000e+00
    endloop
  endfacet
  facet normal 0.000000e+00 0.000000e+00 -1.000000e+00
    outer loop
      vertex   1.746875e+02 -5.927308e+01 5.350000e+00
      vertex   1.668875e+02 -5.604222e+01 5.350000e+00
      vertex   1.696446e+02 -2.959886e+01 5.350000e+00
    endloop
  endfacet
  facet normal 0.000000e+00 0.000000e+00 -1.000000e+00
    outer loop
      vertex   1.746875e+02 -5.927308e+01 5.350000e+00
      vertex   1.696446e+02 -2.959886e+01 5.350000e+00
      vertex   1.697880e+02 -2.948181e+01 5.350000e+00
    endloop
  endfacet
  facet normal 0.000000e+00 0.000000e+00 -1.000000e+00
    outer loop
      vertex   1.562000e+02 -8.309939e+01 5.350000e+00
      vertex   1.528316e+02 -8.254224e+01 5.350000e+00
      vertex   1.562000e+02 -6.515000e+01 5.350000e+00
    endloop
  endfacet
  facet normal 0.000000e+00 0.000000e+00 -1.000000e+00
    outer loop
      vertex   1.562000e+02 -6.515000e+01 5.350000e+00
      vertex   1.528316e+02 -8.254224e+01 5.350000e+00
      vertex   1.527327e+02 -8.238581e+01 5.350000e+00
    endloop
  endfacet
  facet normal 0.000000e+00 0.000000e+00 -1.000000e+00
    outer loop
      vertex   1.562000e+02 -6.515000e+01 5.350000e+00
      vertex   1.527327e+02 -8.238581e+01 5.350000e+00
      vertex   1.526100e+02 -8.224728e+01 5.350000e+00
    endloop
  endfacet
  facet normal 0.000000e+00 0.000000e+00 -1.000000e+00
    outer loop
      vertex   1.510650e+02 -9.200000e+01 5.350000e+00
      vertex   1.528316e+02 -8.361110e+01 5.350000e+00
      vertex   1.562000e+02 -8.309939e+01 5.350000e+00
    endloop
  endfacet
  facet normal 0.000000e+00 0.000000e+00 -1.000000e+00
    outer loop
      vertex   1.562000e+02 -8.309939e+01 5.350000e+00
      vertex   1.528316e+02 -8.361110e+01 5.350000e+00
      vertex   1.529042e+02 -8.344084e+01 5.350000e+00
    endloop
  endfacet
  facet normal 0.000000e+00 0.000000e+00 -1.000000e+00
    outer loop
      vertex   1.562000e+02 -8.309939e+01 5.350000e+00
      vertex   1.529042e+02 -8.344084e+01 5.350000e+00
      vertex   1.529485e+02 -8.326114e+01 5.350000e+00
    endloop
  endfacet
  facet normal 0.000000e+00 0.000000e+00 -1.000000e+00
    outer loop
      vertex   1.494828e+02 -9.200000e+01 5.350000e+00
      vertex   1.509526e+02 -8.383926e+01 5.350000e+00
      vertex   1.510650e+02 -9.200000e+01 5.350000e+00
    endloop
  endfacet
  facet normal 0.000000e+00 0.000000e+00 -1.000000e+00
    outer loop
      vertex   1.510650e+02 -9.200000e+01 5.350000e+00
      vertex   1.509526e+02 -8.383926e+01 5.350000e+00
      vertex   1.510861e+02 -8.396746e+01 5.350000e+00
    endloop
  endfacet
  facet normal 0.000000e+00 0.000000e+00 -1.000000e+00
    outer loop
      vertex   1.510650e+02 -9.200000e+01 5.350000e+00
      vertex   1.510861e+02 -8.396746e+01 5.350000e+00
      vertex   1.512384e+02 -8.407260e+01 5.350000e+00
    endloop
  endfacet
  facet normal 0.000000e+00 0.000000e+00 -1.000000e+00
    outer loop
      vertex   1.484000e+02 -9.091716e+01 5.350000e+00
      vertex   1.507554e+02 -8.352743e+01 5.350000e+00
      vertex   1.494828e+02 -9.200000e+01 5.350000e+00
    endloop
  endfacet
  facet normal 0.000000e+00 0.000000e+00 -1.000000e+00
    outer loop
      vertex   1.494828e+02 -9.200000e+01 5.350000e+00
      vertex   1.507554e+02 -8.352743e+01 5.350000e+00
      vertex   1.508414e+02 -8.369130e+01 5.350000e+00
    endloop
  endfacet
  facet normal 0.000000e+00 0.000000e+00 -1.000000e+00
    outer loop
      vertex   1.494828e+02 -9.200000e+01 5.350000e+00
      vertex   1.508414e+02 -8.369130e+01 5.350000e+00
      vertex   1.509526e+02 -8.383926e+01 5.350000e+00
    endloop
  endfacet
  facet normal 0.000000e+00 0.000000e+00 -1.000000e+00
    outer loop
      vertex   1.484000e+02 -5.788084e+01 5.350000e+00
      vertex   1.506968e+02 -8.280145e+01 5.350000e+00
      vertex   1.484000e+02 -9.091716e+01 5.350000e+00
    endloop
  endfacet
  facet normal 0.000000e+00 0.000000e+00 -1.000000e+00
    outer loop
      vertex   1.484000e+02 -9.091716e+01 5.350000e+00
      vertex   1.506968e+02 -8.280145e+01 5.350000e+00
      vertex   1.506671e+02 -8.298413e+01 5.350000e+00
    endloop
  endfacet
  facet normal 0.000000e+00 0.000000e+00 -1.000000e+00
    outer loop
      vertex   1.484000e+02 -9.091716e+01 5.350000e+00
      vertex   1.506671e+02 -8.298413e+01 5.350000e+00
      vertex   1.506671e+02 -8.316920e+01 5.350000e+00
    endloop
  endfacet
  facet normal 0.000000e+00 -0.000000e+00 -1.000000e+00
    outer loop
      vertex   1.489130e+02 -5.735000e+01 5.350000e+00
      vertex   1.512820e+02 -6.147525e+01 5.350000e+00
      vertex   1.484000e+02 -5.788084e+01 5.350000e+00
    endloop
  endfacet
  facet normal 0.000000e+00 0.000000e+00 -1.000000e+00
    outer loop
      vertex   1.484000e+02 -5.788084e+01 5.350000e+00
      vertex   1.512820e+02 -6.147525e+01 5.350000e+00
      vertex   1.513117e+02 -6.165792e+01 5.350000e+00
    endloop
  endfacet
  facet normal 0.000000e+00 0.000000e+00 -1.000000e+00
    outer loop
      vertex   1.484000e+02 -5.788084e+01 5.350000e+00
      vertex   1.513117e+02 -6.165792e+01 5.350000e+00
      vertex   1.513703e+02 -6.183347e+01 5.350000e+00
    endloop
  endfacet
  facet normal -0.000000e+00 0.000000e+00 -1.000000e+00
    outer loop
      vertex   1.655797e+02 -5.735000e+01 5.350000e+00
      vertex   1.529212e+02 -6.034374e+01 5.350000e+00
      vertex   1.489130e+02 -5.735000e+01 5.350000e+00
    endloop
  endfacet
  facet normal 0.000000e+00 0.000000e+00 -1.000000e+00
    outer loop
      vertex   1.489130e+02 -5.735000e+01 5.350000e+00
      vertex   1.529212e+02 -6.034374e+01 5.350000e+00
      vertex   1.527482e+02 -6.027812e+01 5.350000e+00
    endloop
  endfacet
  facet normal 0.000000e+00 0.000000e+00 -1.000000e+00
    outer loop
      vertex   1.489130e+02 -5.735000e+01 5.350000e+00
      vertex   1.527482e+02 -6.027812e+01 5.350000e+00
      vertex   1.525669e+02 -6.024110e+01 5.350000e+00
    endloop
  endfacet
  facet normal 0.000000e+00 0.000000e+00 -1.000000e+00
    outer loop
      vertex   1.668875e+02 -3.206403e+01 5.350000e+00
      vertex   1.693113e+02 -2.975702e+01 5.350000e+00
      vertex   1.668875e+02 -5.604222e+01 5.350000e+00
    endloop
  endfacet
  facet normal 0.000000e+00 0.000000e+00 -1.000000e+00
    outer loop
      vertex   1.668875e+02 -5.604222e+01 5.350000e+00
      vertex   1.693113e+02 -2.975702e+01 5.350000e+00
      vertex   1.694843e+02 -2.969139e+01 5.350000e+00
    endloop
  endfacet
  facet normal 0.000000e+00 0.000000e+00 -1.000000e+00
    outer loop
      vertex   1.668875e+02 -5.604222e+01 5.350000e+00
      vertex   1.694843e+02 -2.969139e+01 5.350000e+00
      vertex   1.696446e+02 -2.959886e+01 5.350000e+00
    endloop
  endfacet
  facet normal 0.000000e+00 0.000000e+00 -1.000000e+00
    outer loop
      vertex   1.655797e+02 -3.075625e+01 5.350000e+00
      vertex   1.678451e+02 -2.874496e+01 5.350000e+00
      vertex   1.668875e+02 -3.206403e+01 5.350000e+00
    endloop
  endfacet
  facet normal 0.000000e+00 0.000000e+00 -1.000000e+00
    outer loop
      vertex   1.668875e+02 -3.206403e+01 5.350000e+00
      vertex   1.678451e+02 -2.874496e+01 5.350000e+00
      vertex   1.678747e+02 -2.892764e+01 5.350000e+00
    endloop
  endfacet
  facet normal 0.000000e+00 0.000000e+00 -1.000000e+00
    outer loop
      vertex   1.668875e+02 -3.206403e+01 5.350000e+00
      vertex   1.678747e+02 -2.892764e+01 5.350000e+00
      vertex   1.679333e+02 -2.910319e+01 5.350000e+00
    endloop
  endfacet
  facet normal 0.000000e+00 0.000000e+00 -1.000000e+00
    outer loop
      vertex   1.650827e+02 -3.075625e+01 5.350000e+00
      vertex   1.650827e+02 -2.295625e+01 5.350000e+00
      vertex   1.655797e+02 -3.075625e+01 5.350000e+00
    endloop
  endfacet
  facet normal 0.000000e+00 0.000000e+00 -1.000000e+00
    outer loop
      vertex   1.655797e+02 -3.075625e+01 5.350000e+00
      vertex   1.650827e+02 -2.295625e+01 5.350000e+00
      vertex   1.678747e+02 -2.837721e+01 5.350000e+00
    endloop
  endfacet
  facet normal 0.000000e+00 0.000000e+00 -1.000000e+00
    outer loop
      vertex   1.655797e+02 -3.075625e+01 5.350000e+00
      vertex   1.678747e+02 -2.837721e+01 5.350000e+00
      vertex   1.678451e+02 -2.855989e+01 5.350000e+00
    endloop
  endfacet
  facet normal -0.000000e+00 0.000000e+00 -1.000000e+00
    outer loop
      vertex   1.688106e+02 -2.295625e+01 5.350000e+00
      vertex   1.680194e+02 -2.803779e+01 5.350000e+00
      vertex   1.650827e+02 -2.295625e+01 5.350000e+00
    endloop
  endfacet
  facet normal 0.000000e+00 0.000000e+00 -1.000000e+00
    outer loop
      vertex   1.650827e+02 -2.295625e+01 5.350000e+00
      vertex   1.680194e+02 -2.803779e+01 5.350000e+00
      vertex   1.679333e+02 -2.820166e+01 5.350000e+00
    endloop
  endfacet
  facet normal 0.000000e+00 0.000000e+00 -1.000000e+00
    outer loop
      vertex   1.650827e+02 -2.295625e+01 5.350000e+00
      vertex   1.679333e+02 -2.820166e+01 5.350000e+00
      vertex   1.678747e+02 -2.837721e+01 5.350000e+00
    endloop
  endfacet
  facet normal 0.000000e+00 0.000000e+00 -1.000000e+00
    outer loop
      vertex   1.746875e+02 -2.883317e+01 5.350000e+00
      vertex   1.700096e+02 -2.811799e+01 5.350000e+00
      vertex   1.688106e+02 -2.295625e+01 5.350000e+00
    endloop
  endfacet
  facet normal 0.000000e+00 0.000000e+00 -1.000000e+00
    outer loop
      vertex   1.688106e+02 -2.295625e+01 5.350000e+00
      vertex   1.700096e+02 -2.811799e+01 5.350000e+00
      vertex   1.699107e+02 -2.796157e+01 5.350000e+00
    endloop
  endfacet
  facet normal 0.000000e+00 0.000000e+00 -1.000000e+00
    outer loop
      vertex   1.688106e+02 -2.295625e+01 5.350000e+00
      vertex   1.699107e+02 -2.796157e+01 5.350000e+00
      vertex   1.697880e+02 -2.782304e+01 5.350000e+00
    endloop
  endfacet
  facet normal 0.000000e+00 0.000000e+00 -1.000000e+00
    outer loop
      vertex   1.746875e+02 -5.927308e+01 5.350000e+00
      vertex   1.699107e+02 -2.934328e+01 5.350000e+00
      vertex   1.746875e+02 -2.883317e+01 5.350000e+00
    endloop
  endfacet
  facet normal 0.000000e+00 0.000000e+00 -1.000000e+00
    outer loop
      vertex   1.746875e+02 -2.883317e+01 5.350000e+00
      vertex   1.699107e+02 -2.934328e+01 5.350000e+00
      vertex   1.700096e+02 -2.918686e+01 5.350000e+00
    endloop
  endfacet
  facet normal 0.000000e+00 0.000000e+00 -1.000000e+00
    outer loop
      vertex   1.746875e+02 -2.883317e+01 5.350000e+00
      vertex   1.700096e+02 -2.918686e+01 5.350000e+00
      vertex   1.700821e+02 -2.901659e+01 5.350000e+00
    endloop
  endfacet
  facet normal 0.000000e+00 0.000000e+00 -1.000000e+00
    outer loop
      vertex   1.701264e+02 -2.883690e+01 5.350000e+00
      vertex   1.701413e+02 -2.865242e+01 5.350000e+00
      vertex   1.746875e+02 -2.883317e+01 5.350000e+00
    endloop
  endfacet
  facet normal 0.000000e+00 0.000000e+00 -1.000000e+00
    outer loop
      vertex   1.746875e+02 -2.883317e+01 5.350000e+00
      vertex   1.701413e+02 -2.865242e+01 5.350000e+00
      vertex   1.701264e+02 -2.846795e+01 5.350000e+00
    endloop
  endfacet
  facet normal 0.000000e+00 0.000000e+00 -1.000000e+00
    outer loop
      vertex   1.746875e+02 -2.883317e+01 5.350000e+00
      vertex   1.701264e+02 -2.846795e+01 5.350000e+00
      vertex   1.700821e+02 -2.828826e+01 5.350000e+00
    endloop
  endfacet
  facet normal 0.000000e+00 0.000000e+00 -1.000000e+00
    outer loop
      vertex   1.700821e+02 -2.828826e+01 5.350000e+00
      vertex   1.700096e+02 -2.811799e+01 5.350000e+00
      vertex   1.746875e+02 -2.883317e+01 5.350000e+00
    endloop
  endfacet
  facet normal 0.000000e+00 0.000000e+00 -1.000000e+00
    outer loop
      vertex   1.697880e+02 -2.782304e+01 5.350000e+00
      vertex   1.696446e+02 -2.770599e+01 5.350000e+00
      vertex   1.688106e+02 -2.295625e+01 5.350000e+00
    endloop
  endfacet
  facet normal 0.000000e+00 0.000000e+00 -1.000000e+00
    outer loop
      vertex   1.688106e+02 -2.295625e+01 5.350000e+00
      vertex   1.696446e+02 -2.770599e+01 5.350000e+00
      vertex   1.694843e+02 -2.761346e+01 5.350000e+00
    endloop
  endfacet
  facet normal 0.000000e+00 0.000000e+00 -1.000000e+00
    outer loop
      vertex   1.688106e+02 -2.295625e+01 5.350000e+00
      vertex   1.694843e+02 -2.761346e+01 5.350000e+00
      vertex   1.693113e+02 -2.754783e+01 5.350000e+00
    endloop
  endfacet
  facet normal 0.000000e+00 0.000000e+00 -1.000000e+00
    outer loop
      vertex   1.693113e+02 -2.754783e+01 5.350000e+00
      vertex   1.691299e+02 -2.751081e+01 5.350000e+00
      vertex   1.688106e+02 -2.295625e+01 5.350000e+00
    endloop
  endfacet
  facet normal 0.000000e+00 0.000000e+00 -1.000000e+00
    outer loop
      vertex   1.688106e+02 -2.295625e+01 5.350000e+00
      vertex   1.691299e+02 -2.751081e+01 5.350000e+00
      vertex   1.689450e+02 -2.750336e+01 5.350000e+00
    endloop
  endfacet
  facet normal 0.000000e+00 -0.000000e+00 -1.000000e+00
    outer loop
      vertex   1.688106e+02 -2.295625e+01 5.350000e+00
      vertex   1.689450e+02 -2.750336e+01 5.350000e+00
      vertex   1.687613e+02 -2.752567e+01 5.350000e+00
    endloop
  endfacet
  facet normal -0.000000e+00 0.000000e+00 -1.000000e+00
    outer loop
      vertex   1.687613e+02 -2.752567e+01 5.350000e+00
      vertex   1.685835e+02 -2.757716e+01 5.350000e+00
      vertex   1.688106e+02 -2.295625e+01 5.350000e+00
    endloop
  endfacet
  facet normal 0.000000e+00 0.000000e+00 -1.000000e+00
    outer loop
      vertex   1.688106e+02 -2.295625e+01 5.350000e+00
      vertex   1.685835e+02 -2.757716e+01 5.350000e+00
      vertex   1.684163e+02 -2.765650e+01 5.350000e+00
    endloop
  endfacet
  facet normal 0.000000e+00 0.000000e+00 -1.000000e+00
    outer loop
      vertex   1.688106e+02 -2.295625e+01 5.350000e+00
      vertex   1.684163e+02 -2.765650e+01 5.350000e+00
      vertex   1.682640e+02 -2.776163e+01 5.350000e+00
    endloop
  endfacet
  facet normal -0.000000e+00 0.000000e+00 -1.000000e+00
    outer loop
      vertex   1.682640e+02 -2.776163e+01 5.350000e+00
      vertex   1.681305e+02 -2.788983e+01 5.350000e+00
      vertex   1.688106e+02 -2.295625e+01 5.350000e+00
    endloop
  endfacet
  facet normal 0.000000e+00 0.000000e+00 -1.000000e+00
    outer loop
      vertex   1.688106e+02 -2.295625e+01 5.350000e+00
      vertex   1.681305e+02 -2.788983e+01 5.350000e+00
      vertex   1.680194e+02 -2.803779e+01 5.350000e+00
    endloop
  endfacet
  facet normal 0.000000e+00 -0.000000e+00 -1.000000e+00
    outer loop
      vertex   1.678451e+02 -2.855989e+01 5.350000e+00
      vertex   1.678451e+02 -2.874496e+01 5.350000e+00
      vertex   1.655797e+02 -3.075625e+01 5.350000e+00
    endloop
  endfacet
  facet normal 0.000000e+00 -0.000000e+00 -1.000000e+00
    outer loop
      vertex   1.679333e+02 -2.910319e+01 5.350000e+00
      vertex   1.680194e+02 -2.926706e+01 5.350000e+00
      vertex   1.668875e+02 -3.206403e+01 5.350000e+00
    endloop
  endfacet
  facet normal 0.000000e+00 0.000000e+00 -1.000000e+00
    outer loop
      vertex   1.668875e+02 -3.206403e+01 5.350000e+00
      vertex   1.680194e+02 -2.926706e+01 5.350000e+00
      vertex   1.681305e+02 -2.941502e+01 5.350000e+00
    endloop
  endfacet
  facet normal 0.000000e+00 0.000000e+00 -1.000000e+00
    outer loop
      vertex   1.668875e+02 -3.206403e+01 5.350000e+00
      vertex   1.681305e+02 -2.941502e+01 5.350000e+00
      vertex   1.682640e+02 -2.954322e+01 5.350000e+00
    endloop
  endfacet
  facet normal 0.000000e+00 -0.000000e+00 -1.000000e+00
    outer loop
      vertex   1.682640e+02 -2.954322e+01 5.350000e+00
      vertex   1.684163e+02 -2.964835e+01 5.350000e+00
      vertex   1.668875e+02 -3.206403e+01 5.350000e+00
    endloop
  endfacet
  facet normal 0.000000e+00 0.000000e+00 -1.000000e+00
    outer loop
      vertex   1.668875e+02 -3.206403e+01 5.350000e+00
      vertex   1.684163e+02 -2.964835e+01 5.350000e+00
      vertex   1.685835e+02 -2.972769e+01 5.350000e+00
    endloop
  endfacet
  facet normal 0.000000e+00 0.000000e+00 -1.000000e+00
    outer loop
      vertex   1.668875e+02 -3.206403e+01 5.350000e+00
      vertex   1.685835e+02 -2.972769e+01 5.350000e+00
      vertex   1.687613e+02 -2.977918e+01 5.350000e+00
    endloop
  endfacet
  facet normal 0.000000e+00 -0.000000e+00 -1.000000e+00
    outer loop
      vertex   1.687613e+02 -2.977918e+01 5.350000e+00
      vertex   1.689450e+02 -2.980149e+01 5.350000e+00
      vertex   1.668875e+02 -3.206403e+01 5.350000e+00
    endloop
  endfacet
  facet normal 0.000000e+00 0.000000e+00 -1.000000e+00
    outer loop
      vertex   1.668875e+02 -3.206403e+01 5.350000e+00
      vertex   1.689450e+02 -2.980149e+01 5.350000e+00
      vertex   1.691299e+02 -2.979404e+01 5.350000e+00
    endloop
  endfacet
  facet normal 0.000000e+00 0.000000e+00 -1.000000e+00
    outer loop
      vertex   1.668875e+02 -3.206403e+01 5.350000e+00
      vertex   1.691299e+02 -2.979404e+01 5.350000e+00
      vertex   1.693113e+02 -2.975702e+01 5.350000e+00
    endloop
  endfacet
  facet normal 0.000000e+00 0.000000e+00 -1.000000e+00
    outer loop
      vertex   1.697880e+02 -2.948181e+01 5.350000e+00
      vertex   1.699107e+02 -2.934328e+01 5.350000e+00
      vertex   1.746875e+02 -5.927308e+01 5.350000e+00
    endloop
  endfacet
  facet normal 0.000000e+00 0.000000e+00 -1.000000e+00
    outer loop
      vertex   1.700821e+02 -2.901659e+01 5.350000e+00
      vertex   1.701264e+02 -2.883690e+01 5.350000e+00
      vertex   1.746875e+02 -2.883317e+01 5.350000e+00
    endloop
  endfacet
  facet normal 0.000000e+00 0.000000e+00 -1.000000e+00
    outer loop
      vertex   1.535634e+02 -6.156718e+01 5.350000e+00
      vertex   1.535782e+02 -6.138271e+01 5.350000e+00
      vertex   1.562000e+02 -6.515000e+01 5.350000e+00
    endloop
  endfacet
  facet normal 0.000000e+00 0.000000e+00 -1.000000e+00
    outer loop
      vertex   1.562000e+02 -6.515000e+01 5.350000e+00
      vertex   1.535782e+02 -6.138271e+01 5.350000e+00
      vertex   1.535634e+02 -6.119824e+01 5.350000e+00
    endloop
  endfacet
  facet normal 0.000000e+00 0.000000e+00 -1.000000e+00
    outer loop
      vertex   1.562000e+02 -6.515000e+01 5.350000e+00
      vertex   1.535634e+02 -6.119824e+01 5.350000e+00
      vertex   1.535191e+02 -6.101854e+01 5.350000e+00
    endloop
  endfacet
  facet normal 0.000000e+00 0.000000e+00 -1.000000e+00
    outer loop
      vertex   1.535191e+02 -6.101854e+01 5.350000e+00
      vertex   1.534465e+02 -6.084828e+01 5.350000e+00
      vertex   1.562000e+02 -6.515000e+01 5.350000e+00
    endloop
  endfacet
  facet normal 0.000000e+00 0.000000e+00 -1.000000e+00
    outer loop
      vertex   1.562000e+02 -6.515000e+01 5.350000e+00
      vertex   1.534465e+02 -6.084828e+01 5.350000e+00
      vertex   1.655797e+02 -5.735000e+01 5.350000e+00
    endloop
  endfacet
  facet normal 0.000000e+00 0.000000e+00 -1.000000e+00
    outer loop
      vertex   1.534465e+02 -6.084828e+01 5.350000e+00
      vertex   1.533476e+02 -6.069186e+01 5.350000e+00
      vertex   1.655797e+02 -5.735000e+01 5.350000e+00
    endloop
  endfacet
  facet normal 0.000000e+00 0.000000e+00 -1.000000e+00
    outer loop
      vertex   1.655797e+02 -5.735000e+01 5.350000e+00
      vertex   1.533476e+02 -6.069186e+01 5.350000e+00
      vertex   1.532249e+02 -6.055333e+01 5.350000e+00
    endloop
  endfacet
  facet normal 0.000000e+00 0.000000e+00 -1.000000e+00
    outer loop
      vertex   1.655797e+02 -5.735000e+01 5.350000e+00
      vertex   1.532249e+02 -6.055333e+01 5.350000e+00
      vertex   1.530815e+02 -6.043628e+01 5.350000e+00
    endloop
  endfacet
  facet normal 0.000000e+00 0.000000e+00 -1.000000e+00
    outer loop
      vertex   1.530815e+02 -6.043628e+01 5.350000e+00
      vertex   1.529212e+02 -6.034374e+01 5.350000e+00
      vertex   1.655797e+02 -5.735000e+01 5.350000e+00
    endloop
  endfacet
  facet normal 0.000000e+00 0.000000e+00 -1.000000e+00
    outer loop
      vertex   1.525669e+02 -6.024110e+01 5.350000e+00
      vertex   1.523819e+02 -6.023364e+01 5.350000e+00
      vertex   1.489130e+02 -5.735000e+01 5.350000e+00
    endloop
  endfacet
  facet normal 0.000000e+00 0.000000e+00 -1.000000e+00
    outer loop
      vertex   1.489130e+02 -5.735000e+01 5.350000e+00
      vertex   1.523819e+02 -6.023364e+01 5.350000e+00
      vertex   1.521982e+02 -6.025595e+01 5.350000e+00
    endloop
  endfacet
  facet normal 0.000000e+00 0.000000e+00 -1.000000e+00
    outer loop
      vertex   1.489130e+02 -5.735000e+01 5.350000e+00
      vertex   1.521982e+02 -6.025595e+01 5.350000e+00
      vertex   1.520204e+02 -6.030744e+01 5.350000e+00
    endloop
  endfacet
  facet normal -0.000000e+00 0.000000e+00 -1.000000e+00
    outer loop
      vertex   1.520204e+02 -6.030744e+01 5.350000e+00
      vertex   1.518532e+02 -6.038678e+01 5.350000e+00
      vertex   1.489130e+02 -5.735000e+01 5.350000e+00
    endloop
  endfacet
  facet normal 0.000000e+00 0.000000e+00 -1.000000e+00
    outer loop
      vertex   1.489130e+02 -5.735000e+01 5.350000e+00
      vertex   1.518532e+02 -6.038678e+01 5.350000e+00
      vertex   1.517009e+02 -6.049192e+01 5.350000e+00
    endloop
  endfacet
  facet normal 0.000000e+00 0.000000e+00 -1.000000e+00
    outer loop
      vertex   1.489130e+02 -5.735000e+01 5.350000e+00
      vertex   1.517009e+02 -6.049192e+01 5.350000e+00
      vertex   1.515675e+02 -6.062012e+01 5.350000e+00
    endloop
  endfacet
  facet normal -0.000000e+00 0.000000e+00 -1.000000e+00
    outer loop
      vertex   1.515675e+02 -6.062012e+01 5.350000e+00
      vertex   1.514563e+02 -6.076808e+01 5.350000e+00
      vertex   1.489130e+02 -5.735000e+01 5.350000e+00
    endloop
  endfacet
  facet normal 0.000000e+00 0.000000e+00 -1.000000e+00
    outer loop
      vertex   1.489130e+02 -5.735000e+01 5.350000e+00
      vertex   1.514563e+02 -6.076808e+01 5.350000e+00
      vertex   1.513703e+02 -6.093195e+01 5.350000e+00
    endloop
  endfacet
  facet normal 0.000000e+00 0.000000e+00 -1.000000e+00
    outer loop
      vertex   1.489130e+02 -5.735000e+01 5.350000e+00
      vertex   1.513703e+02 -6.093195e+01 5.350000e+00
      vertex   1.513117e+02 -6.110750e+01 5.350000e+00
    endloop
  endfacet
  facet normal -0.000000e+00 0.000000e+00 -1.000000e+00
    outer loop
      vertex   1.513117e+02 -6.110750e+01 5.350000e+00
      vertex   1.512820e+02 -6.129017e+01 5.350000e+00
      vertex   1.489130e+02 -5.735000e+01 5.350000e+00
    endloop
  endfacet
  facet normal 0.000000e+00 0.000000e+00 -1.000000e+00
    outer loop
      vertex   1.489130e+02 -5.735000e+01 5.350000e+00
      vertex   1.512820e+02 -6.129017e+01 5.350000e+00
      vertex   1.512820e+02 -6.147525e+01 5.350000e+00
    endloop
  endfacet
  facet normal -0.000000e+00 0.000000e+00 -1.000000e+00
    outer loop
      vertex   1.514563e+02 -6.199735e+01 5.350000e+00
      vertex   1.508414e+02 -8.246203e+01 5.350000e+00
      vertex   1.513703e+02 -6.183347e+01 5.350000e+00
    endloop
  endfacet
  facet normal 0.000000e+00 0.000000e+00 -1.000000e+00
    outer loop
      vertex   1.513703e+02 -6.183347e+01 5.350000e+00
      vertex   1.508414e+02 -8.246203e+01 5.350000e+00
      vertex   1.507554e+02 -8.262591e+01 5.350000e+00
    endloop
  endfacet
  facet normal -0.000000e+00 0.000000e+00 -1.000000e+00
    outer loop
      vertex   1.513703e+02 -6.183347e+01 5.350000e+00
      vertex   1.507554e+02 -8.262591e+01 5.350000e+00
      vertex   1.484000e+02 -5.788084e+01 5.350000e+00
    endloop
  endfacet
  facet normal 0.000000e+00 0.000000e+00 -1.000000e+00
    outer loop
      vertex   1.484000e+02 -5.788084e+01 5.350000e+00
      vertex   1.507554e+02 -8.262591e+01 5.350000e+00
      vertex   1.506968e+02 -8.280145e+01 5.350000e+00
    endloop
  endfacet
  facet normal -0.000000e+00 0.000000e+00 -1.000000e+00
    outer loop
      vertex   1.515675e+02 -6.214530e+01 5.350000e+00
      vertex   1.510861e+02 -8.218587e+01 5.350000e+00
      vertex   1.514563e+02 -6.199735e+01 5.350000e+00
    endloop
  endfacet
  facet normal 0.000000e+00 0.000000e+00 -1.000000e+00
    outer loop
      vertex   1.514563e+02 -6.199735e+01 5.350000e+00
      vertex   1.510861e+02 -8.218587e+01 5.350000e+00
      vertex   1.509526e+02 -8.231408e+01 5.350000e+00
    endloop
  endfacet
  facet normal 0.000000e+00 0.000000e+00 -1.000000e+00
    outer loop
      vertex   1.514563e+02 -6.199735e+01 5.350000e+00
      vertex   1.509526e+02 -8.231408e+01 5.350000e+00
      vertex   1.508414e+02 -8.246203e+01 5.350000e+00
    endloop
  endfacet
  facet normal 0.000000e+00 0.000000e+00 -1.000000e+00
    outer loop
      vertex   1.510861e+02 -8.218587e+01 5.350000e+00
      vertex   1.515675e+02 -6.214530e+01 5.350000e+00
      vertex   1.512384e+02 -8.208074e+01 5.350000e+00
    endloop
  endfacet
  facet normal 0.000000e+00 0.000000e+00 -1.000000e+00
    outer loop
      vertex   1.512384e+02 -8.208074e+01 5.350000e+00
      vertex   1.515675e+02 -6.214530e+01 5.350000e+00
      vertex   1.517009e+02 -6.227351e+01 5.350000e+00
    endloop
  endfacet
  facet normal 0.000000e+00 0.000000e+00 -1.000000e+00
    outer loop
      vertex   1.512384e+02 -8.208074e+01 5.350000e+00
      vertex   1.517009e+02 -6.227351e+01 5.350000e+00
      vertex   1.514056e+02 -8.200140e+01 5.350000e+00
    endloop
  endfacet
  facet normal 0.000000e+00 0.000000e+00 -1.000000e+00
    outer loop
      vertex   1.514056e+02 -8.200140e+01 5.350000e+00
      vertex   1.517009e+02 -6.227351e+01 5.350000e+00
      vertex   1.518532e+02 -6.237864e+01 5.350000e+00
    endloop
  endfacet
  facet normal 0.000000e+00 0.000000e+00 -1.000000e+00
    outer loop
      vertex   1.514056e+02 -8.200140e+01 5.350000e+00
      vertex   1.518532e+02 -6.237864e+01 5.350000e+00
      vertex   1.515833e+02 -8.194991e+01 5.350000e+00
    endloop
  endfacet
  facet normal 0.000000e+00 0.000000e+00 -1.000000e+00
    outer loop
      vertex   1.515833e+02 -8.194991e+01 5.350000e+00
      vertex   1.518532e+02 -6.237864e+01 5.350000e+00
      vertex   1.520204e+02 -6.245798e+01 5.350000e+00
    endloop
  endfacet
  facet normal 0.000000e+00 0.000000e+00 -1.000000e+00
    outer loop
      vertex   1.515833e+02 -8.194991e+01 5.350000e+00
      vertex   1.520204e+02 -6.245798e+01 5.350000e+00
      vertex   1.517671e+02 -8.192760e+01 5.350000e+00
    endloop
  endfacet
  facet normal 0.000000e+00 0.000000e+00 -1.000000e+00
    outer loop
      vertex   1.517671e+02 -8.192760e+01 5.350000e+00
      vertex   1.520204e+02 -6.245798e+01 5.350000e+00
      vertex   1.521982e+02 -6.250947e+01 5.350000e+00
    endloop
  endfacet
  facet normal 0.000000e+00 0.000000e+00 -1.000000e+00
    outer loop
      vertex   1.517671e+02 -8.192760e+01 5.350000e+00
      vertex   1.521982e+02 -6.250947e+01 5.350000e+00
      vertex   1.519520e+02 -8.193505e+01 5.350000e+00
    endloop
  endfacet
  facet normal 0.000000e+00 0.000000e+00 -1.000000e+00
    outer loop
      vertex   1.519520e+02 -8.193505e+01 5.350000e+00
      vertex   1.521982e+02 -6.250947e+01 5.350000e+00
      vertex   1.523819e+02 -6.253178e+01 5.350000e+00
    endloop
  endfacet
  facet normal 0.000000e+00 0.000000e+00 -1.000000e+00
    outer loop
      vertex   1.519520e+02 -8.193505e+01 5.350000e+00
      vertex   1.523819e+02 -6.253178e+01 5.350000e+00
      vertex   1.521333e+02 -8.197207e+01 5.350000e+00
    endloop
  endfacet
  facet normal 0.000000e+00 0.000000e+00 -1.000000e+00
    outer loop
      vertex   1.521333e+02 -8.197207e+01 5.350000e+00
      vertex   1.523819e+02 -6.253178e+01 5.350000e+00
      vertex   1.525669e+02 -6.252433e+01 5.350000e+00
    endloop
  endfacet
  facet normal 0.000000e+00 0.000000e+00 -1.000000e+00
    outer loop
      vertex   1.521333e+02 -8.197207e+01 5.350000e+00
      vertex   1.525669e+02 -6.252433e+01 5.350000e+00
      vertex   1.523064e+02 -8.203770e+01 5.350000e+00
    endloop
  endfacet
  facet normal 0.000000e+00 0.000000e+00 -1.000000e+00
    outer loop
      vertex   1.523064e+02 -8.203770e+01 5.350000e+00
      vertex   1.525669e+02 -6.252433e+01 5.350000e+00
      vertex   1.527482e+02 -6.248731e+01 5.350000e+00
    endloop
  endfacet
  facet normal 0.000000e+00 0.000000e+00 -1.000000e+00
    outer loop
      vertex   1.523064e+02 -8.203770e+01 5.350000e+00
      vertex   1.527482e+02 -6.248731e+01 5.350000e+00
      vertex   1.524666e+02 -8.213024e+01 5.350000e+00
    endloop
  endfacet
  facet normal 0.000000e+00 0.000000e+00 -1.000000e+00
    outer loop
      vertex   1.524666e+02 -8.213024e+01 5.350000e+00
      vertex   1.527482e+02 -6.248731e+01 5.350000e+00
      vertex   1.529212e+02 -6.242168e+01 5.350000e+00
    endloop
  endfacet
  facet normal 0.000000e+00 0.000000e+00 -1.000000e+00
    outer loop
      vertex   1.524666e+02 -8.213024e+01 5.350000e+00
      vertex   1.529212e+02 -6.242168e+01 5.350000e+00
      vertex   1.562000e+02 -6.515000e+01 5.350000e+00
    endloop
  endfacet
  facet normal 0.000000e+00 0.000000e+00 -1.000000e+00
    outer loop
      vertex   1.562000e+02 -6.515000e+01 5.350000e+00
      vertex   1.529212e+02 -6.242168e+01 5.350000e+00
      vertex   1.530815e+02 -6.232914e+01 5.350000e+00
    endloop
  endfacet
  facet normal 0.000000e+00 0.000000e+00 -1.000000e+00
    outer loop
      vertex   1.562000e+02 -6.515000e+01 5.350000e+00
      vertex   1.530815e+02 -6.232914e+01 5.350000e+00
      vertex   1.532249e+02 -6.221209e+01 5.350000e+00
    endloop
  endfacet
  facet normal 0.000000e+00 0.000000e+00 -1.000000e+00
    outer loop
      vertex   1.532249e+02 -6.221209e+01 5.350000e+00
      vertex   1.533476e+02 -6.207356e+01 5.350000e+00
      vertex   1.562000e+02 -6.515000e+01 5.350000e+00
    endloop
  endfacet
  facet normal 0.000000e+00 0.000000e+00 -1.000000e+00
    outer loop
      vertex   1.562000e+02 -6.515000e+01 5.350000e+00
      vertex   1.533476e+02 -6.207356e+01 5.350000e+00
      vertex   1.534465e+02 -6.191714e+01 5.350000e+00
    endloop
  endfacet
  facet normal 0.000000e+00 0.000000e+00 -1.000000e+00
    outer loop
      vertex   1.562000e+02 -6.515000e+01 5.350000e+00
      vertex   1.534465e+02 -6.191714e+01 5.350000e+00
      vertex   1.535191e+02 -6.174688e+01 5.350000e+00
    endloop
  endfacet
  facet normal 0.000000e+00 0.000000e+00 -1.000000e+00
    outer loop
      vertex   1.535191e+02 -6.174688e+01 5.350000e+00
      vertex   1.535634e+02 -6.156718e+01 5.350000e+00
      vertex   1.562000e+02 -6.515000e+01 5.350000e+00
    endloop
  endfacet
  facet normal 0.000000e+00 0.000000e+00 -1.000000e+00
    outer loop
      vertex   1.529485e+02 -8.326114e+01 5.350000e+00
      vertex   1.529634e+02 -8.307667e+01 5.350000e+00
      vertex   1.562000e+02 -8.309939e+01 5.350000e+00
    endloop
  endfacet
  facet normal 0.000000e+00 0.000000e+00 -1.000000e+00
    outer loop
      vertex   1.562000e+02 -8.309939e+01 5.350000e+00
      vertex   1.529634e+02 -8.307667e+01 5.350000e+00
      vertex   1.529485e+02 -8.289219e+01 5.350000e+00
    endloop
  endfacet
  facet normal 0.000000e+00 0.000000e+00 -1.000000e+00
    outer loop
      vertex   1.562000e+02 -8.309939e+01 5.350000e+00
      vertex   1.529485e+02 -8.289219e+01 5.350000e+00
      vertex   1.529042e+02 -8.271250e+01 5.350000e+00
    endloop
  endfacet
  facet normal 0.000000e+00 0.000000e+00 -1.000000e+00
    outer loop
      vertex   1.529042e+02 -8.271250e+01 5.350000e+00
      vertex   1.528316e+02 -8.254224e+01 5.350000e+00
      vertex   1.562000e+02 -8.309939e+01 5.350000e+00
    endloop
  endfacet
  facet normal 0.000000e+00 0.000000e+00 -1.000000e+00
    outer loop
      vertex   1.526100e+02 -8.224728e+01 5.350000e+00
      vertex   1.524666e+02 -8.213024e+01 5.350000e+00
      vertex   1.562000e+02 -6.515000e+01 5.350000e+00
    endloop
  endfacet
  facet normal 0.000000e+00 -0.000000e+00 -1.000000e+00
    outer loop
      vertex   1.506671e+02 -8.316920e+01 5.350000e+00
      vertex   1.506968e+02 -8.335188e+01 5.350000e+00
      vertex   1.484000e+02 -9.091716e+01 5.350000e+00
    endloop
  endfacet
  facet normal 0.000000e+00 0.000000e+00 -1.000000e+00
    outer loop
      vertex   1.484000e+02 -9.091716e+01 5.350000e+00
      vertex   1.506968e+02 -8.335188e+01 5.350000e+00
      vertex   1.507554e+02 -8.352743e+01 5.350000e+00
    endloop
  endfacet
  facet normal 0.000000e+00 -0.000000e+00 -1.000000e+00
    outer loop
      vertex   1.512384e+02 -8.407260e+01 5.350000e+00
      vertex   1.514056e+02 -8.415194e+01 5.350000e+00
      vertex   1.510650e+02 -9.200000e+01 5.350000e+00
    endloop
  endfacet
  facet normal 0.000000e+00 0.000000e+00 -1.000000e+00
    outer loop
      vertex   1.510650e+02 -9.200000e+01 5.350000e+00
      vertex   1.514056e+02 -8.415194e+01 5.350000e+00
      vertex   1.515833e+02 -8.420343e+01 5.350000e+00
    endloop
  endfacet
  facet normal 0.000000e+00 0.000000e+00 -1.000000e+00
    outer loop
      vertex   1.510650e+02 -9.200000e+01 5.350000e+00
      vertex   1.515833e+02 -8.420343e+01 5.350000e+00
      vertex   1.517671e+02 -8.422573e+01 5.350000e+00
    endloop
  endfacet
  facet normal 0.000000e+00 -0.000000e+00 -1.000000e+00
    outer loop
      vertex   1.517671e+02 -8.422573e+01 5.350000e+00
      vertex   1.519520e+02 -8.421828e+01 5.350000e+00
      vertex   1.510650e+02 -9.200000e+01 5.350000e+00
    endloop
  endfacet
  facet normal 0.000000e+00 0.000000e+00 -1.000000e+00
    outer loop
      vertex   1.510650e+02 -9.200000e+01 5.350000e+00
      vertex   1.519520e+02 -8.421828e+01 5.350000e+00
      vertex   1.521333e+02 -8.418126e+01 5.350000e+00
    endloop
  endfacet
  facet normal 0.000000e+00 0.000000e+00 -1.000000e+00
    outer loop
      vertex   1.510650e+02 -9.200000e+01 5.350000e+00
      vertex   1.521333e+02 -8.418126e+01 5.350000e+00
      vertex   1.523064e+02 -8.411564e+01 5.350000e+00
    endloop
  endfacet
  facet normal 0.000000e+00 -0.000000e+00 -1.000000e+00
    outer loop
      vertex   1.523064e+02 -8.411564e+01 5.350000e+00
      vertex   1.524666e+02 -8.402310e+01 5.350000e+00
      vertex   1.510650e+02 -9.200000e+01 5.350000e+00
    endloop
  endfacet
  facet normal 0.000000e+00 0.000000e+00 -1.000000e+00
    outer loop
      vertex   1.510650e+02 -9.200000e+01 5.350000e+00
      vertex   1.524666e+02 -8.402310e+01 5.350000e+00
      vertex   1.526100e+02 -8.390605e+01 5.350000e+00
    endloop
  endfacet
  facet normal 0.000000e+00 0.000000e+00 -1.000000e+00
    outer loop
      vertex   1.510650e+02 -9.200000e+01 5.350000e+00
      vertex   1.526100e+02 -8.390605e+01 5.350000e+00
      vertex   1.527327e+02 -8.376752e+01 5.350000e+00
    endloop
  endfacet
  facet normal 0.000000e+00 -0.000000e+00 -1.000000e+00
    outer loop
      vertex   1.527327e+02 -8.376752e+01 5.350000e+00
      vertex   1.528316e+02 -8.361110e+01 5.350000e+00
      vertex   1.510650e+02 -9.200000e+01 5.350000e+00
    endloop
  endfacet
endsolid
