solid ASCII
  facet normal -7.071068e-01 -2.184476e-15 -7.071068e-01
    outer loop
      vertex   1.638293e+02 -4.265625e+01 1.985000e+01
      vertex   1.633293e+02 -4.215625e+01 2.035000e+01
      vertex   1.638293e+02 -2.425625e+01 1.985000e+01
    endloop
  endfacet
  facet normal -7.071068e-01 0.000000e+00 -7.071068e-01
    outer loop
      vertex   1.638293e+02 -2.425625e+01 1.985000e+01
      vertex   1.633293e+02 -4.215625e+01 2.035000e+01
      vertex   1.633293e+02 -2.375625e+01 2.035000e+01
    endloop
  endfacet
  facet normal 0.000000e+00 7.071068e-01 -7.071068e-01
    outer loop
      vertex   1.638293e+02 -4.265625e+01 1.985000e+01
      vertex   1.504293e+02 -4.265625e+01 1.985000e+01
      vertex   1.633293e+02 -4.215625e+01 2.035000e+01
    endloop
  endfacet
  facet normal 0.000000e+00 7.071068e-01 -7.071068e-01
    outer loop
      vertex   1.633293e+02 -4.215625e+01 2.035000e+01
      vertex   1.504293e+02 -4.265625e+01 1.985000e+01
      vertex   1.509293e+02 -4.215625e+01 2.035000e+01
    endloop
  endfacet
  facet normal 7.071068e-01 -1.092238e-15 -7.071068e-01
    outer loop
      vertex   1.504293e+02 -4.265625e+01 1.985000e+01
      vertex   1.504293e+02 -2.425625e+01 1.985000e+01
      vertex   1.509293e+02 -4.215625e+01 2.035000e+01
    endloop
  endfacet
  facet normal 7.071068e-01 0.000000e+00 -7.071068e-01
    outer loop
      vertex   1.509293e+02 -4.215625e+01 2.035000e+01
      vertex   1.504293e+02 -2.425625e+01 1.985000e+01
      vertex   1.509293e+02 -2.375625e+01 2.035000e+01
    endloop
  endfacet
  facet normal -8.373826e-15 7.071068e-01 -7.071068e-01
    outer loop
      vertex   1.638293e+02 -2.425625e+01 1.985000e+01
      vertex   1.633293e+02 -2.375625e+01 2.035000e+01
      vertex   1.641293e+02 -2.425625e+01 1.985000e+01
    endloop
  endfacet
  facet normal -1.962616e-15 7.071068e-01 -7.071068e-01
    outer loop
      vertex   1.641293e+02 -2.425625e+01 1.985000e+01
      vertex   1.633293e+02 -2.375625e+01 2.035000e+01
      vertex   1.641293e+02 -2.295625e+01 2.115000e+01
    endloop
  endfacet
  facet normal -2.048084e-16 7.071068e-01 -7.071068e-01
    outer loop
      vertex   1.641293e+02 -2.295625e+01 2.115000e+01
      vertex   1.633293e+02 -2.375625e+01 2.035000e+01
      vertex   1.509293e+02 -2.375625e+01 2.035000e+01
    endloop
  endfacet
  facet normal -1.794391e-16 7.071068e-01 -7.071068e-01
    outer loop
      vertex   1.641293e+02 -2.295625e+01 2.115000e+01
      vertex   1.509293e+02 -2.375625e+01 2.035000e+01
      vertex   1.501293e+02 -2.295625e+01 2.115000e+01
    endloop
  endfacet
  facet normal -1.908266e-15 7.071068e-01 -7.071068e-01
    outer loop
      vertex   1.501293e+02 -2.295625e+01 2.115000e+01
      vertex   1.509293e+02 -2.375625e+01 2.035000e+01
      vertex   1.501293e+02 -2.425625e+01 1.985000e+01
    endloop
  endfacet
  facet normal 5.949962e-29 7.071068e-01 -7.071068e-01
    outer loop
      vertex   1.501293e+02 -2.425625e+01 1.985000e+01
      vertex   1.509293e+02 -2.375625e+01 2.035000e+01
      vertex   1.504293e+02 -2.425625e+01 1.985000e+01
    endloop
  endfacet
  facet normal -4.131759e-01 -4.924039e-01 7.660444e-01
    outer loop
      vertex   1.551748e+02 -9.677670e+01 2.135000e+01
      vertex   1.567065e+02 -9.650624e+01 2.235000e+01
      vertex   1.509179e+02 -9.320471e+01 2.135000e+01
    endloop
  endfacet
  facet normal -4.131759e-01 -4.924039e-01 7.660444e-01
    outer loop
      vertex   1.509179e+02 -9.320471e+01 2.135000e+01
      vertex   1.567065e+02 -9.650624e+01 2.235000e+01
      vertex   1.497261e+02 -9.064894e+01 2.235000e+01
    endloop
  endfacet
  facet normal -5.568198e-01 3.211349e-01 7.660444e-01
    outer loop
      vertex   1.548295e+02 -9.737548e+01 2.135000e+01
      vertex   1.549304e+02 -9.794734e+01 2.166312e+01
      vertex   1.551748e+02 -9.677670e+01 2.135000e+01
    endloop
  endfacet
  facet normal -5.568198e-01 3.211349e-01 7.660444e-01
    outer loop
      vertex   1.551748e+02 -9.677670e+01 2.135000e+01
      vertex   1.549304e+02 -9.794734e+01 2.166312e+01
      vertex   1.567065e+02 -9.650624e+01 2.235000e+01
    endloop
  endfacet
  facet normal -5.568198e-01 3.211349e-01 7.660444e-01
    outer loop
      vertex   1.567065e+02 -9.650624e+01 2.235000e+01
      vertex   1.549304e+02 -9.794734e+01 2.166312e+01
      vertex   1.557490e+02 -9.816647e+01 2.235000e+01
    endloop
  endfacet
  facet normal 0.000000e+00 0.000000e+00 1.000000e+00
    outer loop
      vertex   1.509179e+02 -9.320471e+01 2.135000e+01
      vertex   1.509179e+02 -9.409328e+01 2.135000e+01
      vertex   1.551748e+02 -9.677670e+01 2.135000e+01
    endloop
  endfacet
  facet normal 0.000000e+00 0.000000e+00 1.000000e+00
    outer loop
      vertex   1.551748e+02 -9.677670e+01 2.135000e+01
      vertex   1.509179e+02 -9.409328e+01 2.135000e+01
      vertex   1.548295e+02 -9.737548e+01 2.135000e+01
    endloop
  endfacet
  facet normal -6.427876e-01 0.000000e+00 7.660444e-01
    outer loop
      vertex   1.557490e+02 -9.816647e+01 2.235000e+01
      vertex   1.549304e+02 -9.794734e+01 2.166312e+01
      vertex   1.557490e+02 -9.970280e+01 2.235000e+01
    endloop
  endfacet
  facet normal -3.833784e-01 -5.941557e-01 7.071068e-01
    outer loop
      vertex   1.578393e+02 -1.174689e+02 2.162341e+01
      vertex   1.571127e+02 -1.161354e+02 2.235000e+01
      vertex   1.577600e+02 -1.177432e+02 2.135000e+01
    endloop
  endfacet
  facet normal -3.833784e-01 -5.941557e-01 7.071068e-01
    outer loop
      vertex   1.577600e+02 -1.177432e+02 2.135000e+01
      vertex   1.571127e+02 -1.161354e+02 2.235000e+01
      vertex   1.467265e+02 -1.106238e+02 2.135000e+01
    endloop
  endfacet
  facet normal -3.833784e-01 -5.941557e-01 7.071068e-01
    outer loop
      vertex   1.467265e+02 -1.106238e+02 2.135000e+01
      vertex   1.571127e+02 -1.161354e+02 2.235000e+01
      vertex   1.477265e+02 -1.100789e+02 2.235000e+01
    endloop
  endfacet
  facet normal 3.533262e-01 6.125036e-01 7.071068e-01
    outer loop
      vertex   1.647130e+02 -8.891176e+01 2.135000e+01
      vertex   1.565430e+02 -8.419882e+01 2.135000e+01
      vertex   1.633472e+02 -8.927834e+01 2.235000e+01
    endloop
  endfacet
  facet normal 3.533262e-01 6.125036e-01 7.071068e-01
    outer loop
      vertex   1.633472e+02 -8.927834e+01 2.235000e+01
      vertex   1.565430e+02 -8.419882e+01 2.135000e+01
      vertex   1.562752e+02 -8.519882e+01 2.235000e+01
    endloop
  endfacet
  facet normal 6.125368e-01 -3.532686e-01 7.071068e-01
    outer loop
      vertex   1.650733e+02 -8.911958e+01 2.093411e+01
      vertex   1.647130e+02 -8.891176e+01 2.135000e+01
      vertex   1.654399e+02 -9.048216e+01 1.993579e+01
    endloop
  endfacet
  facet normal 6.125368e-01 -3.532686e-01 7.071068e-01
    outer loop
      vertex   1.654399e+02 -9.048216e+01 1.993579e+01
      vertex   1.647130e+02 -8.891176e+01 2.135000e+01
      vertex   1.633472e+02 -8.927834e+01 2.235000e+01
    endloop
  endfacet
  facet normal 6.125368e-01 -3.532686e-01 7.071068e-01
    outer loop
      vertex   1.654399e+02 -9.048216e+01 1.993579e+01
      vertex   1.633472e+02 -8.927834e+01 2.235000e+01
      vertex   1.595269e+02 -1.007348e+02 1.993579e+01
    endloop
  endfacet
  facet normal 6.125368e-01 -3.532686e-01 7.071068e-01
    outer loop
      vertex   1.595269e+02 -1.007348e+02 1.993579e+01
      vertex   1.633472e+02 -8.927834e+01 2.235000e+01
      vertex   1.571127e+02 -1.000885e+02 2.235000e+01
    endloop
  endfacet
  facet normal 9.656592e-01 2.598119e-01 0.000000e+00
    outer loop
      vertex   1.650733e+02 -8.911958e+01 2.093411e+01
      vertex   1.654399e+02 -9.048216e+01 1.993579e+01
      vertex   1.650733e+02 -8.911958e+01 1.785000e+01
    endloop
  endfacet
  facet normal 9.656592e-01 2.598119e-01 3.276625e-18
    outer loop
      vertex   1.650733e+02 -8.911958e+01 1.785000e+01
      vertex   1.654399e+02 -9.048216e+01 1.993579e+01
      vertex   1.654399e+02 -9.048216e+01 1.785000e+01
    endloop
  endfacet
  facet normal 0.000000e+00 0.000000e+00 -1.000000e+00
    outer loop
      vertex   1.509293e+02 -2.375625e+01 2.035000e+01
      vertex   1.633293e+02 -2.375625e+01 2.035000e+01
      vertex   1.509293e+02 -4.215625e+01 2.035000e+01
    endloop
  endfacet
  facet normal 0.000000e+00 0.000000e+00 -1.000000e+00
    outer loop
      vertex   1.509293e+02 -4.215625e+01 2.035000e+01
      vertex   1.633293e+02 -2.375625e+01 2.035000e+01
      vertex   1.633293e+02 -4.215625e+01 2.035000e+01
    endloop
  endfacet
  facet normal -1.000000e+00 2.186285e-14 -2.186285e-14
    outer loop
      vertex   1.641293e+02 -2.295625e+01 1.985000e+01
      vertex   1.641293e+02 -2.425625e+01 1.985000e+01
      vertex   1.641293e+02 -2.295625e+01 2.115000e+01
    endloop
  endfacet
  facet normal -8.661856e-01 4.997225e-01 0.000000e+00
    outer loop
      vertex   1.510650e+02 -9.200000e+01 1.785000e+01
      vertex   1.467263e+02 -9.952055e+01 1.785000e+01
      vertex   1.510650e+02 -9.200000e+01 1.985000e+01
    endloop
  endfacet
  facet normal -8.661856e-01 4.997225e-01 1.194678e-17
    outer loop
      vertex   1.510650e+02 -9.200000e+01 1.985000e+01
      vertex   1.467263e+02 -9.952055e+01 1.785000e+01
      vertex   1.467263e+02 -9.952055e+01 1.985000e+01
    endloop
  endfacet
  facet normal -0.000000e+00 -0.000000e+00 -1.000000e+00
    outer loop
      vertex   1.565430e+02 -8.419882e+01 1.785000e+01
      vertex   1.595269e+02 -1.007348e+02 1.785000e+01
      vertex   1.562000e+02 -8.419882e+01 1.785000e+01
    endloop
  endfacet
  facet normal 0.000000e+00 -0.000000e+00 -1.000000e+00
    outer loop
      vertex   1.562000e+02 -8.419882e+01 1.785000e+01
      vertex   1.595269e+02 -1.007348e+02 1.785000e+01
      vertex   1.510650e+02 -9.200000e+01 1.785000e+01
    endloop
  endfacet
  facet normal -0.000000e+00 0.000000e+00 -1.000000e+00
    outer loop
      vertex   1.562000e+02 -8.419882e+01 1.785000e+01
      vertex   1.510650e+02 -9.200000e+01 1.785000e+01
      vertex   1.562000e+02 -8.309939e+01 1.785000e+01
    endloop
  endfacet
  facet normal 0.000000e+00 0.000000e+00 -1.000000e+00
    outer loop
      vertex   1.565430e+02 -8.419882e+01 1.785000e+01
      vertex   1.650733e+02 -8.911958e+01 1.785000e+01
      vertex   1.595269e+02 -1.007348e+02 1.785000e+01
    endloop
  endfacet
  facet normal 0.000000e+00 0.000000e+00 -1.000000e+00
    outer loop
      vertex   1.595269e+02 -1.007348e+02 1.785000e+01
      vertex   1.650733e+02 -8.911958e+01 1.785000e+01
      vertex   1.654399e+02 -9.048216e+01 1.785000e+01
    endloop
  endfacet
  facet normal -0.000000e+00 0.000000e+00 -1.000000e+00
    outer loop
      vertex   1.595269e+02 -1.177243e+02 1.785000e+01
      vertex   1.577600e+02 -1.177432e+02 1.785000e+01
      vertex   1.595269e+02 -1.007348e+02 1.785000e+01
    endloop
  endfacet
  facet normal 0.000000e+00 0.000000e+00 -1.000000e+00
    outer loop
      vertex   1.595269e+02 -1.007348e+02 1.785000e+01
      vertex   1.577600e+02 -1.177432e+02 1.785000e+01
      vertex   1.467265e+02 -1.106238e+02 1.785000e+01
    endloop
  endfacet
  facet normal -0.000000e+00 0.000000e+00 -1.000000e+00
    outer loop
      vertex   1.595269e+02 -1.007348e+02 1.785000e+01
      vertex   1.467265e+02 -1.106238e+02 1.785000e+01
      vertex   1.467263e+02 -9.952055e+01 1.785000e+01
    endloop
  endfacet
  facet normal 0.000000e+00 0.000000e+00 -1.000000e+00
    outer loop
      vertex   1.467263e+02 -9.952055e+01 1.785000e+01
      vertex   1.510650e+02 -9.200000e+01 1.785000e+01
      vertex   1.595269e+02 -1.007348e+02 1.785000e+01
    endloop
  endfacet
  facet normal 1.000000e+00 0.000000e+00 0.000000e+00
    outer loop
      vertex   1.501293e+02 -2.295625e+01 2.115000e+01
      vertex   1.501293e+02 -2.425625e+01 1.985000e+01
      vertex   1.501293e+02 -2.295625e+01 1.985000e+01
    endloop
  endfacet
  facet normal 7.453269e-15 1.000000e+00 -0.000000e+00
    outer loop
      vertex   1.501293e+02 -2.295625e+01 1.985000e+01
      vertex   1.491760e+02 -2.295625e+01 1.985000e+01
      vertex   1.501293e+02 -2.295625e+01 2.115000e+01
    endloop
  endfacet
  facet normal 7.453269e-15 1.000000e+00 0.000000e+00
    outer loop
      vertex   1.501293e+02 -2.295625e+01 2.115000e+01
      vertex   1.491760e+02 -2.295625e+01 1.985000e+01
      vertex   1.491760e+02 -2.295625e+01 2.135000e+01
    endloop
  endfacet
  facet normal -2.537653e-16 1.000000e+00 -3.673675e-14
    outer loop
      vertex   1.501293e+02 -2.295625e+01 2.115000e+01
      vertex   1.491760e+02 -2.295625e+01 2.135000e+01
      vertex   1.641293e+02 -2.295625e+01 2.115000e+01
    endloop
  endfacet
  facet normal 0.000000e+00 1.000000e+00 -1.776357e-14
    outer loop
      vertex   1.641293e+02 -2.295625e+01 2.115000e+01
      vertex   1.491760e+02 -2.295625e+01 2.135000e+01
      vertex   1.688106e+02 -2.295625e+01 2.135000e+01
    endloop
  endfacet
  facet normal -8.490792e-16 1.000000e+00 2.110201e-15
    outer loop
      vertex   1.641293e+02 -2.295625e+01 2.115000e+01
      vertex   1.688106e+02 -2.295625e+01 2.135000e+01
      vertex   1.650827e+02 -2.295625e+01 1.985000e+01
    endloop
  endfacet
  facet normal -0.000000e+00 1.000000e+00 0.000000e+00
    outer loop
      vertex   1.650827e+02 -2.295625e+01 1.985000e+01
      vertex   1.688106e+02 -2.295625e+01 2.135000e+01
      vertex   1.688106e+02 -2.295625e+01 5.850000e+00
    endloop
  endfacet
  facet normal 0.000000e+00 1.000000e+00 0.000000e+00
    outer loop
      vertex   1.650827e+02 -2.295625e+01 1.985000e+01
      vertex   1.688106e+02 -2.295625e+01 5.850000e+00
      vertex   1.650827e+02 -2.295625e+01 5.850000e+00
    endloop
  endfacet
  facet normal 0.000000e+00 1.000000e+00 2.732857e-15
    outer loop
      vertex   1.650827e+02 -2.295625e+01 1.985000e+01
      vertex   1.641293e+02 -2.295625e+01 1.985000e+01
      vertex   1.641293e+02 -2.295625e+01 2.115000e+01
    endloop
  endfacet
  facet normal 4.131759e-01 4.924039e-01 7.660444e-01
    outer loop
      vertex   1.557490e+02 -9.970280e+01 2.235000e+01
      vertex   1.549304e+02 -9.794734e+01 2.166312e+01
      vertex   1.497261e+02 -9.464901e+01 2.235000e+01
    endloop
  endfacet
  facet normal 4.131759e-01 4.924039e-01 7.660444e-01
    outer loop
      vertex   1.497261e+02 -9.464901e+01 2.235000e+01
      vertex   1.549304e+02 -9.794734e+01 2.166312e+01
      vertex   1.509179e+02 -9.409328e+01 2.135000e+01
    endloop
  endfacet
  facet normal 4.131759e-01 4.924039e-01 7.660444e-01
    outer loop
      vertex   1.509179e+02 -9.409328e+01 2.135000e+01
      vertex   1.549304e+02 -9.794734e+01 2.166312e+01
      vertex   1.548295e+02 -9.737548e+01 2.135000e+01
    endloop
  endfacet
  facet normal 6.427876e-01 1.380851e-05 7.660444e-01
    outer loop
      vertex   1.509179e+02 -9.409328e+01 2.135000e+01
      vertex   1.509179e+02 -9.320471e+01 2.135000e+01
      vertex   1.497261e+02 -9.464901e+01 2.235000e+01
    endloop
  endfacet
  facet normal 6.427876e-01 1.380851e-05 7.660444e-01
    outer loop
      vertex   1.497261e+02 -9.464901e+01 2.235000e+01
      vertex   1.509179e+02 -9.320471e+01 2.135000e+01
      vertex   1.497261e+02 -9.064894e+01 2.235000e+01
    endloop
  endfacet
  facet normal 6.427876e-01 0.000000e+00 7.660444e-01
    outer loop
      vertex   1.497260e+02 -5.864889e+01 2.235000e+01
      vertex   1.497260e+02 -6.264889e+01 2.235000e+01
      vertex   1.509178e+02 -6.120461e+01 2.135000e+01
    endloop
  endfacet
  facet normal 6.427876e-01 -2.056055e-14 7.660444e-01
    outer loop
      vertex   1.509178e+02 -6.120461e+01 2.135000e+01
      vertex   1.497260e+02 -6.264889e+01 2.235000e+01
      vertex   1.509178e+02 -6.209317e+01 2.135000e+01
    endloop
  endfacet
  facet normal 0.000000e+00 0.000000e+00 1.000000e+00
    outer loop
      vertex   1.509178e+02 -6.120461e+01 2.135000e+01
      vertex   1.509178e+02 -6.209317e+01 2.135000e+01
      vertex   1.520082e+02 -6.211965e+01 2.135000e+01
    endloop
  endfacet
  facet normal 0.000000e+00 0.000000e+00 1.000000e+00
    outer loop
      vertex   1.520082e+02 -6.211965e+01 2.135000e+01
      vertex   1.509178e+02 -6.209317e+01 2.135000e+01
      vertex   1.520082e+02 -6.300820e+01 2.135000e+01
    endloop
  endfacet
  facet normal -6.427876e-01 2.056055e-14 7.660444e-01
    outer loop
      vertex   1.520082e+02 -6.211965e+01 2.135000e+01
      vertex   1.520082e+02 -6.300820e+01 2.135000e+01
      vertex   1.528003e+02 -6.175030e+01 2.201461e+01
    endloop
  endfacet
  facet normal -6.427876e-01 7.081794e-15 7.660444e-01
    outer loop
      vertex   1.528003e+02 -6.175030e+01 2.201461e+01
      vertex   1.520082e+02 -6.300820e+01 2.135000e+01
      vertex   1.532000e+02 -6.556392e+01 2.235000e+01
    endloop
  endfacet
  facet normal -6.427876e-01 -7.140123e-18 7.660444e-01
    outer loop
      vertex   1.528003e+02 -6.175030e+01 2.201461e+01
      vertex   1.532000e+02 -6.556392e+01 2.235000e+01
      vertex   1.532000e+02 -6.215000e+01 2.235000e+01
    endloop
  endfacet
  facet normal 4.131759e-01 4.924039e-01 7.660444e-01
    outer loop
      vertex   1.509178e+02 -6.209317e+01 2.135000e+01
      vertex   1.497260e+02 -6.264889e+01 2.235000e+01
      vertex   1.520082e+02 -6.300820e+01 2.135000e+01
    endloop
  endfacet
  facet normal 4.131759e-01 4.924039e-01 7.660444e-01
    outer loop
      vertex   1.520082e+02 -6.300820e+01 2.135000e+01
      vertex   1.497260e+02 -6.264889e+01 2.235000e+01
      vertex   1.532000e+02 -6.556392e+01 2.235000e+01
    endloop
  endfacet
  facet normal 1.818665e-18 6.427876e-01 7.660444e-01
    outer loop
      vertex   1.528003e+02 -6.175030e+01 2.201461e+01
      vertex   1.532000e+02 -6.215000e+01 2.235000e+01
      vertex   1.538985e+02 -6.215000e+01 2.235000e+01
    endloop
  endfacet
  facet normal -4.131759e-01 -4.924039e-01 7.660444e-01
    outer loop
      vertex   1.538985e+02 -6.215000e+01 2.235000e+01
      vertex   1.497260e+02 -5.864889e+01 2.235000e+01
      vertex   1.528003e+02 -6.175030e+01 2.201461e+01
    endloop
  endfacet
  facet normal -4.131759e-01 -4.924039e-01 7.660444e-01
    outer loop
      vertex   1.528003e+02 -6.175030e+01 2.201461e+01
      vertex   1.497260e+02 -5.864889e+01 2.235000e+01
      vertex   1.509178e+02 -6.120461e+01 2.135000e+01
    endloop
  endfacet
  facet normal -4.131759e-01 -4.924039e-01 7.660444e-01
    outer loop
      vertex   1.528003e+02 -6.175030e+01 2.201461e+01
      vertex   1.509178e+02 -6.120461e+01 2.135000e+01
      vertex   1.520082e+02 -6.211965e+01 2.135000e+01
    endloop
  endfacet
  facet normal 4.131759e-01 4.924039e-01 7.660444e-01
    outer loop
      vertex   1.509178e+02 -3.009317e+01 2.135000e+01
      vertex   1.497260e+02 -3.064889e+01 2.235000e+01
      vertex   1.704957e+02 -4.652105e+01 2.135000e+01
    endloop
  endfacet
  facet normal 4.131759e-01 4.924039e-01 7.660444e-01
    outer loop
      vertex   1.704957e+02 -4.652105e+01 2.135000e+01
      vertex   1.497260e+02 -3.064889e+01 2.235000e+01
      vertex   1.716875e+02 -4.907678e+01 2.235000e+01
    endloop
  endfacet
  facet normal -6.427876e-01 0.000000e+00 7.660444e-01
    outer loop
      vertex   1.704957e+02 -4.563250e+01 2.135000e+01
      vertex   1.704957e+02 -4.652105e+01 2.135000e+01
      vertex   1.716875e+02 -4.507678e+01 2.235000e+01
    endloop
  endfacet
  facet normal -6.427876e-01 0.000000e+00 7.660444e-01
    outer loop
      vertex   1.716875e+02 -4.507678e+01 2.235000e+01
      vertex   1.704957e+02 -4.652105e+01 2.135000e+01
      vertex   1.716875e+02 -4.907678e+01 2.235000e+01
    endloop
  endfacet
  facet normal -4.131759e-01 -4.924039e-01 7.660444e-01
    outer loop
      vertex   1.704957e+02 -4.563250e+01 2.135000e+01
      vertex   1.716875e+02 -4.507678e+01 2.235000e+01
      vertex   1.509178e+02 -2.920461e+01 2.135000e+01
    endloop
  endfacet
  facet normal -4.131759e-01 -4.924039e-01 7.660444e-01
    outer loop
      vertex   1.509178e+02 -2.920461e+01 2.135000e+01
      vertex   1.716875e+02 -4.507678e+01 2.235000e+01
      vertex   1.497260e+02 -2.664889e+01 2.235000e+01
    endloop
  endfacet
  facet normal 6.427876e-01 2.056055e-14 7.660444e-01
    outer loop
      vertex   1.509178e+02 -3.009317e+01 2.135000e+01
      vertex   1.509178e+02 -2.920461e+01 2.135000e+01
      vertex   1.497260e+02 -3.064889e+01 2.235000e+01
    endloop
  endfacet
  facet normal 6.427876e-01 -0.000000e+00 7.660444e-01
    outer loop
      vertex   1.497260e+02 -3.064889e+01 2.235000e+01
      vertex   1.509178e+02 -2.920461e+01 2.135000e+01
      vertex   1.497260e+02 -2.664889e+01 2.235000e+01
    endloop
  endfacet
  facet normal 0.000000e+00 -0.000000e+00 1.000000e+00
    outer loop
      vertex   1.704957e+02 -4.652105e+01 2.135000e+01
      vertex   1.704957e+02 -4.563250e+01 2.135000e+01
      vertex   1.509178e+02 -3.009317e+01 2.135000e+01
    endloop
  endfacet
  facet normal -0.000000e+00 -0.000000e+00 1.000000e+00
    outer loop
      vertex   1.509178e+02 -3.009317e+01 2.135000e+01
      vertex   1.704957e+02 -4.563250e+01 2.135000e+01
      vertex   1.509178e+02 -2.920461e+01 2.135000e+01
    endloop
  endfacet
  facet normal 4.131759e-01 4.924039e-01 7.660444e-01
    outer loop
      vertex   1.704957e+02 -3.852105e+01 2.135000e+01
      vertex   1.569419e+02 -2.714800e+01 2.135000e+01
      vertex   1.716875e+02 -4.107678e+01 2.235000e+01
    endloop
  endfacet
  facet normal 4.131759e-01 4.924039e-01 7.660444e-01
    outer loop
      vertex   1.716875e+02 -4.107678e+01 2.235000e+01
      vertex   1.569419e+02 -2.714800e+01 2.135000e+01
      vertex   1.536676e+02 -2.595625e+01 2.235000e+01
    endloop
  endfacet
  facet normal -6.427876e-01 0.000000e+00 7.660444e-01
    outer loop
      vertex   1.704957e+02 -3.763250e+01 2.135000e+01
      vertex   1.704957e+02 -3.852105e+01 2.135000e+01
      vertex   1.716875e+02 -3.707678e+01 2.235000e+01
    endloop
  endfacet
  facet normal -6.427876e-01 0.000000e+00 7.660444e-01
    outer loop
      vertex   1.716875e+02 -3.707678e+01 2.235000e+01
      vertex   1.704957e+02 -3.852105e+01 2.135000e+01
      vertex   1.716875e+02 -4.107678e+01 2.235000e+01
    endloop
  endfacet
  facet normal -4.131759e-01 -4.924039e-01 7.660444e-01
    outer loop
      vertex   1.580008e+02 -2.714800e+01 2.135000e+01
      vertex   1.704957e+02 -3.763250e+01 2.135000e+01
      vertex   1.584346e+02 -2.595625e+01 2.235000e+01
    endloop
  endfacet
  facet normal -4.131759e-01 -4.924039e-01 7.660444e-01
    outer loop
      vertex   1.584346e+02 -2.595625e+01 2.235000e+01
      vertex   1.704957e+02 -3.763250e+01 2.135000e+01
      vertex   1.716875e+02 -3.707678e+01 2.235000e+01
    endloop
  endfacet
  facet normal 0.000000e+00 -6.427876e-01 7.660444e-01
    outer loop
      vertex   1.580008e+02 -2.714800e+01 2.135000e+01
      vertex   1.584346e+02 -2.595625e+01 2.235000e+01
      vertex   1.569419e+02 -2.714800e+01 2.135000e+01
    endloop
  endfacet
  facet normal -1.437151e-15 -6.427876e-01 7.660444e-01
    outer loop
      vertex   1.569419e+02 -2.714800e+01 2.135000e+01
      vertex   1.584346e+02 -2.595625e+01 2.235000e+01
      vertex   1.536676e+02 -2.595625e+01 2.235000e+01
    endloop
  endfacet
  facet normal 0.000000e+00 -0.000000e+00 1.000000e+00
    outer loop
      vertex   1.704957e+02 -3.852105e+01 2.135000e+01
      vertex   1.704957e+02 -3.763250e+01 2.135000e+01
      vertex   1.569419e+02 -2.714800e+01 2.135000e+01
    endloop
  endfacet
  facet normal -0.000000e+00 0.000000e+00 1.000000e+00
    outer loop
      vertex   1.569419e+02 -2.714800e+01 2.135000e+01
      vertex   1.704957e+02 -3.763250e+01 2.135000e+01
      vertex   1.580008e+02 -2.714800e+01 2.135000e+01
    endloop
  endfacet
  facet normal 4.131759e-01 4.924039e-01 7.660444e-01
    outer loop
      vertex   1.590992e+02 -6.095825e+01 2.135000e+01
      vertex   1.509178e+02 -5.409317e+01 2.135000e+01
      vertex   1.586655e+02 -6.215000e+01 2.235000e+01
    endloop
  endfacet
  facet normal 4.131759e-01 4.924039e-01 7.660444e-01
    outer loop
      vertex   1.586655e+02 -6.215000e+01 2.235000e+01
      vertex   1.509178e+02 -5.409317e+01 2.135000e+01
      vertex   1.497260e+02 -5.464889e+01 2.235000e+01
    endloop
  endfacet
  facet normal -4.313087e-15 6.427876e-01 7.660444e-01
    outer loop
      vertex   1.590992e+02 -6.095825e+01 2.135000e+01
      vertex   1.586655e+02 -6.215000e+01 2.235000e+01
      vertex   1.601582e+02 -6.095825e+01 2.135000e+01
    endloop
  endfacet
  facet normal 1.916202e-15 6.427876e-01 7.660444e-01
    outer loop
      vertex   1.601582e+02 -6.095825e+01 2.135000e+01
      vertex   1.586655e+02 -6.215000e+01 2.235000e+01
      vertex   1.634325e+02 -6.215000e+01 2.235000e+01
    endloop
  endfacet
  facet normal -4.131759e-01 -4.924039e-01 7.660444e-01
    outer loop
      vertex   1.509178e+02 -5.320461e+01 2.135000e+01
      vertex   1.601582e+02 -6.095825e+01 2.135000e+01
      vertex   1.497260e+02 -5.064889e+01 2.235000e+01
    endloop
  endfacet
  facet normal -4.131759e-01 -4.924039e-01 7.660444e-01
    outer loop
      vertex   1.497260e+02 -5.064889e+01 2.235000e+01
      vertex   1.601582e+02 -6.095825e+01 2.135000e+01
      vertex   1.634325e+02 -6.215000e+01 2.235000e+01
    endloop
  endfacet
  facet normal 6.427876e-01 -0.000000e+00 7.660444e-01
    outer loop
      vertex   1.509178e+02 -5.409317e+01 2.135000e+01
      vertex   1.509178e+02 -5.320461e+01 2.135000e+01
      vertex   1.497260e+02 -5.464889e+01 2.235000e+01
    endloop
  endfacet
  facet normal 6.427876e-01 -0.000000e+00 7.660444e-01
    outer loop
      vertex   1.497260e+02 -5.464889e+01 2.235000e+01
      vertex   1.509178e+02 -5.320461e+01 2.135000e+01
      vertex   1.497260e+02 -5.064889e+01 2.235000e+01
    endloop
  endfacet
  facet normal 0.000000e+00 -0.000000e+00 1.000000e+00
    outer loop
      vertex   1.590992e+02 -6.095825e+01 2.135000e+01
      vertex   1.601582e+02 -6.095825e+01 2.135000e+01
      vertex   1.509178e+02 -5.409317e+01 2.135000e+01
    endloop
  endfacet
  facet normal -0.000000e+00 0.000000e+00 1.000000e+00
    outer loop
      vertex   1.509178e+02 -5.409317e+01 2.135000e+01
      vertex   1.601582e+02 -6.095825e+01 2.135000e+01
      vertex   1.509178e+02 -5.320461e+01 2.135000e+01
    endloop
  endfacet
  facet normal -6.427876e-01 1.780854e-16 7.660444e-01
    outer loop
      vertex   1.526416e+02 -8.775720e+01 2.148984e+01
      vertex   1.536667e+02 -8.673210e+01 2.235000e+01
      vertex   1.524750e+02 -8.739982e+01 2.135000e+01
    endloop
  endfacet
  facet normal -6.427876e-01 0.000000e+00 7.660444e-01
    outer loop
      vertex   1.524750e+02 -8.739982e+01 2.135000e+01
      vertex   1.536667e+02 -8.673210e+01 2.235000e+01
      vertex   1.524750e+02 -8.651127e+01 2.135000e+01
    endloop
  endfacet
  facet normal -6.427876e-01 0.000000e+00 7.660444e-01
    outer loop
      vertex   1.524750e+02 -8.651127e+01 2.135000e+01
      vertex   1.536667e+02 -8.673210e+01 2.235000e+01
      vertex   1.536667e+02 -8.595554e+01 2.235000e+01
    endloop
  endfacet
  facet normal 1.494314e-16 -6.427876e-01 7.660444e-01
    outer loop
      vertex   1.526416e+02 -8.775720e+01 2.148984e+01
      vertex   1.530995e+02 -8.792385e+01 2.135000e+01
      vertex   1.536667e+02 -8.673210e+01 2.235000e+01
    endloop
  endfacet
  facet normal 0.000000e+00 -6.427876e-01 7.660444e-01
    outer loop
      vertex   1.536667e+02 -8.673210e+01 2.235000e+01
      vertex   1.530995e+02 -8.792385e+01 2.135000e+01
      vertex   1.541584e+02 -8.792385e+01 2.135000e+01
    endloop
  endfacet
  facet normal -9.870257e-15 -6.427876e-01 7.660444e-01
    outer loop
      vertex   1.536667e+02 -8.673210e+01 2.235000e+01
      vertex   1.541584e+02 -8.792385e+01 2.135000e+01
      vertex   1.545922e+02 -8.673210e+01 2.235000e+01
    endloop
  endfacet
  facet normal -0.000000e+00 0.000000e+00 1.000000e+00
    outer loop
      vertex   1.530995e+02 -8.792385e+01 2.135000e+01
      vertex   1.579387e+02 -9.198440e+01 2.135000e+01
      vertex   1.541584e+02 -8.792385e+01 2.135000e+01
    endloop
  endfacet
  facet normal 0.000000e+00 0.000000e+00 1.000000e+00
    outer loop
      vertex   1.541584e+02 -8.792385e+01 2.135000e+01
      vertex   1.579387e+02 -9.198440e+01 2.135000e+01
      vertex   1.582840e+02 -9.138562e+01 2.135000e+01
    endloop
  endfacet
  facet normal 4.131759e-01 4.924039e-01 7.660444e-01
    outer loop
      vertex   1.524750e+02 -8.739982e+01 2.135000e+01
      vertex   1.509178e+02 -8.609317e+01 2.135000e+01
      vertex   1.526416e+02 -8.775720e+01 2.148984e+01
    endloop
  endfacet
  facet normal 4.131759e-01 4.924039e-01 7.660444e-01
    outer loop
      vertex   1.526416e+02 -8.775720e+01 2.148984e+01
      vertex   1.509178e+02 -8.609317e+01 2.135000e+01
      vertex   1.497260e+02 -8.664889e+01 2.235000e+01
    endloop
  endfacet
  facet normal 4.131759e-01 4.924039e-01 7.660444e-01
    outer loop
      vertex   1.526416e+02 -8.775720e+01 2.148984e+01
      vertex   1.497260e+02 -8.664889e+01 2.235000e+01
      vertex   1.582611e+02 -9.381071e+01 2.235000e+01
    endloop
  endfacet
  facet normal 4.131759e-01 4.924039e-01 7.660444e-01
    outer loop
      vertex   1.582611e+02 -9.381071e+01 2.235000e+01
      vertex   1.579387e+02 -9.198440e+01 2.135000e+01
      vertex   1.526416e+02 -8.775720e+01 2.148984e+01
    endloop
  endfacet
  facet normal 4.131759e-01 4.924039e-01 7.660444e-01
    outer loop
      vertex   1.526416e+02 -8.775720e+01 2.148984e+01
      vertex   1.579387e+02 -9.198440e+01 2.135000e+01
      vertex   1.530995e+02 -8.792385e+01 2.135000e+01
    endloop
  endfacet
  facet normal -5.568198e-01 3.211349e-01 7.660444e-01
    outer loop
      vertex   1.582840e+02 -9.138562e+01 2.135000e+01
      vertex   1.579387e+02 -9.198440e+01 2.135000e+01
      vertex   1.598157e+02 -9.111517e+01 2.235000e+01
    endloop
  endfacet
  facet normal -5.568198e-01 3.211349e-01 7.660444e-01
    outer loop
      vertex   1.598157e+02 -9.111517e+01 2.235000e+01
      vertex   1.579387e+02 -9.198440e+01 2.135000e+01
      vertex   1.582611e+02 -9.381071e+01 2.235000e+01
    endloop
  endfacet
  facet normal -4.131759e-01 -4.924039e-01 7.660444e-01
    outer loop
      vertex   1.541584e+02 -8.792385e+01 2.135000e+01
      vertex   1.582840e+02 -9.138562e+01 2.135000e+01
      vertex   1.545922e+02 -8.673210e+01 2.235000e+01
    endloop
  endfacet
  facet normal -4.131759e-01 -4.924039e-01 7.660444e-01
    outer loop
      vertex   1.545922e+02 -8.673210e+01 2.235000e+01
      vertex   1.582840e+02 -9.138562e+01 2.135000e+01
      vertex   1.598157e+02 -9.111517e+01 2.235000e+01
    endloop
  endfacet
  facet normal -4.131759e-01 -4.924039e-01 7.660444e-01
    outer loop
      vertex   1.524750e+02 -8.651127e+01 2.135000e+01
      vertex   1.536667e+02 -8.595554e+01 2.235000e+01
      vertex   1.509178e+02 -8.520461e+01 2.135000e+01
    endloop
  endfacet
  facet normal -4.131759e-01 -4.924039e-01 7.660444e-01
    outer loop
      vertex   1.509178e+02 -8.520461e+01 2.135000e+01
      vertex   1.536667e+02 -8.595554e+01 2.235000e+01
      vertex   1.497260e+02 -8.264889e+01 2.235000e+01
    endloop
  endfacet
  facet normal 6.427876e-01 -2.056055e-14 7.660444e-01
    outer loop
      vertex   1.509178e+02 -8.609317e+01 2.135000e+01
      vertex   1.509178e+02 -8.520461e+01 2.135000e+01
      vertex   1.497260e+02 -8.664889e+01 2.235000e+01
    endloop
  endfacet
  facet normal 6.427876e-01 -0.000000e+00 7.660444e-01
    outer loop
      vertex   1.497260e+02 -8.664889e+01 2.235000e+01
      vertex   1.509178e+02 -8.520461e+01 2.135000e+01
      vertex   1.497260e+02 -8.264889e+01 2.235000e+01
    endloop
  endfacet
  facet normal 0.000000e+00 -0.000000e+00 1.000000e+00
    outer loop
      vertex   1.524750e+02 -8.739982e+01 2.135000e+01
      vertex   1.524750e+02 -8.651127e+01 2.135000e+01
      vertex   1.509178e+02 -8.609317e+01 2.135000e+01
    endloop
  endfacet
  facet normal -0.000000e+00 0.000000e+00 1.000000e+00
    outer loop
      vertex   1.509178e+02 -8.609317e+01 2.135000e+01
      vertex   1.524750e+02 -8.651127e+01 2.135000e+01
      vertex   1.509178e+02 -8.520461e+01 2.135000e+01
    endloop
  endfacet
  facet normal 4.131759e-01 4.924039e-01 7.660444e-01
    outer loop
      vertex   1.509181e+02 -1.020934e+02 2.135000e+01
      vertex   1.497263e+02 -1.026492e+02 2.235000e+01
      vertex   1.537794e+02 -1.044944e+02 2.135000e+01
    endloop
  endfacet
  facet normal 4.131759e-01 4.924039e-01 7.660444e-01
    outer loop
      vertex   1.537794e+02 -1.044944e+02 2.135000e+01
      vertex   1.497263e+02 -1.026492e+02 2.235000e+01
      vertex   1.549712e+02 -1.070501e+02 2.235000e+01
    endloop
  endfacet
  facet normal -6.427876e-01 2.056055e-14 7.660444e-01
    outer loop
      vertex   1.537794e+02 -1.036058e+02 2.135000e+01
      vertex   1.537794e+02 -1.044944e+02 2.135000e+01
      vertex   1.549712e+02 -1.030501e+02 2.235000e+01
    endloop
  endfacet
  facet normal -6.427876e-01 0.000000e+00 7.660444e-01
    outer loop
      vertex   1.549712e+02 -1.030501e+02 2.235000e+01
      vertex   1.537794e+02 -1.044944e+02 2.135000e+01
      vertex   1.549712e+02 -1.070501e+02 2.235000e+01
    endloop
  endfacet
  facet normal -4.131759e-01 -4.924039e-01 7.660444e-01
    outer loop
      vertex   1.537794e+02 -1.036058e+02 2.135000e+01
      vertex   1.549712e+02 -1.030501e+02 2.235000e+01
      vertex   1.509180e+02 -1.012049e+02 2.135000e+01
    endloop
  endfacet
  facet normal -4.131759e-01 -4.924039e-01 7.660444e-01
    outer loop
      vertex   1.509180e+02 -1.012049e+02 2.135000e+01
      vertex   1.549712e+02 -1.030501e+02 2.235000e+01
      vertex   1.497262e+02 -9.864909e+01 2.235000e+01
    endloop
  endfacet
  facet normal 6.427876e-01 1.380851e-05 7.660444e-01
    outer loop
      vertex   1.509181e+02 -1.020934e+02 2.135000e+01
      vertex   1.509180e+02 -1.012049e+02 2.135000e+01
      vertex   1.497263e+02 -1.026492e+02 2.235000e+01
    endloop
  endfacet
  facet normal 6.427876e-01 1.380851e-05 7.660444e-01
    outer loop
      vertex   1.497263e+02 -1.026492e+02 2.235000e+01
      vertex   1.509180e+02 -1.012049e+02 2.135000e+01
      vertex   1.497262e+02 -9.864909e+01 2.235000e+01
    endloop
  endfacet
  facet normal 0.000000e+00 -0.000000e+00 1.000000e+00
    outer loop
      vertex   1.537794e+02 -1.044944e+02 2.135000e+01
      vertex   1.537794e+02 -1.036058e+02 2.135000e+01
      vertex   1.509181e+02 -1.020934e+02 2.135000e+01
    endloop
  endfacet
  facet normal -0.000000e+00 -0.000000e+00 1.000000e+00
    outer loop
      vertex   1.509181e+02 -1.020934e+02 2.135000e+01
      vertex   1.537794e+02 -1.036058e+02 2.135000e+01
      vertex   1.509180e+02 -1.012049e+02 2.135000e+01
    endloop
  endfacet
  facet normal 4.131759e-01 4.924039e-01 7.660444e-01
    outer loop
      vertex   1.509178e+02 -7.009317e+01 2.135000e+01
      vertex   1.497260e+02 -7.064889e+01 2.235000e+01
      vertex   1.520082e+02 -7.100820e+01 2.135000e+01
    endloop
  endfacet
  facet normal 4.131759e-01 4.924039e-01 7.660444e-01
    outer loop
      vertex   1.520082e+02 -7.100820e+01 2.135000e+01
      vertex   1.497260e+02 -7.064889e+01 2.235000e+01
      vertex   1.532000e+02 -7.356392e+01 2.235000e+01
    endloop
  endfacet
  facet normal -6.427876e-01 0.000000e+00 7.660444e-01
    outer loop
      vertex   1.520082e+02 -7.011965e+01 2.135000e+01
      vertex   1.520082e+02 -7.100820e+01 2.135000e+01
      vertex   1.532000e+02 -6.956392e+01 2.235000e+01
    endloop
  endfacet
  facet normal -6.427876e-01 0.000000e+00 7.660444e-01
    outer loop
      vertex   1.532000e+02 -6.956392e+01 2.235000e+01
      vertex   1.520082e+02 -7.100820e+01 2.135000e+01
      vertex   1.532000e+02 -7.356392e+01 2.235000e+01
    endloop
  endfacet
  facet normal -4.131759e-01 -4.924039e-01 7.660444e-01
    outer loop
      vertex   1.520082e+02 -7.011965e+01 2.135000e+01
      vertex   1.532000e+02 -6.956392e+01 2.235000e+01
      vertex   1.509178e+02 -6.920461e+01 2.135000e+01
    endloop
  endfacet
  facet normal -4.131759e-01 -4.924039e-01 7.660444e-01
    outer loop
      vertex   1.509178e+02 -6.920461e+01 2.135000e+01
      vertex   1.532000e+02 -6.956392e+01 2.235000e+01
      vertex   1.497260e+02 -6.664889e+01 2.235000e+01
    endloop
  endfacet
  facet normal 6.427876e-01 -2.056055e-14 7.660444e-01
    outer loop
      vertex   1.509178e+02 -7.009317e+01 2.135000e+01
      vertex   1.509178e+02 -6.920461e+01 2.135000e+01
      vertex   1.497260e+02 -7.064889e+01 2.235000e+01
    endloop
  endfacet
  facet normal 6.427876e-01 -0.000000e+00 7.660444e-01
    outer loop
      vertex   1.497260e+02 -7.064889e+01 2.235000e+01
      vertex   1.509178e+02 -6.920461e+01 2.135000e+01
      vertex   1.497260e+02 -6.664889e+01 2.235000e+01
    endloop
  endfacet
  facet normal 0.000000e+00 -0.000000e+00 1.000000e+00
    outer loop
      vertex   1.520082e+02 -7.100820e+01 2.135000e+01
      vertex   1.520082e+02 -7.011965e+01 2.135000e+01
      vertex   1.509178e+02 -7.009317e+01 2.135000e+01
    endloop
  endfacet
  facet normal -0.000000e+00 0.000000e+00 1.000000e+00
    outer loop
      vertex   1.509178e+02 -7.009317e+01 2.135000e+01
      vertex   1.520082e+02 -7.011965e+01 2.135000e+01
      vertex   1.509178e+02 -6.920461e+01 2.135000e+01
    endloop
  endfacet
  facet normal 4.131759e-01 4.924039e-01 7.660444e-01
    outer loop
      vertex   1.509178e+02 -3.809317e+01 2.135000e+01
      vertex   1.497260e+02 -3.864889e+01 2.235000e+01
      vertex   1.704957e+02 -5.452105e+01 2.135000e+01
    endloop
  endfacet
  facet normal 4.131759e-01 4.924039e-01 7.660444e-01
    outer loop
      vertex   1.704957e+02 -5.452105e+01 2.135000e+01
      vertex   1.497260e+02 -3.864889e+01 2.235000e+01
      vertex   1.716875e+02 -5.707678e+01 2.235000e+01
    endloop
  endfacet
  facet normal -6.427876e-01 0.000000e+00 7.660444e-01
    outer loop
      vertex   1.704957e+02 -5.363250e+01 2.135000e+01
      vertex   1.704957e+02 -5.452105e+01 2.135000e+01
      vertex   1.716875e+02 -5.307678e+01 2.235000e+01
    endloop
  endfacet
  facet normal -6.427876e-01 0.000000e+00 7.660444e-01
    outer loop
      vertex   1.716875e+02 -5.307678e+01 2.235000e+01
      vertex   1.704957e+02 -5.452105e+01 2.135000e+01
      vertex   1.716875e+02 -5.707678e+01 2.235000e+01
    endloop
  endfacet
  facet normal -4.131759e-01 -4.924039e-01 7.660444e-01
    outer loop
      vertex   1.704957e+02 -5.363250e+01 2.135000e+01
      vertex   1.716875e+02 -5.307678e+01 2.235000e+01
      vertex   1.509178e+02 -3.720461e+01 2.135000e+01
    endloop
  endfacet
  facet normal -4.131759e-01 -4.924039e-01 7.660444e-01
    outer loop
      vertex   1.509178e+02 -3.720461e+01 2.135000e+01
      vertex   1.716875e+02 -5.307678e+01 2.235000e+01
      vertex   1.497260e+02 -3.464889e+01 2.235000e+01
    endloop
  endfacet
  facet normal 6.427876e-01 2.056055e-14 7.660444e-01
    outer loop
      vertex   1.509178e+02 -3.809317e+01 2.135000e+01
      vertex   1.509178e+02 -3.720461e+01 2.135000e+01
      vertex   1.497260e+02 -3.864889e+01 2.235000e+01
    endloop
  endfacet
  facet normal 6.427876e-01 -0.000000e+00 7.660444e-01
    outer loop
      vertex   1.497260e+02 -3.864889e+01 2.235000e+01
      vertex   1.509178e+02 -3.720461e+01 2.135000e+01
      vertex   1.497260e+02 -3.464889e+01 2.235000e+01
    endloop
  endfacet
  facet normal 0.000000e+00 -0.000000e+00 1.000000e+00
    outer loop
      vertex   1.704957e+02 -5.452105e+01 2.135000e+01
      vertex   1.704957e+02 -5.363250e+01 2.135000e+01
      vertex   1.509178e+02 -3.809317e+01 2.135000e+01
    endloop
  endfacet
  facet normal -0.000000e+00 -0.000000e+00 1.000000e+00
    outer loop
      vertex   1.509178e+02 -3.809317e+01 2.135000e+01
      vertex   1.704957e+02 -5.363250e+01 2.135000e+01
      vertex   1.509178e+02 -3.720461e+01 2.135000e+01
    endloop
  endfacet
  facet normal 4.131759e-01 4.924039e-01 7.660444e-01
    outer loop
      vertex   1.705147e+02 -3.056161e+01 2.136587e+01
      vertex   1.701950e+02 -3.026867e+01 2.135000e+01
      vertex   1.716875e+02 -3.307678e+01 2.235000e+01
    endloop
  endfacet
  facet normal 4.131759e-01 4.924039e-01 7.660444e-01
    outer loop
      vertex   1.716875e+02 -3.307678e+01 2.235000e+01
      vertex   1.701950e+02 -3.026867e+01 2.135000e+01
      vertex   1.664759e+02 -2.714800e+01 2.135000e+01
    endloop
  endfacet
  facet normal 4.131759e-01 4.924039e-01 7.660444e-01
    outer loop
      vertex   1.716875e+02 -3.307678e+01 2.235000e+01
      vertex   1.664759e+02 -2.714800e+01 2.135000e+01
      vertex   1.632016e+02 -2.595625e+01 2.235000e+01
    endloop
  endfacet
  facet normal -6.427876e-01 -2.304338e-17 7.660444e-01
    outer loop
      vertex   1.705147e+02 -3.056161e+01 2.136587e+01
      vertex   1.716875e+02 -3.307678e+01 2.235000e+01
      vertex   1.716875e+02 -3.007581e+01 2.235000e+01
    endloop
  endfacet
  facet normal -4.545195e-01 -4.545195e-01 7.660444e-01
    outer loop
      vertex   1.670743e+02 -2.714800e+01 2.135000e+01
      vertex   1.701950e+02 -3.026867e+01 2.135000e+01
      vertex   1.675679e+02 -2.595625e+01 2.235000e+01
    endloop
  endfacet
  facet normal -4.545195e-01 -4.545195e-01 7.660444e-01
    outer loop
      vertex   1.675679e+02 -2.595625e+01 2.235000e+01
      vertex   1.701950e+02 -3.026867e+01 2.135000e+01
      vertex   1.716875e+02 -3.007581e+01 2.235000e+01
    endloop
  endfacet
  facet normal -4.545195e-01 -4.545195e-01 7.660444e-01
    outer loop
      vertex   1.716875e+02 -3.007581e+01 2.235000e+01
      vertex   1.701950e+02 -3.026867e+01 2.135000e+01
      vertex   1.705147e+02 -3.056161e+01 2.136587e+01
    endloop
  endfacet
  facet normal -5.230083e-16 -6.427876e-01 7.660444e-01
    outer loop
      vertex   1.632016e+02 -2.595625e+01 2.235000e+01
      vertex   1.664759e+02 -2.714800e+01 2.135000e+01
      vertex   1.675679e+02 -2.595625e+01 2.235000e+01
    endloop
  endfacet
  facet normal 0.000000e+00 -6.427876e-01 7.660444e-01
    outer loop
      vertex   1.675679e+02 -2.595625e+01 2.235000e+01
      vertex   1.664759e+02 -2.714800e+01 2.135000e+01
      vertex   1.670743e+02 -2.714800e+01 2.135000e+01
    endloop
  endfacet
  facet normal 0.000000e+00 0.000000e+00 1.000000e+00
    outer loop
      vertex   1.701950e+02 -3.026867e+01 2.135000e+01
      vertex   1.670743e+02 -2.714800e+01 2.135000e+01
      vertex   1.664759e+02 -2.714800e+01 2.135000e+01
    endloop
  endfacet
  facet normal 4.131759e-01 4.924039e-01 7.660444e-01
    outer loop
      vertex   1.509178e+02 -4.609317e+01 2.135000e+01
      vertex   1.497260e+02 -4.664889e+01 2.235000e+01
      vertex   1.677856e+02 -6.024696e+01 2.135000e+01
    endloop
  endfacet
  facet normal 4.131759e-01 4.924039e-01 7.660444e-01
    outer loop
      vertex   1.677856e+02 -6.024696e+01 2.135000e+01
      vertex   1.497260e+02 -4.664889e+01 2.235000e+01
      vertex   1.678561e+02 -6.186185e+01 2.235000e+01
    endloop
  endfacet
  facet normal -4.545195e-01 4.545195e-01 7.660444e-01
    outer loop
      vertex   1.677856e+02 -6.024696e+01 2.135000e+01
      vertex   1.678561e+02 -6.186185e+01 2.235000e+01
      vertex   1.682687e+02 -5.976381e+01 2.135000e+01
    endloop
  endfacet
  facet normal -4.545195e-01 4.545195e-01 7.660444e-01
    outer loop
      vertex   1.682687e+02 -5.976381e+01 2.135000e+01
      vertex   1.678561e+02 -6.186185e+01 2.235000e+01
      vertex   1.700311e+02 -5.968687e+01 2.235000e+01
    endloop
  endfacet
  facet normal -4.131759e-01 -4.924039e-01 7.660444e-01
    outer loop
      vertex   1.682687e+02 -5.976381e+01 2.135000e+01
      vertex   1.700311e+02 -5.968687e+01 2.235000e+01
      vertex   1.509178e+02 -4.520461e+01 2.135000e+01
    endloop
  endfacet
  facet normal -4.131759e-01 -4.924039e-01 7.660444e-01
    outer loop
      vertex   1.509178e+02 -4.520461e+01 2.135000e+01
      vertex   1.700311e+02 -5.968687e+01 2.235000e+01
      vertex   1.497260e+02 -4.264889e+01 2.235000e+01
    endloop
  endfacet
  facet normal 6.427876e-01 -0.000000e+00 7.660444e-01
    outer loop
      vertex   1.509178e+02 -4.609317e+01 2.135000e+01
      vertex   1.509178e+02 -4.520461e+01 2.135000e+01
      vertex   1.497260e+02 -4.664889e+01 2.235000e+01
    endloop
  endfacet
  facet normal 6.427876e-01 -0.000000e+00 7.660444e-01
    outer loop
      vertex   1.497260e+02 -4.664889e+01 2.235000e+01
      vertex   1.509178e+02 -4.520461e+01 2.135000e+01
      vertex   1.497260e+02 -4.264889e+01 2.235000e+01
    endloop
  endfacet
  facet normal 0.000000e+00 -0.000000e+00 1.000000e+00
    outer loop
      vertex   1.677856e+02 -6.024696e+01 2.135000e+01
      vertex   1.682687e+02 -5.976381e+01 2.135000e+01
      vertex   1.509178e+02 -4.609317e+01 2.135000e+01
    endloop
  endfacet
  facet normal -0.000000e+00 0.000000e+00 1.000000e+00
    outer loop
      vertex   1.509178e+02 -4.609317e+01 2.135000e+01
      vertex   1.682687e+02 -5.976381e+01 2.135000e+01
      vertex   1.509178e+02 -4.520461e+01 2.135000e+01
    endloop
  endfacet
  facet normal 4.131759e-01 4.924039e-01 7.660444e-01
    outer loop
      vertex   1.509178e+02 -7.809317e+01 2.135000e+01
      vertex   1.497260e+02 -7.864889e+01 2.235000e+01
      vertex   1.520082e+02 -7.900820e+01 2.135000e+01
    endloop
  endfacet
  facet normal 4.131759e-01 4.924039e-01 7.660444e-01
    outer loop
      vertex   1.520082e+02 -7.900820e+01 2.135000e+01
      vertex   1.497260e+02 -7.864889e+01 2.235000e+01
      vertex   1.532000e+02 -8.156392e+01 2.235000e+01
    endloop
  endfacet
  facet normal -6.427876e-01 2.056055e-14 7.660444e-01
    outer loop
      vertex   1.520082e+02 -7.811965e+01 2.135000e+01
      vertex   1.520082e+02 -7.900820e+01 2.135000e+01
      vertex   1.532000e+02 -7.756392e+01 2.235000e+01
    endloop
  endfacet
  facet normal -6.427876e-01 0.000000e+00 7.660444e-01
    outer loop
      vertex   1.532000e+02 -7.756392e+01 2.235000e+01
      vertex   1.520082e+02 -7.900820e+01 2.135000e+01
      vertex   1.532000e+02 -8.156392e+01 2.235000e+01
    endloop
  endfacet
  facet normal -4.131759e-01 -4.924039e-01 7.660444e-01
    outer loop
      vertex   1.520082e+02 -7.811965e+01 2.135000e+01
      vertex   1.532000e+02 -7.756392e+01 2.235000e+01
      vertex   1.509178e+02 -7.720461e+01 2.135000e+01
    endloop
  endfacet
  facet normal -4.131759e-01 -4.924039e-01 7.660444e-01
    outer loop
      vertex   1.509178e+02 -7.720461e+01 2.135000e+01
      vertex   1.532000e+02 -7.756392e+01 2.235000e+01
      vertex   1.497260e+02 -7.464889e+01 2.235000e+01
    endloop
  endfacet
  facet normal 6.427876e-01 -2.056055e-14 7.660444e-01
    outer loop
      vertex   1.509178e+02 -7.809317e+01 2.135000e+01
      vertex   1.509178e+02 -7.720461e+01 2.135000e+01
      vertex   1.497260e+02 -7.864889e+01 2.235000e+01
    endloop
  endfacet
  facet normal 6.427876e-01 -0.000000e+00 7.660444e-01
    outer loop
      vertex   1.497260e+02 -7.864889e+01 2.235000e+01
      vertex   1.509178e+02 -7.720461e+01 2.135000e+01
      vertex   1.497260e+02 -7.464889e+01 2.235000e+01
    endloop
  endfacet
  facet normal 0.000000e+00 -0.000000e+00 1.000000e+00
    outer loop
      vertex   1.520082e+02 -7.900820e+01 2.135000e+01
      vertex   1.520082e+02 -7.811965e+01 2.135000e+01
      vertex   1.509178e+02 -7.809317e+01 2.135000e+01
    endloop
  endfacet
  facet normal -0.000000e+00 0.000000e+00 1.000000e+00
    outer loop
      vertex   1.509178e+02 -7.809317e+01 2.135000e+01
      vertex   1.520082e+02 -7.811965e+01 2.135000e+01
      vertex   1.509178e+02 -7.720461e+01 2.135000e+01
    endloop
  endfacet
  facet normal 3.485059e-01 5.401107e-01 7.660444e-01
    outer loop
      vertex   1.549712e+02 -1.123734e+02 2.235000e+01
      vertex   1.543962e+02 -1.113182e+02 2.186759e+01
      vertex   1.497265e+02 -1.089892e+02 2.235000e+01
    endloop
  endfacet
  facet normal 3.485059e-01 5.401107e-01 7.660444e-01
    outer loop
      vertex   1.497265e+02 -1.089892e+02 2.235000e+01
      vertex   1.543962e+02 -1.113182e+02 2.186759e+01
      vertex   1.505965e+02 -1.085151e+02 2.161992e+01
    endloop
  endfacet
  facet normal -6.427876e-01 -2.065430e-15 7.660444e-01
    outer loop
      vertex   1.543962e+02 -1.113182e+02 2.186759e+01
      vertex   1.549712e+02 -1.123734e+02 2.235000e+01
      vertex   1.549712e+02 -1.110501e+02 2.235000e+01
    endloop
  endfacet
  facet normal -4.131759e-01 -4.924039e-01 7.660444e-01
    outer loop
      vertex   1.505965e+02 -1.085151e+02 2.161992e+01
      vertex   1.543962e+02 -1.113182e+02 2.186759e+01
      vertex   1.497264e+02 -1.066492e+02 2.235000e+01
    endloop
  endfacet
  facet normal -4.131759e-01 -4.924039e-01 7.660444e-01
    outer loop
      vertex   1.497264e+02 -1.066492e+02 2.235000e+01
      vertex   1.543962e+02 -1.113182e+02 2.186759e+01
      vertex   1.549712e+02 -1.110501e+02 2.235000e+01
    endloop
  endfacet
  facet normal 6.427876e-01 1.380851e-05 7.660444e-01
    outer loop
      vertex   1.497265e+02 -1.089892e+02 2.235000e+01
      vertex   1.505965e+02 -1.085151e+02 2.161992e+01
      vertex   1.497264e+02 -1.066492e+02 2.235000e+01
    endloop
  endfacet
  facet normal 7.408843e-01 -6.716327e-01 -1.482215e-04
    outer loop
      vertex   1.563135e+02 -6.533280e+01 2.123651e+01
      vertex   1.563170e+02 -6.532861e+01 1.962778e+01
      vertex   1.563464e+02 -6.529645e+01 2.120355e+01
    endloop
  endfacet
  facet normal 7.071063e-01 -7.071063e-01 1.207437e-03
    outer loop
      vertex   1.563464e+02 -6.529645e+01 2.120355e+01
      vertex   1.563170e+02 -6.532861e+01 1.962778e+01
      vertex   1.563786e+02 -6.526698e+01 1.962778e+01
    endloop
  endfacet
  facet normal 6.716327e-01 -7.408843e-01 -1.482215e-04
    outer loop
      vertex   1.563464e+02 -6.529645e+01 2.120355e+01
      vertex   1.563786e+02 -6.526698e+01 1.962778e+01
      vertex   1.563828e+02 -6.526349e+01 2.123651e+01
    endloop
  endfacet
  facet normal 5.956107e-01 -8.032732e-01 1.851960e-04
    outer loop
      vertex   1.563828e+02 -6.526349e+01 2.123651e+01
      vertex   1.563786e+02 -6.526698e+01 1.962778e+01
      vertex   1.564222e+02 -6.523427e+01 2.126573e+01
    endloop
  endfacet
  facet normal 5.735761e-01 -8.191516e-01 1.088956e-03
    outer loop
      vertex   1.564222e+02 -6.523427e+01 2.126573e+01
      vertex   1.563786e+02 -6.526698e+01 1.962778e+01
      vertex   1.564500e+02 -6.521699e+01 1.962778e+01
    endloop
  endfacet
  facet normal 5.142454e-01 -8.576430e-01 -3.235126e-04
    outer loop
      vertex   1.564222e+02 -6.523427e+01 2.126573e+01
      vertex   1.564500e+02 -6.521699e+01 1.962778e+01
      vertex   1.564643e+02 -6.520904e+01 2.129096e+01
    endloop
  endfacet
  facet normal 4.273053e-01 -9.041072e-01 6.461217e-04
    outer loop
      vertex   1.564643e+02 -6.520904e+01 2.129096e+01
      vertex   1.564500e+02 -6.521699e+01 1.962778e+01
      vertex   1.565087e+02 -6.518806e+01 2.131194e+01
    endloop
  endfacet
  facet normal 4.226181e-01 -9.063075e-01 8.471639e-04
    outer loop
      vertex   1.565087e+02 -6.518806e+01 2.131194e+01
      vertex   1.564500e+02 -6.521699e+01 1.962778e+01
      vertex   1.565290e+02 -6.518015e+01 1.962778e+01
    endloop
  endfacet
  facet normal 3.370014e-01 -9.415041e-01 -3.516594e-04
    outer loop
      vertex   1.565087e+02 -6.518806e+01 2.131194e+01
      vertex   1.565290e+02 -6.518015e+01 1.962778e+01
      vertex   1.565549e+02 -6.517153e+01 2.132847e+01
    endloop
  endfacet
  facet normal 2.588189e-01 -9.659254e-01 9.613402e-04
    outer loop
      vertex   1.565549e+02 -6.517153e+01 2.132847e+01
      vertex   1.565290e+02 -6.518015e+01 1.962778e+01
      vertex   1.566132e+02 -6.515760e+01 1.962778e+01
    endloop
  endfacet
  facet normal 2.428903e-01 -9.700537e-01 3.813100e-04
    outer loop
      vertex   1.565549e+02 -6.517153e+01 2.132847e+01
      vertex   1.566132e+02 -6.515760e+01 1.962778e+01
      vertex   1.566025e+02 -6.515961e+01 2.134039e+01
    endloop
  endfacet
  facet normal 1.467657e-01 -9.891713e-01 -2.428866e-04
    outer loop
      vertex   1.566025e+02 -6.515961e+01 2.134039e+01
      vertex   1.566132e+02 -6.515760e+01 1.962778e+01
      vertex   1.566510e+02 -6.515241e+01 2.134759e+01
    endloop
  endfacet
  facet normal 4.897268e-02 -9.987982e-01 1.936444e-03
    outer loop
      vertex   1.566510e+02 -6.515241e+01 2.134759e+01
      vertex   1.566132e+02 -6.515760e+01 1.962778e+01
      vertex   1.567000e+02 -6.515000e+01 2.135000e+01
    endloop
  endfacet
  facet normal 8.715574e-02 -9.961947e-01 2.934640e-20
    outer loop
      vertex   1.567000e+02 -6.515000e+01 2.135000e+01
      vertex   1.566132e+02 -6.515760e+01 1.962778e+01
      vertex   1.566132e+02 -6.515760e+01 1.790556e+01
    endloop
  endfacet
  facet normal 8.715574e-02 -9.961947e-01 2.934640e-20
    outer loop
      vertex   1.567000e+02 -6.515000e+01 2.135000e+01
      vertex   1.566132e+02 -6.515760e+01 1.790556e+01
      vertex   1.566132e+02 -6.515760e+01 1.618333e+01
    endloop
  endfacet
  facet normal 2.588190e-01 -9.659258e-01 0.000000e+00
    outer loop
      vertex   1.566132e+02 -6.515760e+01 1.618333e+01
      vertex   1.566132e+02 -6.515760e+01 1.790556e+01
      vertex   1.565290e+02 -6.518015e+01 1.618333e+01
    endloop
  endfacet
  facet normal 2.588190e-01 -9.659258e-01 4.629798e-19
    outer loop
      vertex   1.566132e+02 -6.515760e+01 1.618333e+01
      vertex   1.565290e+02 -6.518015e+01 1.618333e+01
      vertex   1.565290e+02 -6.518015e+01 1.446111e+01
    endloop
  endfacet
  facet normal 4.226183e-01 -9.063078e-01 0.000000e+00
    outer loop
      vertex   1.565290e+02 -6.518015e+01 1.446111e+01
      vertex   1.565290e+02 -6.518015e+01 1.618333e+01
      vertex   1.564500e+02 -6.521699e+01 1.446111e+01
    endloop
  endfacet
  facet normal 4.226183e-01 -9.063078e-01 1.417359e-18
    outer loop
      vertex   1.565290e+02 -6.518015e+01 1.446111e+01
      vertex   1.564500e+02 -6.521699e+01 1.446111e+01
      vertex   1.564500e+02 -6.521699e+01 1.273889e+01
    endloop
  endfacet
  facet normal 5.735764e-01 -8.191520e-01 0.000000e+00
    outer loop
      vertex   1.564500e+02 -6.521699e+01 1.273889e+01
      vertex   1.564500e+02 -6.521699e+01 1.446111e+01
      vertex   1.563786e+02 -6.526698e+01 1.273889e+01
    endloop
  endfacet
  facet normal 5.735764e-01 -8.191520e-01 9.466825e-15
    outer loop
      vertex   1.564500e+02 -6.521699e+01 1.273889e+01
      vertex   1.563786e+02 -6.526698e+01 1.273889e+01
      vertex   1.563786e+02 -6.526698e+01 1.101667e+01
    endloop
  endfacet
  facet normal 7.071068e-01 -7.071068e-01 1.166933e-14
    outer loop
      vertex   1.563786e+02 -6.526698e+01 1.101667e+01
      vertex   1.563786e+02 -6.526698e+01 1.273889e+01
      vertex   1.563170e+02 -6.532861e+01 1.101667e+01
    endloop
  endfacet
  facet normal 7.071068e-01 -7.071068e-01 -6.802199e-19
    outer loop
      vertex   1.563786e+02 -6.526698e+01 1.101667e+01
      vertex   1.563170e+02 -6.532861e+01 1.101667e+01
      vertex   1.563170e+02 -6.532861e+01 9.294444e+00
    endloop
  endfacet
  facet normal 8.191520e-01 -5.735764e-01 0.000000e+00
    outer loop
      vertex   1.563170e+02 -6.532861e+01 9.294444e+00
      vertex   1.563170e+02 -6.532861e+01 1.101667e+01
      vertex   1.562670e+02 -6.540000e+01 9.294444e+00
    endloop
  endfacet
  facet normal 8.191520e-01 -5.735764e-01 -1.245986e-18
    outer loop
      vertex   1.563170e+02 -6.532861e+01 9.294444e+00
      vertex   1.562670e+02 -6.540000e+01 9.294444e+00
      vertex   1.562670e+02 -6.540000e+01 7.572222e+00
    endloop
  endfacet
  facet normal 9.063078e-01 -4.226183e-01 0.000000e+00
    outer loop
      vertex   1.562670e+02 -6.540000e+01 7.572222e+00
      vertex   1.562670e+02 -6.540000e+01 9.294444e+00
      vertex   1.562302e+02 -6.547899e+01 7.572222e+00
    endloop
  endfacet
  facet normal 9.063078e-01 -4.226183e-01 1.417359e-18
    outer loop
      vertex   1.562670e+02 -6.540000e+01 7.572222e+00
      vertex   1.562302e+02 -6.547899e+01 7.572222e+00
      vertex   1.562302e+02 -6.547899e+01 5.850000e+00
    endloop
  endfacet
  facet normal 9.659258e-01 -2.588190e-01 0.000000e+00
    outer loop
      vertex   1.562302e+02 -6.547899e+01 5.850000e+00
      vertex   1.562302e+02 -6.547899e+01 7.572222e+00
      vertex   1.562076e+02 -6.556318e+01 5.850000e+00
    endloop
  endfacet
  facet normal 9.659258e-01 -2.588190e-01 0.000000e+00
    outer loop
      vertex   1.562076e+02 -6.556318e+01 5.850000e+00
      vertex   1.562302e+02 -6.547899e+01 7.572222e+00
      vertex   1.562076e+02 -6.556318e+01 7.572222e+00
    endloop
  endfacet
  facet normal 9.961947e-01 -8.715574e-02 0.000000e+00
    outer loop
      vertex   1.562076e+02 -6.556318e+01 5.850000e+00
      vertex   1.562076e+02 -6.556318e+01 7.572222e+00
      vertex   1.562000e+02 -6.565000e+01 5.850000e+00
    endloop
  endfacet
  facet normal 9.961947e-01 -8.715574e-02 6.765912e-20
    outer loop
      vertex   1.562000e+02 -6.565000e+01 5.850000e+00
      vertex   1.562076e+02 -6.556318e+01 7.572222e+00
      vertex   1.562076e+02 -6.556318e+01 9.294444e+00
    endloop
  endfacet
  facet normal 9.961947e-01 -8.715574e-02 6.765912e-20
    outer loop
      vertex   1.562000e+02 -6.565000e+01 5.850000e+00
      vertex   1.562076e+02 -6.556318e+01 9.294444e+00
      vertex   1.562076e+02 -6.556318e+01 1.101667e+01
    endloop
  endfacet
  facet normal 9.659258e-01 -2.588190e-01 0.000000e+00
    outer loop
      vertex   1.562076e+02 -6.556318e+01 1.101667e+01
      vertex   1.562076e+02 -6.556318e+01 9.294444e+00
      vertex   1.562302e+02 -6.547899e+01 1.101667e+01
    endloop
  endfacet
  facet normal 9.659258e-01 -2.588190e-01 -3.246636e-19
    outer loop
      vertex   1.562076e+02 -6.556318e+01 1.101667e+01
      vertex   1.562302e+02 -6.547899e+01 1.101667e+01
      vertex   1.562302e+02 -6.547899e+01 1.273889e+01
    endloop
  endfacet
  facet normal 9.063078e-01 -4.226183e-01 0.000000e+00
    outer loop
      vertex   1.562302e+02 -6.547899e+01 1.273889e+01
      vertex   1.562302e+02 -6.547899e+01 1.101667e+01
      vertex   1.562670e+02 -6.540000e+01 1.273889e+01
    endloop
  endfacet
  facet normal 9.063078e-01 -4.226183e-01 1.417359e-18
    outer loop
      vertex   1.562302e+02 -6.547899e+01 1.273889e+01
      vertex   1.562670e+02 -6.540000e+01 1.273889e+01
      vertex   1.562670e+02 -6.540000e+01 1.446111e+01
    endloop
  endfacet
  facet normal 8.191520e-01 -5.735764e-01 0.000000e+00
    outer loop
      vertex   1.562670e+02 -6.540000e+01 1.446111e+01
      vertex   1.562670e+02 -6.540000e+01 1.273889e+01
      vertex   1.563170e+02 -6.532861e+01 1.446111e+01
    endloop
  endfacet
  facet normal 8.191520e-01 -5.735764e-01 -1.245986e-18
    outer loop
      vertex   1.562670e+02 -6.540000e+01 1.446111e+01
      vertex   1.563170e+02 -6.532861e+01 1.446111e+01
      vertex   1.563170e+02 -6.532861e+01 1.618333e+01
    endloop
  endfacet
  facet normal 7.071068e-01 -7.071068e-01 0.000000e+00
    outer loop
      vertex   1.563170e+02 -6.532861e+01 1.618333e+01
      vertex   1.563170e+02 -6.532861e+01 1.446111e+01
      vertex   1.563786e+02 -6.526698e+01 1.618333e+01
    endloop
  endfacet
  facet normal 7.071068e-01 -7.071068e-01 -5.834999e-15
    outer loop
      vertex   1.563170e+02 -6.532861e+01 1.618333e+01
      vertex   1.563786e+02 -6.526698e+01 1.618333e+01
      vertex   1.563786e+02 -6.526698e+01 1.790556e+01
    endloop
  endfacet
  facet normal 5.735764e-01 -8.191520e-01 -6.759204e-15
    outer loop
      vertex   1.563786e+02 -6.526698e+01 1.790556e+01
      vertex   1.563786e+02 -6.526698e+01 1.618333e+01
      vertex   1.564500e+02 -6.521699e+01 1.790556e+01
    endloop
  endfacet
  facet normal 5.735764e-01 -8.191520e-01 2.739471e-21
    outer loop
      vertex   1.563786e+02 -6.526698e+01 1.790556e+01
      vertex   1.564500e+02 -6.521699e+01 1.790556e+01
      vertex   1.564500e+02 -6.521699e+01 1.962778e+01
    endloop
  endfacet
  facet normal 4.226183e-01 -9.063078e-01 0.000000e+00
    outer loop
      vertex   1.564500e+02 -6.521699e+01 1.962778e+01
      vertex   1.564500e+02 -6.521699e+01 1.790556e+01
      vertex   1.565290e+02 -6.518015e+01 1.962778e+01
    endloop
  endfacet
  facet normal 8.032732e-01 -5.956107e-01 1.851960e-04
    outer loop
      vertex   1.563135e+02 -6.533280e+01 2.123651e+01
      vertex   1.562843e+02 -6.537221e+01 2.126573e+01
      vertex   1.563170e+02 -6.532861e+01 1.962778e+01
    endloop
  endfacet
  facet normal 8.191516e-01 -5.735761e-01 1.088956e-03
    outer loop
      vertex   1.563170e+02 -6.532861e+01 1.962778e+01
      vertex   1.562843e+02 -6.537221e+01 2.126573e+01
      vertex   1.562670e+02 -6.540000e+01 1.962778e+01
    endloop
  endfacet
  facet normal 8.191520e-01 -5.735764e-01 -1.245986e-18
    outer loop
      vertex   1.563170e+02 -6.532861e+01 1.962778e+01
      vertex   1.562670e+02 -6.540000e+01 1.962778e+01
      vertex   1.562670e+02 -6.540000e+01 1.790556e+01
    endloop
  endfacet
  facet normal 9.063078e-01 -4.226183e-01 0.000000e+00
    outer loop
      vertex   1.562670e+02 -6.540000e+01 1.790556e+01
      vertex   1.562670e+02 -6.540000e+01 1.962778e+01
      vertex   1.562302e+02 -6.547899e+01 1.790556e+01
    endloop
  endfacet
  facet normal 9.063078e-01 -4.226183e-01 1.417359e-18
    outer loop
      vertex   1.562670e+02 -6.540000e+01 1.790556e+01
      vertex   1.562302e+02 -6.547899e+01 1.790556e+01
      vertex   1.562302e+02 -6.547899e+01 1.618333e+01
    endloop
  endfacet
  facet normal 9.659258e-01 -2.588190e-01 0.000000e+00
    outer loop
      vertex   1.562302e+02 -6.547899e+01 1.618333e+01
      vertex   1.562302e+02 -6.547899e+01 1.790556e+01
      vertex   1.562076e+02 -6.556318e+01 1.618333e+01
    endloop
  endfacet
  facet normal 9.659258e-01 -2.588190e-01 -3.246636e-19
    outer loop
      vertex   1.562302e+02 -6.547899e+01 1.618333e+01
      vertex   1.562076e+02 -6.556318e+01 1.618333e+01
      vertex   1.562076e+02 -6.556318e+01 1.446111e+01
    endloop
  endfacet
  facet normal 9.907182e-01 -1.359317e-01 0.000000e+00
    outer loop
      vertex   1.562076e+02 -6.556318e+01 1.446111e+01
      vertex   1.562076e+02 -6.556318e+01 1.618333e+01
      vertex   1.562024e+02 -6.560099e+01 2.134759e+01
    endloop
  endfacet
  facet normal 9.945308e-01 -1.044439e-01 1.757806e-04
    outer loop
      vertex   1.562076e+02 -6.556318e+01 1.446111e+01
      vertex   1.562024e+02 -6.560099e+01 2.134759e+01
      vertex   1.562000e+02 -6.565000e+01 5.850000e+00
    endloop
  endfacet
  facet normal 9.987955e-01 -4.906767e-02 0.000000e+00
    outer loop
      vertex   1.562000e+02 -6.565000e+01 5.850000e+00
      vertex   1.562024e+02 -6.560099e+01 2.134759e+01
      vertex   1.562000e+02 -6.565000e+01 2.135000e+01
    endloop
  endfacet
  facet normal 8.576430e-01 -5.142454e-01 -3.235126e-04
    outer loop
      vertex   1.562843e+02 -6.537221e+01 2.126573e+01
      vertex   1.562590e+02 -6.541430e+01 2.129096e+01
      vertex   1.562670e+02 -6.540000e+01 1.962778e+01
    endloop
  endfacet
  facet normal 9.041072e-01 -4.273053e-01 6.461217e-04
    outer loop
      vertex   1.562670e+02 -6.540000e+01 1.962778e+01
      vertex   1.562590e+02 -6.541430e+01 2.129096e+01
      vertex   1.562381e+02 -6.545866e+01 2.131194e+01
    endloop
  endfacet
  facet normal 9.063075e-01 -4.226181e-01 8.471639e-04
    outer loop
      vertex   1.562670e+02 -6.540000e+01 1.962778e+01
      vertex   1.562381e+02 -6.545866e+01 2.131194e+01
      vertex   1.562302e+02 -6.547899e+01 1.962778e+01
    endloop
  endfacet
  facet normal 9.415041e-01 -3.370014e-01 -3.516594e-04
    outer loop
      vertex   1.562302e+02 -6.547899e+01 1.962778e+01
      vertex   1.562381e+02 -6.545866e+01 2.131194e+01
      vertex   1.562215e+02 -6.550486e+01 2.132847e+01
    endloop
  endfacet
  facet normal 9.659254e-01 -2.588189e-01 9.613402e-04
    outer loop
      vertex   1.562302e+02 -6.547899e+01 1.962778e+01
      vertex   1.562215e+02 -6.550486e+01 2.132847e+01
      vertex   1.562076e+02 -6.556318e+01 1.962778e+01
    endloop
  endfacet
  facet normal 9.700537e-01 -2.428903e-01 3.813100e-04
    outer loop
      vertex   1.562076e+02 -6.556318e+01 1.962778e+01
      vertex   1.562215e+02 -6.550486e+01 2.132847e+01
      vertex   1.562096e+02 -6.555245e+01 2.134039e+01
    endloop
  endfacet
  facet normal 9.891713e-01 -1.467657e-01 -2.428866e-04
    outer loop
      vertex   1.562076e+02 -6.556318e+01 1.962778e+01
      vertex   1.562096e+02 -6.555245e+01 2.134039e+01
      vertex   1.562024e+02 -6.560099e+01 2.134759e+01
    endloop
  endfacet
  facet normal 9.063078e-01 -4.226183e-01 1.417359e-18
    outer loop
      vertex   1.562302e+02 -6.547899e+01 5.850000e+00
      vertex   1.562670e+02 -6.540000e+01 5.850000e+00
      vertex   1.562670e+02 -6.540000e+01 7.572222e+00
    endloop
  endfacet
  facet normal 8.191520e-01 -5.735764e-01 0.000000e+00
    outer loop
      vertex   1.562670e+02 -6.540000e+01 7.572222e+00
      vertex   1.562670e+02 -6.540000e+01 5.850000e+00
      vertex   1.563170e+02 -6.532861e+01 7.572222e+00
    endloop
  endfacet
  facet normal 8.191520e-01 -5.735764e-01 -1.245986e-18
    outer loop
      vertex   1.562670e+02 -6.540000e+01 7.572222e+00
      vertex   1.563170e+02 -6.532861e+01 7.572222e+00
      vertex   1.563170e+02 -6.532861e+01 9.294444e+00
    endloop
  endfacet
  facet normal 7.071068e-01 -7.071068e-01 0.000000e+00
    outer loop
      vertex   1.563170e+02 -6.532861e+01 9.294444e+00
      vertex   1.563170e+02 -6.532861e+01 7.572222e+00
      vertex   1.563786e+02 -6.526698e+01 9.294444e+00
    endloop
  endfacet
  facet normal 7.071068e-01 -7.071068e-01 -6.802199e-19
    outer loop
      vertex   1.563170e+02 -6.532861e+01 9.294444e+00
      vertex   1.563786e+02 -6.526698e+01 9.294444e+00
      vertex   1.563786e+02 -6.526698e+01 1.101667e+01
    endloop
  endfacet
  facet normal 5.735764e-01 -8.191520e-01 0.000000e+00
    outer loop
      vertex   1.563786e+02 -6.526698e+01 1.101667e+01
      vertex   1.563786e+02 -6.526698e+01 9.294444e+00
      vertex   1.564500e+02 -6.521699e+01 1.101667e+01
    endloop
  endfacet
  facet normal 5.735764e-01 -8.191520e-01 1.134412e-18
    outer loop
      vertex   1.563786e+02 -6.526698e+01 1.101667e+01
      vertex   1.564500e+02 -6.521699e+01 1.101667e+01
      vertex   1.564500e+02 -6.521699e+01 1.273889e+01
    endloop
  endfacet
  facet normal 4.226183e-01 -9.063078e-01 0.000000e+00
    outer loop
      vertex   1.564500e+02 -6.521699e+01 1.273889e+01
      vertex   1.564500e+02 -6.521699e+01 1.101667e+01
      vertex   1.565290e+02 -6.518015e+01 1.273889e+01
    endloop
  endfacet
  facet normal 4.226183e-01 -9.063078e-01 1.417359e-18
    outer loop
      vertex   1.564500e+02 -6.521699e+01 1.273889e+01
      vertex   1.565290e+02 -6.518015e+01 1.273889e+01
      vertex   1.565290e+02 -6.518015e+01 1.446111e+01
    endloop
  endfacet
  facet normal 2.588190e-01 -9.659258e-01 0.000000e+00
    outer loop
      vertex   1.565290e+02 -6.518015e+01 1.446111e+01
      vertex   1.565290e+02 -6.518015e+01 1.273889e+01
      vertex   1.566132e+02 -6.515760e+01 1.446111e+01
    endloop
  endfacet
  facet normal 2.588190e-01 -9.659258e-01 4.629798e-19
    outer loop
      vertex   1.565290e+02 -6.518015e+01 1.446111e+01
      vertex   1.566132e+02 -6.515760e+01 1.446111e+01
      vertex   1.566132e+02 -6.515760e+01 1.618333e+01
    endloop
  endfacet
  facet normal 8.715574e-02 -9.961947e-01 0.000000e+00
    outer loop
      vertex   1.566132e+02 -6.515760e+01 1.618333e+01
      vertex   1.566132e+02 -6.515760e+01 1.446111e+01
      vertex   1.567000e+02 -6.515000e+01 2.135000e+01
    endloop
  endfacet
  facet normal 8.191520e-01 -5.735764e-01 -1.245986e-18
    outer loop
      vertex   1.562670e+02 -6.540000e+01 5.850000e+00
      vertex   1.563170e+02 -6.532861e+01 5.850000e+00
      vertex   1.563170e+02 -6.532861e+01 7.572222e+00
    endloop
  endfacet
  facet normal 7.071068e-01 -7.071068e-01 0.000000e+00
    outer loop
      vertex   1.563170e+02 -6.532861e+01 7.572222e+00
      vertex   1.563170e+02 -6.532861e+01 5.850000e+00
      vertex   1.563786e+02 -6.526698e+01 7.572222e+00
    endloop
  endfacet
  facet normal 7.071068e-01 -7.071068e-01 -6.802199e-19
    outer loop
      vertex   1.563170e+02 -6.532861e+01 7.572222e+00
      vertex   1.563786e+02 -6.526698e+01 7.572222e+00
      vertex   1.563786e+02 -6.526698e+01 9.294444e+00
    endloop
  endfacet
  facet normal 5.735764e-01 -8.191520e-01 0.000000e+00
    outer loop
      vertex   1.563786e+02 -6.526698e+01 9.294444e+00
      vertex   1.563786e+02 -6.526698e+01 7.572222e+00
      vertex   1.564500e+02 -6.521699e+01 9.294444e+00
    endloop
  endfacet
  facet normal 5.735764e-01 -8.191520e-01 1.134412e-18
    outer loop
      vertex   1.563786e+02 -6.526698e+01 9.294444e+00
      vertex   1.564500e+02 -6.521699e+01 9.294444e+00
      vertex   1.564500e+02 -6.521699e+01 1.101667e+01
    endloop
  endfacet
  facet normal 4.226183e-01 -9.063078e-01 0.000000e+00
    outer loop
      vertex   1.564500e+02 -6.521699e+01 1.101667e+01
      vertex   1.564500e+02 -6.521699e+01 9.294444e+00
      vertex   1.565290e+02 -6.518015e+01 1.101667e+01
    endloop
  endfacet
  facet normal 4.226183e-01 -9.063078e-01 1.417359e-18
    outer loop
      vertex   1.564500e+02 -6.521699e+01 1.101667e+01
      vertex   1.565290e+02 -6.518015e+01 1.101667e+01
      vertex   1.565290e+02 -6.518015e+01 1.273889e+01
    endloop
  endfacet
  facet normal 2.588190e-01 -9.659258e-01 0.000000e+00
    outer loop
      vertex   1.565290e+02 -6.518015e+01 1.273889e+01
      vertex   1.565290e+02 -6.518015e+01 1.101667e+01
      vertex   1.566132e+02 -6.515760e+01 1.273889e+01
    endloop
  endfacet
  facet normal 2.588190e-01 -9.659258e-01 4.629798e-19
    outer loop
      vertex   1.565290e+02 -6.518015e+01 1.273889e+01
      vertex   1.566132e+02 -6.515760e+01 1.273889e+01
      vertex   1.566132e+02 -6.515760e+01 1.446111e+01
    endloop
  endfacet
  facet normal 8.715574e-02 -9.961947e-01 0.000000e+00
    outer loop
      vertex   1.566132e+02 -6.515760e+01 1.446111e+01
      vertex   1.566132e+02 -6.515760e+01 1.273889e+01
      vertex   1.567000e+02 -6.515000e+01 2.135000e+01
    endloop
  endfacet
  facet normal 7.071068e-01 -7.071068e-01 5.835604e-15
    outer loop
      vertex   1.563170e+02 -6.532861e+01 5.850000e+00
      vertex   1.563786e+02 -6.526698e+01 5.850000e+00
      vertex   1.563786e+02 -6.526698e+01 7.572222e+00
    endloop
  endfacet
  facet normal 5.735764e-01 -8.191520e-01 6.759204e-15
    outer loop
      vertex   1.563786e+02 -6.526698e+01 7.572222e+00
      vertex   1.563786e+02 -6.526698e+01 5.850000e+00
      vertex   1.564500e+02 -6.521699e+01 7.572222e+00
    endloop
  endfacet
  facet normal 5.735764e-01 -8.191520e-01 1.134412e-18
    outer loop
      vertex   1.563786e+02 -6.526698e+01 7.572222e+00
      vertex   1.564500e+02 -6.521699e+01 7.572222e+00
      vertex   1.564500e+02 -6.521699e+01 9.294444e+00
    endloop
  endfacet
  facet normal 4.226183e-01 -9.063078e-01 0.000000e+00
    outer loop
      vertex   1.564500e+02 -6.521699e+01 9.294444e+00
      vertex   1.564500e+02 -6.521699e+01 7.572222e+00
      vertex   1.565290e+02 -6.518015e+01 9.294444e+00
    endloop
  endfacet
  facet normal 4.226183e-01 -9.063078e-01 1.417359e-18
    outer loop
      vertex   1.564500e+02 -6.521699e+01 9.294444e+00
      vertex   1.565290e+02 -6.518015e+01 9.294444e+00
      vertex   1.565290e+02 -6.518015e+01 1.101667e+01
    endloop
  endfacet
  facet normal 2.588190e-01 -9.659258e-01 0.000000e+00
    outer loop
      vertex   1.565290e+02 -6.518015e+01 1.101667e+01
      vertex   1.565290e+02 -6.518015e+01 9.294444e+00
      vertex   1.566132e+02 -6.515760e+01 1.101667e+01
    endloop
  endfacet
  facet normal 2.588190e-01 -9.659258e-01 4.629798e-19
    outer loop
      vertex   1.565290e+02 -6.518015e+01 1.101667e+01
      vertex   1.566132e+02 -6.515760e+01 1.101667e+01
      vertex   1.566132e+02 -6.515760e+01 1.273889e+01
    endloop
  endfacet
  facet normal 8.715574e-02 -9.961947e-01 0.000000e+00
    outer loop
      vertex   1.566132e+02 -6.515760e+01 1.273889e+01
      vertex   1.566132e+02 -6.515760e+01 1.101667e+01
      vertex   1.567000e+02 -6.515000e+01 5.850000e+00
    endloop
  endfacet
  facet normal 8.715574e-02 -9.961947e-01 3.260711e-21
    outer loop
      vertex   1.566132e+02 -6.515760e+01 1.273889e+01
      vertex   1.567000e+02 -6.515000e+01 5.850000e+00
      vertex   1.567000e+02 -6.515000e+01 2.135000e+01
    endloop
  endfacet
  facet normal 5.735764e-01 -8.191520e-01 -5.061125e-19
    outer loop
      vertex   1.563786e+02 -6.526698e+01 5.850000e+00
      vertex   1.564500e+02 -6.521699e+01 5.850000e+00
      vertex   1.564500e+02 -6.521699e+01 7.572222e+00
    endloop
  endfacet
  facet normal 4.226183e-01 -9.063078e-01 0.000000e+00
    outer loop
      vertex   1.564500e+02 -6.521699e+01 7.572222e+00
      vertex   1.564500e+02 -6.521699e+01 5.850000e+00
      vertex   1.565290e+02 -6.518015e+01 7.572222e+00
    endloop
  endfacet
  facet normal 4.226183e-01 -9.063078e-01 1.417359e-18
    outer loop
      vertex   1.564500e+02 -6.521699e+01 7.572222e+00
      vertex   1.565290e+02 -6.518015e+01 7.572222e+00
      vertex   1.565290e+02 -6.518015e+01 9.294444e+00
    endloop
  endfacet
  facet normal 2.588190e-01 -9.659258e-01 0.000000e+00
    outer loop
      vertex   1.565290e+02 -6.518015e+01 9.294444e+00
      vertex   1.565290e+02 -6.518015e+01 7.572222e+00
      vertex   1.566132e+02 -6.515760e+01 9.294444e+00
    endloop
  endfacet
  facet normal 2.588190e-01 -9.659258e-01 4.629798e-19
    outer loop
      vertex   1.565290e+02 -6.518015e+01 9.294444e+00
      vertex   1.566132e+02 -6.515760e+01 9.294444e+00
      vertex   1.566132e+02 -6.515760e+01 1.101667e+01
    endloop
  endfacet
  facet normal 8.715574e-02 -9.961947e-01 0.000000e+00
    outer loop
      vertex   1.566132e+02 -6.515760e+01 1.101667e+01
      vertex   1.566132e+02 -6.515760e+01 9.294444e+00
      vertex   1.567000e+02 -6.515000e+01 5.850000e+00
    endloop
  endfacet
  facet normal 4.226183e-01 -9.063078e-01 1.417359e-18
    outer loop
      vertex   1.564500e+02 -6.521699e+01 5.850000e+00
      vertex   1.565290e+02 -6.518015e+01 5.850000e+00
      vertex   1.565290e+02 -6.518015e+01 7.572222e+00
    endloop
  endfacet
  facet normal 2.588190e-01 -9.659258e-01 0.000000e+00
    outer loop
      vertex   1.565290e+02 -6.518015e+01 7.572222e+00
      vertex   1.565290e+02 -6.518015e+01 5.850000e+00
      vertex   1.566132e+02 -6.515760e+01 7.572222e+00
    endloop
  endfacet
  facet normal 2.588190e-01 -9.659258e-01 4.629798e-19
    outer loop
      vertex   1.565290e+02 -6.518015e+01 7.572222e+00
      vertex   1.566132e+02 -6.515760e+01 7.572222e+00
      vertex   1.566132e+02 -6.515760e+01 9.294444e+00
    endloop
  endfacet
  facet normal 8.715574e-02 -9.961947e-01 0.000000e+00
    outer loop
      vertex   1.566132e+02 -6.515760e+01 9.294444e+00
      vertex   1.566132e+02 -6.515760e+01 7.572222e+00
      vertex   1.567000e+02 -6.515000e+01 5.850000e+00
    endloop
  endfacet
  facet normal 2.588190e-01 -9.659258e-01 4.629798e-19
    outer loop
      vertex   1.565290e+02 -6.518015e+01 5.850000e+00
      vertex   1.566132e+02 -6.515760e+01 5.850000e+00
      vertex   1.566132e+02 -6.515760e+01 7.572222e+00
    endloop
  endfacet
  facet normal 8.715574e-02 -9.961947e-01 0.000000e+00
    outer loop
      vertex   1.566132e+02 -6.515760e+01 7.572222e+00
      vertex   1.566132e+02 -6.515760e+01 5.850000e+00
      vertex   1.567000e+02 -6.515000e+01 5.850000e+00
    endloop
  endfacet
  facet normal 7.071068e-01 -7.071068e-01 0.000000e+00
    outer loop
      vertex   1.563170e+02 -6.532861e+01 1.962778e+01
      vertex   1.563170e+02 -6.532861e+01 1.790556e+01
      vertex   1.563786e+02 -6.526698e+01 1.962778e+01
    endloop
  endfacet
  facet normal 7.071068e-01 -7.071068e-01 0.000000e+00
    outer loop
      vertex   1.563786e+02 -6.526698e+01 1.962778e+01
      vertex   1.563170e+02 -6.532861e+01 1.790556e+01
      vertex   1.563786e+02 -6.526698e+01 1.790556e+01
    endloop
  endfacet
  facet normal 5.735764e-01 -8.191520e-01 0.000000e+00
    outer loop
      vertex   1.563786e+02 -6.526698e+01 1.962778e+01
      vertex   1.563786e+02 -6.526698e+01 1.790556e+01
      vertex   1.564500e+02 -6.521699e+01 1.962778e+01
    endloop
  endfacet
  facet normal 7.071068e-01 -7.071068e-01 1.284826e-18
    outer loop
      vertex   1.563786e+02 -6.526698e+01 1.790556e+01
      vertex   1.563170e+02 -6.532861e+01 1.790556e+01
      vertex   1.563170e+02 -6.532861e+01 1.618333e+01
    endloop
  endfacet
  facet normal 8.191520e-01 -5.735764e-01 0.000000e+00
    outer loop
      vertex   1.563170e+02 -6.532861e+01 1.618333e+01
      vertex   1.563170e+02 -6.532861e+01 1.790556e+01
      vertex   1.562670e+02 -6.540000e+01 1.618333e+01
    endloop
  endfacet
  facet normal 8.191520e-01 -5.735764e-01 -1.245986e-18
    outer loop
      vertex   1.563170e+02 -6.532861e+01 1.618333e+01
      vertex   1.562670e+02 -6.540000e+01 1.618333e+01
      vertex   1.562670e+02 -6.540000e+01 1.446111e+01
    endloop
  endfacet
  facet normal 9.063078e-01 -4.226183e-01 0.000000e+00
    outer loop
      vertex   1.562670e+02 -6.540000e+01 1.446111e+01
      vertex   1.562670e+02 -6.540000e+01 1.618333e+01
      vertex   1.562302e+02 -6.547899e+01 1.446111e+01
    endloop
  endfacet
  facet normal 9.063078e-01 -4.226183e-01 1.417359e-18
    outer loop
      vertex   1.562670e+02 -6.540000e+01 1.446111e+01
      vertex   1.562302e+02 -6.547899e+01 1.446111e+01
      vertex   1.562302e+02 -6.547899e+01 1.273889e+01
    endloop
  endfacet
  facet normal 9.659258e-01 -2.588190e-01 0.000000e+00
    outer loop
      vertex   1.562302e+02 -6.547899e+01 1.273889e+01
      vertex   1.562302e+02 -6.547899e+01 1.446111e+01
      vertex   1.562076e+02 -6.556318e+01 1.273889e+01
    endloop
  endfacet
  facet normal 9.659258e-01 -2.588190e-01 -3.246636e-19
    outer loop
      vertex   1.562302e+02 -6.547899e+01 1.273889e+01
      vertex   1.562076e+02 -6.556318e+01 1.273889e+01
      vertex   1.562076e+02 -6.556318e+01 1.101667e+01
    endloop
  endfacet
  facet normal 9.961947e-01 -8.715574e-02 0.000000e+00
    outer loop
      vertex   1.562076e+02 -6.556318e+01 1.101667e+01
      vertex   1.562076e+02 -6.556318e+01 1.273889e+01
      vertex   1.562000e+02 -6.565000e+01 5.850000e+00
    endloop
  endfacet
  facet normal 8.191520e-01 -5.735764e-01 0.000000e+00
    outer loop
      vertex   1.562670e+02 -6.540000e+01 1.618333e+01
      vertex   1.563170e+02 -6.532861e+01 1.790556e+01
      vertex   1.562670e+02 -6.540000e+01 1.790556e+01
    endloop
  endfacet
  facet normal 8.191520e-01 -5.735764e-01 -1.245986e-18
    outer loop
      vertex   1.562670e+02 -6.540000e+01 1.790556e+01
      vertex   1.563170e+02 -6.532861e+01 1.790556e+01
      vertex   1.563170e+02 -6.532861e+01 1.962778e+01
    endloop
  endfacet
  facet normal 7.071068e-01 -7.071068e-01 0.000000e+00
    outer loop
      vertex   1.563170e+02 -6.532861e+01 1.446111e+01
      vertex   1.563170e+02 -6.532861e+01 1.273889e+01
      vertex   1.563786e+02 -6.526698e+01 1.446111e+01
    endloop
  endfacet
  facet normal 7.071068e-01 -7.071068e-01 0.000000e+00
    outer loop
      vertex   1.563786e+02 -6.526698e+01 1.446111e+01
      vertex   1.563170e+02 -6.532861e+01 1.273889e+01
      vertex   1.563786e+02 -6.526698e+01 1.273889e+01
    endloop
  endfacet
  facet normal 5.735764e-01 -8.191520e-01 0.000000e+00
    outer loop
      vertex   1.563786e+02 -6.526698e+01 1.446111e+01
      vertex   1.563786e+02 -6.526698e+01 1.273889e+01
      vertex   1.564500e+02 -6.521699e+01 1.446111e+01
    endloop
  endfacet
  facet normal 7.071068e-01 -7.071068e-01 -3.332728e-19
    outer loop
      vertex   1.563786e+02 -6.526698e+01 1.273889e+01
      vertex   1.563170e+02 -6.532861e+01 1.273889e+01
      vertex   1.563170e+02 -6.532861e+01 1.101667e+01
    endloop
  endfacet
  facet normal 8.191520e-01 -5.735764e-01 0.000000e+00
    outer loop
      vertex   1.563170e+02 -6.532861e+01 1.101667e+01
      vertex   1.563170e+02 -6.532861e+01 1.273889e+01
      vertex   1.562670e+02 -6.540000e+01 1.101667e+01
    endloop
  endfacet
  facet normal 8.191520e-01 -5.735764e-01 -1.245986e-18
    outer loop
      vertex   1.563170e+02 -6.532861e+01 1.101667e+01
      vertex   1.562670e+02 -6.540000e+01 1.101667e+01
      vertex   1.562670e+02 -6.540000e+01 9.294444e+00
    endloop
  endfacet
  facet normal 9.063078e-01 -4.226183e-01 0.000000e+00
    outer loop
      vertex   1.562670e+02 -6.540000e+01 9.294444e+00
      vertex   1.562670e+02 -6.540000e+01 1.101667e+01
      vertex   1.562302e+02 -6.547899e+01 9.294444e+00
    endloop
  endfacet
  facet normal 9.063078e-01 -4.226183e-01 1.417359e-18
    outer loop
      vertex   1.562670e+02 -6.540000e+01 9.294444e+00
      vertex   1.562302e+02 -6.547899e+01 9.294444e+00
      vertex   1.562302e+02 -6.547899e+01 7.572222e+00
    endloop
  endfacet
  facet normal 9.659258e-01 -2.588190e-01 0.000000e+00
    outer loop
      vertex   1.562302e+02 -6.547899e+01 7.572222e+00
      vertex   1.562302e+02 -6.547899e+01 9.294444e+00
      vertex   1.562076e+02 -6.556318e+01 7.572222e+00
    endloop
  endfacet
  facet normal 8.191520e-01 -5.735764e-01 0.000000e+00
    outer loop
      vertex   1.562670e+02 -6.540000e+01 1.101667e+01
      vertex   1.563170e+02 -6.532861e+01 1.273889e+01
      vertex   1.562670e+02 -6.540000e+01 1.273889e+01
    endloop
  endfacet
  facet normal 8.191520e-01 -5.735764e-01 -1.245986e-18
    outer loop
      vertex   1.562670e+02 -6.540000e+01 1.273889e+01
      vertex   1.563170e+02 -6.532861e+01 1.273889e+01
      vertex   1.563170e+02 -6.532861e+01 1.446111e+01
    endloop
  endfacet
  facet normal 7.071068e-01 -7.071068e-01 -3.332728e-19
    outer loop
      vertex   1.563170e+02 -6.532861e+01 1.446111e+01
      vertex   1.563786e+02 -6.526698e+01 1.446111e+01
      vertex   1.563786e+02 -6.526698e+01 1.618333e+01
    endloop
  endfacet
  facet normal 5.735764e-01 -8.191520e-01 0.000000e+00
    outer loop
      vertex   1.563786e+02 -6.526698e+01 1.618333e+01
      vertex   1.563786e+02 -6.526698e+01 1.446111e+01
      vertex   1.564500e+02 -6.521699e+01 1.618333e+01
    endloop
  endfacet
  facet normal 5.735764e-01 -8.191520e-01 -1.245986e-18
    outer loop
      vertex   1.563786e+02 -6.526698e+01 1.618333e+01
      vertex   1.564500e+02 -6.521699e+01 1.618333e+01
      vertex   1.564500e+02 -6.521699e+01 1.790556e+01
    endloop
  endfacet
  facet normal 4.226183e-01 -9.063078e-01 0.000000e+00
    outer loop
      vertex   1.564500e+02 -6.521699e+01 1.790556e+01
      vertex   1.564500e+02 -6.521699e+01 1.618333e+01
      vertex   1.565290e+02 -6.518015e+01 1.790556e+01
    endloop
  endfacet
  facet normal 4.226183e-01 -9.063078e-01 1.417359e-18
    outer loop
      vertex   1.564500e+02 -6.521699e+01 1.790556e+01
      vertex   1.565290e+02 -6.518015e+01 1.790556e+01
      vertex   1.565290e+02 -6.518015e+01 1.962778e+01
    endloop
  endfacet
  facet normal 2.588190e-01 -9.659258e-01 0.000000e+00
    outer loop
      vertex   1.565290e+02 -6.518015e+01 1.962778e+01
      vertex   1.565290e+02 -6.518015e+01 1.790556e+01
      vertex   1.566132e+02 -6.515760e+01 1.962778e+01
    endloop
  endfacet
  facet normal 5.735764e-01 -8.191520e-01 0.000000e+00
    outer loop
      vertex   1.564500e+02 -6.521699e+01 1.618333e+01
      vertex   1.563786e+02 -6.526698e+01 1.446111e+01
      vertex   1.564500e+02 -6.521699e+01 1.446111e+01
    endloop
  endfacet
  facet normal 9.063078e-01 -4.226183e-01 0.000000e+00
    outer loop
      vertex   1.562302e+02 -6.547899e+01 1.446111e+01
      vertex   1.562670e+02 -6.540000e+01 1.618333e+01
      vertex   1.562302e+02 -6.547899e+01 1.618333e+01
    endloop
  endfacet
  facet normal 9.063078e-01 -4.226183e-01 1.417359e-18
    outer loop
      vertex   1.562302e+02 -6.547899e+01 1.618333e+01
      vertex   1.562670e+02 -6.540000e+01 1.618333e+01
      vertex   1.562670e+02 -6.540000e+01 1.790556e+01
    endloop
  endfacet
  facet normal 9.063078e-01 -4.226183e-01 0.000000e+00
    outer loop
      vertex   1.562302e+02 -6.547899e+01 9.294444e+00
      vertex   1.562670e+02 -6.540000e+01 1.101667e+01
      vertex   1.562302e+02 -6.547899e+01 1.101667e+01
    endloop
  endfacet
  facet normal 9.063078e-01 -4.226183e-01 1.417359e-18
    outer loop
      vertex   1.562302e+02 -6.547899e+01 1.101667e+01
      vertex   1.562670e+02 -6.540000e+01 1.101667e+01
      vertex   1.562670e+02 -6.540000e+01 1.273889e+01
    endloop
  endfacet
  facet normal 9.063078e-01 -4.226183e-01 1.417359e-18
    outer loop
      vertex   1.562670e+02 -6.540000e+01 1.962778e+01
      vertex   1.562302e+02 -6.547899e+01 1.962778e+01
      vertex   1.562302e+02 -6.547899e+01 1.790556e+01
    endloop
  endfacet
  facet normal 9.659258e-01 -2.588190e-01 0.000000e+00
    outer loop
      vertex   1.562302e+02 -6.547899e+01 1.790556e+01
      vertex   1.562302e+02 -6.547899e+01 1.962778e+01
      vertex   1.562076e+02 -6.556318e+01 1.790556e+01
    endloop
  endfacet
  facet normal 9.659258e-01 -2.588190e-01 -3.246636e-19
    outer loop
      vertex   1.562302e+02 -6.547899e+01 1.790556e+01
      vertex   1.562076e+02 -6.556318e+01 1.790556e+01
      vertex   1.562076e+02 -6.556318e+01 1.618333e+01
    endloop
  endfacet
  facet normal 9.907182e-01 -1.359317e-01 0.000000e+00
    outer loop
      vertex   1.562076e+02 -6.556318e+01 1.618333e+01
      vertex   1.562076e+02 -6.556318e+01 1.790556e+01
      vertex   1.562024e+02 -6.560099e+01 2.134759e+01
    endloop
  endfacet
  facet normal 9.659258e-01 -2.588190e-01 0.000000e+00
    outer loop
      vertex   1.562076e+02 -6.556318e+01 1.273889e+01
      vertex   1.562302e+02 -6.547899e+01 1.446111e+01
      vertex   1.562076e+02 -6.556318e+01 1.446111e+01
    endloop
  endfacet
  facet normal 9.659258e-01 -2.588190e-01 -3.246636e-19
    outer loop
      vertex   1.562076e+02 -6.556318e+01 1.446111e+01
      vertex   1.562302e+02 -6.547899e+01 1.446111e+01
      vertex   1.562302e+02 -6.547899e+01 1.618333e+01
    endloop
  endfacet
  facet normal 9.659258e-01 -2.588190e-01 0.000000e+00
    outer loop
      vertex   1.562076e+02 -6.556318e+01 7.572222e+00
      vertex   1.562302e+02 -6.547899e+01 9.294444e+00
      vertex   1.562076e+02 -6.556318e+01 9.294444e+00
    endloop
  endfacet
  facet normal 9.659258e-01 -2.588190e-01 -3.246636e-19
    outer loop
      vertex   1.562076e+02 -6.556318e+01 9.294444e+00
      vertex   1.562302e+02 -6.547899e+01 9.294444e+00
      vertex   1.562302e+02 -6.547899e+01 1.101667e+01
    endloop
  endfacet
  facet normal 9.907182e-01 -1.359317e-01 -5.198713e-20
    outer loop
      vertex   1.562024e+02 -6.560099e+01 2.134759e+01
      vertex   1.562076e+02 -6.556318e+01 1.790556e+01
      vertex   1.562076e+02 -6.556318e+01 1.962778e+01
    endloop
  endfacet
  facet normal 9.659258e-01 -2.588190e-01 0.000000e+00
    outer loop
      vertex   1.562076e+02 -6.556318e+01 1.962778e+01
      vertex   1.562076e+02 -6.556318e+01 1.790556e+01
      vertex   1.562302e+02 -6.547899e+01 1.962778e+01
    endloop
  endfacet
  facet normal 9.961947e-01 -8.715574e-02 6.765912e-20
    outer loop
      vertex   1.562000e+02 -6.565000e+01 5.850000e+00
      vertex   1.562076e+02 -6.556318e+01 1.273889e+01
      vertex   1.562076e+02 -6.556318e+01 1.446111e+01
    endloop
  endfacet
  facet normal 4.226183e-01 -9.063078e-01 0.000000e+00
    outer loop
      vertex   1.565290e+02 -6.518015e+01 1.790556e+01
      vertex   1.564500e+02 -6.521699e+01 1.618333e+01
      vertex   1.565290e+02 -6.518015e+01 1.618333e+01
    endloop
  endfacet
  facet normal 4.226183e-01 -9.063078e-01 1.417359e-18
    outer loop
      vertex   1.565290e+02 -6.518015e+01 1.618333e+01
      vertex   1.564500e+02 -6.521699e+01 1.618333e+01
      vertex   1.564500e+02 -6.521699e+01 1.446111e+01
    endloop
  endfacet
  facet normal 2.588190e-01 -9.659258e-01 0.000000e+00
    outer loop
      vertex   1.566132e+02 -6.515760e+01 1.962778e+01
      vertex   1.565290e+02 -6.518015e+01 1.790556e+01
      vertex   1.566132e+02 -6.515760e+01 1.790556e+01
    endloop
  endfacet
  facet normal 2.588190e-01 -9.659258e-01 4.629798e-19
    outer loop
      vertex   1.566132e+02 -6.515760e+01 1.790556e+01
      vertex   1.565290e+02 -6.518015e+01 1.790556e+01
      vertex   1.565290e+02 -6.518015e+01 1.618333e+01
    endloop
  endfacet
  facet normal 0.000000e+00 -1.000000e+00 0.000000e+00
    outer loop
      vertex   1.567000e+02 -6.515000e+01 5.850000e+00
      vertex   1.688106e+02 -6.515000e+01 5.850000e+00
      vertex   1.567000e+02 -6.515000e+01 2.135000e+01
    endloop
  endfacet
  facet normal 0.000000e+00 -1.000000e+00 0.000000e+00
    outer loop
      vertex   1.567000e+02 -6.515000e+01 2.135000e+01
      vertex   1.688106e+02 -6.515000e+01 5.850000e+00
      vertex   1.688106e+02 -6.515000e+01 2.135000e+01
    endloop
  endfacet
  facet normal 0.000000e+00 7.071068e-01 7.071068e-01
    outer loop
      vertex   1.565430e+02 -8.419882e+01 2.135000e+01
      vertex   1.562000e+02 -8.419882e+01 2.135000e+01
      vertex   1.562752e+02 -8.519882e+01 2.235000e+01
    endloop
  endfacet
  facet normal 0.000000e+00 7.071068e-01 7.071068e-01
    outer loop
      vertex   1.562752e+02 -8.519882e+01 2.235000e+01
      vertex   1.562000e+02 -8.419882e+01 2.135000e+01
      vertex   1.552000e+02 -8.519882e+01 2.235000e+01
    endloop
  endfacet
  facet normal -7.071068e-01 -1.519023e-05 7.071068e-01
    outer loop
      vertex   1.477260e+02 -8.782893e+01 2.235000e+01
      vertex   1.467260e+02 -8.782894e+01 2.135000e+01
      vertex   1.477265e+02 -1.100789e+02 2.235000e+01
    endloop
  endfacet
  facet normal -7.071068e-01 -1.519023e-05 7.071068e-01
    outer loop
      vertex   1.477265e+02 -1.100789e+02 2.235000e+01
      vertex   1.467260e+02 -8.782894e+01 2.135000e+01
      vertex   1.467265e+02 -1.106238e+02 2.135000e+01
    endloop
  endfacet
  facet normal -0.000000e+00 7.071068e-01 7.071068e-01
    outer loop
      vertex   1.495902e+02 -2.395625e+01 2.235000e+01
      vertex   1.683964e+02 -2.395625e+01 2.235000e+01
      vertex   1.491760e+02 -2.295625e+01 2.135000e+01
    endloop
  endfacet
  facet normal -0.000000e+00 7.071068e-01 7.071068e-01
    outer loop
      vertex   1.491760e+02 -2.295625e+01 2.135000e+01
      vertex   1.683964e+02 -2.395625e+01 2.235000e+01
      vertex   1.688106e+02 -2.295625e+01 2.135000e+01
    endloop
  endfacet
  facet normal 5.000000e-01 5.000000e-01 7.071068e-01
    outer loop
      vertex   1.746875e+02 -2.883317e+01 2.135000e+01
      vertex   1.688106e+02 -2.295625e+01 2.135000e+01
      vertex   1.736875e+02 -2.924738e+01 2.235000e+01
    endloop
  endfacet
  facet normal 5.000000e-01 5.000000e-01 7.071068e-01
    outer loop
      vertex   1.736875e+02 -2.924738e+01 2.235000e+01
      vertex   1.688106e+02 -2.295625e+01 2.135000e+01
      vertex   1.683964e+02 -2.395625e+01 2.235000e+01
    endloop
  endfacet
  facet normal -5.000000e-01 5.000000e-01 7.071068e-01
    outer loop
      vertex   1.495902e+02 -2.395625e+01 2.235000e+01
      vertex   1.491760e+02 -2.295625e+01 2.135000e+01
      vertex   1.477260e+02 -2.582046e+01 2.235000e+01
    endloop
  endfacet
  facet normal -5.000000e-01 5.000000e-01 7.071068e-01
    outer loop
      vertex   1.477260e+02 -2.582046e+01 2.235000e+01
      vertex   1.491760e+02 -2.295625e+01 2.135000e+01
      vertex   1.467260e+02 -2.540625e+01 2.135000e+01
    endloop
  endfacet
  facet normal 7.071068e-01 0.000000e+00 7.071068e-01
    outer loop
      vertex   1.746875e+02 -2.883317e+01 2.135000e+01
      vertex   1.736875e+02 -2.924738e+01 2.235000e+01
      vertex   1.746875e+02 -5.927308e+01 2.135000e+01
    endloop
  endfacet
  facet normal 7.071068e-01 0.000000e+00 7.071068e-01
    outer loop
      vertex   1.746875e+02 -5.927308e+01 2.135000e+01
      vertex   1.736875e+02 -2.924738e+01 2.235000e+01
      vertex   1.736875e+02 -5.885887e+01 2.235000e+01
    endloop
  endfacet
  facet normal -7.071068e-01 0.000000e+00 7.071068e-01
    outer loop
      vertex   1.477260e+02 -8.782893e+01 2.235000e+01
      vertex   1.477260e+02 -2.582046e+01 2.235000e+01
      vertex   1.467260e+02 -8.782894e+01 2.135000e+01
    endloop
  endfacet
  facet normal -7.071068e-01 0.000000e+00 7.071068e-01
    outer loop
      vertex   1.467260e+02 -8.782894e+01 2.135000e+01
      vertex   1.477260e+02 -2.582046e+01 2.235000e+01
      vertex   1.467260e+02 -2.540625e+01 2.135000e+01
    endloop
  endfacet
  facet normal 5.000000e-01 -5.000000e-01 7.071068e-01
    outer loop
      vertex   1.746875e+02 -5.927308e+01 2.135000e+01
      vertex   1.736875e+02 -5.885887e+01 2.235000e+01
      vertex   1.688106e+02 -6.515000e+01 2.135000e+01
    endloop
  endfacet
  facet normal 5.000000e-01 -5.000000e-01 7.071068e-01
    outer loop
      vertex   1.688106e+02 -6.515000e+01 2.135000e+01
      vertex   1.736875e+02 -5.885887e+01 2.235000e+01
      vertex   1.683964e+02 -6.415000e+01 2.235000e+01
    endloop
  endfacet
  facet normal 0.000000e+00 -7.071068e-01 7.071068e-01
    outer loop
      vertex   1.688106e+02 -6.515000e+01 2.135000e+01
      vertex   1.683964e+02 -6.415000e+01 2.235000e+01
      vertex   1.567000e+02 -6.515000e+01 2.135000e+01
    endloop
  endfacet
  facet normal 0.000000e+00 -7.071068e-01 7.071068e-01
    outer loop
      vertex   1.567000e+02 -6.515000e+01 2.135000e+01
      vertex   1.683964e+02 -6.415000e+01 2.235000e+01
      vertex   1.552000e+02 -6.415000e+01 2.235000e+01
    endloop
  endfacet
  facet normal 0.000000e+00 -7.071068e-01 7.071068e-01
    outer loop
      vertex   1.567000e+02 -6.515000e+01 2.135000e+01
      vertex   1.552000e+02 -6.415000e+01 2.235000e+01
      vertex   1.566510e+02 -6.515241e+01 2.134759e+01
    endloop
  endfacet
  facet normal -4.260575e-14 -7.071068e-01 7.071068e-01
    outer loop
      vertex   1.566510e+02 -6.515241e+01 2.134759e+01
      vertex   1.552000e+02 -6.415000e+01 2.235000e+01
      vertex   1.566025e+02 -6.515961e+01 2.134039e+01
    endloop
  endfacet
  facet normal 3.961758e-14 -7.071068e-01 7.071068e-01
    outer loop
      vertex   1.566025e+02 -6.515961e+01 2.134039e+01
      vertex   1.552000e+02 -6.415000e+01 2.235000e+01
      vertex   1.565549e+02 -6.517153e+01 2.132847e+01
    endloop
  endfacet
  facet normal 3.687364e-14 -7.071068e-01 7.071068e-01
    outer loop
      vertex   1.565549e+02 -6.517153e+01 2.132847e+01
      vertex   1.552000e+02 -6.415000e+01 2.235000e+01
      vertex   1.565087e+02 -6.518806e+01 2.131194e+01
    endloop
  endfacet
  facet normal -7.169092e-14 -7.071068e-01 7.071068e-01
    outer loop
      vertex   1.565087e+02 -6.518806e+01 2.131194e+01
      vertex   1.552000e+02 -6.415000e+01 2.235000e+01
      vertex   1.564643e+02 -6.520904e+01 2.129096e+01
    endloop
  endfacet
  facet normal -3.397446e-14 -7.071068e-01 7.071068e-01
    outer loop
      vertex   1.564643e+02 -6.520904e+01 2.129096e+01
      vertex   1.552000e+02 -6.415000e+01 2.235000e+01
      vertex   1.564222e+02 -6.523427e+01 2.126573e+01
    endloop
  endfacet
  facet normal 7.131966e-14 -7.071068e-01 7.071068e-01
    outer loop
      vertex   1.564222e+02 -6.523427e+01 2.126573e+01
      vertex   1.552000e+02 -6.415000e+01 2.235000e+01
      vertex   1.563828e+02 -6.526349e+01 2.123651e+01
    endloop
  endfacet
  facet normal -1.409871e-18 -7.071068e-01 7.071068e-01
    outer loop
      vertex   1.563828e+02 -6.526349e+01 2.123651e+01
      vertex   1.552000e+02 -6.415000e+01 2.235000e+01
      vertex   1.563464e+02 -6.529645e+01 2.120355e+01
    endloop
  endfacet
  facet normal 7.071068e-01 -0.000000e+00 7.071068e-01
    outer loop
      vertex   1.562000e+02 -8.419882e+01 2.135000e+01
      vertex   1.562000e+02 -6.565000e+01 2.135000e+01
      vertex   1.552000e+02 -8.519882e+01 2.235000e+01
    endloop
  endfacet
  facet normal 7.071068e-01 -0.000000e+00 7.071068e-01
    outer loop
      vertex   1.552000e+02 -8.519882e+01 2.235000e+01
      vertex   1.562000e+02 -6.565000e+01 2.135000e+01
      vertex   1.552000e+02 -6.415000e+01 2.235000e+01
    endloop
  endfacet
  facet normal 7.071068e-01 -1.909652e-13 7.071068e-01
    outer loop
      vertex   1.552000e+02 -6.415000e+01 2.235000e+01
      vertex   1.562000e+02 -6.565000e+01 2.135000e+01
      vertex   1.562024e+02 -6.560099e+01 2.134759e+01
    endloop
  endfacet
  facet normal 7.071068e-01 4.390864e-14 7.071068e-01
    outer loop
      vertex   1.552000e+02 -6.415000e+01 2.235000e+01
      vertex   1.562024e+02 -6.560099e+01 2.134759e+01
      vertex   1.562096e+02 -6.555245e+01 2.134039e+01
    endloop
  endfacet
  facet normal 7.071068e-01 -1.943943e-13 7.071068e-01
    outer loop
      vertex   1.562096e+02 -6.555245e+01 2.134039e+01
      vertex   1.562215e+02 -6.550486e+01 2.132847e+01
      vertex   1.552000e+02 -6.415000e+01 2.235000e+01
    endloop
  endfacet
  facet normal 7.071068e-01 1.156813e-13 7.071068e-01
    outer loop
      vertex   1.552000e+02 -6.415000e+01 2.235000e+01
      vertex   1.562215e+02 -6.550486e+01 2.132847e+01
      vertex   1.562381e+02 -6.545866e+01 2.131194e+01
    endloop
  endfacet
  facet normal 7.071068e-01 2.174715e-13 7.071068e-01
    outer loop
      vertex   1.552000e+02 -6.415000e+01 2.235000e+01
      vertex   1.562381e+02 -6.545866e+01 2.131194e+01
      vertex   1.562590e+02 -6.541430e+01 2.129096e+01
    endloop
  endfacet
  facet normal 7.071068e-01 3.397446e-14 7.071068e-01
    outer loop
      vertex   1.562590e+02 -6.541430e+01 2.129096e+01
      vertex   1.562843e+02 -6.537221e+01 2.126573e+01
      vertex   1.552000e+02 -6.415000e+01 2.235000e+01
    endloop
  endfacet
  facet normal 7.071068e-01 -2.097513e-13 7.071068e-01
    outer loop
      vertex   1.552000e+02 -6.415000e+01 2.235000e+01
      vertex   1.562843e+02 -6.537221e+01 2.126573e+01
      vertex   1.563135e+02 -6.533280e+01 2.123651e+01
    endloop
  endfacet
  facet normal 7.071068e-01 1.443566e-13 7.071068e-01
    outer loop
      vertex   1.552000e+02 -6.415000e+01 2.235000e+01
      vertex   1.563135e+02 -6.533280e+01 2.123651e+01
      vertex   1.563464e+02 -6.529645e+01 2.120355e+01
    endloop
  endfacet
  facet normal 7.572329e-03 -7.070662e-01 7.071068e-01
    outer loop
      vertex   1.581127e+02 -1.177394e+02 2.135000e+01
      vertex   1.578393e+02 -1.174689e+02 2.162341e+01
      vertex   1.577600e+02 -1.177432e+02 2.135000e+01
    endloop
  endfacet
  facet normal 7.071068e-01 -0.000000e+00 7.071068e-01
    outer loop
      vertex   1.571127e+02 -1.161354e+02 2.235000e+01
      vertex   1.578393e+02 -1.174689e+02 2.162341e+01
      vertex   1.571127e+02 -1.000885e+02 2.235000e+01
    endloop
  endfacet
  facet normal 7.071068e-01 5.555624e-16 7.071068e-01
    outer loop
      vertex   1.571127e+02 -1.000885e+02 2.235000e+01
      vertex   1.578393e+02 -1.174689e+02 2.162341e+01
      vertex   1.581127e+02 -1.177394e+02 2.135000e+01
    endloop
  endfacet
  facet normal 7.071068e-01 3.575188e-16 7.071068e-01
    outer loop
      vertex   1.571127e+02 -1.000885e+02 2.235000e+01
      vertex   1.581127e+02 -1.177394e+02 2.135000e+01
      vertex   1.595269e+02 -1.007348e+02 1.993579e+01
    endloop
  endfacet
  facet normal 7.071068e-01 2.070108e-15 7.071068e-01
    outer loop
      vertex   1.595269e+02 -1.007348e+02 1.993579e+01
      vertex   1.581127e+02 -1.177394e+02 2.135000e+01
      vertex   1.595269e+02 -1.177243e+02 1.993579e+01
    endloop
  endfacet
  facet normal 8.662578e-01 -4.995972e-01 0.000000e+00
    outer loop
      vertex   1.654399e+02 -9.048216e+01 1.993579e+01
      vertex   1.595269e+02 -1.007348e+02 1.993579e+01
      vertex   1.654399e+02 -9.048216e+01 1.785000e+01
    endloop
  endfacet
  facet normal 8.662578e-01 -4.995972e-01 -1.545274e-13
    outer loop
      vertex   1.654399e+02 -9.048216e+01 1.785000e+01
      vertex   1.595269e+02 -1.007348e+02 1.993579e+01
      vertex   1.595269e+02 -1.007348e+02 1.785000e+01
    endloop
  endfacet
  facet normal 1.000000e+00 -5.018700e-15 -4.087913e-14
    outer loop
      vertex   1.595269e+02 -1.007348e+02 1.993579e+01
      vertex   1.595269e+02 -1.177243e+02 1.993579e+01
      vertex   1.595269e+02 -1.007348e+02 1.785000e+01
    endloop
  endfacet
  facet normal 1.000000e+00 0.000000e+00 0.000000e+00
    outer loop
      vertex   1.595269e+02 -1.007348e+02 1.785000e+01
      vertex   1.595269e+02 -1.177243e+02 1.993579e+01
      vertex   1.595269e+02 -1.177243e+02 1.785000e+01
    endloop
  endfacet
  facet normal 1.070889e-02 -9.999427e-01 0.000000e+00
    outer loop
      vertex   1.577600e+02 -1.177432e+02 2.135000e+01
      vertex   1.577600e+02 -1.177432e+02 1.785000e+01
      vertex   1.581127e+02 -1.177394e+02 2.135000e+01
    endloop
  endfacet
  facet normal 1.070889e-02 -9.999427e-01 2.000462e-13
    outer loop
      vertex   1.581127e+02 -1.177394e+02 2.135000e+01
      vertex   1.577600e+02 -1.177432e+02 1.785000e+01
      vertex   1.595269e+02 -1.177243e+02 1.993579e+01
    endloop
  endfacet
  facet normal 1.070889e-02 -9.999427e-01 -6.812797e-15
    outer loop
      vertex   1.595269e+02 -1.177243e+02 1.993579e+01
      vertex   1.577600e+02 -1.177432e+02 1.785000e+01
      vertex   1.595269e+02 -1.177243e+02 1.785000e+01
    endloop
  endfacet
  facet normal -5.421790e-01 -8.402630e-01 -0.000000e+00
    outer loop
      vertex   1.577600e+02 -1.177432e+02 2.135000e+01
      vertex   1.467265e+02 -1.106238e+02 2.135000e+01
      vertex   1.577600e+02 -1.177432e+02 1.785000e+01
    endloop
  endfacet
  facet normal -5.421790e-01 -8.402630e-01 -5.431718e-17
    outer loop
      vertex   1.577600e+02 -1.177432e+02 1.785000e+01
      vertex   1.467265e+02 -1.106238e+02 2.135000e+01
      vertex   1.467265e+02 -1.106238e+02 1.785000e+01
    endloop
  endfacet
  facet normal -1.000000e+00 -2.148222e-05 0.000000e+00
    outer loop
      vertex   1.467265e+02 -1.106238e+02 1.785000e+01
      vertex   1.467265e+02 -1.106238e+02 2.135000e+01
      vertex   1.467263e+02 -9.952055e+01 1.985000e+01
    endloop
  endfacet
  facet normal -1.000000e+00 -2.148222e-05 4.007504e-15
    outer loop
      vertex   1.467263e+02 -9.952055e+01 1.985000e+01
      vertex   1.467265e+02 -1.106238e+02 2.135000e+01
      vertex   1.467260e+02 -8.782894e+01 2.135000e+01
    endloop
  endfacet
  facet normal -1.000000e+00 -2.148222e-05 -7.202414e-21
    outer loop
      vertex   1.467263e+02 -9.952055e+01 1.985000e+01
      vertex   1.467260e+02 -8.782894e+01 2.135000e+01
      vertex   1.467260e+02 -8.782894e+01 1.985000e+01
    endloop
  endfacet
  facet normal -1.000000e+00 -2.148222e-05 -0.000000e+00
    outer loop
      vertex   1.467263e+02 -9.952055e+01 1.985000e+01
      vertex   1.467263e+02 -9.952055e+01 1.785000e+01
      vertex   1.467265e+02 -1.106238e+02 1.785000e+01
    endloop
  endfacet
  facet normal -1.000000e+00 0.000000e+00 0.000000e+00
    outer loop
      vertex   1.467260e+02 -8.782894e+01 2.135000e+01
      vertex   1.467260e+02 -2.540625e+01 2.135000e+01
      vertex   1.467260e+02 -8.782894e+01 1.985000e+01
    endloop
  endfacet
  facet normal -1.000000e+00 0.000000e+00 0.000000e+00
    outer loop
      vertex   1.467260e+02 -8.782894e+01 1.985000e+01
      vertex   1.467260e+02 -2.540625e+01 2.135000e+01
      vertex   1.467260e+02 -2.540625e+01 1.985000e+01
    endloop
  endfacet
  facet normal -7.071068e-01 7.071068e-01 0.000000e+00
    outer loop
      vertex   1.467260e+02 -2.540625e+01 2.135000e+01
      vertex   1.491760e+02 -2.295625e+01 2.135000e+01
      vertex   1.467260e+02 -2.540625e+01 1.985000e+01
    endloop
  endfacet
  facet normal -7.071068e-01 7.071068e-01 4.101466e-17
    outer loop
      vertex   1.467260e+02 -2.540625e+01 1.985000e+01
      vertex   1.491760e+02 -2.295625e+01 2.135000e+01
      vertex   1.491760e+02 -2.295625e+01 1.985000e+01
    endloop
  endfacet
  facet normal -3.327427e-15 -2.360758e-15 1.000000e+00
    outer loop
      vertex   1.557490e+02 -9.816647e+01 2.235000e+01
      vertex   1.571127e+02 -1.000885e+02 2.235000e+01
      vertex   1.567065e+02 -9.650624e+01 2.235000e+01
    endloop
  endfacet
  facet normal 6.693895e-15 -1.224576e-15 1.000000e+00
    outer loop
      vertex   1.567065e+02 -9.650624e+01 2.235000e+01
      vertex   1.571127e+02 -1.000885e+02 2.235000e+01
      vertex   1.582611e+02 -9.381071e+01 2.235000e+01
    endloop
  endfacet
  facet normal 1.490540e-15 1.776357e-15 1.000000e+00
    outer loop
      vertex   1.567065e+02 -9.650624e+01 2.235000e+01
      vertex   1.582611e+02 -9.381071e+01 2.235000e+01
      vertex   1.497260e+02 -8.664889e+01 2.235000e+01
    endloop
  endfacet
  facet normal 0.000000e+00 0.000000e+00 1.000000e+00
    outer loop
      vertex   1.557490e+02 -9.816647e+01 2.235000e+01
      vertex   1.557490e+02 -9.970280e+01 2.235000e+01
      vertex   1.571127e+02 -1.000885e+02 2.235000e+01
    endloop
  endfacet
  facet normal 0.000000e+00 0.000000e+00 1.000000e+00
    outer loop
      vertex   1.571127e+02 -1.000885e+02 2.235000e+01
      vertex   1.557490e+02 -9.970280e+01 2.235000e+01
      vertex   1.549712e+02 -1.030501e+02 2.235000e+01
    endloop
  endfacet
  facet normal 0.000000e+00 0.000000e+00 1.000000e+00
    outer loop
      vertex   1.571127e+02 -1.000885e+02 2.235000e+01
      vertex   1.549712e+02 -1.030501e+02 2.235000e+01
      vertex   1.549712e+02 -1.070501e+02 2.235000e+01
    endloop
  endfacet
  facet normal 0.000000e+00 0.000000e+00 1.000000e+00
    outer loop
      vertex   1.557490e+02 -9.970280e+01 2.235000e+01
      vertex   1.497261e+02 -9.464901e+01 2.235000e+01
      vertex   1.549712e+02 -1.030501e+02 2.235000e+01
    endloop
  endfacet
  facet normal 0.000000e+00 0.000000e+00 1.000000e+00
    outer loop
      vertex   1.549712e+02 -1.030501e+02 2.235000e+01
      vertex   1.497261e+02 -9.464901e+01 2.235000e+01
      vertex   1.497262e+02 -9.864909e+01 2.235000e+01
    endloop
  endfacet
  facet normal 0.000000e+00 0.000000e+00 1.000000e+00
    outer loop
      vertex   1.497262e+02 -9.864909e+01 2.235000e+01
      vertex   1.497261e+02 -9.464901e+01 2.235000e+01
      vertex   1.477260e+02 -8.782893e+01 2.235000e+01
    endloop
  endfacet
  facet normal 0.000000e+00 0.000000e+00 1.000000e+00
    outer loop
      vertex   1.497262e+02 -9.864909e+01 2.235000e+01
      vertex   1.477260e+02 -8.782893e+01 2.235000e+01
      vertex   1.477265e+02 -1.100789e+02 2.235000e+01
    endloop
  endfacet
  facet normal 0.000000e+00 0.000000e+00 1.000000e+00
    outer loop
      vertex   1.497261e+02 -9.464901e+01 2.235000e+01
      vertex   1.497261e+02 -9.064894e+01 2.235000e+01
      vertex   1.477260e+02 -8.782893e+01 2.235000e+01
    endloop
  endfacet
  facet normal -0.000000e+00 0.000000e+00 1.000000e+00
    outer loop
      vertex   1.477260e+02 -8.782893e+01 2.235000e+01
      vertex   1.497261e+02 -9.064894e+01 2.235000e+01
      vertex   1.497260e+02 -8.664889e+01 2.235000e+01
    endloop
  endfacet
  facet normal 0.000000e+00 0.000000e+00 1.000000e+00
    outer loop
      vertex   1.477260e+02 -8.782893e+01 2.235000e+01
      vertex   1.497260e+02 -8.664889e+01 2.235000e+01
      vertex   1.497260e+02 -8.264889e+01 2.235000e+01
    endloop
  endfacet
  facet normal -1.017915e-15 -1.541626e-20 1.000000e+00
    outer loop
      vertex   1.497261e+02 -9.064894e+01 2.235000e+01
      vertex   1.567065e+02 -9.650624e+01 2.235000e+01
      vertex   1.497260e+02 -8.664889e+01 2.235000e+01
    endloop
  endfacet
  facet normal -0.000000e+00 0.000000e+00 1.000000e+00
    outer loop
      vertex   1.532000e+02 -6.215000e+01 2.235000e+01
      vertex   1.532000e+02 -6.556392e+01 2.235000e+01
      vertex   1.538985e+02 -6.215000e+01 2.235000e+01
    endloop
  endfacet
  facet normal 0.000000e+00 0.000000e+00 1.000000e+00
    outer loop
      vertex   1.538985e+02 -6.215000e+01 2.235000e+01
      vertex   1.532000e+02 -6.556392e+01 2.235000e+01
      vertex   1.552000e+02 -6.415000e+01 2.235000e+01
    endloop
  endfacet
  facet normal -0.000000e+00 0.000000e+00 1.000000e+00
    outer loop
      vertex   1.538985e+02 -6.215000e+01 2.235000e+01
      vertex   1.552000e+02 -6.415000e+01 2.235000e+01
      vertex   1.586655e+02 -6.215000e+01 2.235000e+01
    endloop
  endfacet
  facet normal 0.000000e+00 0.000000e+00 1.000000e+00
    outer loop
      vertex   1.586655e+02 -6.215000e+01 2.235000e+01
      vertex   1.552000e+02 -6.415000e+01 2.235000e+01
      vertex   1.634325e+02 -6.215000e+01 2.235000e+01
    endloop
  endfacet
  facet normal 0.000000e+00 0.000000e+00 1.000000e+00
    outer loop
      vertex   1.634325e+02 -6.215000e+01 2.235000e+01
      vertex   1.552000e+02 -6.415000e+01 2.235000e+01
      vertex   1.683964e+02 -6.415000e+01 2.235000e+01
    endloop
  endfacet
  facet normal -0.000000e+00 0.000000e+00 1.000000e+00
    outer loop
      vertex   1.634325e+02 -6.215000e+01 2.235000e+01
      vertex   1.683964e+02 -6.415000e+01 2.235000e+01
      vertex   1.678561e+02 -6.186185e+01 2.235000e+01
    endloop
  endfacet
  facet normal -0.000000e+00 0.000000e+00 1.000000e+00
    outer loop
      vertex   1.678561e+02 -6.186185e+01 2.235000e+01
      vertex   1.683964e+02 -6.415000e+01 2.235000e+01
      vertex   1.700311e+02 -5.968687e+01 2.235000e+01
    endloop
  endfacet
  facet normal -0.000000e+00 0.000000e+00 1.000000e+00
    outer loop
      vertex   1.700311e+02 -5.968687e+01 2.235000e+01
      vertex   1.683964e+02 -6.415000e+01 2.235000e+01
      vertex   1.736875e+02 -5.885887e+01 2.235000e+01
    endloop
  endfacet
  facet normal 0.000000e+00 0.000000e+00 1.000000e+00
    outer loop
      vertex   1.700311e+02 -5.968687e+01 2.235000e+01
      vertex   1.736875e+02 -5.885887e+01 2.235000e+01
      vertex   1.716875e+02 -5.707678e+01 2.235000e+01
    endloop
  endfacet
  facet normal -0.000000e+00 0.000000e+00 1.000000e+00
    outer loop
      vertex   1.716875e+02 -5.707678e+01 2.235000e+01
      vertex   1.736875e+02 -5.885887e+01 2.235000e+01
      vertex   1.716875e+02 -5.307678e+01 2.235000e+01
    endloop
  endfacet
  facet normal -0.000000e+00 0.000000e+00 1.000000e+00
    outer loop
      vertex   1.716875e+02 -5.307678e+01 2.235000e+01
      vertex   1.736875e+02 -5.885887e+01 2.235000e+01
      vertex   1.716875e+02 -4.907678e+01 2.235000e+01
    endloop
  endfacet
  facet normal 0.000000e+00 -0.000000e+00 1.000000e+00
    outer loop
      vertex   1.716875e+02 -5.307678e+01 2.235000e+01
      vertex   1.716875e+02 -4.907678e+01 2.235000e+01
      vertex   1.497260e+02 -3.464889e+01 2.235000e+01
    endloop
  endfacet
  facet normal -0.000000e+00 0.000000e+00 1.000000e+00
    outer loop
      vertex   1.497260e+02 -3.464889e+01 2.235000e+01
      vertex   1.716875e+02 -4.907678e+01 2.235000e+01
      vertex   1.497260e+02 -3.064889e+01 2.235000e+01
    endloop
  endfacet
  facet normal 0.000000e+00 -0.000000e+00 1.000000e+00
    outer loop
      vertex   1.497260e+02 -3.464889e+01 2.235000e+01
      vertex   1.497260e+02 -3.064889e+01 2.235000e+01
      vertex   1.477260e+02 -2.582046e+01 2.235000e+01
    endloop
  endfacet
  facet normal 0.000000e+00 0.000000e+00 1.000000e+00
    outer loop
      vertex   1.477260e+02 -2.582046e+01 2.235000e+01
      vertex   1.497260e+02 -3.064889e+01 2.235000e+01
      vertex   1.497260e+02 -2.664889e+01 2.235000e+01
    endloop
  endfacet
  facet normal -0.000000e+00 0.000000e+00 1.000000e+00
    outer loop
      vertex   1.477260e+02 -2.582046e+01 2.235000e+01
      vertex   1.497260e+02 -2.664889e+01 2.235000e+01
      vertex   1.495902e+02 -2.395625e+01 2.235000e+01
    endloop
  endfacet
  facet normal 0.000000e+00 0.000000e+00 1.000000e+00
    outer loop
      vertex   1.495902e+02 -2.395625e+01 2.235000e+01
      vertex   1.497260e+02 -2.664889e+01 2.235000e+01
      vertex   1.536676e+02 -2.595625e+01 2.235000e+01
    endloop
  endfacet
  facet normal 0.000000e+00 0.000000e+00 1.000000e+00
    outer loop
      vertex   1.495902e+02 -2.395625e+01 2.235000e+01
      vertex   1.536676e+02 -2.595625e+01 2.235000e+01
      vertex   1.584346e+02 -2.595625e+01 2.235000e+01
    endloop
  endfacet
  facet normal 0.000000e+00 0.000000e+00 1.000000e+00
    outer loop
      vertex   1.497260e+02 -6.264889e+01 2.235000e+01
      vertex   1.497260e+02 -6.664889e+01 2.235000e+01
      vertex   1.532000e+02 -6.556392e+01 2.235000e+01
    endloop
  endfacet
  facet normal 0.000000e+00 0.000000e+00 1.000000e+00
    outer loop
      vertex   1.532000e+02 -6.556392e+01 2.235000e+01
      vertex   1.497260e+02 -6.664889e+01 2.235000e+01
      vertex   1.532000e+02 -6.956392e+01 2.235000e+01
    endloop
  endfacet
  facet normal -0.000000e+00 0.000000e+00 1.000000e+00
    outer loop
      vertex   1.532000e+02 -6.556392e+01 2.235000e+01
      vertex   1.532000e+02 -6.956392e+01 2.235000e+01
      vertex   1.552000e+02 -6.415000e+01 2.235000e+01
    endloop
  endfacet
  facet normal 0.000000e+00 0.000000e+00 1.000000e+00
    outer loop
      vertex   1.552000e+02 -6.415000e+01 2.235000e+01
      vertex   1.532000e+02 -6.956392e+01 2.235000e+01
      vertex   1.532000e+02 -7.356392e+01 2.235000e+01
    endloop
  endfacet
  facet normal 0.000000e+00 0.000000e+00 1.000000e+00
    outer loop
      vertex   1.552000e+02 -6.415000e+01 2.235000e+01
      vertex   1.532000e+02 -7.356392e+01 2.235000e+01
      vertex   1.552000e+02 -8.519882e+01 2.235000e+01
    endloop
  endfacet
  facet normal 0.000000e+00 0.000000e+00 1.000000e+00
    outer loop
      vertex   1.552000e+02 -8.519882e+01 2.235000e+01
      vertex   1.532000e+02 -7.356392e+01 2.235000e+01
      vertex   1.532000e+02 -7.756392e+01 2.235000e+01
    endloop
  endfacet
  facet normal 0.000000e+00 0.000000e+00 1.000000e+00
    outer loop
      vertex   1.552000e+02 -8.519882e+01 2.235000e+01
      vertex   1.532000e+02 -7.756392e+01 2.235000e+01
      vertex   1.532000e+02 -8.156392e+01 2.235000e+01
    endloop
  endfacet
  facet normal 0.000000e+00 -0.000000e+00 1.000000e+00
    outer loop
      vertex   1.497260e+02 -6.664889e+01 2.235000e+01
      vertex   1.497260e+02 -6.264889e+01 2.235000e+01
      vertex   1.477260e+02 -8.782893e+01 2.235000e+01
    endloop
  endfacet
  facet normal 0.000000e+00 0.000000e+00 1.000000e+00
    outer loop
      vertex   1.477260e+02 -8.782893e+01 2.235000e+01
      vertex   1.497260e+02 -6.264889e+01 2.235000e+01
      vertex   1.497260e+02 -5.864889e+01 2.235000e+01
    endloop
  endfacet
  facet normal 0.000000e+00 0.000000e+00 1.000000e+00
    outer loop
      vertex   1.477260e+02 -8.782893e+01 2.235000e+01
      vertex   1.497260e+02 -5.864889e+01 2.235000e+01
      vertex   1.477260e+02 -2.582046e+01 2.235000e+01
    endloop
  endfacet
  facet normal 0.000000e+00 0.000000e+00 1.000000e+00
    outer loop
      vertex   1.477260e+02 -2.582046e+01 2.235000e+01
      vertex   1.497260e+02 -5.864889e+01 2.235000e+01
      vertex   1.497260e+02 -5.464889e+01 2.235000e+01
    endloop
  endfacet
  facet normal 0.000000e+00 0.000000e+00 1.000000e+00
    outer loop
      vertex   1.477260e+02 -2.582046e+01 2.235000e+01
      vertex   1.497260e+02 -5.464889e+01 2.235000e+01
      vertex   1.497260e+02 -5.064889e+01 2.235000e+01
    endloop
  endfacet
  facet normal -0.000000e+00 0.000000e+00 1.000000e+00
    outer loop
      vertex   1.497260e+02 -5.864889e+01 2.235000e+01
      vertex   1.538985e+02 -6.215000e+01 2.235000e+01
      vertex   1.497260e+02 -5.464889e+01 2.235000e+01
    endloop
  endfacet
  facet normal 0.000000e+00 0.000000e+00 1.000000e+00
    outer loop
      vertex   1.497260e+02 -5.464889e+01 2.235000e+01
      vertex   1.538985e+02 -6.215000e+01 2.235000e+01
      vertex   1.586655e+02 -6.215000e+01 2.235000e+01
    endloop
  endfacet
  facet normal -0.000000e+00 0.000000e+00 1.000000e+00
    outer loop
      vertex   1.497260e+02 -2.664889e+01 2.235000e+01
      vertex   1.716875e+02 -4.507678e+01 2.235000e+01
      vertex   1.536676e+02 -2.595625e+01 2.235000e+01
    endloop
  endfacet
  facet normal 0.000000e+00 0.000000e+00 1.000000e+00
    outer loop
      vertex   1.536676e+02 -2.595625e+01 2.235000e+01
      vertex   1.716875e+02 -4.507678e+01 2.235000e+01
      vertex   1.716875e+02 -4.107678e+01 2.235000e+01
    endloop
  endfacet
  facet normal -0.000000e+00 0.000000e+00 1.000000e+00
    outer loop
      vertex   1.716875e+02 -4.107678e+01 2.235000e+01
      vertex   1.716875e+02 -4.507678e+01 2.235000e+01
      vertex   1.736875e+02 -2.924738e+01 2.235000e+01
    endloop
  endfacet
  facet normal 0.000000e+00 0.000000e+00 1.000000e+00
    outer loop
      vertex   1.716875e+02 -4.107678e+01 2.235000e+01
      vertex   1.736875e+02 -2.924738e+01 2.235000e+01
      vertex   1.716875e+02 -3.707678e+01 2.235000e+01
    endloop
  endfacet
  facet normal 0.000000e+00 0.000000e+00 1.000000e+00
    outer loop
      vertex   1.716875e+02 -3.707678e+01 2.235000e+01
      vertex   1.736875e+02 -2.924738e+01 2.235000e+01
      vertex   1.716875e+02 -3.307678e+01 2.235000e+01
    endloop
  endfacet
  facet normal 0.000000e+00 -0.000000e+00 1.000000e+00
    outer loop
      vertex   1.716875e+02 -3.707678e+01 2.235000e+01
      vertex   1.716875e+02 -3.307678e+01 2.235000e+01
      vertex   1.632016e+02 -2.595625e+01 2.235000e+01
    endloop
  endfacet
  facet normal 0.000000e+00 0.000000e+00 1.000000e+00
    outer loop
      vertex   1.736875e+02 -2.924738e+01 2.235000e+01
      vertex   1.716875e+02 -4.507678e+01 2.235000e+01
      vertex   1.736875e+02 -5.885887e+01 2.235000e+01
    endloop
  endfacet
  facet normal 0.000000e+00 0.000000e+00 1.000000e+00
    outer loop
      vertex   1.736875e+02 -5.885887e+01 2.235000e+01
      vertex   1.716875e+02 -4.507678e+01 2.235000e+01
      vertex   1.716875e+02 -4.907678e+01 2.235000e+01
    endloop
  endfacet
  facet normal 0.000000e+00 0.000000e+00 1.000000e+00
    outer loop
      vertex   1.716875e+02 -3.707678e+01 2.235000e+01
      vertex   1.632016e+02 -2.595625e+01 2.235000e+01
      vertex   1.584346e+02 -2.595625e+01 2.235000e+01
    endloop
  endfacet
  facet normal 0.000000e+00 0.000000e+00 1.000000e+00
    outer loop
      vertex   1.584346e+02 -2.595625e+01 2.235000e+01
      vertex   1.632016e+02 -2.595625e+01 2.235000e+01
      vertex   1.683964e+02 -2.395625e+01 2.235000e+01
    endloop
  endfacet
  facet normal 0.000000e+00 -0.000000e+00 1.000000e+00
    outer loop
      vertex   1.584346e+02 -2.595625e+01 2.235000e+01
      vertex   1.683964e+02 -2.395625e+01 2.235000e+01
      vertex   1.495902e+02 -2.395625e+01 2.235000e+01
    endloop
  endfacet
  facet normal 0.000000e+00 0.000000e+00 1.000000e+00
    outer loop
      vertex   1.477260e+02 -2.582046e+01 2.235000e+01
      vertex   1.497260e+02 -5.064889e+01 2.235000e+01
      vertex   1.497260e+02 -4.664889e+01 2.235000e+01
    endloop
  endfacet
  facet normal 0.000000e+00 0.000000e+00 1.000000e+00
    outer loop
      vertex   1.497260e+02 -4.664889e+01 2.235000e+01
      vertex   1.497260e+02 -5.064889e+01 2.235000e+01
      vertex   1.634325e+02 -6.215000e+01 2.235000e+01
    endloop
  endfacet
  facet normal 0.000000e+00 0.000000e+00 1.000000e+00
    outer loop
      vertex   1.497260e+02 -4.664889e+01 2.235000e+01
      vertex   1.634325e+02 -6.215000e+01 2.235000e+01
      vertex   1.678561e+02 -6.186185e+01 2.235000e+01
    endloop
  endfacet
  facet normal 0.000000e+00 0.000000e+00 1.000000e+00
    outer loop
      vertex   1.536667e+02 -8.595554e+01 2.235000e+01
      vertex   1.532000e+02 -8.156392e+01 2.235000e+01
      vertex   1.497260e+02 -8.264889e+01 2.235000e+01
    endloop
  endfacet
  facet normal 0.000000e+00 0.000000e+00 1.000000e+00
    outer loop
      vertex   1.497260e+02 -8.264889e+01 2.235000e+01
      vertex   1.532000e+02 -8.156392e+01 2.235000e+01
      vertex   1.497260e+02 -7.864889e+01 2.235000e+01
    endloop
  endfacet
  facet normal 0.000000e+00 -0.000000e+00 1.000000e+00
    outer loop
      vertex   1.497260e+02 -8.264889e+01 2.235000e+01
      vertex   1.497260e+02 -7.864889e+01 2.235000e+01
      vertex   1.477260e+02 -8.782893e+01 2.235000e+01
    endloop
  endfacet
  facet normal 0.000000e+00 0.000000e+00 1.000000e+00
    outer loop
      vertex   1.477260e+02 -8.782893e+01 2.235000e+01
      vertex   1.497260e+02 -7.864889e+01 2.235000e+01
      vertex   1.497260e+02 -7.464889e+01 2.235000e+01
    endloop
  endfacet
  facet normal 0.000000e+00 0.000000e+00 1.000000e+00
    outer loop
      vertex   1.477260e+02 -8.782893e+01 2.235000e+01
      vertex   1.497260e+02 -7.464889e+01 2.235000e+01
      vertex   1.497260e+02 -7.064889e+01 2.235000e+01
    endloop
  endfacet
  facet normal 0.000000e+00 0.000000e+00 1.000000e+00
    outer loop
      vertex   1.497260e+02 -7.064889e+01 2.235000e+01
      vertex   1.497260e+02 -7.464889e+01 2.235000e+01
      vertex   1.532000e+02 -7.356392e+01 2.235000e+01
    endloop
  endfacet
  facet normal 0.000000e+00 0.000000e+00 1.000000e+00
    outer loop
      vertex   1.532000e+02 -7.356392e+01 2.235000e+01
      vertex   1.497260e+02 -7.464889e+01 2.235000e+01
      vertex   1.532000e+02 -7.756392e+01 2.235000e+01
    endloop
  endfacet
  facet normal -0.000000e+00 0.000000e+00 1.000000e+00
    outer loop
      vertex   1.536667e+02 -8.673210e+01 2.235000e+01
      vertex   1.545922e+02 -8.673210e+01 2.235000e+01
      vertex   1.536667e+02 -8.595554e+01 2.235000e+01
    endloop
  endfacet
  facet normal -0.000000e+00 -0.000000e+00 1.000000e+00
    outer loop
      vertex   1.536667e+02 -8.595554e+01 2.235000e+01
      vertex   1.545922e+02 -8.673210e+01 2.235000e+01
      vertex   1.532000e+02 -8.156392e+01 2.235000e+01
    endloop
  endfacet
  facet normal 0.000000e+00 0.000000e+00 1.000000e+00
    outer loop
      vertex   1.598157e+02 -9.111517e+01 2.235000e+01
      vertex   1.562752e+02 -8.519882e+01 2.235000e+01
      vertex   1.545922e+02 -8.673210e+01 2.235000e+01
    endloop
  endfacet
  facet normal 0.000000e+00 0.000000e+00 1.000000e+00
    outer loop
      vertex   1.545922e+02 -8.673210e+01 2.235000e+01
      vertex   1.562752e+02 -8.519882e+01 2.235000e+01
      vertex   1.552000e+02 -8.519882e+01 2.235000e+01
    endloop
  endfacet
  facet normal 0.000000e+00 -0.000000e+00 1.000000e+00
    outer loop
      vertex   1.545922e+02 -8.673210e+01 2.235000e+01
      vertex   1.552000e+02 -8.519882e+01 2.235000e+01
      vertex   1.532000e+02 -8.156392e+01 2.235000e+01
    endloop
  endfacet
  facet normal -0.000000e+00 0.000000e+00 1.000000e+00
    outer loop
      vertex   1.582611e+02 -9.381071e+01 2.235000e+01
      vertex   1.571127e+02 -1.000885e+02 2.235000e+01
      vertex   1.598157e+02 -9.111517e+01 2.235000e+01
    endloop
  endfacet
  facet normal -0.000000e+00 0.000000e+00 1.000000e+00
    outer loop
      vertex   1.598157e+02 -9.111517e+01 2.235000e+01
      vertex   1.571127e+02 -1.000885e+02 2.235000e+01
      vertex   1.633472e+02 -8.927834e+01 2.235000e+01
    endloop
  endfacet
  facet normal 0.000000e+00 -0.000000e+00 1.000000e+00
    outer loop
      vertex   1.598157e+02 -9.111517e+01 2.235000e+01
      vertex   1.633472e+02 -8.927834e+01 2.235000e+01
      vertex   1.562752e+02 -8.519882e+01 2.235000e+01
    endloop
  endfacet
  facet normal 0.000000e+00 0.000000e+00 1.000000e+00
    outer loop
      vertex   1.497263e+02 -1.026492e+02 2.235000e+01
      vertex   1.497264e+02 -1.066492e+02 2.235000e+01
      vertex   1.549712e+02 -1.070501e+02 2.235000e+01
    endloop
  endfacet
  facet normal 0.000000e+00 0.000000e+00 1.000000e+00
    outer loop
      vertex   1.549712e+02 -1.070501e+02 2.235000e+01
      vertex   1.497264e+02 -1.066492e+02 2.235000e+01
      vertex   1.549712e+02 -1.110501e+02 2.235000e+01
    endloop
  endfacet
  facet normal 0.000000e+00 0.000000e+00 1.000000e+00
    outer loop
      vertex   1.549712e+02 -1.070501e+02 2.235000e+01
      vertex   1.549712e+02 -1.110501e+02 2.235000e+01
      vertex   1.571127e+02 -1.161354e+02 2.235000e+01
    endloop
  endfacet
  facet normal -6.375451e-15 -2.684833e-15 1.000000e+00
    outer loop
      vertex   1.571127e+02 -1.161354e+02 2.235000e+01
      vertex   1.549712e+02 -1.110501e+02 2.235000e+01
      vertex   1.549712e+02 -1.123734e+02 2.235000e+01
    endloop
  endfacet
  facet normal 9.631034e-16 1.492607e-15 1.000000e+00
    outer loop
      vertex   1.571127e+02 -1.161354e+02 2.235000e+01
      vertex   1.549712e+02 -1.123734e+02 2.235000e+01
      vertex   1.477265e+02 -1.100789e+02 2.235000e+01
    endloop
  endfacet
  facet normal 3.101282e-16 -5.691800e-16 1.000000e+00
    outer loop
      vertex   1.477265e+02 -1.100789e+02 2.235000e+01
      vertex   1.549712e+02 -1.123734e+02 2.235000e+01
      vertex   1.497265e+02 -1.089892e+02 2.235000e+01
    endloop
  endfacet
  facet normal 0.000000e+00 0.000000e+00 1.000000e+00
    outer loop
      vertex   1.477265e+02 -1.100789e+02 2.235000e+01
      vertex   1.497265e+02 -1.089892e+02 2.235000e+01
      vertex   1.497264e+02 -1.066492e+02 2.235000e+01
    endloop
  endfacet
  facet normal 0.000000e+00 0.000000e+00 1.000000e+00
    outer loop
      vertex   1.497264e+02 -1.066492e+02 2.235000e+01
      vertex   1.497263e+02 -1.026492e+02 2.235000e+01
      vertex   1.477265e+02 -1.100789e+02 2.235000e+01
    endloop
  endfacet
  facet normal 0.000000e+00 0.000000e+00 1.000000e+00
    outer loop
      vertex   1.477265e+02 -1.100789e+02 2.235000e+01
      vertex   1.497263e+02 -1.026492e+02 2.235000e+01
      vertex   1.497262e+02 -9.864909e+01 2.235000e+01
    endloop
  endfacet
  facet normal 0.000000e+00 -0.000000e+00 1.000000e+00
    outer loop
      vertex   1.497260e+02 -7.064889e+01 2.235000e+01
      vertex   1.497260e+02 -6.664889e+01 2.235000e+01
      vertex   1.477260e+02 -8.782893e+01 2.235000e+01
    endloop
  endfacet
  facet normal 0.000000e+00 0.000000e+00 1.000000e+00
    outer loop
      vertex   1.716875e+02 -5.707678e+01 2.235000e+01
      vertex   1.497260e+02 -3.864889e+01 2.235000e+01
      vertex   1.700311e+02 -5.968687e+01 2.235000e+01
    endloop
  endfacet
  facet normal 0.000000e+00 0.000000e+00 1.000000e+00
    outer loop
      vertex   1.700311e+02 -5.968687e+01 2.235000e+01
      vertex   1.497260e+02 -3.864889e+01 2.235000e+01
      vertex   1.497260e+02 -4.264889e+01 2.235000e+01
    endloop
  endfacet
  facet normal 0.000000e+00 -0.000000e+00 1.000000e+00
    outer loop
      vertex   1.497260e+02 -4.264889e+01 2.235000e+01
      vertex   1.497260e+02 -3.864889e+01 2.235000e+01
      vertex   1.477260e+02 -2.582046e+01 2.235000e+01
    endloop
  endfacet
  facet normal 0.000000e+00 0.000000e+00 1.000000e+00
    outer loop
      vertex   1.497260e+02 -4.264889e+01 2.235000e+01
      vertex   1.477260e+02 -2.582046e+01 2.235000e+01
      vertex   1.497260e+02 -4.664889e+01 2.235000e+01
    endloop
  endfacet
  facet normal 0.000000e+00 -0.000000e+00 1.000000e+00
    outer loop
      vertex   1.497260e+02 -3.864889e+01 2.235000e+01
      vertex   1.497260e+02 -3.464889e+01 2.235000e+01
      vertex   1.477260e+02 -2.582046e+01 2.235000e+01
    endloop
  endfacet
  facet normal -0.000000e+00 0.000000e+00 1.000000e+00
    outer loop
      vertex   1.632016e+02 -2.595625e+01 2.235000e+01
      vertex   1.675679e+02 -2.595625e+01 2.235000e+01
      vertex   1.683964e+02 -2.395625e+01 2.235000e+01
    endloop
  endfacet
  facet normal 0.000000e+00 0.000000e+00 1.000000e+00
    outer loop
      vertex   1.683964e+02 -2.395625e+01 2.235000e+01
      vertex   1.675679e+02 -2.595625e+01 2.235000e+01
      vertex   1.716875e+02 -3.007581e+01 2.235000e+01
    endloop
  endfacet
  facet normal 0.000000e+00 0.000000e+00 1.000000e+00
    outer loop
      vertex   1.683964e+02 -2.395625e+01 2.235000e+01
      vertex   1.716875e+02 -3.007581e+01 2.235000e+01
      vertex   1.736875e+02 -2.924738e+01 2.235000e+01
    endloop
  endfacet
  facet normal 0.000000e+00 0.000000e+00 1.000000e+00
    outer loop
      vertex   1.736875e+02 -2.924738e+01 2.235000e+01
      vertex   1.716875e+02 -3.007581e+01 2.235000e+01
      vertex   1.716875e+02 -3.307678e+01 2.235000e+01
    endloop
  endfacet
  facet normal 0.000000e+00 -0.000000e+00 1.000000e+00
    outer loop
      vertex   1.571127e+02 -1.161354e+02 2.235000e+01
      vertex   1.571127e+02 -1.000885e+02 2.235000e+01
      vertex   1.549712e+02 -1.070501e+02 2.235000e+01
    endloop
  endfacet
  facet normal 0.000000e+00 -0.000000e+00 -1.000000e+00
    outer loop
      vertex   1.655797e+02 -3.075625e+01 1.985000e+01
      vertex   1.668875e+02 -3.206403e+01 1.985000e+01
      vertex   1.638293e+02 -4.265625e+01 1.985000e+01
    endloop
  endfacet
  facet normal 0.000000e+00 0.000000e+00 -1.000000e+00
    outer loop
      vertex   1.638293e+02 -4.265625e+01 1.985000e+01
      vertex   1.668875e+02 -3.206403e+01 1.985000e+01
      vertex   1.668875e+02 -5.604222e+01 1.985000e+01
    endloop
  endfacet
  facet normal 0.000000e+00 0.000000e+00 -1.000000e+00
    outer loop
      vertex   1.638293e+02 -4.265625e+01 1.985000e+01
      vertex   1.668875e+02 -5.604222e+01 1.985000e+01
      vertex   1.655797e+02 -5.735000e+01 1.985000e+01
    endloop
  endfacet
  facet normal 0.000000e+00 0.000000e+00 -1.000000e+00
    outer loop
      vertex   1.655797e+02 -5.735000e+01 1.985000e+01
      vertex   1.489130e+02 -5.735000e+01 1.985000e+01
      vertex   1.638293e+02 -4.265625e+01 1.985000e+01
    endloop
  endfacet
  facet normal -0.000000e+00 0.000000e+00 -1.000000e+00
    outer loop
      vertex   1.638293e+02 -4.265625e+01 1.985000e+01
      vertex   1.489130e+02 -5.735000e+01 1.985000e+01
      vertex   1.504293e+02 -4.265625e+01 1.985000e+01
    endloop
  endfacet
  facet normal 0.000000e+00 0.000000e+00 -1.000000e+00
    outer loop
      vertex   1.504293e+02 -4.265625e+01 1.985000e+01
      vertex   1.489130e+02 -5.735000e+01 1.985000e+01
      vertex   1.484000e+02 -5.788084e+01 1.985000e+01
    endloop
  endfacet
  facet normal -0.000000e+00 0.000000e+00 -1.000000e+00
    outer loop
      vertex   1.504293e+02 -4.265625e+01 1.985000e+01
      vertex   1.484000e+02 -5.788084e+01 1.985000e+01
      vertex   1.467260e+02 -2.540625e+01 1.985000e+01
    endloop
  endfacet
  facet normal 0.000000e+00 0.000000e+00 -1.000000e+00
    outer loop
      vertex   1.467260e+02 -2.540625e+01 1.985000e+01
      vertex   1.484000e+02 -5.788084e+01 1.985000e+01
      vertex   1.467260e+02 -8.782894e+01 1.985000e+01
    endloop
  endfacet
  facet normal 0.000000e+00 0.000000e+00 -1.000000e+00
    outer loop
      vertex   1.467260e+02 -8.782894e+01 1.985000e+01
      vertex   1.484000e+02 -5.788084e+01 1.985000e+01
      vertex   1.484000e+02 -9.091716e+01 1.985000e+01
    endloop
  endfacet
  facet normal 0.000000e+00 0.000000e+00 -1.000000e+00
    outer loop
      vertex   1.467260e+02 -8.782894e+01 1.985000e+01
      vertex   1.484000e+02 -9.091716e+01 1.985000e+01
      vertex   1.467263e+02 -9.952055e+01 1.985000e+01
    endloop
  endfacet
  facet normal 0.000000e+00 0.000000e+00 -1.000000e+00
    outer loop
      vertex   1.467263e+02 -9.952055e+01 1.985000e+01
      vertex   1.484000e+02 -9.091716e+01 1.985000e+01
      vertex   1.494828e+02 -9.200000e+01 1.985000e+01
    endloop
  endfacet
  facet normal 0.000000e+00 0.000000e+00 -1.000000e+00
    outer loop
      vertex   1.467263e+02 -9.952055e+01 1.985000e+01
      vertex   1.494828e+02 -9.200000e+01 1.985000e+01
      vertex   1.510650e+02 -9.200000e+01 1.985000e+01
    endloop
  endfacet
  facet normal 0.000000e+00 0.000000e+00 -1.000000e+00
    outer loop
      vertex   1.467260e+02 -2.540625e+01 1.985000e+01
      vertex   1.491760e+02 -2.295625e+01 1.985000e+01
      vertex   1.504293e+02 -4.265625e+01 1.985000e+01
    endloop
  endfacet
  facet normal -4.080656e-15 -2.596147e-16 -1.000000e+00
    outer loop
      vertex   1.504293e+02 -4.265625e+01 1.985000e+01
      vertex   1.491760e+02 -2.295625e+01 1.985000e+01
      vertex   1.501293e+02 -2.425625e+01 1.985000e+01
    endloop
  endfacet
  facet normal 1.184238e-14 -1.829243e-29 -1.000000e+00
    outer loop
      vertex   1.504293e+02 -4.265625e+01 1.985000e+01
      vertex   1.501293e+02 -2.425625e+01 1.985000e+01
      vertex   1.504293e+02 -2.425625e+01 1.985000e+01
    endloop
  endfacet
  facet normal 2.036872e-29 2.732857e-15 -1.000000e+00
    outer loop
      vertex   1.491760e+02 -2.295625e+01 1.985000e+01
      vertex   1.501293e+02 -2.295625e+01 1.985000e+01
      vertex   1.501293e+02 -2.425625e+01 1.985000e+01
    endloop
  endfacet
  facet normal -0.000000e+00 0.000000e+00 -1.000000e+00
    outer loop
      vertex   1.655797e+02 -3.075625e+01 1.985000e+01
      vertex   1.638293e+02 -4.265625e+01 1.985000e+01
      vertex   1.650827e+02 -3.075625e+01 1.985000e+01
    endloop
  endfacet
  facet normal -0.000000e+00 0.000000e+00 -1.000000e+00
    outer loop
      vertex   1.650827e+02 -3.075625e+01 1.985000e+01
      vertex   1.638293e+02 -4.265625e+01 1.985000e+01
      vertex   1.638293e+02 -2.425625e+01 1.985000e+01
    endloop
  endfacet
  facet normal -1.184238e-14 -2.283448e-15 -1.000000e+00
    outer loop
      vertex   1.650827e+02 -3.075625e+01 1.985000e+01
      vertex   1.638293e+02 -2.425625e+01 1.985000e+01
      vertex   1.641293e+02 -2.425625e+01 1.985000e+01
    endloop
  endfacet
  facet normal 0.000000e+00 2.732857e-15 -1.000000e+00
    outer loop
      vertex   1.641293e+02 -2.295625e+01 1.985000e+01
      vertex   1.650827e+02 -2.295625e+01 1.985000e+01
      vertex   1.641293e+02 -2.425625e+01 1.985000e+01
    endloop
  endfacet
  facet normal 3.726635e-15 0.000000e+00 -1.000000e+00
    outer loop
      vertex   1.641293e+02 -2.425625e+01 1.985000e+01
      vertex   1.650827e+02 -2.295625e+01 1.985000e+01
      vertex   1.650827e+02 -3.075625e+01 1.985000e+01
    endloop
  endfacet
  facet normal 4.996787e-01 8.662108e-01 -1.919437e-14
    outer loop
      vertex   1.647130e+02 -8.891176e+01 2.135000e+01
      vertex   1.650733e+02 -8.911958e+01 2.093411e+01
      vertex   1.565430e+02 -8.419882e+01 2.135000e+01
    endloop
  endfacet
  facet normal 4.996787e-01 8.662108e-01 0.000000e+00
    outer loop
      vertex   1.565430e+02 -8.419882e+01 2.135000e+01
      vertex   1.650733e+02 -8.911958e+01 2.093411e+01
      vertex   1.565430e+02 -8.419882e+01 1.785000e+01
    endloop
  endfacet
  facet normal 4.996787e-01 8.662108e-01 1.079735e-16
    outer loop
      vertex   1.565430e+02 -8.419882e+01 1.785000e+01
      vertex   1.650733e+02 -8.911958e+01 2.093411e+01
      vertex   1.650733e+02 -8.911958e+01 1.785000e+01
    endloop
  endfacet
  facet normal -0.000000e+00 1.000000e+00 0.000000e+00
    outer loop
      vertex   1.562000e+02 -8.419882e+01 2.135000e+01
      vertex   1.565430e+02 -8.419882e+01 2.135000e+01
      vertex   1.562000e+02 -8.419882e+01 1.785000e+01
    endloop
  endfacet
  facet normal 0.000000e+00 1.000000e+00 0.000000e+00
    outer loop
      vertex   1.562000e+02 -8.419882e+01 1.785000e+01
      vertex   1.565430e+02 -8.419882e+01 2.135000e+01
      vertex   1.565430e+02 -8.419882e+01 1.785000e+01
    endloop
  endfacet
  facet normal -7.071068e-01 -7.071068e-01 -0.000000e+00
    outer loop
      vertex   1.668875e+02 -3.206403e+01 1.985000e+01
      vertex   1.655797e+02 -3.075625e+01 1.985000e+01
      vertex   1.668875e+02 -3.206403e+01 5.850000e+00
    endloop
  endfacet
  facet normal -7.071068e-01 -7.071068e-01 1.215218e-18
    outer loop
      vertex   1.668875e+02 -3.206403e+01 5.850000e+00
      vertex   1.655797e+02 -3.075625e+01 1.985000e+01
      vertex   1.655797e+02 -3.075625e+01 5.850000e+00
    endloop
  endfacet
  facet normal -0.000000e+00 -1.000000e+00 -0.000000e+00
    outer loop
      vertex   1.655797e+02 -3.075625e+01 1.985000e+01
      vertex   1.650827e+02 -3.075625e+01 1.985000e+01
      vertex   1.655797e+02 -3.075625e+01 5.850000e+00
    endloop
  endfacet
  facet normal 0.000000e+00 -1.000000e+00 0.000000e+00
    outer loop
      vertex   1.655797e+02 -3.075625e+01 5.850000e+00
      vertex   1.650827e+02 -3.075625e+01 1.985000e+01
      vertex   1.650827e+02 -3.075625e+01 5.850000e+00
    endloop
  endfacet
  facet normal -1.000000e+00 0.000000e+00 0.000000e+00
    outer loop
      vertex   1.650827e+02 -3.075625e+01 1.985000e+01
      vertex   1.650827e+02 -2.295625e+01 1.985000e+01
      vertex   1.650827e+02 -3.075625e+01 5.850000e+00
    endloop
  endfacet
  facet normal -1.000000e+00 0.000000e+00 0.000000e+00
    outer loop
      vertex   1.650827e+02 -3.075625e+01 5.850000e+00
      vertex   1.650827e+02 -2.295625e+01 1.985000e+01
      vertex   1.650827e+02 -2.295625e+01 5.850000e+00
    endloop
  endfacet
  facet normal 7.071068e-01 7.071068e-01 0.000000e+00
    outer loop
      vertex   1.688106e+02 -2.295625e+01 2.135000e+01
      vertex   1.746875e+02 -2.883317e+01 2.135000e+01
      vertex   1.688106e+02 -2.295625e+01 5.850000e+00
    endloop
  endfacet
  facet normal 7.071068e-01 7.071068e-01 -2.440301e-17
    outer loop
      vertex   1.688106e+02 -2.295625e+01 5.850000e+00
      vertex   1.746875e+02 -2.883317e+01 2.135000e+01
      vertex   1.746875e+02 -2.883317e+01 5.850000e+00
    endloop
  endfacet
  facet normal 1.000000e+00 0.000000e+00 0.000000e+00
    outer loop
      vertex   1.746875e+02 -2.883317e+01 2.135000e+01
      vertex   1.746875e+02 -5.927308e+01 2.135000e+01
      vertex   1.746875e+02 -2.883317e+01 5.850000e+00
    endloop
  endfacet
  facet normal 1.000000e+00 0.000000e+00 0.000000e+00
    outer loop
      vertex   1.746875e+02 -2.883317e+01 5.850000e+00
      vertex   1.746875e+02 -5.927308e+01 2.135000e+01
      vertex   1.746875e+02 -5.927308e+01 5.850000e+00
    endloop
  endfacet
  facet normal 7.071068e-01 -7.071068e-01 0.000000e+00
    outer loop
      vertex   1.746875e+02 -5.927308e+01 2.135000e+01
      vertex   1.688106e+02 -6.515000e+01 2.135000e+01
      vertex   1.746875e+02 -5.927308e+01 5.850000e+00
    endloop
  endfacet
  facet normal 7.071068e-01 -7.071068e-01 2.100860e-17
    outer loop
      vertex   1.746875e+02 -5.927308e+01 5.850000e+00
      vertex   1.688106e+02 -6.515000e+01 2.135000e+01
      vertex   1.688106e+02 -6.515000e+01 5.850000e+00
    endloop
  endfacet
  facet normal 1.000000e+00 0.000000e+00 0.000000e+00
    outer loop
      vertex   1.562000e+02 -8.309939e+01 5.850000e+00
      vertex   1.562000e+02 -6.565000e+01 5.850000e+00
      vertex   1.562000e+02 -8.309939e+01 1.785000e+01
    endloop
  endfacet
  facet normal 1.000000e+00 -0.000000e+00 0.000000e+00
    outer loop
      vertex   1.562000e+02 -8.309939e+01 1.785000e+01
      vertex   1.562000e+02 -6.565000e+01 5.850000e+00
      vertex   1.562000e+02 -6.565000e+01 2.135000e+01
    endloop
  endfacet
  facet normal 1.000000e+00 0.000000e+00 -0.000000e+00
    outer loop
      vertex   1.562000e+02 -8.309939e+01 1.785000e+01
      vertex   1.562000e+02 -6.565000e+01 2.135000e+01
      vertex   1.562000e+02 -8.419882e+01 2.135000e+01
    endloop
  endfacet
  facet normal 1.000000e+00 0.000000e+00 0.000000e+00
    outer loop
      vertex   1.562000e+02 -8.419882e+01 2.135000e+01
      vertex   1.562000e+02 -8.419882e+01 1.785000e+01
      vertex   1.562000e+02 -8.309939e+01 1.785000e+01
    endloop
  endfacet
  facet normal -9.961947e-01 -8.715574e-02 7.431346e-17
    outer loop
      vertex   1.701239e+02 -2.845273e+01 1.835000e+01
      vertex   1.701239e+02 -2.845273e+01 1.418333e+01
      vertex   1.701413e+02 -2.865242e+01 1.835000e+01
    endloop
  endfacet
  facet normal -9.961947e-01 -8.715574e-02 -0.000000e+00
    outer loop
      vertex   1.701413e+02 -2.865242e+01 1.835000e+01
      vertex   1.701239e+02 -2.845273e+01 1.418333e+01
      vertex   1.701413e+02 -2.865242e+01 1.418333e+01
    endloop
  endfacet
  facet normal -9.961947e-01 8.715574e-02 0.000000e+00
    outer loop
      vertex   1.701413e+02 -2.865242e+01 1.835000e+01
      vertex   1.701413e+02 -2.865242e+01 1.418333e+01
      vertex   1.701239e+02 -2.885212e+01 1.835000e+01
    endloop
  endfacet
  facet normal -9.961947e-01 8.715574e-02 7.431346e-17
    outer loop
      vertex   1.701239e+02 -2.885212e+01 1.835000e+01
      vertex   1.701413e+02 -2.865242e+01 1.418333e+01
      vertex   1.701239e+02 -2.885212e+01 1.418333e+01
    endloop
  endfacet
  facet normal -9.659258e-01 2.588190e-01 2.206824e-16
    outer loop
      vertex   1.701239e+02 -2.885212e+01 1.835000e+01
      vertex   1.701239e+02 -2.885212e+01 1.418333e+01
      vertex   1.700720e+02 -2.904575e+01 1.835000e+01
    endloop
  endfacet
  facet normal -9.659258e-01 2.588190e-01 -2.206824e-16
    outer loop
      vertex   1.700720e+02 -2.904575e+01 1.835000e+01
      vertex   1.701239e+02 -2.885212e+01 1.418333e+01
      vertex   1.700720e+02 -2.904575e+01 1.418333e+01
    endloop
  endfacet
  facet normal -9.063078e-01 4.226183e-01 -3.603460e-16
    outer loop
      vertex   1.700720e+02 -2.904575e+01 1.835000e+01
      vertex   1.700720e+02 -2.904575e+01 1.418333e+01
      vertex   1.699873e+02 -2.922742e+01 1.835000e+01
    endloop
  endfacet
  facet normal -9.063078e-01 4.226183e-01 -3.603460e-16
    outer loop
      vertex   1.699873e+02 -2.922742e+01 1.835000e+01
      vertex   1.700720e+02 -2.904575e+01 1.418333e+01
      vertex   1.699873e+02 -2.922742e+01 1.418333e+01
    endloop
  endfacet
  facet normal -8.191520e-01 5.735764e-01 -4.890607e-16
    outer loop
      vertex   1.699873e+02 -2.922742e+01 1.835000e+01
      vertex   1.699873e+02 -2.922742e+01 1.418333e+01
      vertex   1.698723e+02 -2.939163e+01 1.835000e+01
    endloop
  endfacet
  facet normal -8.191520e-01 5.735764e-01 0.000000e+00
    outer loop
      vertex   1.698723e+02 -2.939163e+01 1.835000e+01
      vertex   1.699873e+02 -2.922742e+01 1.418333e+01
      vertex   1.698723e+02 -2.939163e+01 1.418333e+01
    endloop
  endfacet
  facet normal -7.071068e-01 7.071068e-01 0.000000e+00
    outer loop
      vertex   1.698723e+02 -2.939163e+01 1.835000e+01
      vertex   1.698723e+02 -2.939163e+01 1.418333e+01
      vertex   1.697305e+02 -2.953338e+01 1.835000e+01
    endloop
  endfacet
  facet normal -7.071068e-01 7.071068e-01 -6.029155e-16
    outer loop
      vertex   1.697305e+02 -2.953338e+01 1.835000e+01
      vertex   1.698723e+02 -2.939163e+01 1.418333e+01
      vertex   1.697305e+02 -2.953338e+01 1.418333e+01
    endloop
  endfacet
  facet normal -5.735764e-01 8.191520e-01 -6.984510e-16
    outer loop
      vertex   1.697305e+02 -2.953338e+01 1.835000e+01
      vertex   1.697305e+02 -2.953338e+01 1.418333e+01
      vertex   1.695663e+02 -2.964835e+01 1.835000e+01
    endloop
  endfacet
  facet normal -5.735764e-01 8.191520e-01 0.000000e+00
    outer loop
      vertex   1.695663e+02 -2.964835e+01 1.835000e+01
      vertex   1.697305e+02 -2.953338e+01 1.418333e+01
      vertex   1.695663e+02 -2.964835e+01 1.418333e+01
    endloop
  endfacet
  facet normal -4.226183e-01 9.063078e-01 0.000000e+00
    outer loop
      vertex   1.695663e+02 -2.964835e+01 1.835000e+01
      vertex   1.695663e+02 -2.964835e+01 1.418333e+01
      vertex   1.693846e+02 -2.973307e+01 1.835000e+01
    endloop
  endfacet
  facet normal -4.226183e-01 9.063078e-01 -7.727645e-16
    outer loop
      vertex   1.693846e+02 -2.973307e+01 1.835000e+01
      vertex   1.695663e+02 -2.964835e+01 1.418333e+01
      vertex   1.693846e+02 -2.973307e+01 1.418333e+01
    endloop
  endfacet
  facet normal -2.588190e-01 9.659258e-01 -8.235979e-16
    outer loop
      vertex   1.693846e+02 -2.973307e+01 1.835000e+01
      vertex   1.693846e+02 -2.973307e+01 1.418333e+01
      vertex   1.691910e+02 -2.978495e+01 1.835000e+01
    endloop
  endfacet
  facet normal -2.588190e-01 9.659258e-01 -8.235979e-16
    outer loop
      vertex   1.691910e+02 -2.978495e+01 1.835000e+01
      vertex   1.693846e+02 -2.973307e+01 1.418333e+01
      vertex   1.691910e+02 -2.978495e+01 1.418333e+01
    endloop
  endfacet
  facet normal -8.715574e-02 9.961947e-01 -8.494067e-16
    outer loop
      vertex   1.691910e+02 -2.978495e+01 1.835000e+01
      vertex   1.691910e+02 -2.978495e+01 1.418333e+01
      vertex   1.689913e+02 -2.980242e+01 1.835000e+01
    endloop
  endfacet
  facet normal -8.715574e-02 9.961947e-01 0.000000e+00
    outer loop
      vertex   1.689913e+02 -2.980242e+01 1.835000e+01
      vertex   1.691910e+02 -2.978495e+01 1.418333e+01
      vertex   1.689913e+02 -2.980242e+01 1.418333e+01
    endloop
  endfacet
  facet normal 8.715574e-02 9.961947e-01 0.000000e+00
    outer loop
      vertex   1.689913e+02 -2.980242e+01 1.835000e+01
      vertex   1.689913e+02 -2.980242e+01 1.418333e+01
      vertex   1.687916e+02 -2.978495e+01 1.835000e+01
    endloop
  endfacet
  facet normal 8.715574e-02 9.961947e-01 -8.494067e-16
    outer loop
      vertex   1.687916e+02 -2.978495e+01 1.835000e+01
      vertex   1.689913e+02 -2.980242e+01 1.418333e+01
      vertex   1.687916e+02 -2.978495e+01 1.418333e+01
    endloop
  endfacet
  facet normal 2.588190e-01 9.659258e-01 -8.235979e-16
    outer loop
      vertex   1.687916e+02 -2.978495e+01 1.835000e+01
      vertex   1.687916e+02 -2.978495e+01 1.418333e+01
      vertex   1.685980e+02 -2.973307e+01 1.835000e+01
    endloop
  endfacet
  facet normal 2.588190e-01 9.659258e-01 -8.235979e-16
    outer loop
      vertex   1.685980e+02 -2.973307e+01 1.835000e+01
      vertex   1.687916e+02 -2.978495e+01 1.418333e+01
      vertex   1.685980e+02 -2.973307e+01 1.418333e+01
    endloop
  endfacet
  facet normal 4.226183e-01 9.063078e-01 -7.727645e-16
    outer loop
      vertex   1.685980e+02 -2.973307e+01 1.835000e+01
      vertex   1.685980e+02 -2.973307e+01 1.418333e+01
      vertex   1.684163e+02 -2.964835e+01 1.835000e+01
    endloop
  endfacet
  facet normal 4.226183e-01 9.063078e-01 0.000000e+00
    outer loop
      vertex   1.684163e+02 -2.964835e+01 1.835000e+01
      vertex   1.685980e+02 -2.973307e+01 1.418333e+01
      vertex   1.684163e+02 -2.964835e+01 1.418333e+01
    endloop
  endfacet
  facet normal 5.735764e-01 8.191520e-01 0.000000e+00
    outer loop
      vertex   1.684163e+02 -2.964835e+01 1.835000e+01
      vertex   1.684163e+02 -2.964835e+01 1.418333e+01
      vertex   1.682521e+02 -2.953338e+01 1.835000e+01
    endloop
  endfacet
  facet normal 5.735764e-01 8.191520e-01 -6.984510e-16
    outer loop
      vertex   1.682521e+02 -2.953338e+01 1.835000e+01
      vertex   1.684163e+02 -2.964835e+01 1.418333e+01
      vertex   1.682521e+02 -2.953338e+01 1.418333e+01
    endloop
  endfacet
  facet normal 7.071068e-01 7.071068e-01 -6.029155e-16
    outer loop
      vertex   1.682521e+02 -2.953338e+01 1.835000e+01
      vertex   1.682521e+02 -2.953338e+01 1.418333e+01
      vertex   1.681104e+02 -2.939163e+01 1.835000e+01
    endloop
  endfacet
  facet normal 7.071068e-01 7.071068e-01 0.000000e+00
    outer loop
      vertex   1.681104e+02 -2.939163e+01 1.835000e+01
      vertex   1.682521e+02 -2.953338e+01 1.418333e+01
      vertex   1.681104e+02 -2.939163e+01 1.418333e+01
    endloop
  endfacet
  facet normal 8.191520e-01 5.735764e-01 0.000000e+00
    outer loop
      vertex   1.681104e+02 -2.939163e+01 1.835000e+01
      vertex   1.681104e+02 -2.939163e+01 1.418333e+01
      vertex   1.679954e+02 -2.922742e+01 1.835000e+01
    endloop
  endfacet
  facet normal 8.191520e-01 5.735764e-01 -4.890607e-16
    outer loop
      vertex   1.679954e+02 -2.922742e+01 1.835000e+01
      vertex   1.681104e+02 -2.939163e+01 1.418333e+01
      vertex   1.679954e+02 -2.922742e+01 1.418333e+01
    endloop
  endfacet
  facet normal 9.063078e-01 4.226183e-01 -3.603460e-16
    outer loop
      vertex   1.679954e+02 -2.922742e+01 1.835000e+01
      vertex   1.679954e+02 -2.922742e+01 1.418333e+01
      vertex   1.679107e+02 -2.904575e+01 1.835000e+01
    endloop
  endfacet
  facet normal 9.063078e-01 4.226183e-01 -3.603460e-16
    outer loop
      vertex   1.679107e+02 -2.904575e+01 1.835000e+01
      vertex   1.679954e+02 -2.922742e+01 1.418333e+01
      vertex   1.679107e+02 -2.904575e+01 1.418333e+01
    endloop
  endfacet
  facet normal 9.659258e-01 2.588190e-01 -2.206824e-16
    outer loop
      vertex   1.679107e+02 -2.904575e+01 1.835000e+01
      vertex   1.679107e+02 -2.904575e+01 1.418333e+01
      vertex   1.678588e+02 -2.885212e+01 1.835000e+01
    endloop
  endfacet
  facet normal 9.659258e-01 2.588190e-01 2.206824e-16
    outer loop
      vertex   1.678588e+02 -2.885212e+01 1.835000e+01
      vertex   1.679107e+02 -2.904575e+01 1.418333e+01
      vertex   1.678588e+02 -2.885212e+01 1.418333e+01
    endloop
  endfacet
  facet normal 9.961947e-01 8.715574e-02 7.431346e-17
    outer loop
      vertex   1.678588e+02 -2.885212e+01 1.835000e+01
      vertex   1.678588e+02 -2.885212e+01 1.418333e+01
      vertex   1.678413e+02 -2.865242e+01 1.835000e+01
    endloop
  endfacet
  facet normal 9.961947e-01 8.715574e-02 0.000000e+00
    outer loop
      vertex   1.678413e+02 -2.865242e+01 1.835000e+01
      vertex   1.678588e+02 -2.885212e+01 1.418333e+01
      vertex   1.678413e+02 -2.865242e+01 1.418333e+01
    endloop
  endfacet
  facet normal 9.961947e-01 -8.715574e-02 0.000000e+00
    outer loop
      vertex   1.678413e+02 -2.865242e+01 1.835000e+01
      vertex   1.678413e+02 -2.865242e+01 1.418333e+01
      vertex   1.678588e+02 -2.845273e+01 1.835000e+01
    endloop
  endfacet
  facet normal 9.961947e-01 -8.715574e-02 7.431346e-17
    outer loop
      vertex   1.678588e+02 -2.845273e+01 1.835000e+01
      vertex   1.678413e+02 -2.865242e+01 1.418333e+01
      vertex   1.678588e+02 -2.845273e+01 1.418333e+01
    endloop
  endfacet
  facet normal 9.659258e-01 -2.588190e-01 2.206824e-16
    outer loop
      vertex   1.678588e+02 -2.845273e+01 1.835000e+01
      vertex   1.678588e+02 -2.845273e+01 1.418333e+01
      vertex   1.679107e+02 -2.825910e+01 1.835000e+01
    endloop
  endfacet
  facet normal 9.659258e-01 -2.588190e-01 -2.206824e-16
    outer loop
      vertex   1.679107e+02 -2.825910e+01 1.835000e+01
      vertex   1.678588e+02 -2.845273e+01 1.418333e+01
      vertex   1.679107e+02 -2.825910e+01 1.418333e+01
    endloop
  endfacet
  facet normal 9.063078e-01 -4.226183e-01 -3.603460e-16
    outer loop
      vertex   1.679107e+02 -2.825910e+01 1.835000e+01
      vertex   1.679107e+02 -2.825910e+01 1.418333e+01
      vertex   1.679954e+02 -2.807742e+01 1.835000e+01
    endloop
  endfacet
  facet normal 9.063078e-01 -4.226183e-01 -3.603460e-16
    outer loop
      vertex   1.679954e+02 -2.807742e+01 1.835000e+01
      vertex   1.679107e+02 -2.825910e+01 1.418333e+01
      vertex   1.679954e+02 -2.807742e+01 1.418333e+01
    endloop
  endfacet
  facet normal 8.191520e-01 -5.735764e-01 -4.890607e-16
    outer loop
      vertex   1.679954e+02 -2.807742e+01 1.835000e+01
      vertex   1.679954e+02 -2.807742e+01 1.418333e+01
      vertex   1.681104e+02 -2.791322e+01 1.835000e+01
    endloop
  endfacet
  facet normal 8.191520e-01 -5.735764e-01 0.000000e+00
    outer loop
      vertex   1.681104e+02 -2.791322e+01 1.835000e+01
      vertex   1.679954e+02 -2.807742e+01 1.418333e+01
      vertex   1.681104e+02 -2.791322e+01 1.418333e+01
    endloop
  endfacet
  facet normal 7.071068e-01 -7.071068e-01 0.000000e+00
    outer loop
      vertex   1.681104e+02 -2.791322e+01 1.835000e+01
      vertex   1.681104e+02 -2.791322e+01 1.418333e+01
      vertex   1.682521e+02 -2.777147e+01 1.835000e+01
    endloop
  endfacet
  facet normal 7.071068e-01 -7.071068e-01 -6.029155e-16
    outer loop
      vertex   1.682521e+02 -2.777147e+01 1.835000e+01
      vertex   1.681104e+02 -2.791322e+01 1.418333e+01
      vertex   1.682521e+02 -2.777147e+01 1.418333e+01
    endloop
  endfacet
  facet normal 5.735764e-01 -8.191520e-01 -6.984510e-16
    outer loop
      vertex   1.682521e+02 -2.777147e+01 1.835000e+01
      vertex   1.682521e+02 -2.777147e+01 1.418333e+01
      vertex   1.684163e+02 -2.765650e+01 1.835000e+01
    endloop
  endfacet
  facet normal 5.735764e-01 -8.191520e-01 0.000000e+00
    outer loop
      vertex   1.684163e+02 -2.765650e+01 1.835000e+01
      vertex   1.682521e+02 -2.777147e+01 1.418333e+01
      vertex   1.684163e+02 -2.765650e+01 1.418333e+01
    endloop
  endfacet
  facet normal 4.226183e-01 -9.063078e-01 0.000000e+00
    outer loop
      vertex   1.684163e+02 -2.765650e+01 1.835000e+01
      vertex   1.684163e+02 -2.765650e+01 1.418333e+01
      vertex   1.685980e+02 -2.757178e+01 1.835000e+01
    endloop
  endfacet
  facet normal 4.226183e-01 -9.063078e-01 -7.727645e-16
    outer loop
      vertex   1.685980e+02 -2.757178e+01 1.835000e+01
      vertex   1.684163e+02 -2.765650e+01 1.418333e+01
      vertex   1.685980e+02 -2.757178e+01 1.418333e+01
    endloop
  endfacet
  facet normal 2.588190e-01 -9.659258e-01 -8.235979e-16
    outer loop
      vertex   1.685980e+02 -2.757178e+01 1.835000e+01
      vertex   1.685980e+02 -2.757178e+01 1.418333e+01
      vertex   1.687916e+02 -2.751990e+01 1.835000e+01
    endloop
  endfacet
  facet normal 2.588190e-01 -9.659258e-01 -8.235979e-16
    outer loop
      vertex   1.687916e+02 -2.751990e+01 1.835000e+01
      vertex   1.685980e+02 -2.757178e+01 1.418333e+01
      vertex   1.687916e+02 -2.751990e+01 1.418333e+01
    endloop
  endfacet
  facet normal 8.715574e-02 -9.961947e-01 -8.494067e-16
    outer loop
      vertex   1.687916e+02 -2.751990e+01 1.835000e+01
      vertex   1.687916e+02 -2.751990e+01 1.418333e+01
      vertex   1.689913e+02 -2.750242e+01 1.835000e+01
    endloop
  endfacet
  facet normal 8.715574e-02 -9.961947e-01 0.000000e+00
    outer loop
      vertex   1.689913e+02 -2.750242e+01 1.835000e+01
      vertex   1.687916e+02 -2.751990e+01 1.418333e+01
      vertex   1.689913e+02 -2.750242e+01 1.418333e+01
    endloop
  endfacet
  facet normal -8.715574e-02 -9.961947e-01 -0.000000e+00
    outer loop
      vertex   1.689913e+02 -2.750242e+01 1.835000e+01
      vertex   1.689913e+02 -2.750242e+01 1.418333e+01
      vertex   1.691910e+02 -2.751990e+01 1.835000e+01
    endloop
  endfacet
  facet normal -8.715574e-02 -9.961947e-01 -8.494067e-16
    outer loop
      vertex   1.691910e+02 -2.751990e+01 1.835000e+01
      vertex   1.689913e+02 -2.750242e+01 1.418333e+01
      vertex   1.691910e+02 -2.751990e+01 1.418333e+01
    endloop
  endfacet
  facet normal -2.588190e-01 -9.659258e-01 -8.235979e-16
    outer loop
      vertex   1.691910e+02 -2.751990e+01 1.835000e+01
      vertex   1.691910e+02 -2.751990e+01 1.418333e+01
      vertex   1.693846e+02 -2.757178e+01 1.835000e+01
    endloop
  endfacet
  facet normal -2.588190e-01 -9.659258e-01 -8.235979e-16
    outer loop
      vertex   1.693846e+02 -2.757178e+01 1.835000e+01
      vertex   1.691910e+02 -2.751990e+01 1.418333e+01
      vertex   1.693846e+02 -2.757178e+01 1.418333e+01
    endloop
  endfacet
  facet normal -4.226183e-01 -9.063078e-01 -7.727645e-16
    outer loop
      vertex   1.693846e+02 -2.757178e+01 1.835000e+01
      vertex   1.693846e+02 -2.757178e+01 1.418333e+01
      vertex   1.695663e+02 -2.765650e+01 1.835000e+01
    endloop
  endfacet
  facet normal -4.226183e-01 -9.063078e-01 -0.000000e+00
    outer loop
      vertex   1.695663e+02 -2.765650e+01 1.835000e+01
      vertex   1.693846e+02 -2.757178e+01 1.418333e+01
      vertex   1.695663e+02 -2.765650e+01 1.418333e+01
    endloop
  endfacet
  facet normal -5.735764e-01 -8.191520e-01 -0.000000e+00
    outer loop
      vertex   1.695663e+02 -2.765650e+01 1.835000e+01
      vertex   1.695663e+02 -2.765650e+01 1.418333e+01
      vertex   1.697305e+02 -2.777147e+01 1.835000e+01
    endloop
  endfacet
  facet normal -5.735764e-01 -8.191520e-01 -6.984510e-16
    outer loop
      vertex   1.697305e+02 -2.777147e+01 1.835000e+01
      vertex   1.695663e+02 -2.765650e+01 1.418333e+01
      vertex   1.697305e+02 -2.777147e+01 1.418333e+01
    endloop
  endfacet
  facet normal -7.071068e-01 -7.071068e-01 -6.029155e-16
    outer loop
      vertex   1.697305e+02 -2.777147e+01 1.835000e+01
      vertex   1.697305e+02 -2.777147e+01 1.418333e+01
      vertex   1.698723e+02 -2.791322e+01 1.835000e+01
    endloop
  endfacet
  facet normal -7.071068e-01 -7.071068e-01 -0.000000e+00
    outer loop
      vertex   1.698723e+02 -2.791322e+01 1.835000e+01
      vertex   1.697305e+02 -2.777147e+01 1.418333e+01
      vertex   1.698723e+02 -2.791322e+01 1.418333e+01
    endloop
  endfacet
  facet normal -8.191520e-01 -5.735764e-01 -0.000000e+00
    outer loop
      vertex   1.698723e+02 -2.791322e+01 1.835000e+01
      vertex   1.698723e+02 -2.791322e+01 1.418333e+01
      vertex   1.699873e+02 -2.807742e+01 1.835000e+01
    endloop
  endfacet
  facet normal -8.191520e-01 -5.735764e-01 -4.890607e-16
    outer loop
      vertex   1.699873e+02 -2.807742e+01 1.835000e+01
      vertex   1.698723e+02 -2.791322e+01 1.418333e+01
      vertex   1.699873e+02 -2.807742e+01 1.418333e+01
    endloop
  endfacet
  facet normal -9.063078e-01 -4.226183e-01 -3.603460e-16
    outer loop
      vertex   1.699873e+02 -2.807742e+01 1.835000e+01
      vertex   1.699873e+02 -2.807742e+01 1.418333e+01
      vertex   1.700720e+02 -2.825910e+01 1.835000e+01
    endloop
  endfacet
  facet normal -9.063078e-01 -4.226183e-01 -3.603460e-16
    outer loop
      vertex   1.700720e+02 -2.825910e+01 1.835000e+01
      vertex   1.699873e+02 -2.807742e+01 1.418333e+01
      vertex   1.700720e+02 -2.825910e+01 1.418333e+01
    endloop
  endfacet
  facet normal -9.659258e-01 -2.588190e-01 -2.206824e-16
    outer loop
      vertex   1.700720e+02 -2.825910e+01 1.835000e+01
      vertex   1.700720e+02 -2.825910e+01 1.418333e+01
      vertex   1.701239e+02 -2.845273e+01 1.835000e+01
    endloop
  endfacet
  facet normal -9.659258e-01 -2.588190e-01 2.206824e-16
    outer loop
      vertex   1.701239e+02 -2.845273e+01 1.835000e+01
      vertex   1.700720e+02 -2.825910e+01 1.418333e+01
      vertex   1.701239e+02 -2.845273e+01 1.418333e+01
    endloop
  endfacet
  facet normal -9.961947e-01 8.715574e-02 -7.431346e-17
    outer loop
      vertex   1.701239e+02 -2.885212e+01 5.850000e+00
      vertex   1.701239e+02 -2.885212e+01 1.001667e+01
      vertex   1.701413e+02 -2.865242e+01 5.850000e+00
    endloop
  endfacet
  facet normal -9.961947e-01 8.715574e-02 0.000000e+00
    outer loop
      vertex   1.701413e+02 -2.865242e+01 5.850000e+00
      vertex   1.701239e+02 -2.885212e+01 1.001667e+01
      vertex   1.701413e+02 -2.865242e+01 1.001667e+01
    endloop
  endfacet
  facet normal -9.961947e-01 -8.715574e-02 0.000000e+00
    outer loop
      vertex   1.701413e+02 -2.865242e+01 5.850000e+00
      vertex   1.701413e+02 -2.865242e+01 1.001667e+01
      vertex   1.701239e+02 -2.845273e+01 5.850000e+00
    endloop
  endfacet
  facet normal -9.961947e-01 -8.715574e-02 -7.431346e-17
    outer loop
      vertex   1.701239e+02 -2.845273e+01 5.850000e+00
      vertex   1.701413e+02 -2.865242e+01 1.001667e+01
      vertex   1.701239e+02 -2.845273e+01 1.001667e+01
    endloop
  endfacet
  facet normal -9.659258e-01 -2.588190e-01 -2.206824e-16
    outer loop
      vertex   1.701239e+02 -2.845273e+01 5.850000e+00
      vertex   1.701239e+02 -2.845273e+01 1.001667e+01
      vertex   1.700720e+02 -2.825910e+01 5.850000e+00
    endloop
  endfacet
  facet normal -9.659258e-01 -2.588190e-01 2.206824e-16
    outer loop
      vertex   1.700720e+02 -2.825910e+01 5.850000e+00
      vertex   1.701239e+02 -2.845273e+01 1.001667e+01
      vertex   1.700720e+02 -2.825910e+01 1.001667e+01
    endloop
  endfacet
  facet normal -9.063078e-01 -4.226183e-01 3.603460e-16
    outer loop
      vertex   1.700720e+02 -2.825910e+01 5.850000e+00
      vertex   1.700720e+02 -2.825910e+01 1.001667e+01
      vertex   1.699873e+02 -2.807742e+01 5.850000e+00
    endloop
  endfacet
  facet normal -9.063078e-01 -4.226183e-01 3.603460e-16
    outer loop
      vertex   1.699873e+02 -2.807742e+01 5.850000e+00
      vertex   1.700720e+02 -2.825910e+01 1.001667e+01
      vertex   1.699873e+02 -2.807742e+01 1.001667e+01
    endloop
  endfacet
  facet normal -8.191520e-01 -5.735764e-01 4.890607e-16
    outer loop
      vertex   1.699873e+02 -2.807742e+01 5.850000e+00
      vertex   1.699873e+02 -2.807742e+01 1.001667e+01
      vertex   1.698723e+02 -2.791322e+01 5.850000e+00
    endloop
  endfacet
  facet normal -8.191520e-01 -5.735764e-01 0.000000e+00
    outer loop
      vertex   1.698723e+02 -2.791322e+01 5.850000e+00
      vertex   1.699873e+02 -2.807742e+01 1.001667e+01
      vertex   1.698723e+02 -2.791322e+01 1.001667e+01
    endloop
  endfacet
  facet normal -7.071068e-01 -7.071068e-01 0.000000e+00
    outer loop
      vertex   1.698723e+02 -2.791322e+01 5.850000e+00
      vertex   1.698723e+02 -2.791322e+01 1.001667e+01
      vertex   1.697305e+02 -2.777147e+01 5.850000e+00
    endloop
  endfacet
  facet normal -7.071068e-01 -7.071068e-01 6.029155e-16
    outer loop
      vertex   1.697305e+02 -2.777147e+01 5.850000e+00
      vertex   1.698723e+02 -2.791322e+01 1.001667e+01
      vertex   1.697305e+02 -2.777147e+01 1.001667e+01
    endloop
  endfacet
  facet normal -5.735764e-01 -8.191520e-01 6.984510e-16
    outer loop
      vertex   1.697305e+02 -2.777147e+01 5.850000e+00
      vertex   1.697305e+02 -2.777147e+01 1.001667e+01
      vertex   1.695663e+02 -2.765650e+01 5.850000e+00
    endloop
  endfacet
  facet normal -5.735764e-01 -8.191520e-01 0.000000e+00
    outer loop
      vertex   1.695663e+02 -2.765650e+01 5.850000e+00
      vertex   1.697305e+02 -2.777147e+01 1.001667e+01
      vertex   1.695663e+02 -2.765650e+01 1.001667e+01
    endloop
  endfacet
  facet normal -4.226183e-01 -9.063078e-01 0.000000e+00
    outer loop
      vertex   1.695663e+02 -2.765650e+01 5.850000e+00
      vertex   1.695663e+02 -2.765650e+01 1.001667e+01
      vertex   1.693846e+02 -2.757178e+01 5.850000e+00
    endloop
  endfacet
  facet normal -4.226183e-01 -9.063078e-01 7.727645e-16
    outer loop
      vertex   1.693846e+02 -2.757178e+01 5.850000e+00
      vertex   1.695663e+02 -2.765650e+01 1.001667e+01
      vertex   1.693846e+02 -2.757178e+01 1.001667e+01
    endloop
  endfacet
  facet normal -2.588190e-01 -9.659258e-01 8.235979e-16
    outer loop
      vertex   1.693846e+02 -2.757178e+01 5.850000e+00
      vertex   1.693846e+02 -2.757178e+01 1.001667e+01
      vertex   1.691910e+02 -2.751990e+01 5.850000e+00
    endloop
  endfacet
  facet normal -2.588190e-01 -9.659258e-01 8.235979e-16
    outer loop
      vertex   1.691910e+02 -2.751990e+01 5.850000e+00
      vertex   1.693846e+02 -2.757178e+01 1.001667e+01
      vertex   1.691910e+02 -2.751990e+01 1.001667e+01
    endloop
  endfacet
  facet normal -8.715574e-02 -9.961947e-01 8.494067e-16
    outer loop
      vertex   1.691910e+02 -2.751990e+01 5.850000e+00
      vertex   1.691910e+02 -2.751990e+01 1.001667e+01
      vertex   1.689913e+02 -2.750242e+01 5.850000e+00
    endloop
  endfacet
  facet normal -8.715574e-02 -9.961947e-01 0.000000e+00
    outer loop
      vertex   1.689913e+02 -2.750242e+01 5.850000e+00
      vertex   1.691910e+02 -2.751990e+01 1.001667e+01
      vertex   1.689913e+02 -2.750242e+01 1.001667e+01
    endloop
  endfacet
  facet normal 8.715574e-02 -9.961947e-01 0.000000e+00
    outer loop
      vertex   1.689913e+02 -2.750242e+01 5.850000e+00
      vertex   1.689913e+02 -2.750242e+01 1.001667e+01
      vertex   1.687916e+02 -2.751990e+01 5.850000e+00
    endloop
  endfacet
  facet normal 8.715574e-02 -9.961947e-01 8.494067e-16
    outer loop
      vertex   1.687916e+02 -2.751990e+01 5.850000e+00
      vertex   1.689913e+02 -2.750242e+01 1.001667e+01
      vertex   1.687916e+02 -2.751990e+01 1.001667e+01
    endloop
  endfacet
  facet normal 2.588190e-01 -9.659258e-01 8.235979e-16
    outer loop
      vertex   1.687916e+02 -2.751990e+01 5.850000e+00
      vertex   1.687916e+02 -2.751990e+01 1.001667e+01
      vertex   1.685980e+02 -2.757178e+01 5.850000e+00
    endloop
  endfacet
  facet normal 2.588190e-01 -9.659258e-01 8.235979e-16
    outer loop
      vertex   1.685980e+02 -2.757178e+01 5.850000e+00
      vertex   1.687916e+02 -2.751990e+01 1.001667e+01
      vertex   1.685980e+02 -2.757178e+01 1.001667e+01
    endloop
  endfacet
  facet normal 4.226183e-01 -9.063078e-01 7.727645e-16
    outer loop
      vertex   1.685980e+02 -2.757178e+01 5.850000e+00
      vertex   1.685980e+02 -2.757178e+01 1.001667e+01
      vertex   1.684163e+02 -2.765650e+01 5.850000e+00
    endloop
  endfacet
  facet normal 4.226183e-01 -9.063078e-01 0.000000e+00
    outer loop
      vertex   1.684163e+02 -2.765650e+01 5.850000e+00
      vertex   1.685980e+02 -2.757178e+01 1.001667e+01
      vertex   1.684163e+02 -2.765650e+01 1.001667e+01
    endloop
  endfacet
  facet normal 5.735764e-01 -8.191520e-01 0.000000e+00
    outer loop
      vertex   1.684163e+02 -2.765650e+01 5.850000e+00
      vertex   1.684163e+02 -2.765650e+01 1.001667e+01
      vertex   1.682521e+02 -2.777147e+01 5.850000e+00
    endloop
  endfacet
  facet normal 5.735764e-01 -8.191520e-01 6.984510e-16
    outer loop
      vertex   1.682521e+02 -2.777147e+01 5.850000e+00
      vertex   1.684163e+02 -2.765650e+01 1.001667e+01
      vertex   1.682521e+02 -2.777147e+01 1.001667e+01
    endloop
  endfacet
  facet normal 7.071068e-01 -7.071068e-01 6.029155e-16
    outer loop
      vertex   1.682521e+02 -2.777147e+01 5.850000e+00
      vertex   1.682521e+02 -2.777147e+01 1.001667e+01
      vertex   1.681104e+02 -2.791322e+01 5.850000e+00
    endloop
  endfacet
  facet normal 7.071068e-01 -7.071068e-01 0.000000e+00
    outer loop
      vertex   1.681104e+02 -2.791322e+01 5.850000e+00
      vertex   1.682521e+02 -2.777147e+01 1.001667e+01
      vertex   1.681104e+02 -2.791322e+01 1.001667e+01
    endloop
  endfacet
  facet normal 8.191520e-01 -5.735764e-01 0.000000e+00
    outer loop
      vertex   1.681104e+02 -2.791322e+01 5.850000e+00
      vertex   1.681104e+02 -2.791322e+01 1.001667e+01
      vertex   1.679954e+02 -2.807742e+01 5.850000e+00
    endloop
  endfacet
  facet normal 8.191520e-01 -5.735764e-01 4.890607e-16
    outer loop
      vertex   1.679954e+02 -2.807742e+01 5.850000e+00
      vertex   1.681104e+02 -2.791322e+01 1.001667e+01
      vertex   1.679954e+02 -2.807742e+01 1.001667e+01
    endloop
  endfacet
  facet normal 9.063078e-01 -4.226183e-01 3.603460e-16
    outer loop
      vertex   1.679954e+02 -2.807742e+01 5.850000e+00
      vertex   1.679954e+02 -2.807742e+01 1.001667e+01
      vertex   1.679107e+02 -2.825910e+01 5.850000e+00
    endloop
  endfacet
  facet normal 9.063078e-01 -4.226183e-01 3.603460e-16
    outer loop
      vertex   1.679107e+02 -2.825910e+01 5.850000e+00
      vertex   1.679954e+02 -2.807742e+01 1.001667e+01
      vertex   1.679107e+02 -2.825910e+01 1.001667e+01
    endloop
  endfacet
  facet normal 9.659258e-01 -2.588190e-01 2.206824e-16
    outer loop
      vertex   1.679107e+02 -2.825910e+01 5.850000e+00
      vertex   1.679107e+02 -2.825910e+01 1.001667e+01
      vertex   1.678588e+02 -2.845273e+01 5.850000e+00
    endloop
  endfacet
  facet normal 9.659258e-01 -2.588190e-01 -2.206824e-16
    outer loop
      vertex   1.678588e+02 -2.845273e+01 5.850000e+00
      vertex   1.679107e+02 -2.825910e+01 1.001667e+01
      vertex   1.678588e+02 -2.845273e+01 1.001667e+01
    endloop
  endfacet
  facet normal 9.961947e-01 -8.715574e-02 -7.431346e-17
    outer loop
      vertex   1.678588e+02 -2.845273e+01 5.850000e+00
      vertex   1.678588e+02 -2.845273e+01 1.001667e+01
      vertex   1.678413e+02 -2.865242e+01 5.850000e+00
    endloop
  endfacet
  facet normal 9.961947e-01 -8.715574e-02 0.000000e+00
    outer loop
      vertex   1.678413e+02 -2.865242e+01 5.850000e+00
      vertex   1.678588e+02 -2.845273e+01 1.001667e+01
      vertex   1.678413e+02 -2.865242e+01 1.001667e+01
    endloop
  endfacet
  facet normal 9.961947e-01 8.715574e-02 -0.000000e+00
    outer loop
      vertex   1.678413e+02 -2.865242e+01 5.850000e+00
      vertex   1.678413e+02 -2.865242e+01 1.001667e+01
      vertex   1.678588e+02 -2.885212e+01 5.850000e+00
    endloop
  endfacet
  facet normal 9.961947e-01 8.715574e-02 -7.431346e-17
    outer loop
      vertex   1.678588e+02 -2.885212e+01 5.850000e+00
      vertex   1.678413e+02 -2.865242e+01 1.001667e+01
      vertex   1.678588e+02 -2.885212e+01 1.001667e+01
    endloop
  endfacet
  facet normal 9.659258e-01 2.588190e-01 -2.206824e-16
    outer loop
      vertex   1.678588e+02 -2.885212e+01 5.850000e+00
      vertex   1.678588e+02 -2.885212e+01 1.001667e+01
      vertex   1.679107e+02 -2.904575e+01 5.850000e+00
    endloop
  endfacet
  facet normal 9.659258e-01 2.588190e-01 2.206824e-16
    outer loop
      vertex   1.679107e+02 -2.904575e+01 5.850000e+00
      vertex   1.678588e+02 -2.885212e+01 1.001667e+01
      vertex   1.679107e+02 -2.904575e+01 1.001667e+01
    endloop
  endfacet
  facet normal 9.063078e-01 4.226183e-01 3.603460e-16
    outer loop
      vertex   1.679107e+02 -2.904575e+01 5.850000e+00
      vertex   1.679107e+02 -2.904575e+01 1.001667e+01
      vertex   1.679954e+02 -2.922742e+01 5.850000e+00
    endloop
  endfacet
  facet normal 9.063078e-01 4.226183e-01 3.603460e-16
    outer loop
      vertex   1.679954e+02 -2.922742e+01 5.850000e+00
      vertex   1.679107e+02 -2.904575e+01 1.001667e+01
      vertex   1.679954e+02 -2.922742e+01 1.001667e+01
    endloop
  endfacet
  facet normal 8.191520e-01 5.735764e-01 4.890607e-16
    outer loop
      vertex   1.679954e+02 -2.922742e+01 5.850000e+00
      vertex   1.679954e+02 -2.922742e+01 1.001667e+01
      vertex   1.681104e+02 -2.939163e+01 5.850000e+00
    endloop
  endfacet
  facet normal 8.191520e-01 5.735764e-01 -0.000000e+00
    outer loop
      vertex   1.681104e+02 -2.939163e+01 5.850000e+00
      vertex   1.679954e+02 -2.922742e+01 1.001667e+01
      vertex   1.681104e+02 -2.939163e+01 1.001667e+01
    endloop
  endfacet
  facet normal 7.071068e-01 7.071068e-01 -0.000000e+00
    outer loop
      vertex   1.681104e+02 -2.939163e+01 5.850000e+00
      vertex   1.681104e+02 -2.939163e+01 1.001667e+01
      vertex   1.682521e+02 -2.953338e+01 5.850000e+00
    endloop
  endfacet
  facet normal 7.071068e-01 7.071068e-01 6.029155e-16
    outer loop
      vertex   1.682521e+02 -2.953338e+01 5.850000e+00
      vertex   1.681104e+02 -2.939163e+01 1.001667e+01
      vertex   1.682521e+02 -2.953338e+01 1.001667e+01
    endloop
  endfacet
  facet normal 5.735764e-01 8.191520e-01 6.984510e-16
    outer loop
      vertex   1.682521e+02 -2.953338e+01 5.850000e+00
      vertex   1.682521e+02 -2.953338e+01 1.001667e+01
      vertex   1.684163e+02 -2.964835e+01 5.850000e+00
    endloop
  endfacet
  facet normal 5.735764e-01 8.191520e-01 -0.000000e+00
    outer loop
      vertex   1.684163e+02 -2.964835e+01 5.850000e+00
      vertex   1.682521e+02 -2.953338e+01 1.001667e+01
      vertex   1.684163e+02 -2.964835e+01 1.001667e+01
    endloop
  endfacet
  facet normal 4.226183e-01 9.063078e-01 -0.000000e+00
    outer loop
      vertex   1.684163e+02 -2.964835e+01 5.850000e+00
      vertex   1.684163e+02 -2.964835e+01 1.001667e+01
      vertex   1.685980e+02 -2.973307e+01 5.850000e+00
    endloop
  endfacet
  facet normal 4.226183e-01 9.063078e-01 7.727645e-16
    outer loop
      vertex   1.685980e+02 -2.973307e+01 5.850000e+00
      vertex   1.684163e+02 -2.964835e+01 1.001667e+01
      vertex   1.685980e+02 -2.973307e+01 1.001667e+01
    endloop
  endfacet
  facet normal 2.588190e-01 9.659258e-01 8.235979e-16
    outer loop
      vertex   1.685980e+02 -2.973307e+01 5.850000e+00
      vertex   1.685980e+02 -2.973307e+01 1.001667e+01
      vertex   1.687916e+02 -2.978495e+01 5.850000e+00
    endloop
  endfacet
  facet normal 2.588190e-01 9.659258e-01 8.235979e-16
    outer loop
      vertex   1.687916e+02 -2.978495e+01 5.850000e+00
      vertex   1.685980e+02 -2.973307e+01 1.001667e+01
      vertex   1.687916e+02 -2.978495e+01 1.001667e+01
    endloop
  endfacet
  facet normal 8.715574e-02 9.961947e-01 8.494067e-16
    outer loop
      vertex   1.687916e+02 -2.978495e+01 5.850000e+00
      vertex   1.687916e+02 -2.978495e+01 1.001667e+01
      vertex   1.689913e+02 -2.980242e+01 5.850000e+00
    endloop
  endfacet
  facet normal 8.715574e-02 9.961947e-01 -0.000000e+00
    outer loop
      vertex   1.689913e+02 -2.980242e+01 5.850000e+00
      vertex   1.687916e+02 -2.978495e+01 1.001667e+01
      vertex   1.689913e+02 -2.980242e+01 1.001667e+01
    endloop
  endfacet
  facet normal -8.715574e-02 9.961947e-01 0.000000e+00
    outer loop
      vertex   1.689913e+02 -2.980242e+01 5.850000e+00
      vertex   1.689913e+02 -2.980242e+01 1.001667e+01
      vertex   1.691910e+02 -2.978495e+01 5.850000e+00
    endloop
  endfacet
  facet normal -8.715574e-02 9.961947e-01 8.494067e-16
    outer loop
      vertex   1.691910e+02 -2.978495e+01 5.850000e+00
      vertex   1.689913e+02 -2.980242e+01 1.001667e+01
      vertex   1.691910e+02 -2.978495e+01 1.001667e+01
    endloop
  endfacet
  facet normal -2.588190e-01 9.659258e-01 8.235979e-16
    outer loop
      vertex   1.691910e+02 -2.978495e+01 5.850000e+00
      vertex   1.691910e+02 -2.978495e+01 1.001667e+01
      vertex   1.693846e+02 -2.973307e+01 5.850000e+00
    endloop
  endfacet
  facet normal -2.588190e-01 9.659258e-01 8.235979e-16
    outer loop
      vertex   1.693846e+02 -2.973307e+01 5.850000e+00
      vertex   1.691910e+02 -2.978495e+01 1.001667e+01
      vertex   1.693846e+02 -2.973307e+01 1.001667e+01
    endloop
  endfacet
  facet normal -4.226183e-01 9.063078e-01 7.727645e-16
    outer loop
      vertex   1.693846e+02 -2.973307e+01 5.850000e+00
      vertex   1.693846e+02 -2.973307e+01 1.001667e+01
      vertex   1.695663e+02 -2.964835e+01 5.850000e+00
    endloop
  endfacet
  facet normal -4.226183e-01 9.063078e-01 0.000000e+00
    outer loop
      vertex   1.695663e+02 -2.964835e+01 5.850000e+00
      vertex   1.693846e+02 -2.973307e+01 1.001667e+01
      vertex   1.695663e+02 -2.964835e+01 1.001667e+01
    endloop
  endfacet
  facet normal -5.735764e-01 8.191520e-01 0.000000e+00
    outer loop
      vertex   1.695663e+02 -2.964835e+01 5.850000e+00
      vertex   1.695663e+02 -2.964835e+01 1.001667e+01
      vertex   1.697305e+02 -2.953338e+01 5.850000e+00
    endloop
  endfacet
  facet normal -5.735764e-01 8.191520e-01 6.984510e-16
    outer loop
      vertex   1.697305e+02 -2.953338e+01 5.850000e+00
      vertex   1.695663e+02 -2.964835e+01 1.001667e+01
      vertex   1.697305e+02 -2.953338e+01 1.001667e+01
    endloop
  endfacet
  facet normal -7.071068e-01 7.071068e-01 6.029155e-16
    outer loop
      vertex   1.697305e+02 -2.953338e+01 5.850000e+00
      vertex   1.697305e+02 -2.953338e+01 1.001667e+01
      vertex   1.698723e+02 -2.939163e+01 5.850000e+00
    endloop
  endfacet
  facet normal -7.071068e-01 7.071068e-01 0.000000e+00
    outer loop
      vertex   1.698723e+02 -2.939163e+01 5.850000e+00
      vertex   1.697305e+02 -2.953338e+01 1.001667e+01
      vertex   1.698723e+02 -2.939163e+01 1.001667e+01
    endloop
  endfacet
  facet normal -8.191520e-01 5.735764e-01 0.000000e+00
    outer loop
      vertex   1.698723e+02 -2.939163e+01 5.850000e+00
      vertex   1.698723e+02 -2.939163e+01 1.001667e+01
      vertex   1.699873e+02 -2.922742e+01 5.850000e+00
    endloop
  endfacet
  facet normal -8.191520e-01 5.735764e-01 4.890607e-16
    outer loop
      vertex   1.699873e+02 -2.922742e+01 5.850000e+00
      vertex   1.698723e+02 -2.939163e+01 1.001667e+01
      vertex   1.699873e+02 -2.922742e+01 1.001667e+01
    endloop
  endfacet
  facet normal -9.063078e-01 4.226183e-01 3.603460e-16
    outer loop
      vertex   1.699873e+02 -2.922742e+01 5.850000e+00
      vertex   1.699873e+02 -2.922742e+01 1.001667e+01
      vertex   1.700720e+02 -2.904575e+01 5.850000e+00
    endloop
  endfacet
  facet normal -9.063078e-01 4.226183e-01 3.603460e-16
    outer loop
      vertex   1.700720e+02 -2.904575e+01 5.850000e+00
      vertex   1.699873e+02 -2.922742e+01 1.001667e+01
      vertex   1.700720e+02 -2.904575e+01 1.001667e+01
    endloop
  endfacet
  facet normal -9.659258e-01 2.588190e-01 2.206824e-16
    outer loop
      vertex   1.700720e+02 -2.904575e+01 5.850000e+00
      vertex   1.700720e+02 -2.904575e+01 1.001667e+01
      vertex   1.701239e+02 -2.885212e+01 5.850000e+00
    endloop
  endfacet
  facet normal -9.659258e-01 2.588190e-01 -2.206824e-16
    outer loop
      vertex   1.701239e+02 -2.885212e+01 5.850000e+00
      vertex   1.700720e+02 -2.904575e+01 1.001667e+01
      vertex   1.701239e+02 -2.885212e+01 1.001667e+01
    endloop
  endfacet
  facet normal -9.961947e-01 8.715574e-02 0.000000e+00
    outer loop
      vertex   1.701413e+02 -2.865242e+01 1.418333e+01
      vertex   1.701413e+02 -2.865242e+01 1.001667e+01
      vertex   1.701239e+02 -2.885212e+01 1.418333e+01
    endloop
  endfacet
  facet normal -9.961947e-01 8.715574e-02 0.000000e+00
    outer loop
      vertex   1.701239e+02 -2.885212e+01 1.418333e+01
      vertex   1.701413e+02 -2.865242e+01 1.001667e+01
      vertex   1.701239e+02 -2.885212e+01 1.001667e+01
    endloop
  endfacet
  facet normal -9.659258e-01 2.588190e-01 0.000000e+00
    outer loop
      vertex   1.701239e+02 -2.885212e+01 1.418333e+01
      vertex   1.701239e+02 -2.885212e+01 1.001667e+01
      vertex   1.700720e+02 -2.904575e+01 1.418333e+01
    endloop
  endfacet
  facet normal -9.659258e-01 2.588190e-01 0.000000e+00
    outer loop
      vertex   1.700720e+02 -2.904575e+01 1.418333e+01
      vertex   1.701239e+02 -2.885212e+01 1.001667e+01
      vertex   1.700720e+02 -2.904575e+01 1.001667e+01
    endloop
  endfacet
  facet normal -9.063078e-01 4.226183e-01 0.000000e+00
    outer loop
      vertex   1.700720e+02 -2.904575e+01 1.418333e+01
      vertex   1.700720e+02 -2.904575e+01 1.001667e+01
      vertex   1.699873e+02 -2.922742e+01 1.418333e+01
    endloop
  endfacet
  facet normal -9.063078e-01 4.226183e-01 0.000000e+00
    outer loop
      vertex   1.699873e+02 -2.922742e+01 1.418333e+01
      vertex   1.700720e+02 -2.904575e+01 1.001667e+01
      vertex   1.699873e+02 -2.922742e+01 1.001667e+01
    endloop
  endfacet
  facet normal -8.191520e-01 5.735764e-01 0.000000e+00
    outer loop
      vertex   1.699873e+02 -2.922742e+01 1.418333e+01
      vertex   1.699873e+02 -2.922742e+01 1.001667e+01
      vertex   1.698723e+02 -2.939163e+01 1.418333e+01
    endloop
  endfacet
  facet normal -8.191520e-01 5.735764e-01 0.000000e+00
    outer loop
      vertex   1.698723e+02 -2.939163e+01 1.418333e+01
      vertex   1.699873e+02 -2.922742e+01 1.001667e+01
      vertex   1.698723e+02 -2.939163e+01 1.001667e+01
    endloop
  endfacet
  facet normal -7.071068e-01 7.071068e-01 0.000000e+00
    outer loop
      vertex   1.698723e+02 -2.939163e+01 1.418333e+01
      vertex   1.698723e+02 -2.939163e+01 1.001667e+01
      vertex   1.697305e+02 -2.953338e+01 1.418333e+01
    endloop
  endfacet
  facet normal -7.071068e-01 7.071068e-01 0.000000e+00
    outer loop
      vertex   1.697305e+02 -2.953338e+01 1.418333e+01
      vertex   1.698723e+02 -2.939163e+01 1.001667e+01
      vertex   1.697305e+02 -2.953338e+01 1.001667e+01
    endloop
  endfacet
  facet normal -5.735764e-01 8.191520e-01 0.000000e+00
    outer loop
      vertex   1.697305e+02 -2.953338e+01 1.418333e+01
      vertex   1.697305e+02 -2.953338e+01 1.001667e+01
      vertex   1.695663e+02 -2.964835e+01 1.418333e+01
    endloop
  endfacet
  facet normal -5.735764e-01 8.191520e-01 0.000000e+00
    outer loop
      vertex   1.695663e+02 -2.964835e+01 1.418333e+01
      vertex   1.697305e+02 -2.953338e+01 1.001667e+01
      vertex   1.695663e+02 -2.964835e+01 1.001667e+01
    endloop
  endfacet
  facet normal -4.226183e-01 9.063078e-01 0.000000e+00
    outer loop
      vertex   1.695663e+02 -2.964835e+01 1.418333e+01
      vertex   1.695663e+02 -2.964835e+01 1.001667e+01
      vertex   1.693846e+02 -2.973307e+01 1.418333e+01
    endloop
  endfacet
  facet normal -4.226183e-01 9.063078e-01 0.000000e+00
    outer loop
      vertex   1.693846e+02 -2.973307e+01 1.418333e+01
      vertex   1.695663e+02 -2.964835e+01 1.001667e+01
      vertex   1.693846e+02 -2.973307e+01 1.001667e+01
    endloop
  endfacet
  facet normal -2.588190e-01 9.659258e-01 0.000000e+00
    outer loop
      vertex   1.693846e+02 -2.973307e+01 1.418333e+01
      vertex   1.693846e+02 -2.973307e+01 1.001667e+01
      vertex   1.691910e+02 -2.978495e+01 1.418333e+01
    endloop
  endfacet
  facet normal -2.588190e-01 9.659258e-01 0.000000e+00
    outer loop
      vertex   1.691910e+02 -2.978495e+01 1.418333e+01
      vertex   1.693846e+02 -2.973307e+01 1.001667e+01
      vertex   1.691910e+02 -2.978495e+01 1.001667e+01
    endloop
  endfacet
  facet normal -8.715574e-02 9.961947e-01 0.000000e+00
    outer loop
      vertex   1.691910e+02 -2.978495e+01 1.418333e+01
      vertex   1.691910e+02 -2.978495e+01 1.001667e+01
      vertex   1.689913e+02 -2.980242e+01 1.418333e+01
    endloop
  endfacet
  facet normal -8.715574e-02 9.961947e-01 0.000000e+00
    outer loop
      vertex   1.689913e+02 -2.980242e+01 1.418333e+01
      vertex   1.691910e+02 -2.978495e+01 1.001667e+01
      vertex   1.689913e+02 -2.980242e+01 1.001667e+01
    endloop
  endfacet
  facet normal 8.715574e-02 9.961947e-01 0.000000e+00
    outer loop
      vertex   1.689913e+02 -2.980242e+01 1.418333e+01
      vertex   1.689913e+02 -2.980242e+01 1.001667e+01
      vertex   1.687916e+02 -2.978495e+01 1.418333e+01
    endloop
  endfacet
  facet normal 8.715574e-02 9.961947e-01 0.000000e+00
    outer loop
      vertex   1.687916e+02 -2.978495e+01 1.418333e+01
      vertex   1.689913e+02 -2.980242e+01 1.001667e+01
      vertex   1.687916e+02 -2.978495e+01 1.001667e+01
    endloop
  endfacet
  facet normal 2.588190e-01 9.659258e-01 0.000000e+00
    outer loop
      vertex   1.687916e+02 -2.978495e+01 1.418333e+01
      vertex   1.687916e+02 -2.978495e+01 1.001667e+01
      vertex   1.685980e+02 -2.973307e+01 1.418333e+01
    endloop
  endfacet
  facet normal 2.588190e-01 9.659258e-01 0.000000e+00
    outer loop
      vertex   1.685980e+02 -2.973307e+01 1.418333e+01
      vertex   1.687916e+02 -2.978495e+01 1.001667e+01
      vertex   1.685980e+02 -2.973307e+01 1.001667e+01
    endloop
  endfacet
  facet normal 4.226183e-01 9.063078e-01 0.000000e+00
    outer loop
      vertex   1.685980e+02 -2.973307e+01 1.418333e+01
      vertex   1.685980e+02 -2.973307e+01 1.001667e+01
      vertex   1.684163e+02 -2.964835e+01 1.418333e+01
    endloop
  endfacet
  facet normal 4.226183e-01 9.063078e-01 0.000000e+00
    outer loop
      vertex   1.684163e+02 -2.964835e+01 1.418333e+01
      vertex   1.685980e+02 -2.973307e+01 1.001667e+01
      vertex   1.684163e+02 -2.964835e+01 1.001667e+01
    endloop
  endfacet
  facet normal 5.735764e-01 8.191520e-01 0.000000e+00
    outer loop
      vertex   1.684163e+02 -2.964835e+01 1.418333e+01
      vertex   1.684163e+02 -2.964835e+01 1.001667e+01
      vertex   1.682521e+02 -2.953338e+01 1.418333e+01
    endloop
  endfacet
  facet normal 5.735764e-01 8.191520e-01 0.000000e+00
    outer loop
      vertex   1.682521e+02 -2.953338e+01 1.418333e+01
      vertex   1.684163e+02 -2.964835e+01 1.001667e+01
      vertex   1.682521e+02 -2.953338e+01 1.001667e+01
    endloop
  endfacet
  facet normal 7.071068e-01 7.071068e-01 0.000000e+00
    outer loop
      vertex   1.682521e+02 -2.953338e+01 1.418333e+01
      vertex   1.682521e+02 -2.953338e+01 1.001667e+01
      vertex   1.681104e+02 -2.939163e+01 1.418333e+01
    endloop
  endfacet
  facet normal 7.071068e-01 7.071068e-01 0.000000e+00
    outer loop
      vertex   1.681104e+02 -2.939163e+01 1.418333e+01
      vertex   1.682521e+02 -2.953338e+01 1.001667e+01
      vertex   1.681104e+02 -2.939163e+01 1.001667e+01
    endloop
  endfacet
  facet normal 8.191520e-01 5.735764e-01 0.000000e+00
    outer loop
      vertex   1.681104e+02 -2.939163e+01 1.418333e+01
      vertex   1.681104e+02 -2.939163e+01 1.001667e+01
      vertex   1.679954e+02 -2.922742e+01 1.418333e+01
    endloop
  endfacet
  facet normal 8.191520e-01 5.735764e-01 0.000000e+00
    outer loop
      vertex   1.679954e+02 -2.922742e+01 1.418333e+01
      vertex   1.681104e+02 -2.939163e+01 1.001667e+01
      vertex   1.679954e+02 -2.922742e+01 1.001667e+01
    endloop
  endfacet
  facet normal 9.063078e-01 4.226183e-01 0.000000e+00
    outer loop
      vertex   1.679954e+02 -2.922742e+01 1.418333e+01
      vertex   1.679954e+02 -2.922742e+01 1.001667e+01
      vertex   1.679107e+02 -2.904575e+01 1.418333e+01
    endloop
  endfacet
  facet normal 9.063078e-01 4.226183e-01 0.000000e+00
    outer loop
      vertex   1.679107e+02 -2.904575e+01 1.418333e+01
      vertex   1.679954e+02 -2.922742e+01 1.001667e+01
      vertex   1.679107e+02 -2.904575e+01 1.001667e+01
    endloop
  endfacet
  facet normal 9.659258e-01 2.588190e-01 0.000000e+00
    outer loop
      vertex   1.679107e+02 -2.904575e+01 1.418333e+01
      vertex   1.679107e+02 -2.904575e+01 1.001667e+01
      vertex   1.678588e+02 -2.885212e+01 1.418333e+01
    endloop
  endfacet
  facet normal 9.659258e-01 2.588190e-01 0.000000e+00
    outer loop
      vertex   1.678588e+02 -2.885212e+01 1.418333e+01
      vertex   1.679107e+02 -2.904575e+01 1.001667e+01
      vertex   1.678588e+02 -2.885212e+01 1.001667e+01
    endloop
  endfacet
  facet normal 9.961947e-01 8.715574e-02 0.000000e+00
    outer loop
      vertex   1.678588e+02 -2.885212e+01 1.418333e+01
      vertex   1.678588e+02 -2.885212e+01 1.001667e+01
      vertex   1.678413e+02 -2.865242e+01 1.418333e+01
    endloop
  endfacet
  facet normal 9.961947e-01 8.715574e-02 0.000000e+00
    outer loop
      vertex   1.678413e+02 -2.865242e+01 1.418333e+01
      vertex   1.678588e+02 -2.885212e+01 1.001667e+01
      vertex   1.678413e+02 -2.865242e+01 1.001667e+01
    endloop
  endfacet
  facet normal 9.961947e-01 -8.715574e-02 0.000000e+00
    outer loop
      vertex   1.678413e+02 -2.865242e+01 1.418333e+01
      vertex   1.678413e+02 -2.865242e+01 1.001667e+01
      vertex   1.678588e+02 -2.845273e+01 1.418333e+01
    endloop
  endfacet
  facet normal 9.961947e-01 -8.715574e-02 0.000000e+00
    outer loop
      vertex   1.678588e+02 -2.845273e+01 1.418333e+01
      vertex   1.678413e+02 -2.865242e+01 1.001667e+01
      vertex   1.678588e+02 -2.845273e+01 1.001667e+01
    endloop
  endfacet
  facet normal 9.659258e-01 -2.588190e-01 0.000000e+00
    outer loop
      vertex   1.678588e+02 -2.845273e+01 1.418333e+01
      vertex   1.678588e+02 -2.845273e+01 1.001667e+01
      vertex   1.679107e+02 -2.825910e+01 1.418333e+01
    endloop
  endfacet
  facet normal 9.659258e-01 -2.588190e-01 0.000000e+00
    outer loop
      vertex   1.679107e+02 -2.825910e+01 1.418333e+01
      vertex   1.678588e+02 -2.845273e+01 1.001667e+01
      vertex   1.679107e+02 -2.825910e+01 1.001667e+01
    endloop
  endfacet
  facet normal 9.063078e-01 -4.226183e-01 0.000000e+00
    outer loop
      vertex   1.679107e+02 -2.825910e+01 1.418333e+01
      vertex   1.679107e+02 -2.825910e+01 1.001667e+01
      vertex   1.679954e+02 -2.807742e+01 1.418333e+01
    endloop
  endfacet
  facet normal 9.063078e-01 -4.226183e-01 0.000000e+00
    outer loop
      vertex   1.679954e+02 -2.807742e+01 1.418333e+01
      vertex   1.679107e+02 -2.825910e+01 1.001667e+01
      vertex   1.679954e+02 -2.807742e+01 1.001667e+01
    endloop
  endfacet
  facet normal 8.191520e-01 -5.735764e-01 0.000000e+00
    outer loop
      vertex   1.679954e+02 -2.807742e+01 1.418333e+01
      vertex   1.679954e+02 -2.807742e+01 1.001667e+01
      vertex   1.681104e+02 -2.791322e+01 1.418333e+01
    endloop
  endfacet
  facet normal 8.191520e-01 -5.735764e-01 0.000000e+00
    outer loop
      vertex   1.681104e+02 -2.791322e+01 1.418333e+01
      vertex   1.679954e+02 -2.807742e+01 1.001667e+01
      vertex   1.681104e+02 -2.791322e+01 1.001667e+01
    endloop
  endfacet
  facet normal 7.071068e-01 -7.071068e-01 0.000000e+00
    outer loop
      vertex   1.681104e+02 -2.791322e+01 1.418333e+01
      vertex   1.681104e+02 -2.791322e+01 1.001667e+01
      vertex   1.682521e+02 -2.777147e+01 1.418333e+01
    endloop
  endfacet
  facet normal 7.071068e-01 -7.071068e-01 0.000000e+00
    outer loop
      vertex   1.682521e+02 -2.777147e+01 1.418333e+01
      vertex   1.681104e+02 -2.791322e+01 1.001667e+01
      vertex   1.682521e+02 -2.777147e+01 1.001667e+01
    endloop
  endfacet
  facet normal 5.735764e-01 -8.191520e-01 0.000000e+00
    outer loop
      vertex   1.682521e+02 -2.777147e+01 1.418333e+01
      vertex   1.682521e+02 -2.777147e+01 1.001667e+01
      vertex   1.684163e+02 -2.765650e+01 1.418333e+01
    endloop
  endfacet
  facet normal 5.735764e-01 -8.191520e-01 0.000000e+00
    outer loop
      vertex   1.684163e+02 -2.765650e+01 1.418333e+01
      vertex   1.682521e+02 -2.777147e+01 1.001667e+01
      vertex   1.684163e+02 -2.765650e+01 1.001667e+01
    endloop
  endfacet
  facet normal 4.226183e-01 -9.063078e-01 0.000000e+00
    outer loop
      vertex   1.684163e+02 -2.765650e+01 1.418333e+01
      vertex   1.684163e+02 -2.765650e+01 1.001667e+01
      vertex   1.685980e+02 -2.757178e+01 1.418333e+01
    endloop
  endfacet
  facet normal 4.226183e-01 -9.063078e-01 0.000000e+00
    outer loop
      vertex   1.685980e+02 -2.757178e+01 1.418333e+01
      vertex   1.684163e+02 -2.765650e+01 1.001667e+01
      vertex   1.685980e+02 -2.757178e+01 1.001667e+01
    endloop
  endfacet
  facet normal 2.588190e-01 -9.659258e-01 0.000000e+00
    outer loop
      vertex   1.685980e+02 -2.757178e+01 1.418333e+01
      vertex   1.685980e+02 -2.757178e+01 1.001667e+01
      vertex   1.687916e+02 -2.751990e+01 1.418333e+01
    endloop
  endfacet
  facet normal 2.588190e-01 -9.659258e-01 0.000000e+00
    outer loop
      vertex   1.687916e+02 -2.751990e+01 1.418333e+01
      vertex   1.685980e+02 -2.757178e+01 1.001667e+01
      vertex   1.687916e+02 -2.751990e+01 1.001667e+01
    endloop
  endfacet
  facet normal 8.715574e-02 -9.961947e-01 0.000000e+00
    outer loop
      vertex   1.687916e+02 -2.751990e+01 1.418333e+01
      vertex   1.687916e+02 -2.751990e+01 1.001667e+01
      vertex   1.689913e+02 -2.750242e+01 1.418333e+01
    endloop
  endfacet
  facet normal 8.715574e-02 -9.961947e-01 0.000000e+00
    outer loop
      vertex   1.689913e+02 -2.750242e+01 1.418333e+01
      vertex   1.687916e+02 -2.751990e+01 1.001667e+01
      vertex   1.689913e+02 -2.750242e+01 1.001667e+01
    endloop
  endfacet
  facet normal -8.715574e-02 -9.961947e-01 -0.000000e+00
    outer loop
      vertex   1.689913e+02 -2.750242e+01 1.418333e+01
      vertex   1.689913e+02 -2.750242e+01 1.001667e+01
      vertex   1.691910e+02 -2.751990e+01 1.418333e+01
    endloop
  endfacet
  facet normal -8.715574e-02 -9.961947e-01 -0.000000e+00
    outer loop
      vertex   1.691910e+02 -2.751990e+01 1.418333e+01
      vertex   1.689913e+02 -2.750242e+01 1.001667e+01
      vertex   1.691910e+02 -2.751990e+01 1.001667e+01
    endloop
  endfacet
  facet normal -2.588190e-01 -9.659258e-01 -0.000000e+00
    outer loop
      vertex   1.691910e+02 -2.751990e+01 1.418333e+01
      vertex   1.691910e+02 -2.751990e+01 1.001667e+01
      vertex   1.693846e+02 -2.757178e+01 1.418333e+01
    endloop
  endfacet
  facet normal -2.588190e-01 -9.659258e-01 -0.000000e+00
    outer loop
      vertex   1.693846e+02 -2.757178e+01 1.418333e+01
      vertex   1.691910e+02 -2.751990e+01 1.001667e+01
      vertex   1.693846e+02 -2.757178e+01 1.001667e+01
    endloop
  endfacet
  facet normal -4.226183e-01 -9.063078e-01 -0.000000e+00
    outer loop
      vertex   1.693846e+02 -2.757178e+01 1.418333e+01
      vertex   1.693846e+02 -2.757178e+01 1.001667e+01
      vertex   1.695663e+02 -2.765650e+01 1.418333e+01
    endloop
  endfacet
  facet normal -4.226183e-01 -9.063078e-01 -0.000000e+00
    outer loop
      vertex   1.695663e+02 -2.765650e+01 1.418333e+01
      vertex   1.693846e+02 -2.757178e+01 1.001667e+01
      vertex   1.695663e+02 -2.765650e+01 1.001667e+01
    endloop
  endfacet
  facet normal -5.735764e-01 -8.191520e-01 -0.000000e+00
    outer loop
      vertex   1.695663e+02 -2.765650e+01 1.418333e+01
      vertex   1.695663e+02 -2.765650e+01 1.001667e+01
      vertex   1.697305e+02 -2.777147e+01 1.418333e+01
    endloop
  endfacet
  facet normal -5.735764e-01 -8.191520e-01 -0.000000e+00
    outer loop
      vertex   1.697305e+02 -2.777147e+01 1.418333e+01
      vertex   1.695663e+02 -2.765650e+01 1.001667e+01
      vertex   1.697305e+02 -2.777147e+01 1.001667e+01
    endloop
  endfacet
  facet normal -7.071068e-01 -7.071068e-01 -0.000000e+00
    outer loop
      vertex   1.697305e+02 -2.777147e+01 1.418333e+01
      vertex   1.697305e+02 -2.777147e+01 1.001667e+01
      vertex   1.698723e+02 -2.791322e+01 1.418333e+01
    endloop
  endfacet
  facet normal -7.071068e-01 -7.071068e-01 -0.000000e+00
    outer loop
      vertex   1.698723e+02 -2.791322e+01 1.418333e+01
      vertex   1.697305e+02 -2.777147e+01 1.001667e+01
      vertex   1.698723e+02 -2.791322e+01 1.001667e+01
    endloop
  endfacet
  facet normal -8.191520e-01 -5.735764e-01 -0.000000e+00
    outer loop
      vertex   1.698723e+02 -2.791322e+01 1.418333e+01
      vertex   1.698723e+02 -2.791322e+01 1.001667e+01
      vertex   1.699873e+02 -2.807742e+01 1.418333e+01
    endloop
  endfacet
  facet normal -8.191520e-01 -5.735764e-01 -0.000000e+00
    outer loop
      vertex   1.699873e+02 -2.807742e+01 1.418333e+01
      vertex   1.698723e+02 -2.791322e+01 1.001667e+01
      vertex   1.699873e+02 -2.807742e+01 1.001667e+01
    endloop
  endfacet
  facet normal -9.063078e-01 -4.226183e-01 -0.000000e+00
    outer loop
      vertex   1.699873e+02 -2.807742e+01 1.418333e+01
      vertex   1.699873e+02 -2.807742e+01 1.001667e+01
      vertex   1.700720e+02 -2.825910e+01 1.418333e+01
    endloop
  endfacet
  facet normal -9.063078e-01 -4.226183e-01 -0.000000e+00
    outer loop
      vertex   1.700720e+02 -2.825910e+01 1.418333e+01
      vertex   1.699873e+02 -2.807742e+01 1.001667e+01
      vertex   1.700720e+02 -2.825910e+01 1.001667e+01
    endloop
  endfacet
  facet normal -9.659258e-01 -2.588190e-01 -0.000000e+00
    outer loop
      vertex   1.700720e+02 -2.825910e+01 1.418333e+01
      vertex   1.700720e+02 -2.825910e+01 1.001667e+01
      vertex   1.701239e+02 -2.845273e+01 1.418333e+01
    endloop
  endfacet
  facet normal -9.659258e-01 -2.588190e-01 -0.000000e+00
    outer loop
      vertex   1.701239e+02 -2.845273e+01 1.418333e+01
      vertex   1.700720e+02 -2.825910e+01 1.001667e+01
      vertex   1.701239e+02 -2.845273e+01 1.001667e+01
    endloop
  endfacet
  facet normal -9.961947e-01 -8.715574e-02 -0.000000e+00
    outer loop
      vertex   1.701239e+02 -2.845273e+01 1.418333e+01
      vertex   1.701239e+02 -2.845273e+01 1.001667e+01
      vertex   1.701413e+02 -2.865242e+01 1.418333e+01
    endloop
  endfacet
  facet normal -9.961947e-01 -8.715574e-02 -0.000000e+00
    outer loop
      vertex   1.701413e+02 -2.865242e+01 1.418333e+01
      vertex   1.701239e+02 -2.845273e+01 1.001667e+01
      vertex   1.701413e+02 -2.865242e+01 1.001667e+01
    endloop
  endfacet
  facet normal 0.000000e+00 0.000000e+00 -1.000000e+00
    outer loop
      vertex   1.701239e+02 -2.885212e+01 1.835000e+01
      vertex   1.678588e+02 -2.885212e+01 1.835000e+01
      vertex   1.701413e+02 -2.865242e+01 1.835000e+01
    endloop
  endfacet
  facet normal -0.000000e+00 0.000000e+00 -1.000000e+00
    outer loop
      vertex   1.701413e+02 -2.865242e+01 1.835000e+01
      vertex   1.678588e+02 -2.885212e+01 1.835000e+01
      vertex   1.678413e+02 -2.865242e+01 1.835000e+01
    endloop
  endfacet
  facet normal 0.000000e+00 0.000000e+00 -1.000000e+00
    outer loop
      vertex   1.701413e+02 -2.865242e+01 1.835000e+01
      vertex   1.678413e+02 -2.865242e+01 1.835000e+01
      vertex   1.701239e+02 -2.845273e+01 1.835000e+01
    endloop
  endfacet
  facet normal -0.000000e+00 0.000000e+00 -1.000000e+00
    outer loop
      vertex   1.701239e+02 -2.845273e+01 1.835000e+01
      vertex   1.678413e+02 -2.865242e+01 1.835000e+01
      vertex   1.678588e+02 -2.845273e+01 1.835000e+01
    endloop
  endfacet
  facet normal 0.000000e+00 0.000000e+00 -1.000000e+00
    outer loop
      vertex   1.701239e+02 -2.845273e+01 1.835000e+01
      vertex   1.678588e+02 -2.845273e+01 1.835000e+01
      vertex   1.700720e+02 -2.825910e+01 1.835000e+01
    endloop
  endfacet
  facet normal -0.000000e+00 0.000000e+00 -1.000000e+00
    outer loop
      vertex   1.700720e+02 -2.825910e+01 1.835000e+01
      vertex   1.678588e+02 -2.845273e+01 1.835000e+01
      vertex   1.679107e+02 -2.825910e+01 1.835000e+01
    endloop
  endfacet
  facet normal 0.000000e+00 0.000000e+00 -1.000000e+00
    outer loop
      vertex   1.700720e+02 -2.825910e+01 1.835000e+01
      vertex   1.679107e+02 -2.825910e+01 1.835000e+01
      vertex   1.699873e+02 -2.807742e+01 1.835000e+01
    endloop
  endfacet
  facet normal -0.000000e+00 0.000000e+00 -1.000000e+00
    outer loop
      vertex   1.699873e+02 -2.807742e+01 1.835000e+01
      vertex   1.679107e+02 -2.825910e+01 1.835000e+01
      vertex   1.679954e+02 -2.807742e+01 1.835000e+01
    endloop
  endfacet
  facet normal 0.000000e+00 0.000000e+00 -1.000000e+00
    outer loop
      vertex   1.699873e+02 -2.807742e+01 1.835000e+01
      vertex   1.679954e+02 -2.807742e+01 1.835000e+01
      vertex   1.698723e+02 -2.791322e+01 1.835000e+01
    endloop
  endfacet
  facet normal -0.000000e+00 0.000000e+00 -1.000000e+00
    outer loop
      vertex   1.698723e+02 -2.791322e+01 1.835000e+01
      vertex   1.679954e+02 -2.807742e+01 1.835000e+01
      vertex   1.681104e+02 -2.791322e+01 1.835000e+01
    endloop
  endfacet
  facet normal 0.000000e+00 0.000000e+00 -1.000000e+00
    outer loop
      vertex   1.698723e+02 -2.791322e+01 1.835000e+01
      vertex   1.681104e+02 -2.791322e+01 1.835000e+01
      vertex   1.697305e+02 -2.777147e+01 1.835000e+01
    endloop
  endfacet
  facet normal -0.000000e+00 0.000000e+00 -1.000000e+00
    outer loop
      vertex   1.697305e+02 -2.777147e+01 1.835000e+01
      vertex   1.681104e+02 -2.791322e+01 1.835000e+01
      vertex   1.682521e+02 -2.777147e+01 1.835000e+01
    endloop
  endfacet
  facet normal 0.000000e+00 0.000000e+00 -1.000000e+00
    outer loop
      vertex   1.697305e+02 -2.777147e+01 1.835000e+01
      vertex   1.682521e+02 -2.777147e+01 1.835000e+01
      vertex   1.695663e+02 -2.765650e+01 1.835000e+01
    endloop
  endfacet
  facet normal -0.000000e+00 0.000000e+00 -1.000000e+00
    outer loop
      vertex   1.695663e+02 -2.765650e+01 1.835000e+01
      vertex   1.682521e+02 -2.777147e+01 1.835000e+01
      vertex   1.684163e+02 -2.765650e+01 1.835000e+01
    endloop
  endfacet
  facet normal 0.000000e+00 0.000000e+00 -1.000000e+00
    outer loop
      vertex   1.695663e+02 -2.765650e+01 1.835000e+01
      vertex   1.684163e+02 -2.765650e+01 1.835000e+01
      vertex   1.693846e+02 -2.757178e+01 1.835000e+01
    endloop
  endfacet
  facet normal -0.000000e+00 0.000000e+00 -1.000000e+00
    outer loop
      vertex   1.693846e+02 -2.757178e+01 1.835000e+01
      vertex   1.684163e+02 -2.765650e+01 1.835000e+01
      vertex   1.685980e+02 -2.757178e+01 1.835000e+01
    endloop
  endfacet
  facet normal 0.000000e+00 0.000000e+00 -1.000000e+00
    outer loop
      vertex   1.693846e+02 -2.757178e+01 1.835000e+01
      vertex   1.685980e+02 -2.757178e+01 1.835000e+01
      vertex   1.691910e+02 -2.751990e+01 1.835000e+01
    endloop
  endfacet
  facet normal -0.000000e+00 0.000000e+00 -1.000000e+00
    outer loop
      vertex   1.691910e+02 -2.751990e+01 1.835000e+01
      vertex   1.685980e+02 -2.757178e+01 1.835000e+01
      vertex   1.687916e+02 -2.751990e+01 1.835000e+01
    endloop
  endfacet
  facet normal 0.000000e+00 0.000000e+00 -1.000000e+00
    outer loop
      vertex   1.691910e+02 -2.751990e+01 1.835000e+01
      vertex   1.687916e+02 -2.751990e+01 1.835000e+01
      vertex   1.689913e+02 -2.750242e+01 1.835000e+01
    endloop
  endfacet
  facet normal 0.000000e+00 0.000000e+00 -1.000000e+00
    outer loop
      vertex   1.678588e+02 -2.885212e+01 1.835000e+01
      vertex   1.701239e+02 -2.885212e+01 1.835000e+01
      vertex   1.679107e+02 -2.904575e+01 1.835000e+01
    endloop
  endfacet
  facet normal 0.000000e+00 0.000000e+00 -1.000000e+00
    outer loop
      vertex   1.679107e+02 -2.904575e+01 1.835000e+01
      vertex   1.701239e+02 -2.885212e+01 1.835000e+01
      vertex   1.700720e+02 -2.904575e+01 1.835000e+01
    endloop
  endfacet
  facet normal 0.000000e+00 0.000000e+00 -1.000000e+00
    outer loop
      vertex   1.679107e+02 -2.904575e+01 1.835000e+01
      vertex   1.700720e+02 -2.904575e+01 1.835000e+01
      vertex   1.679954e+02 -2.922742e+01 1.835000e+01
    endloop
  endfacet
  facet normal 0.000000e+00 0.000000e+00 -1.000000e+00
    outer loop
      vertex   1.679954e+02 -2.922742e+01 1.835000e+01
      vertex   1.700720e+02 -2.904575e+01 1.835000e+01
      vertex   1.699873e+02 -2.922742e+01 1.835000e+01
    endloop
  endfacet
  facet normal 0.000000e+00 0.000000e+00 -1.000000e+00
    outer loop
      vertex   1.679954e+02 -2.922742e+01 1.835000e+01
      vertex   1.699873e+02 -2.922742e+01 1.835000e+01
      vertex   1.681104e+02 -2.939163e+01 1.835000e+01
    endloop
  endfacet
  facet normal 0.000000e+00 0.000000e+00 -1.000000e+00
    outer loop
      vertex   1.681104e+02 -2.939163e+01 1.835000e+01
      vertex   1.699873e+02 -2.922742e+01 1.835000e+01
      vertex   1.698723e+02 -2.939163e+01 1.835000e+01
    endloop
  endfacet
  facet normal 0.000000e+00 0.000000e+00 -1.000000e+00
    outer loop
      vertex   1.681104e+02 -2.939163e+01 1.835000e+01
      vertex   1.698723e+02 -2.939163e+01 1.835000e+01
      vertex   1.682521e+02 -2.953338e+01 1.835000e+01
    endloop
  endfacet
  facet normal 0.000000e+00 0.000000e+00 -1.000000e+00
    outer loop
      vertex   1.682521e+02 -2.953338e+01 1.835000e+01
      vertex   1.698723e+02 -2.939163e+01 1.835000e+01
      vertex   1.697305e+02 -2.953338e+01 1.835000e+01
    endloop
  endfacet
  facet normal 0.000000e+00 0.000000e+00 -1.000000e+00
    outer loop
      vertex   1.682521e+02 -2.953338e+01 1.835000e+01
      vertex   1.697305e+02 -2.953338e+01 1.835000e+01
      vertex   1.684163e+02 -2.964835e+01 1.835000e+01
    endloop
  endfacet
  facet normal 0.000000e+00 0.000000e+00 -1.000000e+00
    outer loop
      vertex   1.684163e+02 -2.964835e+01 1.835000e+01
      vertex   1.697305e+02 -2.953338e+01 1.835000e+01
      vertex   1.695663e+02 -2.964835e+01 1.835000e+01
    endloop
  endfacet
  facet normal 0.000000e+00 0.000000e+00 -1.000000e+00
    outer loop
      vertex   1.684163e+02 -2.964835e+01 1.835000e+01
      vertex   1.695663e+02 -2.964835e+01 1.835000e+01
      vertex   1.685980e+02 -2.973307e+01 1.835000e+01
    endloop
  endfacet
  facet normal 0.000000e+00 0.000000e+00 -1.000000e+00
    outer loop
      vertex   1.685980e+02 -2.973307e+01 1.835000e+01
      vertex   1.695663e+02 -2.964835e+01 1.835000e+01
      vertex   1.693846e+02 -2.973307e+01 1.835000e+01
    endloop
  endfacet
  facet normal 0.000000e+00 0.000000e+00 -1.000000e+00
    outer loop
      vertex   1.685980e+02 -2.973307e+01 1.835000e+01
      vertex   1.693846e+02 -2.973307e+01 1.835000e+01
      vertex   1.687916e+02 -2.978495e+01 1.835000e+01
    endloop
  endfacet
  facet normal 0.000000e+00 0.000000e+00 -1.000000e+00
    outer loop
      vertex   1.687916e+02 -2.978495e+01 1.835000e+01
      vertex   1.693846e+02 -2.973307e+01 1.835000e+01
      vertex   1.691910e+02 -2.978495e+01 1.835000e+01
    endloop
  endfacet
  facet normal 0.000000e+00 0.000000e+00 -1.000000e+00
    outer loop
      vertex   1.687916e+02 -2.978495e+01 1.835000e+01
      vertex   1.691910e+02 -2.978495e+01 1.835000e+01
      vertex   1.689913e+02 -2.980242e+01 1.835000e+01
    endloop
  endfacet
  facet normal -9.961947e-01 -8.715574e-02 -0.000000e+00
    outer loop
      vertex   1.535608e+02 -6.118302e+01 1.835000e+01
      vertex   1.535608e+02 -6.118302e+01 1.418333e+01
      vertex   1.535782e+02 -6.138271e+01 1.835000e+01
    endloop
  endfacet
  facet normal -9.961947e-01 -8.715574e-02 -0.000000e+00
    outer loop
      vertex   1.535782e+02 -6.138271e+01 1.835000e+01
      vertex   1.535608e+02 -6.118302e+01 1.418333e+01
      vertex   1.535782e+02 -6.138271e+01 1.418333e+01
    endloop
  endfacet
  facet normal -9.961947e-01 8.715574e-02 0.000000e+00
    outer loop
      vertex   1.535782e+02 -6.138271e+01 1.835000e+01
      vertex   1.535782e+02 -6.138271e+01 1.418333e+01
      vertex   1.535608e+02 -6.158241e+01 1.835000e+01
    endloop
  endfacet
  facet normal -9.961947e-01 8.715574e-02 0.000000e+00
    outer loop
      vertex   1.535608e+02 -6.158241e+01 1.835000e+01
      vertex   1.535782e+02 -6.138271e+01 1.418333e+01
      vertex   1.535608e+02 -6.158241e+01 1.418333e+01
    endloop
  endfacet
  facet normal -9.659258e-01 2.588190e-01 0.000000e+00
    outer loop
      vertex   1.535608e+02 -6.158241e+01 1.835000e+01
      vertex   1.535608e+02 -6.158241e+01 1.418333e+01
      vertex   1.535089e+02 -6.177603e+01 1.835000e+01
    endloop
  endfacet
  facet normal -9.659258e-01 2.588190e-01 0.000000e+00
    outer loop
      vertex   1.535089e+02 -6.177603e+01 1.835000e+01
      vertex   1.535608e+02 -6.158241e+01 1.418333e+01
      vertex   1.535089e+02 -6.177603e+01 1.418333e+01
    endloop
  endfacet
  facet normal -9.063078e-01 4.226183e-01 0.000000e+00
    outer loop
      vertex   1.535089e+02 -6.177603e+01 1.835000e+01
      vertex   1.535089e+02 -6.177603e+01 1.418333e+01
      vertex   1.534242e+02 -6.195771e+01 1.835000e+01
    endloop
  endfacet
  facet normal -9.063078e-01 4.226183e-01 0.000000e+00
    outer loop
      vertex   1.534242e+02 -6.195771e+01 1.835000e+01
      vertex   1.535089e+02 -6.177603e+01 1.418333e+01
      vertex   1.534242e+02 -6.195771e+01 1.418333e+01
    endloop
  endfacet
  facet normal -8.191520e-01 5.735764e-01 0.000000e+00
    outer loop
      vertex   1.534242e+02 -6.195771e+01 1.835000e+01
      vertex   1.534242e+02 -6.195771e+01 1.418333e+01
      vertex   1.533092e+02 -6.212192e+01 1.835000e+01
    endloop
  endfacet
  facet normal -8.191520e-01 5.735764e-01 0.000000e+00
    outer loop
      vertex   1.533092e+02 -6.212192e+01 1.835000e+01
      vertex   1.534242e+02 -6.195771e+01 1.418333e+01
      vertex   1.533092e+02 -6.212192e+01 1.418333e+01
    endloop
  endfacet
  facet normal -7.071068e-01 7.071068e-01 0.000000e+00
    outer loop
      vertex   1.533092e+02 -6.212192e+01 1.835000e+01
      vertex   1.533092e+02 -6.212192e+01 1.418333e+01
      vertex   1.531675e+02 -6.226366e+01 1.835000e+01
    endloop
  endfacet
  facet normal -7.071068e-01 7.071068e-01 0.000000e+00
    outer loop
      vertex   1.531675e+02 -6.226366e+01 1.835000e+01
      vertex   1.533092e+02 -6.212192e+01 1.418333e+01
      vertex   1.531675e+02 -6.226366e+01 1.418333e+01
    endloop
  endfacet
  facet normal -5.735764e-01 8.191520e-01 0.000000e+00
    outer loop
      vertex   1.531675e+02 -6.226366e+01 1.835000e+01
      vertex   1.531675e+02 -6.226366e+01 1.418333e+01
      vertex   1.530032e+02 -6.237864e+01 1.835000e+01
    endloop
  endfacet
  facet normal -5.735764e-01 8.191520e-01 0.000000e+00
    outer loop
      vertex   1.530032e+02 -6.237864e+01 1.835000e+01
      vertex   1.531675e+02 -6.226366e+01 1.418333e+01
      vertex   1.530032e+02 -6.237864e+01 1.418333e+01
    endloop
  endfacet
  facet normal -4.226183e-01 9.063078e-01 0.000000e+00
    outer loop
      vertex   1.530032e+02 -6.237864e+01 1.835000e+01
      vertex   1.530032e+02 -6.237864e+01 1.418333e+01
      vertex   1.528216e+02 -6.246336e+01 1.835000e+01
    endloop
  endfacet
  facet normal -4.226183e-01 9.063078e-01 0.000000e+00
    outer loop
      vertex   1.528216e+02 -6.246336e+01 1.835000e+01
      vertex   1.530032e+02 -6.237864e+01 1.418333e+01
      vertex   1.528216e+02 -6.246336e+01 1.418333e+01
    endloop
  endfacet
  facet normal -2.588190e-01 9.659258e-01 0.000000e+00
    outer loop
      vertex   1.528216e+02 -6.246336e+01 1.835000e+01
      vertex   1.528216e+02 -6.246336e+01 1.418333e+01
      vertex   1.526279e+02 -6.251524e+01 1.835000e+01
    endloop
  endfacet
  facet normal -2.588190e-01 9.659258e-01 0.000000e+00
    outer loop
      vertex   1.526279e+02 -6.251524e+01 1.835000e+01
      vertex   1.528216e+02 -6.246336e+01 1.418333e+01
      vertex   1.526279e+02 -6.251524e+01 1.418333e+01
    endloop
  endfacet
  facet normal -8.715574e-02 9.961947e-01 0.000000e+00
    outer loop
      vertex   1.526279e+02 -6.251524e+01 1.835000e+01
      vertex   1.526279e+02 -6.251524e+01 1.418333e+01
      vertex   1.524282e+02 -6.253271e+01 1.835000e+01
    endloop
  endfacet
  facet normal -8.715574e-02 9.961947e-01 0.000000e+00
    outer loop
      vertex   1.524282e+02 -6.253271e+01 1.835000e+01
      vertex   1.526279e+02 -6.251524e+01 1.418333e+01
      vertex   1.524282e+02 -6.253271e+01 1.418333e+01
    endloop
  endfacet
  facet normal 8.715574e-02 9.961947e-01 0.000000e+00
    outer loop
      vertex   1.524282e+02 -6.253271e+01 1.835000e+01
      vertex   1.524282e+02 -6.253271e+01 1.418333e+01
      vertex   1.522285e+02 -6.251524e+01 1.835000e+01
    endloop
  endfacet
  facet normal 8.715574e-02 9.961947e-01 0.000000e+00
    outer loop
      vertex   1.522285e+02 -6.251524e+01 1.835000e+01
      vertex   1.524282e+02 -6.253271e+01 1.418333e+01
      vertex   1.522285e+02 -6.251524e+01 1.418333e+01
    endloop
  endfacet
  facet normal 2.588190e-01 9.659258e-01 0.000000e+00
    outer loop
      vertex   1.522285e+02 -6.251524e+01 1.835000e+01
      vertex   1.522285e+02 -6.251524e+01 1.418333e+01
      vertex   1.520349e+02 -6.246336e+01 1.835000e+01
    endloop
  endfacet
  facet normal 2.588190e-01 9.659258e-01 0.000000e+00
    outer loop
      vertex   1.520349e+02 -6.246336e+01 1.835000e+01
      vertex   1.522285e+02 -6.251524e+01 1.418333e+01
      vertex   1.520349e+02 -6.246336e+01 1.418333e+01
    endloop
  endfacet
  facet normal 4.226183e-01 9.063078e-01 0.000000e+00
    outer loop
      vertex   1.520349e+02 -6.246336e+01 1.835000e+01
      vertex   1.520349e+02 -6.246336e+01 1.418333e+01
      vertex   1.518532e+02 -6.237864e+01 1.835000e+01
    endloop
  endfacet
  facet normal 4.226183e-01 9.063078e-01 0.000000e+00
    outer loop
      vertex   1.518532e+02 -6.237864e+01 1.835000e+01
      vertex   1.520349e+02 -6.246336e+01 1.418333e+01
      vertex   1.518532e+02 -6.237864e+01 1.418333e+01
    endloop
  endfacet
  facet normal 5.735764e-01 8.191520e-01 0.000000e+00
    outer loop
      vertex   1.518532e+02 -6.237864e+01 1.835000e+01
      vertex   1.518532e+02 -6.237864e+01 1.418333e+01
      vertex   1.516890e+02 -6.226366e+01 1.835000e+01
    endloop
  endfacet
  facet normal 5.735764e-01 8.191520e-01 0.000000e+00
    outer loop
      vertex   1.516890e+02 -6.226366e+01 1.835000e+01
      vertex   1.518532e+02 -6.237864e+01 1.418333e+01
      vertex   1.516890e+02 -6.226366e+01 1.418333e+01
    endloop
  endfacet
  facet normal 7.071068e-01 7.071068e-01 0.000000e+00
    outer loop
      vertex   1.516890e+02 -6.226366e+01 1.835000e+01
      vertex   1.516890e+02 -6.226366e+01 1.418333e+01
      vertex   1.515473e+02 -6.212192e+01 1.835000e+01
    endloop
  endfacet
  facet normal 7.071068e-01 7.071068e-01 0.000000e+00
    outer loop
      vertex   1.515473e+02 -6.212192e+01 1.835000e+01
      vertex   1.516890e+02 -6.226366e+01 1.418333e+01
      vertex   1.515473e+02 -6.212192e+01 1.418333e+01
    endloop
  endfacet
  facet normal 8.191520e-01 5.735764e-01 0.000000e+00
    outer loop
      vertex   1.515473e+02 -6.212192e+01 1.835000e+01
      vertex   1.515473e+02 -6.212192e+01 1.418333e+01
      vertex   1.514323e+02 -6.195771e+01 1.835000e+01
    endloop
  endfacet
  facet normal 8.191520e-01 5.735764e-01 0.000000e+00
    outer loop
      vertex   1.514323e+02 -6.195771e+01 1.835000e+01
      vertex   1.515473e+02 -6.212192e+01 1.418333e+01
      vertex   1.514323e+02 -6.195771e+01 1.418333e+01
    endloop
  endfacet
  facet normal 9.063078e-01 4.226183e-01 0.000000e+00
    outer loop
      vertex   1.514323e+02 -6.195771e+01 1.835000e+01
      vertex   1.514323e+02 -6.195771e+01 1.418333e+01
      vertex   1.513476e+02 -6.177603e+01 1.835000e+01
    endloop
  endfacet
  facet normal 9.063078e-01 4.226183e-01 0.000000e+00
    outer loop
      vertex   1.513476e+02 -6.177603e+01 1.835000e+01
      vertex   1.514323e+02 -6.195771e+01 1.418333e+01
      vertex   1.513476e+02 -6.177603e+01 1.418333e+01
    endloop
  endfacet
  facet normal 9.659258e-01 2.588190e-01 0.000000e+00
    outer loop
      vertex   1.513476e+02 -6.177603e+01 1.835000e+01
      vertex   1.513476e+02 -6.177603e+01 1.418333e+01
      vertex   1.512957e+02 -6.158241e+01 1.835000e+01
    endloop
  endfacet
  facet normal 9.659258e-01 2.588190e-01 0.000000e+00
    outer loop
      vertex   1.512957e+02 -6.158241e+01 1.835000e+01
      vertex   1.513476e+02 -6.177603e+01 1.418333e+01
      vertex   1.512957e+02 -6.158241e+01 1.418333e+01
    endloop
  endfacet
  facet normal 9.961947e-01 8.715574e-02 0.000000e+00
    outer loop
      vertex   1.512957e+02 -6.158241e+01 1.835000e+01
      vertex   1.512957e+02 -6.158241e+01 1.418333e+01
      vertex   1.512782e+02 -6.138271e+01 1.835000e+01
    endloop
  endfacet
  facet normal 9.961947e-01 8.715574e-02 0.000000e+00
    outer loop
      vertex   1.512782e+02 -6.138271e+01 1.835000e+01
      vertex   1.512957e+02 -6.158241e+01 1.418333e+01
      vertex   1.512782e+02 -6.138271e+01 1.418333e+01
    endloop
  endfacet
  facet normal 9.961947e-01 -8.715574e-02 0.000000e+00
    outer loop
      vertex   1.512782e+02 -6.138271e+01 1.835000e+01
      vertex   1.512782e+02 -6.138271e+01 1.418333e+01
      vertex   1.512957e+02 -6.118302e+01 1.835000e+01
    endloop
  endfacet
  facet normal 9.961947e-01 -8.715574e-02 0.000000e+00
    outer loop
      vertex   1.512957e+02 -6.118302e+01 1.835000e+01
      vertex   1.512782e+02 -6.138271e+01 1.418333e+01
      vertex   1.512957e+02 -6.118302e+01 1.418333e+01
    endloop
  endfacet
  facet normal 9.659258e-01 -2.588190e-01 0.000000e+00
    outer loop
      vertex   1.512957e+02 -6.118302e+01 1.835000e+01
      vertex   1.512957e+02 -6.118302e+01 1.418333e+01
      vertex   1.513476e+02 -6.098939e+01 1.835000e+01
    endloop
  endfacet
  facet normal 9.659258e-01 -2.588190e-01 0.000000e+00
    outer loop
      vertex   1.513476e+02 -6.098939e+01 1.835000e+01
      vertex   1.512957e+02 -6.118302e+01 1.418333e+01
      vertex   1.513476e+02 -6.098939e+01 1.418333e+01
    endloop
  endfacet
  facet normal 9.063078e-01 -4.226183e-01 0.000000e+00
    outer loop
      vertex   1.513476e+02 -6.098939e+01 1.835000e+01
      vertex   1.513476e+02 -6.098939e+01 1.418333e+01
      vertex   1.514323e+02 -6.080771e+01 1.835000e+01
    endloop
  endfacet
  facet normal 9.063078e-01 -4.226183e-01 0.000000e+00
    outer loop
      vertex   1.514323e+02 -6.080771e+01 1.835000e+01
      vertex   1.513476e+02 -6.098939e+01 1.418333e+01
      vertex   1.514323e+02 -6.080771e+01 1.418333e+01
    endloop
  endfacet
  facet normal 8.191520e-01 -5.735764e-01 0.000000e+00
    outer loop
      vertex   1.514323e+02 -6.080771e+01 1.835000e+01
      vertex   1.514323e+02 -6.080771e+01 1.418333e+01
      vertex   1.515473e+02 -6.064351e+01 1.835000e+01
    endloop
  endfacet
  facet normal 8.191520e-01 -5.735764e-01 0.000000e+00
    outer loop
      vertex   1.515473e+02 -6.064351e+01 1.835000e+01
      vertex   1.514323e+02 -6.080771e+01 1.418333e+01
      vertex   1.515473e+02 -6.064351e+01 1.418333e+01
    endloop
  endfacet
  facet normal 7.071068e-01 -7.071068e-01 0.000000e+00
    outer loop
      vertex   1.515473e+02 -6.064351e+01 1.835000e+01
      vertex   1.515473e+02 -6.064351e+01 1.418333e+01
      vertex   1.516890e+02 -6.050176e+01 1.835000e+01
    endloop
  endfacet
  facet normal 7.071068e-01 -7.071068e-01 0.000000e+00
    outer loop
      vertex   1.516890e+02 -6.050176e+01 1.835000e+01
      vertex   1.515473e+02 -6.064351e+01 1.418333e+01
      vertex   1.516890e+02 -6.050176e+01 1.418333e+01
    endloop
  endfacet
  facet normal 5.735764e-01 -8.191520e-01 0.000000e+00
    outer loop
      vertex   1.516890e+02 -6.050176e+01 1.835000e+01
      vertex   1.516890e+02 -6.050176e+01 1.418333e+01
      vertex   1.518532e+02 -6.038678e+01 1.835000e+01
    endloop
  endfacet
  facet normal 5.735764e-01 -8.191520e-01 0.000000e+00
    outer loop
      vertex   1.518532e+02 -6.038678e+01 1.835000e+01
      vertex   1.516890e+02 -6.050176e+01 1.418333e+01
      vertex   1.518532e+02 -6.038678e+01 1.418333e+01
    endloop
  endfacet
  facet normal 4.226183e-01 -9.063078e-01 0.000000e+00
    outer loop
      vertex   1.518532e+02 -6.038678e+01 1.835000e+01
      vertex   1.518532e+02 -6.038678e+01 1.418333e+01
      vertex   1.520349e+02 -6.030206e+01 1.835000e+01
    endloop
  endfacet
  facet normal 4.226183e-01 -9.063078e-01 0.000000e+00
    outer loop
      vertex   1.520349e+02 -6.030206e+01 1.835000e+01
      vertex   1.518532e+02 -6.038678e+01 1.418333e+01
      vertex   1.520349e+02 -6.030206e+01 1.418333e+01
    endloop
  endfacet
  facet normal 2.588190e-01 -9.659258e-01 0.000000e+00
    outer loop
      vertex   1.520349e+02 -6.030206e+01 1.835000e+01
      vertex   1.520349e+02 -6.030206e+01 1.418333e+01
      vertex   1.522285e+02 -6.025018e+01 1.835000e+01
    endloop
  endfacet
  facet normal 2.588190e-01 -9.659258e-01 0.000000e+00
    outer loop
      vertex   1.522285e+02 -6.025018e+01 1.835000e+01
      vertex   1.520349e+02 -6.030206e+01 1.418333e+01
      vertex   1.522285e+02 -6.025018e+01 1.418333e+01
    endloop
  endfacet
  facet normal 8.715574e-02 -9.961947e-01 0.000000e+00
    outer loop
      vertex   1.522285e+02 -6.025018e+01 1.835000e+01
      vertex   1.522285e+02 -6.025018e+01 1.418333e+01
      vertex   1.524282e+02 -6.023271e+01 1.835000e+01
    endloop
  endfacet
  facet normal 8.715574e-02 -9.961947e-01 0.000000e+00
    outer loop
      vertex   1.524282e+02 -6.023271e+01 1.835000e+01
      vertex   1.522285e+02 -6.025018e+01 1.418333e+01
      vertex   1.524282e+02 -6.023271e+01 1.418333e+01
    endloop
  endfacet
  facet normal -8.715574e-02 -9.961947e-01 -0.000000e+00
    outer loop
      vertex   1.524282e+02 -6.023271e+01 1.835000e+01
      vertex   1.524282e+02 -6.023271e+01 1.418333e+01
      vertex   1.526279e+02 -6.025018e+01 1.835000e+01
    endloop
  endfacet
  facet normal -8.715574e-02 -9.961947e-01 -0.000000e+00
    outer loop
      vertex   1.526279e+02 -6.025018e+01 1.835000e+01
      vertex   1.524282e+02 -6.023271e+01 1.418333e+01
      vertex   1.526279e+02 -6.025018e+01 1.418333e+01
    endloop
  endfacet
  facet normal -2.588190e-01 -9.659258e-01 -0.000000e+00
    outer loop
      vertex   1.526279e+02 -6.025018e+01 1.835000e+01
      vertex   1.526279e+02 -6.025018e+01 1.418333e+01
      vertex   1.528216e+02 -6.030206e+01 1.835000e+01
    endloop
  endfacet
  facet normal -2.588190e-01 -9.659258e-01 -0.000000e+00
    outer loop
      vertex   1.528216e+02 -6.030206e+01 1.835000e+01
      vertex   1.526279e+02 -6.025018e+01 1.418333e+01
      vertex   1.528216e+02 -6.030206e+01 1.418333e+01
    endloop
  endfacet
  facet normal -4.226183e-01 -9.063078e-01 -0.000000e+00
    outer loop
      vertex   1.528216e+02 -6.030206e+01 1.835000e+01
      vertex   1.528216e+02 -6.030206e+01 1.418333e+01
      vertex   1.530032e+02 -6.038678e+01 1.835000e+01
    endloop
  endfacet
  facet normal -4.226183e-01 -9.063078e-01 -0.000000e+00
    outer loop
      vertex   1.530032e+02 -6.038678e+01 1.835000e+01
      vertex   1.528216e+02 -6.030206e+01 1.418333e+01
      vertex   1.530032e+02 -6.038678e+01 1.418333e+01
    endloop
  endfacet
  facet normal -5.735764e-01 -8.191520e-01 -0.000000e+00
    outer loop
      vertex   1.530032e+02 -6.038678e+01 1.835000e+01
      vertex   1.530032e+02 -6.038678e+01 1.418333e+01
      vertex   1.531675e+02 -6.050176e+01 1.835000e+01
    endloop
  endfacet
  facet normal -5.735764e-01 -8.191520e-01 -0.000000e+00
    outer loop
      vertex   1.531675e+02 -6.050176e+01 1.835000e+01
      vertex   1.530032e+02 -6.038678e+01 1.418333e+01
      vertex   1.531675e+02 -6.050176e+01 1.418333e+01
    endloop
  endfacet
  facet normal -7.071068e-01 -7.071068e-01 -0.000000e+00
    outer loop
      vertex   1.531675e+02 -6.050176e+01 1.835000e+01
      vertex   1.531675e+02 -6.050176e+01 1.418333e+01
      vertex   1.533092e+02 -6.064351e+01 1.835000e+01
    endloop
  endfacet
  facet normal -7.071068e-01 -7.071068e-01 -0.000000e+00
    outer loop
      vertex   1.533092e+02 -6.064351e+01 1.835000e+01
      vertex   1.531675e+02 -6.050176e+01 1.418333e+01
      vertex   1.533092e+02 -6.064351e+01 1.418333e+01
    endloop
  endfacet
  facet normal -8.191520e-01 -5.735764e-01 -0.000000e+00
    outer loop
      vertex   1.533092e+02 -6.064351e+01 1.835000e+01
      vertex   1.533092e+02 -6.064351e+01 1.418333e+01
      vertex   1.534242e+02 -6.080771e+01 1.835000e+01
    endloop
  endfacet
  facet normal -8.191520e-01 -5.735764e-01 -0.000000e+00
    outer loop
      vertex   1.534242e+02 -6.080771e+01 1.835000e+01
      vertex   1.533092e+02 -6.064351e+01 1.418333e+01
      vertex   1.534242e+02 -6.080771e+01 1.418333e+01
    endloop
  endfacet
  facet normal -9.063078e-01 -4.226183e-01 -0.000000e+00
    outer loop
      vertex   1.534242e+02 -6.080771e+01 1.835000e+01
      vertex   1.534242e+02 -6.080771e+01 1.418333e+01
      vertex   1.535089e+02 -6.098939e+01 1.835000e+01
    endloop
  endfacet
  facet normal -9.063078e-01 -4.226183e-01 -0.000000e+00
    outer loop
      vertex   1.535089e+02 -6.098939e+01 1.835000e+01
      vertex   1.534242e+02 -6.080771e+01 1.418333e+01
      vertex   1.535089e+02 -6.098939e+01 1.418333e+01
    endloop
  endfacet
  facet normal -9.659258e-01 -2.588190e-01 -0.000000e+00
    outer loop
      vertex   1.535089e+02 -6.098939e+01 1.835000e+01
      vertex   1.535089e+02 -6.098939e+01 1.418333e+01
      vertex   1.535608e+02 -6.118302e+01 1.835000e+01
    endloop
  endfacet
  facet normal -9.659258e-01 -2.588190e-01 -0.000000e+00
    outer loop
      vertex   1.535608e+02 -6.118302e+01 1.835000e+01
      vertex   1.535089e+02 -6.098939e+01 1.418333e+01
      vertex   1.535608e+02 -6.118302e+01 1.418333e+01
    endloop
  endfacet
  facet normal -9.961947e-01 8.715574e-02 0.000000e+00
    outer loop
      vertex   1.535608e+02 -6.158241e+01 5.850000e+00
      vertex   1.535608e+02 -6.158241e+01 1.001667e+01
      vertex   1.535782e+02 -6.138271e+01 5.850000e+00
    endloop
  endfacet
  facet normal -9.961947e-01 8.715574e-02 0.000000e+00
    outer loop
      vertex   1.535782e+02 -6.138271e+01 5.850000e+00
      vertex   1.535608e+02 -6.158241e+01 1.001667e+01
      vertex   1.535782e+02 -6.138271e+01 1.001667e+01
    endloop
  endfacet
  facet normal -9.961947e-01 -8.715574e-02 0.000000e+00
    outer loop
      vertex   1.535782e+02 -6.138271e+01 5.850000e+00
      vertex   1.535782e+02 -6.138271e+01 1.001667e+01
      vertex   1.535608e+02 -6.118302e+01 5.850000e+00
    endloop
  endfacet
  facet normal -9.961947e-01 -8.715574e-02 0.000000e+00
    outer loop
      vertex   1.535608e+02 -6.118302e+01 5.850000e+00
      vertex   1.535782e+02 -6.138271e+01 1.001667e+01
      vertex   1.535608e+02 -6.118302e+01 1.001667e+01
    endloop
  endfacet
  facet normal -9.659258e-01 -2.588190e-01 0.000000e+00
    outer loop
      vertex   1.535608e+02 -6.118302e+01 5.850000e+00
      vertex   1.535608e+02 -6.118302e+01 1.001667e+01
      vertex   1.535089e+02 -6.098939e+01 5.850000e+00
    endloop
  endfacet
  facet normal -9.659258e-01 -2.588190e-01 0.000000e+00
    outer loop
      vertex   1.535089e+02 -6.098939e+01 5.850000e+00
      vertex   1.535608e+02 -6.118302e+01 1.001667e+01
      vertex   1.535089e+02 -6.098939e+01 1.001667e+01
    endloop
  endfacet
  facet normal -9.063078e-01 -4.226183e-01 0.000000e+00
    outer loop
      vertex   1.535089e+02 -6.098939e+01 5.850000e+00
      vertex   1.535089e+02 -6.098939e+01 1.001667e+01
      vertex   1.534242e+02 -6.080771e+01 5.850000e+00
    endloop
  endfacet
  facet normal -9.063078e-01 -4.226183e-01 0.000000e+00
    outer loop
      vertex   1.534242e+02 -6.080771e+01 5.850000e+00
      vertex   1.535089e+02 -6.098939e+01 1.001667e+01
      vertex   1.534242e+02 -6.080771e+01 1.001667e+01
    endloop
  endfacet
  facet normal -8.191520e-01 -5.735764e-01 0.000000e+00
    outer loop
      vertex   1.534242e+02 -6.080771e+01 5.850000e+00
      vertex   1.534242e+02 -6.080771e+01 1.001667e+01
      vertex   1.533092e+02 -6.064351e+01 5.850000e+00
    endloop
  endfacet
  facet normal -8.191520e-01 -5.735764e-01 0.000000e+00
    outer loop
      vertex   1.533092e+02 -6.064351e+01 5.850000e+00
      vertex   1.534242e+02 -6.080771e+01 1.001667e+01
      vertex   1.533092e+02 -6.064351e+01 1.001667e+01
    endloop
  endfacet
  facet normal -7.071068e-01 -7.071068e-01 0.000000e+00
    outer loop
      vertex   1.533092e+02 -6.064351e+01 5.850000e+00
      vertex   1.533092e+02 -6.064351e+01 1.001667e+01
      vertex   1.531675e+02 -6.050176e+01 5.850000e+00
    endloop
  endfacet
  facet normal -7.071068e-01 -7.071068e-01 0.000000e+00
    outer loop
      vertex   1.531675e+02 -6.050176e+01 5.850000e+00
      vertex   1.533092e+02 -6.064351e+01 1.001667e+01
      vertex   1.531675e+02 -6.050176e+01 1.001667e+01
    endloop
  endfacet
  facet normal -5.735764e-01 -8.191520e-01 0.000000e+00
    outer loop
      vertex   1.531675e+02 -6.050176e+01 5.850000e+00
      vertex   1.531675e+02 -6.050176e+01 1.001667e+01
      vertex   1.530032e+02 -6.038678e+01 5.850000e+00
    endloop
  endfacet
  facet normal -5.735764e-01 -8.191520e-01 0.000000e+00
    outer loop
      vertex   1.530032e+02 -6.038678e+01 5.850000e+00
      vertex   1.531675e+02 -6.050176e+01 1.001667e+01
      vertex   1.530032e+02 -6.038678e+01 1.001667e+01
    endloop
  endfacet
  facet normal -4.226183e-01 -9.063078e-01 0.000000e+00
    outer loop
      vertex   1.530032e+02 -6.038678e+01 5.850000e+00
      vertex   1.530032e+02 -6.038678e+01 1.001667e+01
      vertex   1.528216e+02 -6.030206e+01 5.850000e+00
    endloop
  endfacet
  facet normal -4.226183e-01 -9.063078e-01 0.000000e+00
    outer loop
      vertex   1.528216e+02 -6.030206e+01 5.850000e+00
      vertex   1.530032e+02 -6.038678e+01 1.001667e+01
      vertex   1.528216e+02 -6.030206e+01 1.001667e+01
    endloop
  endfacet
  facet normal -2.588190e-01 -9.659258e-01 0.000000e+00
    outer loop
      vertex   1.528216e+02 -6.030206e+01 5.850000e+00
      vertex   1.528216e+02 -6.030206e+01 1.001667e+01
      vertex   1.526279e+02 -6.025018e+01 5.850000e+00
    endloop
  endfacet
  facet normal -2.588190e-01 -9.659258e-01 0.000000e+00
    outer loop
      vertex   1.526279e+02 -6.025018e+01 5.850000e+00
      vertex   1.528216e+02 -6.030206e+01 1.001667e+01
      vertex   1.526279e+02 -6.025018e+01 1.001667e+01
    endloop
  endfacet
  facet normal -8.715574e-02 -9.961947e-01 0.000000e+00
    outer loop
      vertex   1.526279e+02 -6.025018e+01 5.850000e+00
      vertex   1.526279e+02 -6.025018e+01 1.001667e+01
      vertex   1.524282e+02 -6.023271e+01 5.850000e+00
    endloop
  endfacet
  facet normal -8.715574e-02 -9.961947e-01 0.000000e+00
    outer loop
      vertex   1.524282e+02 -6.023271e+01 5.850000e+00
      vertex   1.526279e+02 -6.025018e+01 1.001667e+01
      vertex   1.524282e+02 -6.023271e+01 1.001667e+01
    endloop
  endfacet
  facet normal 8.715574e-02 -9.961947e-01 0.000000e+00
    outer loop
      vertex   1.524282e+02 -6.023271e+01 5.850000e+00
      vertex   1.524282e+02 -6.023271e+01 1.001667e+01
      vertex   1.522285e+02 -6.025018e+01 5.850000e+00
    endloop
  endfacet
  facet normal 8.715574e-02 -9.961947e-01 0.000000e+00
    outer loop
      vertex   1.522285e+02 -6.025018e+01 5.850000e+00
      vertex   1.524282e+02 -6.023271e+01 1.001667e+01
      vertex   1.522285e+02 -6.025018e+01 1.001667e+01
    endloop
  endfacet
  facet normal 2.588190e-01 -9.659258e-01 0.000000e+00
    outer loop
      vertex   1.522285e+02 -6.025018e+01 5.850000e+00
      vertex   1.522285e+02 -6.025018e+01 1.001667e+01
      vertex   1.520349e+02 -6.030206e+01 5.850000e+00
    endloop
  endfacet
  facet normal 2.588190e-01 -9.659258e-01 0.000000e+00
    outer loop
      vertex   1.520349e+02 -6.030206e+01 5.850000e+00
      vertex   1.522285e+02 -6.025018e+01 1.001667e+01
      vertex   1.520349e+02 -6.030206e+01 1.001667e+01
    endloop
  endfacet
  facet normal 4.226183e-01 -9.063078e-01 0.000000e+00
    outer loop
      vertex   1.520349e+02 -6.030206e+01 5.850000e+00
      vertex   1.520349e+02 -6.030206e+01 1.001667e+01
      vertex   1.518532e+02 -6.038678e+01 5.850000e+00
    endloop
  endfacet
  facet normal 4.226183e-01 -9.063078e-01 0.000000e+00
    outer loop
      vertex   1.518532e+02 -6.038678e+01 5.850000e+00
      vertex   1.520349e+02 -6.030206e+01 1.001667e+01
      vertex   1.518532e+02 -6.038678e+01 1.001667e+01
    endloop
  endfacet
  facet normal 5.735764e-01 -8.191520e-01 0.000000e+00
    outer loop
      vertex   1.518532e+02 -6.038678e+01 5.850000e+00
      vertex   1.518532e+02 -6.038678e+01 1.001667e+01
      vertex   1.516890e+02 -6.050176e+01 5.850000e+00
    endloop
  endfacet
  facet normal 5.735764e-01 -8.191520e-01 0.000000e+00
    outer loop
      vertex   1.516890e+02 -6.050176e+01 5.850000e+00
      vertex   1.518532e+02 -6.038678e+01 1.001667e+01
      vertex   1.516890e+02 -6.050176e+01 1.001667e+01
    endloop
  endfacet
  facet normal 7.071068e-01 -7.071068e-01 0.000000e+00
    outer loop
      vertex   1.516890e+02 -6.050176e+01 5.850000e+00
      vertex   1.516890e+02 -6.050176e+01 1.001667e+01
      vertex   1.515473e+02 -6.064351e+01 5.850000e+00
    endloop
  endfacet
  facet normal 7.071068e-01 -7.071068e-01 0.000000e+00
    outer loop
      vertex   1.515473e+02 -6.064351e+01 5.850000e+00
      vertex   1.516890e+02 -6.050176e+01 1.001667e+01
      vertex   1.515473e+02 -6.064351e+01 1.001667e+01
    endloop
  endfacet
  facet normal 8.191520e-01 -5.735764e-01 0.000000e+00
    outer loop
      vertex   1.515473e+02 -6.064351e+01 5.850000e+00
      vertex   1.515473e+02 -6.064351e+01 1.001667e+01
      vertex   1.514323e+02 -6.080771e+01 5.850000e+00
    endloop
  endfacet
  facet normal 8.191520e-01 -5.735764e-01 0.000000e+00
    outer loop
      vertex   1.514323e+02 -6.080771e+01 5.850000e+00
      vertex   1.515473e+02 -6.064351e+01 1.001667e+01
      vertex   1.514323e+02 -6.080771e+01 1.001667e+01
    endloop
  endfacet
  facet normal 9.063078e-01 -4.226183e-01 0.000000e+00
    outer loop
      vertex   1.514323e+02 -6.080771e+01 5.850000e+00
      vertex   1.514323e+02 -6.080771e+01 1.001667e+01
      vertex   1.513476e+02 -6.098939e+01 5.850000e+00
    endloop
  endfacet
  facet normal 9.063078e-01 -4.226183e-01 0.000000e+00
    outer loop
      vertex   1.513476e+02 -6.098939e+01 5.850000e+00
      vertex   1.514323e+02 -6.080771e+01 1.001667e+01
      vertex   1.513476e+02 -6.098939e+01 1.001667e+01
    endloop
  endfacet
  facet normal 9.659258e-01 -2.588190e-01 0.000000e+00
    outer loop
      vertex   1.513476e+02 -6.098939e+01 5.850000e+00
      vertex   1.513476e+02 -6.098939e+01 1.001667e+01
      vertex   1.512957e+02 -6.118302e+01 5.850000e+00
    endloop
  endfacet
  facet normal 9.659258e-01 -2.588190e-01 0.000000e+00
    outer loop
      vertex   1.512957e+02 -6.118302e+01 5.850000e+00
      vertex   1.513476e+02 -6.098939e+01 1.001667e+01
      vertex   1.512957e+02 -6.118302e+01 1.001667e+01
    endloop
  endfacet
  facet normal 9.961947e-01 -8.715574e-02 0.000000e+00
    outer loop
      vertex   1.512957e+02 -6.118302e+01 5.850000e+00
      vertex   1.512957e+02 -6.118302e+01 1.001667e+01
      vertex   1.512782e+02 -6.138271e+01 5.850000e+00
    endloop
  endfacet
  facet normal 9.961947e-01 -8.715574e-02 0.000000e+00
    outer loop
      vertex   1.512782e+02 -6.138271e+01 5.850000e+00
      vertex   1.512957e+02 -6.118302e+01 1.001667e+01
      vertex   1.512782e+02 -6.138271e+01 1.001667e+01
    endloop
  endfacet
  facet normal 9.961947e-01 8.715574e-02 -0.000000e+00
    outer loop
      vertex   1.512782e+02 -6.138271e+01 5.850000e+00
      vertex   1.512782e+02 -6.138271e+01 1.001667e+01
      vertex   1.512957e+02 -6.158241e+01 5.850000e+00
    endloop
  endfacet
  facet normal 9.961947e-01 8.715574e-02 -0.000000e+00
    outer loop
      vertex   1.512957e+02 -6.158241e+01 5.850000e+00
      vertex   1.512782e+02 -6.138271e+01 1.001667e+01
      vertex   1.512957e+02 -6.158241e+01 1.001667e+01
    endloop
  endfacet
  facet normal 9.659258e-01 2.588190e-01 -0.000000e+00
    outer loop
      vertex   1.512957e+02 -6.158241e+01 5.850000e+00
      vertex   1.512957e+02 -6.158241e+01 1.001667e+01
      vertex   1.513476e+02 -6.177603e+01 5.850000e+00
    endloop
  endfacet
  facet normal 9.659258e-01 2.588190e-01 -0.000000e+00
    outer loop
      vertex   1.513476e+02 -6.177603e+01 5.850000e+00
      vertex   1.512957e+02 -6.158241e+01 1.001667e+01
      vertex   1.513476e+02 -6.177603e+01 1.001667e+01
    endloop
  endfacet
  facet normal 9.063078e-01 4.226183e-01 -0.000000e+00
    outer loop
      vertex   1.513476e+02 -6.177603e+01 5.850000e+00
      vertex   1.513476e+02 -6.177603e+01 1.001667e+01
      vertex   1.514323e+02 -6.195771e+01 5.850000e+00
    endloop
  endfacet
  facet normal 9.063078e-01 4.226183e-01 -0.000000e+00
    outer loop
      vertex   1.514323e+02 -6.195771e+01 5.850000e+00
      vertex   1.513476e+02 -6.177603e+01 1.001667e+01
      vertex   1.514323e+02 -6.195771e+01 1.001667e+01
    endloop
  endfacet
  facet normal 8.191520e-01 5.735764e-01 -0.000000e+00
    outer loop
      vertex   1.514323e+02 -6.195771e+01 5.850000e+00
      vertex   1.514323e+02 -6.195771e+01 1.001667e+01
      vertex   1.515473e+02 -6.212192e+01 5.850000e+00
    endloop
  endfacet
  facet normal 8.191520e-01 5.735764e-01 -0.000000e+00
    outer loop
      vertex   1.515473e+02 -6.212192e+01 5.850000e+00
      vertex   1.514323e+02 -6.195771e+01 1.001667e+01
      vertex   1.515473e+02 -6.212192e+01 1.001667e+01
    endloop
  endfacet
  facet normal 7.071068e-01 7.071068e-01 -0.000000e+00
    outer loop
      vertex   1.515473e+02 -6.212192e+01 5.850000e+00
      vertex   1.515473e+02 -6.212192e+01 1.001667e+01
      vertex   1.516890e+02 -6.226366e+01 5.850000e+00
    endloop
  endfacet
  facet normal 7.071068e-01 7.071068e-01 -0.000000e+00
    outer loop
      vertex   1.516890e+02 -6.226366e+01 5.850000e+00
      vertex   1.515473e+02 -6.212192e+01 1.001667e+01
      vertex   1.516890e+02 -6.226366e+01 1.001667e+01
    endloop
  endfacet
  facet normal 5.735764e-01 8.191520e-01 -0.000000e+00
    outer loop
      vertex   1.516890e+02 -6.226366e+01 5.850000e+00
      vertex   1.516890e+02 -6.226366e+01 1.001667e+01
      vertex   1.518532e+02 -6.237864e+01 5.850000e+00
    endloop
  endfacet
  facet normal 5.735764e-01 8.191520e-01 -0.000000e+00
    outer loop
      vertex   1.518532e+02 -6.237864e+01 5.850000e+00
      vertex   1.516890e+02 -6.226366e+01 1.001667e+01
      vertex   1.518532e+02 -6.237864e+01 1.001667e+01
    endloop
  endfacet
  facet normal 4.226183e-01 9.063078e-01 -0.000000e+00
    outer loop
      vertex   1.518532e+02 -6.237864e+01 5.850000e+00
      vertex   1.518532e+02 -6.237864e+01 1.001667e+01
      vertex   1.520349e+02 -6.246336e+01 5.850000e+00
    endloop
  endfacet
  facet normal 4.226183e-01 9.063078e-01 -0.000000e+00
    outer loop
      vertex   1.520349e+02 -6.246336e+01 5.850000e+00
      vertex   1.518532e+02 -6.237864e+01 1.001667e+01
      vertex   1.520349e+02 -6.246336e+01 1.001667e+01
    endloop
  endfacet
  facet normal 2.588190e-01 9.659258e-01 -0.000000e+00
    outer loop
      vertex   1.520349e+02 -6.246336e+01 5.850000e+00
      vertex   1.520349e+02 -6.246336e+01 1.001667e+01
      vertex   1.522285e+02 -6.251524e+01 5.850000e+00
    endloop
  endfacet
  facet normal 2.588190e-01 9.659258e-01 -0.000000e+00
    outer loop
      vertex   1.522285e+02 -6.251524e+01 5.850000e+00
      vertex   1.520349e+02 -6.246336e+01 1.001667e+01
      vertex   1.522285e+02 -6.251524e+01 1.001667e+01
    endloop
  endfacet
  facet normal 8.715574e-02 9.961947e-01 -0.000000e+00
    outer loop
      vertex   1.522285e+02 -6.251524e+01 5.850000e+00
      vertex   1.522285e+02 -6.251524e+01 1.001667e+01
      vertex   1.524282e+02 -6.253271e+01 5.850000e+00
    endloop
  endfacet
  facet normal 8.715574e-02 9.961947e-01 -0.000000e+00
    outer loop
      vertex   1.524282e+02 -6.253271e+01 5.850000e+00
      vertex   1.522285e+02 -6.251524e+01 1.001667e+01
      vertex   1.524282e+02 -6.253271e+01 1.001667e+01
    endloop
  endfacet
  facet normal -8.715574e-02 9.961947e-01 0.000000e+00
    outer loop
      vertex   1.524282e+02 -6.253271e+01 5.850000e+00
      vertex   1.524282e+02 -6.253271e+01 1.001667e+01
      vertex   1.526279e+02 -6.251524e+01 5.850000e+00
    endloop
  endfacet
  facet normal -8.715574e-02 9.961947e-01 0.000000e+00
    outer loop
      vertex   1.526279e+02 -6.251524e+01 5.850000e+00
      vertex   1.524282e+02 -6.253271e+01 1.001667e+01
      vertex   1.526279e+02 -6.251524e+01 1.001667e+01
    endloop
  endfacet
  facet normal -2.588190e-01 9.659258e-01 0.000000e+00
    outer loop
      vertex   1.526279e+02 -6.251524e+01 5.850000e+00
      vertex   1.526279e+02 -6.251524e+01 1.001667e+01
      vertex   1.528216e+02 -6.246336e+01 5.850000e+00
    endloop
  endfacet
  facet normal -2.588190e-01 9.659258e-01 0.000000e+00
    outer loop
      vertex   1.528216e+02 -6.246336e+01 5.850000e+00
      vertex   1.526279e+02 -6.251524e+01 1.001667e+01
      vertex   1.528216e+02 -6.246336e+01 1.001667e+01
    endloop
  endfacet
  facet normal -4.226183e-01 9.063078e-01 0.000000e+00
    outer loop
      vertex   1.528216e+02 -6.246336e+01 5.850000e+00
      vertex   1.528216e+02 -6.246336e+01 1.001667e+01
      vertex   1.530032e+02 -6.237864e+01 5.850000e+00
    endloop
  endfacet
  facet normal -4.226183e-01 9.063078e-01 0.000000e+00
    outer loop
      vertex   1.530032e+02 -6.237864e+01 5.850000e+00
      vertex   1.528216e+02 -6.246336e+01 1.001667e+01
      vertex   1.530032e+02 -6.237864e+01 1.001667e+01
    endloop
  endfacet
  facet normal -5.735764e-01 8.191520e-01 0.000000e+00
    outer loop
      vertex   1.530032e+02 -6.237864e+01 5.850000e+00
      vertex   1.530032e+02 -6.237864e+01 1.001667e+01
      vertex   1.531675e+02 -6.226366e+01 5.850000e+00
    endloop
  endfacet
  facet normal -5.735764e-01 8.191520e-01 0.000000e+00
    outer loop
      vertex   1.531675e+02 -6.226366e+01 5.850000e+00
      vertex   1.530032e+02 -6.237864e+01 1.001667e+01
      vertex   1.531675e+02 -6.226366e+01 1.001667e+01
    endloop
  endfacet
  facet normal -7.071068e-01 7.071068e-01 0.000000e+00
    outer loop
      vertex   1.531675e+02 -6.226366e+01 5.850000e+00
      vertex   1.531675e+02 -6.226366e+01 1.001667e+01
      vertex   1.533092e+02 -6.212192e+01 5.850000e+00
    endloop
  endfacet
  facet normal -7.071068e-01 7.071068e-01 0.000000e+00
    outer loop
      vertex   1.533092e+02 -6.212192e+01 5.850000e+00
      vertex   1.531675e+02 -6.226366e+01 1.001667e+01
      vertex   1.533092e+02 -6.212192e+01 1.001667e+01
    endloop
  endfacet
  facet normal -8.191520e-01 5.735764e-01 0.000000e+00
    outer loop
      vertex   1.533092e+02 -6.212192e+01 5.850000e+00
      vertex   1.533092e+02 -6.212192e+01 1.001667e+01
      vertex   1.534242e+02 -6.195771e+01 5.850000e+00
    endloop
  endfacet
  facet normal -8.191520e-01 5.735764e-01 0.000000e+00
    outer loop
      vertex   1.534242e+02 -6.195771e+01 5.850000e+00
      vertex   1.533092e+02 -6.212192e+01 1.001667e+01
      vertex   1.534242e+02 -6.195771e+01 1.001667e+01
    endloop
  endfacet
  facet normal -9.063078e-01 4.226183e-01 0.000000e+00
    outer loop
      vertex   1.534242e+02 -6.195771e+01 5.850000e+00
      vertex   1.534242e+02 -6.195771e+01 1.001667e+01
      vertex   1.535089e+02 -6.177603e+01 5.850000e+00
    endloop
  endfacet
  facet normal -9.063078e-01 4.226183e-01 0.000000e+00
    outer loop
      vertex   1.535089e+02 -6.177603e+01 5.850000e+00
      vertex   1.534242e+02 -6.195771e+01 1.001667e+01
      vertex   1.535089e+02 -6.177603e+01 1.001667e+01
    endloop
  endfacet
  facet normal -9.659258e-01 2.588190e-01 0.000000e+00
    outer loop
      vertex   1.535089e+02 -6.177603e+01 5.850000e+00
      vertex   1.535089e+02 -6.177603e+01 1.001667e+01
      vertex   1.535608e+02 -6.158241e+01 5.850000e+00
    endloop
  endfacet
  facet normal -9.659258e-01 2.588190e-01 0.000000e+00
    outer loop
      vertex   1.535608e+02 -6.158241e+01 5.850000e+00
      vertex   1.535089e+02 -6.177603e+01 1.001667e+01
      vertex   1.535608e+02 -6.158241e+01 1.001667e+01
    endloop
  endfacet
  facet normal -9.961947e-01 8.715574e-02 0.000000e+00
    outer loop
      vertex   1.535782e+02 -6.138271e+01 1.418333e+01
      vertex   1.535782e+02 -6.138271e+01 1.001667e+01
      vertex   1.535608e+02 -6.158241e+01 1.418333e+01
    endloop
  endfacet
  facet normal -9.961947e-01 8.715574e-02 0.000000e+00
    outer loop
      vertex   1.535608e+02 -6.158241e+01 1.418333e+01
      vertex   1.535782e+02 -6.138271e+01 1.001667e+01
      vertex   1.535608e+02 -6.158241e+01 1.001667e+01
    endloop
  endfacet
  facet normal -9.659258e-01 2.588190e-01 0.000000e+00
    outer loop
      vertex   1.535608e+02 -6.158241e+01 1.418333e+01
      vertex   1.535608e+02 -6.158241e+01 1.001667e+01
      vertex   1.535089e+02 -6.177603e+01 1.418333e+01
    endloop
  endfacet
  facet normal -9.659258e-01 2.588190e-01 0.000000e+00
    outer loop
      vertex   1.535089e+02 -6.177603e+01 1.418333e+01
      vertex   1.535608e+02 -6.158241e+01 1.001667e+01
      vertex   1.535089e+02 -6.177603e+01 1.001667e+01
    endloop
  endfacet
  facet normal -9.063078e-01 4.226183e-01 0.000000e+00
    outer loop
      vertex   1.535089e+02 -6.177603e+01 1.418333e+01
      vertex   1.535089e+02 -6.177603e+01 1.001667e+01
      vertex   1.534242e+02 -6.195771e+01 1.418333e+01
    endloop
  endfacet
  facet normal -9.063078e-01 4.226183e-01 0.000000e+00
    outer loop
      vertex   1.534242e+02 -6.195771e+01 1.418333e+01
      vertex   1.535089e+02 -6.177603e+01 1.001667e+01
      vertex   1.534242e+02 -6.195771e+01 1.001667e+01
    endloop
  endfacet
  facet normal -8.191520e-01 5.735764e-01 0.000000e+00
    outer loop
      vertex   1.534242e+02 -6.195771e+01 1.418333e+01
      vertex   1.534242e+02 -6.195771e+01 1.001667e+01
      vertex   1.533092e+02 -6.212192e+01 1.418333e+01
    endloop
  endfacet
  facet normal -8.191520e-01 5.735764e-01 0.000000e+00
    outer loop
      vertex   1.533092e+02 -6.212192e+01 1.418333e+01
      vertex   1.534242e+02 -6.195771e+01 1.001667e+01
      vertex   1.533092e+02 -6.212192e+01 1.001667e+01
    endloop
  endfacet
  facet normal -7.071068e-01 7.071068e-01 0.000000e+00
    outer loop
      vertex   1.533092e+02 -6.212192e+01 1.418333e+01
      vertex   1.533092e+02 -6.212192e+01 1.001667e+01
      vertex   1.531675e+02 -6.226366e+01 1.418333e+01
    endloop
  endfacet
  facet normal -7.071068e-01 7.071068e-01 0.000000e+00
    outer loop
      vertex   1.531675e+02 -6.226366e+01 1.418333e+01
      vertex   1.533092e+02 -6.212192e+01 1.001667e+01
      vertex   1.531675e+02 -6.226366e+01 1.001667e+01
    endloop
  endfacet
  facet normal -5.735764e-01 8.191520e-01 0.000000e+00
    outer loop
      vertex   1.531675e+02 -6.226366e+01 1.418333e+01
      vertex   1.531675e+02 -6.226366e+01 1.001667e+01
      vertex   1.530032e+02 -6.237864e+01 1.418333e+01
    endloop
  endfacet
  facet normal -5.735764e-01 8.191520e-01 0.000000e+00
    outer loop
      vertex   1.530032e+02 -6.237864e+01 1.418333e+01
      vertex   1.531675e+02 -6.226366e+01 1.001667e+01
      vertex   1.530032e+02 -6.237864e+01 1.001667e+01
    endloop
  endfacet
  facet normal -4.226183e-01 9.063078e-01 0.000000e+00
    outer loop
      vertex   1.530032e+02 -6.237864e+01 1.418333e+01
      vertex   1.530032e+02 -6.237864e+01 1.001667e+01
      vertex   1.528216e+02 -6.246336e+01 1.418333e+01
    endloop
  endfacet
  facet normal -4.226183e-01 9.063078e-01 0.000000e+00
    outer loop
      vertex   1.528216e+02 -6.246336e+01 1.418333e+01
      vertex   1.530032e+02 -6.237864e+01 1.001667e+01
      vertex   1.528216e+02 -6.246336e+01 1.001667e+01
    endloop
  endfacet
  facet normal -2.588190e-01 9.659258e-01 0.000000e+00
    outer loop
      vertex   1.528216e+02 -6.246336e+01 1.418333e+01
      vertex   1.528216e+02 -6.246336e+01 1.001667e+01
      vertex   1.526279e+02 -6.251524e+01 1.418333e+01
    endloop
  endfacet
  facet normal -2.588190e-01 9.659258e-01 0.000000e+00
    outer loop
      vertex   1.526279e+02 -6.251524e+01 1.418333e+01
      vertex   1.528216e+02 -6.246336e+01 1.001667e+01
      vertex   1.526279e+02 -6.251524e+01 1.001667e+01
    endloop
  endfacet
  facet normal -8.715574e-02 9.961947e-01 0.000000e+00
    outer loop
      vertex   1.526279e+02 -6.251524e+01 1.418333e+01
      vertex   1.526279e+02 -6.251524e+01 1.001667e+01
      vertex   1.524282e+02 -6.253271e+01 1.418333e+01
    endloop
  endfacet
  facet normal -8.715574e-02 9.961947e-01 0.000000e+00
    outer loop
      vertex   1.524282e+02 -6.253271e+01 1.418333e+01
      vertex   1.526279e+02 -6.251524e+01 1.001667e+01
      vertex   1.524282e+02 -6.253271e+01 1.001667e+01
    endloop
  endfacet
  facet normal 8.715574e-02 9.961947e-01 0.000000e+00
    outer loop
      vertex   1.524282e+02 -6.253271e+01 1.418333e+01
      vertex   1.524282e+02 -6.253271e+01 1.001667e+01
      vertex   1.522285e+02 -6.251524e+01 1.418333e+01
    endloop
  endfacet
  facet normal 8.715574e-02 9.961947e-01 0.000000e+00
    outer loop
      vertex   1.522285e+02 -6.251524e+01 1.418333e+01
      vertex   1.524282e+02 -6.253271e+01 1.001667e+01
      vertex   1.522285e+02 -6.251524e+01 1.001667e+01
    endloop
  endfacet
  facet normal 2.588190e-01 9.659258e-01 0.000000e+00
    outer loop
      vertex   1.522285e+02 -6.251524e+01 1.418333e+01
      vertex   1.522285e+02 -6.251524e+01 1.001667e+01
      vertex   1.520349e+02 -6.246336e+01 1.418333e+01
    endloop
  endfacet
  facet normal 2.588190e-01 9.659258e-01 0.000000e+00
    outer loop
      vertex   1.520349e+02 -6.246336e+01 1.418333e+01
      vertex   1.522285e+02 -6.251524e+01 1.001667e+01
      vertex   1.520349e+02 -6.246336e+01 1.001667e+01
    endloop
  endfacet
  facet normal 4.226183e-01 9.063078e-01 0.000000e+00
    outer loop
      vertex   1.520349e+02 -6.246336e+01 1.418333e+01
      vertex   1.520349e+02 -6.246336e+01 1.001667e+01
      vertex   1.518532e+02 -6.237864e+01 1.418333e+01
    endloop
  endfacet
  facet normal 4.226183e-01 9.063078e-01 0.000000e+00
    outer loop
      vertex   1.518532e+02 -6.237864e+01 1.418333e+01
      vertex   1.520349e+02 -6.246336e+01 1.001667e+01
      vertex   1.518532e+02 -6.237864e+01 1.001667e+01
    endloop
  endfacet
  facet normal 5.735764e-01 8.191520e-01 0.000000e+00
    outer loop
      vertex   1.518532e+02 -6.237864e+01 1.418333e+01
      vertex   1.518532e+02 -6.237864e+01 1.001667e+01
      vertex   1.516890e+02 -6.226366e+01 1.418333e+01
    endloop
  endfacet
  facet normal 5.735764e-01 8.191520e-01 0.000000e+00
    outer loop
      vertex   1.516890e+02 -6.226366e+01 1.418333e+01
      vertex   1.518532e+02 -6.237864e+01 1.001667e+01
      vertex   1.516890e+02 -6.226366e+01 1.001667e+01
    endloop
  endfacet
  facet normal 7.071068e-01 7.071068e-01 0.000000e+00
    outer loop
      vertex   1.516890e+02 -6.226366e+01 1.418333e+01
      vertex   1.516890e+02 -6.226366e+01 1.001667e+01
      vertex   1.515473e+02 -6.212192e+01 1.418333e+01
    endloop
  endfacet
  facet normal 7.071068e-01 7.071068e-01 0.000000e+00
    outer loop
      vertex   1.515473e+02 -6.212192e+01 1.418333e+01
      vertex   1.516890e+02 -6.226366e+01 1.001667e+01
      vertex   1.515473e+02 -6.212192e+01 1.001667e+01
    endloop
  endfacet
  facet normal 8.191520e-01 5.735764e-01 0.000000e+00
    outer loop
      vertex   1.515473e+02 -6.212192e+01 1.418333e+01
      vertex   1.515473e+02 -6.212192e+01 1.001667e+01
      vertex   1.514323e+02 -6.195771e+01 1.418333e+01
    endloop
  endfacet
  facet normal 8.191520e-01 5.735764e-01 0.000000e+00
    outer loop
      vertex   1.514323e+02 -6.195771e+01 1.418333e+01
      vertex   1.515473e+02 -6.212192e+01 1.001667e+01
      vertex   1.514323e+02 -6.195771e+01 1.001667e+01
    endloop
  endfacet
  facet normal 9.063078e-01 4.226183e-01 0.000000e+00
    outer loop
      vertex   1.514323e+02 -6.195771e+01 1.418333e+01
      vertex   1.514323e+02 -6.195771e+01 1.001667e+01
      vertex   1.513476e+02 -6.177603e+01 1.418333e+01
    endloop
  endfacet
  facet normal 9.063078e-01 4.226183e-01 0.000000e+00
    outer loop
      vertex   1.513476e+02 -6.177603e+01 1.418333e+01
      vertex   1.514323e+02 -6.195771e+01 1.001667e+01
      vertex   1.513476e+02 -6.177603e+01 1.001667e+01
    endloop
  endfacet
  facet normal 9.659258e-01 2.588190e-01 0.000000e+00
    outer loop
      vertex   1.513476e+02 -6.177603e+01 1.418333e+01
      vertex   1.513476e+02 -6.177603e+01 1.001667e+01
      vertex   1.512957e+02 -6.158241e+01 1.418333e+01
    endloop
  endfacet
  facet normal 9.659258e-01 2.588190e-01 0.000000e+00
    outer loop
      vertex   1.512957e+02 -6.158241e+01 1.418333e+01
      vertex   1.513476e+02 -6.177603e+01 1.001667e+01
      vertex   1.512957e+02 -6.158241e+01 1.001667e+01
    endloop
  endfacet
  facet normal 9.961947e-01 8.715574e-02 0.000000e+00
    outer loop
      vertex   1.512957e+02 -6.158241e+01 1.418333e+01
      vertex   1.512957e+02 -6.158241e+01 1.001667e+01
      vertex   1.512782e+02 -6.138271e+01 1.418333e+01
    endloop
  endfacet
  facet normal 9.961947e-01 8.715574e-02 0.000000e+00
    outer loop
      vertex   1.512782e+02 -6.138271e+01 1.418333e+01
      vertex   1.512957e+02 -6.158241e+01 1.001667e+01
      vertex   1.512782e+02 -6.138271e+01 1.001667e+01
    endloop
  endfacet
  facet normal 9.961947e-01 -8.715574e-02 0.000000e+00
    outer loop
      vertex   1.512782e+02 -6.138271e+01 1.418333e+01
      vertex   1.512782e+02 -6.138271e+01 1.001667e+01
      vertex   1.512957e+02 -6.118302e+01 1.418333e+01
    endloop
  endfacet
  facet normal 9.961947e-01 -8.715574e-02 0.000000e+00
    outer loop
      vertex   1.512957e+02 -6.118302e+01 1.418333e+01
      vertex   1.512782e+02 -6.138271e+01 1.001667e+01
      vertex   1.512957e+02 -6.118302e+01 1.001667e+01
    endloop
  endfacet
  facet normal 9.659258e-01 -2.588190e-01 0.000000e+00
    outer loop
      vertex   1.512957e+02 -6.118302e+01 1.418333e+01
      vertex   1.512957e+02 -6.118302e+01 1.001667e+01
      vertex   1.513476e+02 -6.098939e+01 1.418333e+01
    endloop
  endfacet
  facet normal 9.659258e-01 -2.588190e-01 0.000000e+00
    outer loop
      vertex   1.513476e+02 -6.098939e+01 1.418333e+01
      vertex   1.512957e+02 -6.118302e+01 1.001667e+01
      vertex   1.513476e+02 -6.098939e+01 1.001667e+01
    endloop
  endfacet
  facet normal 9.063078e-01 -4.226183e-01 0.000000e+00
    outer loop
      vertex   1.513476e+02 -6.098939e+01 1.418333e+01
      vertex   1.513476e+02 -6.098939e+01 1.001667e+01
      vertex   1.514323e+02 -6.080771e+01 1.418333e+01
    endloop
  endfacet
  facet normal 9.063078e-01 -4.226183e-01 0.000000e+00
    outer loop
      vertex   1.514323e+02 -6.080771e+01 1.418333e+01
      vertex   1.513476e+02 -6.098939e+01 1.001667e+01
      vertex   1.514323e+02 -6.080771e+01 1.001667e+01
    endloop
  endfacet
  facet normal 8.191520e-01 -5.735764e-01 0.000000e+00
    outer loop
      vertex   1.514323e+02 -6.080771e+01 1.418333e+01
      vertex   1.514323e+02 -6.080771e+01 1.001667e+01
      vertex   1.515473e+02 -6.064351e+01 1.418333e+01
    endloop
  endfacet
  facet normal 8.191520e-01 -5.735764e-01 0.000000e+00
    outer loop
      vertex   1.515473e+02 -6.064351e+01 1.418333e+01
      vertex   1.514323e+02 -6.080771e+01 1.001667e+01
      vertex   1.515473e+02 -6.064351e+01 1.001667e+01
    endloop
  endfacet
  facet normal 7.071068e-01 -7.071068e-01 0.000000e+00
    outer loop
      vertex   1.515473e+02 -6.064351e+01 1.418333e+01
      vertex   1.515473e+02 -6.064351e+01 1.001667e+01
      vertex   1.516890e+02 -6.050176e+01 1.418333e+01
    endloop
  endfacet
  facet normal 7.071068e-01 -7.071068e-01 0.000000e+00
    outer loop
      vertex   1.516890e+02 -6.050176e+01 1.418333e+01
      vertex   1.515473e+02 -6.064351e+01 1.001667e+01
      vertex   1.516890e+02 -6.050176e+01 1.001667e+01
    endloop
  endfacet
  facet normal 5.735764e-01 -8.191520e-01 0.000000e+00
    outer loop
      vertex   1.516890e+02 -6.050176e+01 1.418333e+01
      vertex   1.516890e+02 -6.050176e+01 1.001667e+01
      vertex   1.518532e+02 -6.038678e+01 1.418333e+01
    endloop
  endfacet
  facet normal 5.735764e-01 -8.191520e-01 0.000000e+00
    outer loop
      vertex   1.518532e+02 -6.038678e+01 1.418333e+01
      vertex   1.516890e+02 -6.050176e+01 1.001667e+01
      vertex   1.518532e+02 -6.038678e+01 1.001667e+01
    endloop
  endfacet
  facet normal 4.226183e-01 -9.063078e-01 0.000000e+00
    outer loop
      vertex   1.518532e+02 -6.038678e+01 1.418333e+01
      vertex   1.518532e+02 -6.038678e+01 1.001667e+01
      vertex   1.520349e+02 -6.030206e+01 1.418333e+01
    endloop
  endfacet
  facet normal 4.226183e-01 -9.063078e-01 0.000000e+00
    outer loop
      vertex   1.520349e+02 -6.030206e+01 1.418333e+01
      vertex   1.518532e+02 -6.038678e+01 1.001667e+01
      vertex   1.520349e+02 -6.030206e+01 1.001667e+01
    endloop
  endfacet
  facet normal 2.588190e-01 -9.659258e-01 0.000000e+00
    outer loop
      vertex   1.520349e+02 -6.030206e+01 1.418333e+01
      vertex   1.520349e+02 -6.030206e+01 1.001667e+01
      vertex   1.522285e+02 -6.025018e+01 1.418333e+01
    endloop
  endfacet
  facet normal 2.588190e-01 -9.659258e-01 0.000000e+00
    outer loop
      vertex   1.522285e+02 -6.025018e+01 1.418333e+01
      vertex   1.520349e+02 -6.030206e+01 1.001667e+01
      vertex   1.522285e+02 -6.025018e+01 1.001667e+01
    endloop
  endfacet
  facet normal 8.715574e-02 -9.961947e-01 0.000000e+00
    outer loop
      vertex   1.522285e+02 -6.025018e+01 1.418333e+01
      vertex   1.522285e+02 -6.025018e+01 1.001667e+01
      vertex   1.524282e+02 -6.023271e+01 1.418333e+01
    endloop
  endfacet
  facet normal 8.715574e-02 -9.961947e-01 0.000000e+00
    outer loop
      vertex   1.524282e+02 -6.023271e+01 1.418333e+01
      vertex   1.522285e+02 -6.025018e+01 1.001667e+01
      vertex   1.524282e+02 -6.023271e+01 1.001667e+01
    endloop
  endfacet
  facet normal -8.715574e-02 -9.961947e-01 -0.000000e+00
    outer loop
      vertex   1.524282e+02 -6.023271e+01 1.418333e+01
      vertex   1.524282e+02 -6.023271e+01 1.001667e+01
      vertex   1.526279e+02 -6.025018e+01 1.418333e+01
    endloop
  endfacet
  facet normal -8.715574e-02 -9.961947e-01 -0.000000e+00
    outer loop
      vertex   1.526279e+02 -6.025018e+01 1.418333e+01
      vertex   1.524282e+02 -6.023271e+01 1.001667e+01
      vertex   1.526279e+02 -6.025018e+01 1.001667e+01
    endloop
  endfacet
  facet normal -2.588190e-01 -9.659258e-01 -0.000000e+00
    outer loop
      vertex   1.526279e+02 -6.025018e+01 1.418333e+01
      vertex   1.526279e+02 -6.025018e+01 1.001667e+01
      vertex   1.528216e+02 -6.030206e+01 1.418333e+01
    endloop
  endfacet
  facet normal -2.588190e-01 -9.659258e-01 -0.000000e+00
    outer loop
      vertex   1.528216e+02 -6.030206e+01 1.418333e+01
      vertex   1.526279e+02 -6.025018e+01 1.001667e+01
      vertex   1.528216e+02 -6.030206e+01 1.001667e+01
    endloop
  endfacet
  facet normal -4.226183e-01 -9.063078e-01 -0.000000e+00
    outer loop
      vertex   1.528216e+02 -6.030206e+01 1.418333e+01
      vertex   1.528216e+02 -6.030206e+01 1.001667e+01
      vertex   1.530032e+02 -6.038678e+01 1.418333e+01
    endloop
  endfacet
  facet normal -4.226183e-01 -9.063078e-01 -0.000000e+00
    outer loop
      vertex   1.530032e+02 -6.038678e+01 1.418333e+01
      vertex   1.528216e+02 -6.030206e+01 1.001667e+01
      vertex   1.530032e+02 -6.038678e+01 1.001667e+01
    endloop
  endfacet
  facet normal -5.735764e-01 -8.191520e-01 -0.000000e+00
    outer loop
      vertex   1.530032e+02 -6.038678e+01 1.418333e+01
      vertex   1.530032e+02 -6.038678e+01 1.001667e+01
      vertex   1.531675e+02 -6.050176e+01 1.418333e+01
    endloop
  endfacet
  facet normal -5.735764e-01 -8.191520e-01 -0.000000e+00
    outer loop
      vertex   1.531675e+02 -6.050176e+01 1.418333e+01
      vertex   1.530032e+02 -6.038678e+01 1.001667e+01
      vertex   1.531675e+02 -6.050176e+01 1.001667e+01
    endloop
  endfacet
  facet normal -7.071068e-01 -7.071068e-01 -0.000000e+00
    outer loop
      vertex   1.531675e+02 -6.050176e+01 1.418333e+01
      vertex   1.531675e+02 -6.050176e+01 1.001667e+01
      vertex   1.533092e+02 -6.064351e+01 1.418333e+01
    endloop
  endfacet
  facet normal -7.071068e-01 -7.071068e-01 -0.000000e+00
    outer loop
      vertex   1.533092e+02 -6.064351e+01 1.418333e+01
      vertex   1.531675e+02 -6.050176e+01 1.001667e+01
      vertex   1.533092e+02 -6.064351e+01 1.001667e+01
    endloop
  endfacet
  facet normal -8.191520e-01 -5.735764e-01 -0.000000e+00
    outer loop
      vertex   1.533092e+02 -6.064351e+01 1.418333e+01
      vertex   1.533092e+02 -6.064351e+01 1.001667e+01
      vertex   1.534242e+02 -6.080771e+01 1.418333e+01
    endloop
  endfacet
  facet normal -8.191520e-01 -5.735764e-01 -0.000000e+00
    outer loop
      vertex   1.534242e+02 -6.080771e+01 1.418333e+01
      vertex   1.533092e+02 -6.064351e+01 1.001667e+01
      vertex   1.534242e+02 -6.080771e+01 1.001667e+01
    endloop
  endfacet
  facet normal -9.063078e-01 -4.226183e-01 -0.000000e+00
    outer loop
      vertex   1.534242e+02 -6.080771e+01 1.418333e+01
      vertex   1.534242e+02 -6.080771e+01 1.001667e+01
      vertex   1.535089e+02 -6.098939e+01 1.418333e+01
    endloop
  endfacet
  facet normal -9.063078e-01 -4.226183e-01 -0.000000e+00
    outer loop
      vertex   1.535089e+02 -6.098939e+01 1.418333e+01
      vertex   1.534242e+02 -6.080771e+01 1.001667e+01
      vertex   1.535089e+02 -6.098939e+01 1.001667e+01
    endloop
  endfacet
  facet normal -9.659258e-01 -2.588190e-01 -0.000000e+00
    outer loop
      vertex   1.535089e+02 -6.098939e+01 1.418333e+01
      vertex   1.535089e+02 -6.098939e+01 1.001667e+01
      vertex   1.535608e+02 -6.118302e+01 1.418333e+01
    endloop
  endfacet
  facet normal -9.659258e-01 -2.588190e-01 -0.000000e+00
    outer loop
      vertex   1.535608e+02 -6.118302e+01 1.418333e+01
      vertex   1.535089e+02 -6.098939e+01 1.001667e+01
      vertex   1.535608e+02 -6.118302e+01 1.001667e+01
    endloop
  endfacet
  facet normal -9.961947e-01 -8.715574e-02 -0.000000e+00
    outer loop
      vertex   1.535608e+02 -6.118302e+01 1.418333e+01
      vertex   1.535608e+02 -6.118302e+01 1.001667e+01
      vertex   1.535782e+02 -6.138271e+01 1.418333e+01
    endloop
  endfacet
  facet normal -9.961947e-01 -8.715574e-02 -0.000000e+00
    outer loop
      vertex   1.535782e+02 -6.138271e+01 1.418333e+01
      vertex   1.535608e+02 -6.118302e+01 1.001667e+01
      vertex   1.535782e+02 -6.138271e+01 1.001667e+01
    endloop
  endfacet
  facet normal 0.000000e+00 0.000000e+00 -1.000000e+00
    outer loop
      vertex   1.535608e+02 -6.158241e+01 1.835000e+01
      vertex   1.512957e+02 -6.158241e+01 1.835000e+01
      vertex   1.535782e+02 -6.138271e+01 1.835000e+01
    endloop
  endfacet
  facet normal -0.000000e+00 0.000000e+00 -1.000000e+00
    outer loop
      vertex   1.535782e+02 -6.138271e+01 1.835000e+01
      vertex   1.512957e+02 -6.158241e+01 1.835000e+01
      vertex   1.512782e+02 -6.138271e+01 1.835000e+01
    endloop
  endfacet
  facet normal 0.000000e+00 0.000000e+00 -1.000000e+00
    outer loop
      vertex   1.535782e+02 -6.138271e+01 1.835000e+01
      vertex   1.512782e+02 -6.138271e+01 1.835000e+01
      vertex   1.535608e+02 -6.118302e+01 1.835000e+01
    endloop
  endfacet
  facet normal -0.000000e+00 0.000000e+00 -1.000000e+00
    outer loop
      vertex   1.535608e+02 -6.118302e+01 1.835000e+01
      vertex   1.512782e+02 -6.138271e+01 1.835000e+01
      vertex   1.512957e+02 -6.118302e+01 1.835000e+01
    endloop
  endfacet
  facet normal 0.000000e+00 0.000000e+00 -1.000000e+00
    outer loop
      vertex   1.535608e+02 -6.118302e+01 1.835000e+01
      vertex   1.512957e+02 -6.118302e+01 1.835000e+01
      vertex   1.535089e+02 -6.098939e+01 1.835000e+01
    endloop
  endfacet
  facet normal -0.000000e+00 0.000000e+00 -1.000000e+00
    outer loop
      vertex   1.535089e+02 -6.098939e+01 1.835000e+01
      vertex   1.512957e+02 -6.118302e+01 1.835000e+01
      vertex   1.513476e+02 -6.098939e+01 1.835000e+01
    endloop
  endfacet
  facet normal 0.000000e+00 0.000000e+00 -1.000000e+00
    outer loop
      vertex   1.535089e+02 -6.098939e+01 1.835000e+01
      vertex   1.513476e+02 -6.098939e+01 1.835000e+01
      vertex   1.534242e+02 -6.080771e+01 1.835000e+01
    endloop
  endfacet
  facet normal -0.000000e+00 0.000000e+00 -1.000000e+00
    outer loop
      vertex   1.534242e+02 -6.080771e+01 1.835000e+01
      vertex   1.513476e+02 -6.098939e+01 1.835000e+01
      vertex   1.514323e+02 -6.080771e+01 1.835000e+01
    endloop
  endfacet
  facet normal 0.000000e+00 0.000000e+00 -1.000000e+00
    outer loop
      vertex   1.534242e+02 -6.080771e+01 1.835000e+01
      vertex   1.514323e+02 -6.080771e+01 1.835000e+01
      vertex   1.533092e+02 -6.064351e+01 1.835000e+01
    endloop
  endfacet
  facet normal -0.000000e+00 0.000000e+00 -1.000000e+00
    outer loop
      vertex   1.533092e+02 -6.064351e+01 1.835000e+01
      vertex   1.514323e+02 -6.080771e+01 1.835000e+01
      vertex   1.515473e+02 -6.064351e+01 1.835000e+01
    endloop
  endfacet
  facet normal 0.000000e+00 0.000000e+00 -1.000000e+00
    outer loop
      vertex   1.533092e+02 -6.064351e+01 1.835000e+01
      vertex   1.515473e+02 -6.064351e+01 1.835000e+01
      vertex   1.531675e+02 -6.050176e+01 1.835000e+01
    endloop
  endfacet
  facet normal -0.000000e+00 0.000000e+00 -1.000000e+00
    outer loop
      vertex   1.531675e+02 -6.050176e+01 1.835000e+01
      vertex   1.515473e+02 -6.064351e+01 1.835000e+01
      vertex   1.516890e+02 -6.050176e+01 1.835000e+01
    endloop
  endfacet
  facet normal 0.000000e+00 0.000000e+00 -1.000000e+00
    outer loop
      vertex   1.531675e+02 -6.050176e+01 1.835000e+01
      vertex   1.516890e+02 -6.050176e+01 1.835000e+01
      vertex   1.530032e+02 -6.038678e+01 1.835000e+01
    endloop
  endfacet
  facet normal -0.000000e+00 0.000000e+00 -1.000000e+00
    outer loop
      vertex   1.530032e+02 -6.038678e+01 1.835000e+01
      vertex   1.516890e+02 -6.050176e+01 1.835000e+01
      vertex   1.518532e+02 -6.038678e+01 1.835000e+01
    endloop
  endfacet
  facet normal 0.000000e+00 0.000000e+00 -1.000000e+00
    outer loop
      vertex   1.530032e+02 -6.038678e+01 1.835000e+01
      vertex   1.518532e+02 -6.038678e+01 1.835000e+01
      vertex   1.528216e+02 -6.030206e+01 1.835000e+01
    endloop
  endfacet
  facet normal -0.000000e+00 0.000000e+00 -1.000000e+00
    outer loop
      vertex   1.528216e+02 -6.030206e+01 1.835000e+01
      vertex   1.518532e+02 -6.038678e+01 1.835000e+01
      vertex   1.520349e+02 -6.030206e+01 1.835000e+01
    endloop
  endfacet
  facet normal 0.000000e+00 0.000000e+00 -1.000000e+00
    outer loop
      vertex   1.528216e+02 -6.030206e+01 1.835000e+01
      vertex   1.520349e+02 -6.030206e+01 1.835000e+01
      vertex   1.526279e+02 -6.025018e+01 1.835000e+01
    endloop
  endfacet
  facet normal -0.000000e+00 0.000000e+00 -1.000000e+00
    outer loop
      vertex   1.526279e+02 -6.025018e+01 1.835000e+01
      vertex   1.520349e+02 -6.030206e+01 1.835000e+01
      vertex   1.522285e+02 -6.025018e+01 1.835000e+01
    endloop
  endfacet
  facet normal 0.000000e+00 0.000000e+00 -1.000000e+00
    outer loop
      vertex   1.526279e+02 -6.025018e+01 1.835000e+01
      vertex   1.522285e+02 -6.025018e+01 1.835000e+01
      vertex   1.524282e+02 -6.023271e+01 1.835000e+01
    endloop
  endfacet
  facet normal 0.000000e+00 0.000000e+00 -1.000000e+00
    outer loop
      vertex   1.512957e+02 -6.158241e+01 1.835000e+01
      vertex   1.535608e+02 -6.158241e+01 1.835000e+01
      vertex   1.513476e+02 -6.177603e+01 1.835000e+01
    endloop
  endfacet
  facet normal 0.000000e+00 0.000000e+00 -1.000000e+00
    outer loop
      vertex   1.513476e+02 -6.177603e+01 1.835000e+01
      vertex   1.535608e+02 -6.158241e+01 1.835000e+01
      vertex   1.535089e+02 -6.177603e+01 1.835000e+01
    endloop
  endfacet
  facet normal 0.000000e+00 0.000000e+00 -1.000000e+00
    outer loop
      vertex   1.513476e+02 -6.177603e+01 1.835000e+01
      vertex   1.535089e+02 -6.177603e+01 1.835000e+01
      vertex   1.514323e+02 -6.195771e+01 1.835000e+01
    endloop
  endfacet
  facet normal 0.000000e+00 0.000000e+00 -1.000000e+00
    outer loop
      vertex   1.514323e+02 -6.195771e+01 1.835000e+01
      vertex   1.535089e+02 -6.177603e+01 1.835000e+01
      vertex   1.534242e+02 -6.195771e+01 1.835000e+01
    endloop
  endfacet
  facet normal 0.000000e+00 0.000000e+00 -1.000000e+00
    outer loop
      vertex   1.514323e+02 -6.195771e+01 1.835000e+01
      vertex   1.534242e+02 -6.195771e+01 1.835000e+01
      vertex   1.515473e+02 -6.212192e+01 1.835000e+01
    endloop
  endfacet
  facet normal 0.000000e+00 0.000000e+00 -1.000000e+00
    outer loop
      vertex   1.515473e+02 -6.212192e+01 1.835000e+01
      vertex   1.534242e+02 -6.195771e+01 1.835000e+01
      vertex   1.533092e+02 -6.212192e+01 1.835000e+01
    endloop
  endfacet
  facet normal 0.000000e+00 0.000000e+00 -1.000000e+00
    outer loop
      vertex   1.515473e+02 -6.212192e+01 1.835000e+01
      vertex   1.533092e+02 -6.212192e+01 1.835000e+01
      vertex   1.516890e+02 -6.226366e+01 1.835000e+01
    endloop
  endfacet
  facet normal 0.000000e+00 0.000000e+00 -1.000000e+00
    outer loop
      vertex   1.516890e+02 -6.226366e+01 1.835000e+01
      vertex   1.533092e+02 -6.212192e+01 1.835000e+01
      vertex   1.531675e+02 -6.226366e+01 1.835000e+01
    endloop
  endfacet
  facet normal 0.000000e+00 0.000000e+00 -1.000000e+00
    outer loop
      vertex   1.516890e+02 -6.226366e+01 1.835000e+01
      vertex   1.531675e+02 -6.226366e+01 1.835000e+01
      vertex   1.518532e+02 -6.237864e+01 1.835000e+01
    endloop
  endfacet
  facet normal 0.000000e+00 0.000000e+00 -1.000000e+00
    outer loop
      vertex   1.518532e+02 -6.237864e+01 1.835000e+01
      vertex   1.531675e+02 -6.226366e+01 1.835000e+01
      vertex   1.530032e+02 -6.237864e+01 1.835000e+01
    endloop
  endfacet
  facet normal 0.000000e+00 0.000000e+00 -1.000000e+00
    outer loop
      vertex   1.518532e+02 -6.237864e+01 1.835000e+01
      vertex   1.530032e+02 -6.237864e+01 1.835000e+01
      vertex   1.520349e+02 -6.246336e+01 1.835000e+01
    endloop
  endfacet
  facet normal 0.000000e+00 0.000000e+00 -1.000000e+00
    outer loop
      vertex   1.520349e+02 -6.246336e+01 1.835000e+01
      vertex   1.530032e+02 -6.237864e+01 1.835000e+01
      vertex   1.528216e+02 -6.246336e+01 1.835000e+01
    endloop
  endfacet
  facet normal 0.000000e+00 0.000000e+00 -1.000000e+00
    outer loop
      vertex   1.520349e+02 -6.246336e+01 1.835000e+01
      vertex   1.528216e+02 -6.246336e+01 1.835000e+01
      vertex   1.522285e+02 -6.251524e+01 1.835000e+01
    endloop
  endfacet
  facet normal 0.000000e+00 0.000000e+00 -1.000000e+00
    outer loop
      vertex   1.522285e+02 -6.251524e+01 1.835000e+01
      vertex   1.528216e+02 -6.246336e+01 1.835000e+01
      vertex   1.526279e+02 -6.251524e+01 1.835000e+01
    endloop
  endfacet
  facet normal 0.000000e+00 0.000000e+00 -1.000000e+00
    outer loop
      vertex   1.522285e+02 -6.251524e+01 1.835000e+01
      vertex   1.526279e+02 -6.251524e+01 1.835000e+01
      vertex   1.524282e+02 -6.253271e+01 1.835000e+01
    endloop
  endfacet
  facet normal -9.961947e-01 -8.715574e-02 -0.000000e+00
    outer loop
      vertex   1.529459e+02 -8.287697e+01 1.835000e+01
      vertex   1.529459e+02 -8.287697e+01 1.418333e+01
      vertex   1.529634e+02 -8.307667e+01 1.835000e+01
    endloop
  endfacet
  facet normal -9.961947e-01 -8.715574e-02 -0.000000e+00
    outer loop
      vertex   1.529634e+02 -8.307667e+01 1.835000e+01
      vertex   1.529459e+02 -8.287697e+01 1.418333e+01
      vertex   1.529634e+02 -8.307667e+01 1.418333e+01
    endloop
  endfacet
  facet normal -9.961947e-01 8.715574e-02 0.000000e+00
    outer loop
      vertex   1.529634e+02 -8.307667e+01 1.835000e+01
      vertex   1.529634e+02 -8.307667e+01 1.418333e+01
      vertex   1.529459e+02 -8.327636e+01 1.835000e+01
    endloop
  endfacet
  facet normal -9.961947e-01 8.715574e-02 0.000000e+00
    outer loop
      vertex   1.529459e+02 -8.327636e+01 1.835000e+01
      vertex   1.529634e+02 -8.307667e+01 1.418333e+01
      vertex   1.529459e+02 -8.327636e+01 1.418333e+01
    endloop
  endfacet
  facet normal -9.659258e-01 2.588190e-01 0.000000e+00
    outer loop
      vertex   1.529459e+02 -8.327636e+01 1.835000e+01
      vertex   1.529459e+02 -8.327636e+01 1.418333e+01
      vertex   1.528940e+02 -8.346999e+01 1.835000e+01
    endloop
  endfacet
  facet normal -9.659258e-01 2.588190e-01 0.000000e+00
    outer loop
      vertex   1.528940e+02 -8.346999e+01 1.835000e+01
      vertex   1.529459e+02 -8.327636e+01 1.418333e+01
      vertex   1.528940e+02 -8.346999e+01 1.418333e+01
    endloop
  endfacet
  facet normal -9.063078e-01 4.226183e-01 0.000000e+00
    outer loop
      vertex   1.528940e+02 -8.346999e+01 1.835000e+01
      vertex   1.528940e+02 -8.346999e+01 1.418333e+01
      vertex   1.528093e+02 -8.365167e+01 1.835000e+01
    endloop
  endfacet
  facet normal -9.063078e-01 4.226183e-01 0.000000e+00
    outer loop
      vertex   1.528093e+02 -8.365167e+01 1.835000e+01
      vertex   1.528940e+02 -8.346999e+01 1.418333e+01
      vertex   1.528093e+02 -8.365167e+01 1.418333e+01
    endloop
  endfacet
  facet normal -8.191520e-01 5.735764e-01 0.000000e+00
    outer loop
      vertex   1.528093e+02 -8.365167e+01 1.835000e+01
      vertex   1.528093e+02 -8.365167e+01 1.418333e+01
      vertex   1.526943e+02 -8.381587e+01 1.835000e+01
    endloop
  endfacet
  facet normal -8.191520e-01 5.735764e-01 0.000000e+00
    outer loop
      vertex   1.526943e+02 -8.381587e+01 1.835000e+01
      vertex   1.528093e+02 -8.365167e+01 1.418333e+01
      vertex   1.526943e+02 -8.381587e+01 1.418333e+01
    endloop
  endfacet
  facet normal -7.071068e-01 7.071068e-01 0.000000e+00
    outer loop
      vertex   1.526943e+02 -8.381587e+01 1.835000e+01
      vertex   1.526943e+02 -8.381587e+01 1.418333e+01
      vertex   1.525526e+02 -8.395762e+01 1.835000e+01
    endloop
  endfacet
  facet normal -7.071068e-01 7.071068e-01 0.000000e+00
    outer loop
      vertex   1.525526e+02 -8.395762e+01 1.835000e+01
      vertex   1.526943e+02 -8.381587e+01 1.418333e+01
      vertex   1.525526e+02 -8.395762e+01 1.418333e+01
    endloop
  endfacet
  facet normal -5.735764e-01 8.191520e-01 0.000000e+00
    outer loop
      vertex   1.525526e+02 -8.395762e+01 1.835000e+01
      vertex   1.525526e+02 -8.395762e+01 1.418333e+01
      vertex   1.523884e+02 -8.407260e+01 1.835000e+01
    endloop
  endfacet
  facet normal -5.735764e-01 8.191520e-01 0.000000e+00
    outer loop
      vertex   1.523884e+02 -8.407260e+01 1.835000e+01
      vertex   1.525526e+02 -8.395762e+01 1.418333e+01
      vertex   1.523884e+02 -8.407260e+01 1.418333e+01
    endloop
  endfacet
  facet normal -4.226183e-01 9.063078e-01 0.000000e+00
    outer loop
      vertex   1.523884e+02 -8.407260e+01 1.835000e+01
      vertex   1.523884e+02 -8.407260e+01 1.418333e+01
      vertex   1.522067e+02 -8.415731e+01 1.835000e+01
    endloop
  endfacet
  facet normal -4.226183e-01 9.063078e-01 0.000000e+00
    outer loop
      vertex   1.522067e+02 -8.415731e+01 1.835000e+01
      vertex   1.523884e+02 -8.407260e+01 1.418333e+01
      vertex   1.522067e+02 -8.415731e+01 1.418333e+01
    endloop
  endfacet
  facet normal -2.588190e-01 9.659258e-01 0.000000e+00
    outer loop
      vertex   1.522067e+02 -8.415731e+01 1.835000e+01
      vertex   1.522067e+02 -8.415731e+01 1.418333e+01
      vertex   1.520131e+02 -8.420920e+01 1.835000e+01
    endloop
  endfacet
  facet normal -2.588190e-01 9.659258e-01 0.000000e+00
    outer loop
      vertex   1.520131e+02 -8.420920e+01 1.835000e+01
      vertex   1.522067e+02 -8.415731e+01 1.418333e+01
      vertex   1.520131e+02 -8.420920e+01 1.418333e+01
    endloop
  endfacet
  facet normal -8.715574e-02 9.961947e-01 0.000000e+00
    outer loop
      vertex   1.520131e+02 -8.420920e+01 1.835000e+01
      vertex   1.520131e+02 -8.420920e+01 1.418333e+01
      vertex   1.518134e+02 -8.422667e+01 1.835000e+01
    endloop
  endfacet
  facet normal -8.715574e-02 9.961947e-01 0.000000e+00
    outer loop
      vertex   1.518134e+02 -8.422667e+01 1.835000e+01
      vertex   1.520131e+02 -8.420920e+01 1.418333e+01
      vertex   1.518134e+02 -8.422667e+01 1.418333e+01
    endloop
  endfacet
  facet normal 8.715574e-02 9.961947e-01 0.000000e+00
    outer loop
      vertex   1.518134e+02 -8.422667e+01 1.835000e+01
      vertex   1.518134e+02 -8.422667e+01 1.418333e+01
      vertex   1.516137e+02 -8.420920e+01 1.835000e+01
    endloop
  endfacet
  facet normal 8.715574e-02 9.961947e-01 0.000000e+00
    outer loop
      vertex   1.516137e+02 -8.420920e+01 1.835000e+01
      vertex   1.518134e+02 -8.422667e+01 1.418333e+01
      vertex   1.516137e+02 -8.420920e+01 1.418333e+01
    endloop
  endfacet
  facet normal 2.588190e-01 9.659258e-01 0.000000e+00
    outer loop
      vertex   1.516137e+02 -8.420920e+01 1.835000e+01
      vertex   1.516137e+02 -8.420920e+01 1.418333e+01
      vertex   1.514200e+02 -8.415731e+01 1.835000e+01
    endloop
  endfacet
  facet normal 2.588190e-01 9.659258e-01 0.000000e+00
    outer loop
      vertex   1.514200e+02 -8.415731e+01 1.835000e+01
      vertex   1.516137e+02 -8.420920e+01 1.418333e+01
      vertex   1.514200e+02 -8.415731e+01 1.418333e+01
    endloop
  endfacet
  facet normal 4.226183e-01 9.063078e-01 0.000000e+00
    outer loop
      vertex   1.514200e+02 -8.415731e+01 1.835000e+01
      vertex   1.514200e+02 -8.415731e+01 1.418333e+01
      vertex   1.512384e+02 -8.407260e+01 1.835000e+01
    endloop
  endfacet
  facet normal 4.226183e-01 9.063078e-01 0.000000e+00
    outer loop
      vertex   1.512384e+02 -8.407260e+01 1.835000e+01
      vertex   1.514200e+02 -8.415731e+01 1.418333e+01
      vertex   1.512384e+02 -8.407260e+01 1.418333e+01
    endloop
  endfacet
  facet normal 5.735764e-01 8.191520e-01 0.000000e+00
    outer loop
      vertex   1.512384e+02 -8.407260e+01 1.835000e+01
      vertex   1.512384e+02 -8.407260e+01 1.418333e+01
      vertex   1.510742e+02 -8.395762e+01 1.835000e+01
    endloop
  endfacet
  facet normal 5.735764e-01 8.191520e-01 0.000000e+00
    outer loop
      vertex   1.510742e+02 -8.395762e+01 1.835000e+01
      vertex   1.512384e+02 -8.407260e+01 1.418333e+01
      vertex   1.510742e+02 -8.395762e+01 1.418333e+01
    endloop
  endfacet
  facet normal 7.071068e-01 7.071068e-01 0.000000e+00
    outer loop
      vertex   1.510742e+02 -8.395762e+01 1.835000e+01
      vertex   1.510742e+02 -8.395762e+01 1.418333e+01
      vertex   1.509324e+02 -8.381587e+01 1.835000e+01
    endloop
  endfacet
  facet normal 7.071068e-01 7.071068e-01 0.000000e+00
    outer loop
      vertex   1.509324e+02 -8.381587e+01 1.835000e+01
      vertex   1.510742e+02 -8.395762e+01 1.418333e+01
      vertex   1.509324e+02 -8.381587e+01 1.418333e+01
    endloop
  endfacet
  facet normal 8.191520e-01 5.735764e-01 0.000000e+00
    outer loop
      vertex   1.509324e+02 -8.381587e+01 1.835000e+01
      vertex   1.509324e+02 -8.381587e+01 1.418333e+01
      vertex   1.508174e+02 -8.365167e+01 1.835000e+01
    endloop
  endfacet
  facet normal 8.191520e-01 5.735764e-01 0.000000e+00
    outer loop
      vertex   1.508174e+02 -8.365167e+01 1.835000e+01
      vertex   1.509324e+02 -8.381587e+01 1.418333e+01
      vertex   1.508174e+02 -8.365167e+01 1.418333e+01
    endloop
  endfacet
  facet normal 9.063078e-01 4.226183e-01 0.000000e+00
    outer loop
      vertex   1.508174e+02 -8.365167e+01 1.835000e+01
      vertex   1.508174e+02 -8.365167e+01 1.418333e+01
      vertex   1.507327e+02 -8.346999e+01 1.835000e+01
    endloop
  endfacet
  facet normal 9.063078e-01 4.226183e-01 0.000000e+00
    outer loop
      vertex   1.507327e+02 -8.346999e+01 1.835000e+01
      vertex   1.508174e+02 -8.365167e+01 1.418333e+01
      vertex   1.507327e+02 -8.346999e+01 1.418333e+01
    endloop
  endfacet
  facet normal 9.659258e-01 2.588190e-01 0.000000e+00
    outer loop
      vertex   1.507327e+02 -8.346999e+01 1.835000e+01
      vertex   1.507327e+02 -8.346999e+01 1.418333e+01
      vertex   1.506808e+02 -8.327636e+01 1.835000e+01
    endloop
  endfacet
  facet normal 9.659258e-01 2.588190e-01 0.000000e+00
    outer loop
      vertex   1.506808e+02 -8.327636e+01 1.835000e+01
      vertex   1.507327e+02 -8.346999e+01 1.418333e+01
      vertex   1.506808e+02 -8.327636e+01 1.418333e+01
    endloop
  endfacet
  facet normal 9.961947e-01 8.715574e-02 0.000000e+00
    outer loop
      vertex   1.506808e+02 -8.327636e+01 1.835000e+01
      vertex   1.506808e+02 -8.327636e+01 1.418333e+01
      vertex   1.506634e+02 -8.307667e+01 1.835000e+01
    endloop
  endfacet
  facet normal 9.961947e-01 8.715574e-02 0.000000e+00
    outer loop
      vertex   1.506634e+02 -8.307667e+01 1.835000e+01
      vertex   1.506808e+02 -8.327636e+01 1.418333e+01
      vertex   1.506634e+02 -8.307667e+01 1.418333e+01
    endloop
  endfacet
  facet normal 9.961947e-01 -8.715574e-02 0.000000e+00
    outer loop
      vertex   1.506634e+02 -8.307667e+01 1.835000e+01
      vertex   1.506634e+02 -8.307667e+01 1.418333e+01
      vertex   1.506808e+02 -8.287697e+01 1.835000e+01
    endloop
  endfacet
  facet normal 9.961947e-01 -8.715574e-02 0.000000e+00
    outer loop
      vertex   1.506808e+02 -8.287697e+01 1.835000e+01
      vertex   1.506634e+02 -8.307667e+01 1.418333e+01
      vertex   1.506808e+02 -8.287697e+01 1.418333e+01
    endloop
  endfacet
  facet normal 9.659258e-01 -2.588190e-01 0.000000e+00
    outer loop
      vertex   1.506808e+02 -8.287697e+01 1.835000e+01
      vertex   1.506808e+02 -8.287697e+01 1.418333e+01
      vertex   1.507327e+02 -8.268334e+01 1.835000e+01
    endloop
  endfacet
  facet normal 9.659258e-01 -2.588190e-01 0.000000e+00
    outer loop
      vertex   1.507327e+02 -8.268334e+01 1.835000e+01
      vertex   1.506808e+02 -8.287697e+01 1.418333e+01
      vertex   1.507327e+02 -8.268334e+01 1.418333e+01
    endloop
  endfacet
  facet normal 9.063078e-01 -4.226183e-01 0.000000e+00
    outer loop
      vertex   1.507327e+02 -8.268334e+01 1.835000e+01
      vertex   1.507327e+02 -8.268334e+01 1.418333e+01
      vertex   1.508174e+02 -8.250167e+01 1.835000e+01
    endloop
  endfacet
  facet normal 9.063078e-01 -4.226183e-01 0.000000e+00
    outer loop
      vertex   1.508174e+02 -8.250167e+01 1.835000e+01
      vertex   1.507327e+02 -8.268334e+01 1.418333e+01
      vertex   1.508174e+02 -8.250167e+01 1.418333e+01
    endloop
  endfacet
  facet normal 8.191520e-01 -5.735764e-01 0.000000e+00
    outer loop
      vertex   1.508174e+02 -8.250167e+01 1.835000e+01
      vertex   1.508174e+02 -8.250167e+01 1.418333e+01
      vertex   1.509324e+02 -8.233746e+01 1.835000e+01
    endloop
  endfacet
  facet normal 8.191520e-01 -5.735764e-01 0.000000e+00
    outer loop
      vertex   1.509324e+02 -8.233746e+01 1.835000e+01
      vertex   1.508174e+02 -8.250167e+01 1.418333e+01
      vertex   1.509324e+02 -8.233746e+01 1.418333e+01
    endloop
  endfacet
  facet normal 7.071068e-01 -7.071068e-01 0.000000e+00
    outer loop
      vertex   1.509324e+02 -8.233746e+01 1.835000e+01
      vertex   1.509324e+02 -8.233746e+01 1.418333e+01
      vertex   1.510742e+02 -8.219572e+01 1.835000e+01
    endloop
  endfacet
  facet normal 7.071068e-01 -7.071068e-01 0.000000e+00
    outer loop
      vertex   1.510742e+02 -8.219572e+01 1.835000e+01
      vertex   1.509324e+02 -8.233746e+01 1.418333e+01
      vertex   1.510742e+02 -8.219572e+01 1.418333e+01
    endloop
  endfacet
  facet normal 5.735764e-01 -8.191520e-01 0.000000e+00
    outer loop
      vertex   1.510742e+02 -8.219572e+01 1.835000e+01
      vertex   1.510742e+02 -8.219572e+01 1.418333e+01
      vertex   1.512384e+02 -8.208074e+01 1.835000e+01
    endloop
  endfacet
  facet normal 5.735764e-01 -8.191520e-01 0.000000e+00
    outer loop
      vertex   1.512384e+02 -8.208074e+01 1.835000e+01
      vertex   1.510742e+02 -8.219572e+01 1.418333e+01
      vertex   1.512384e+02 -8.208074e+01 1.418333e+01
    endloop
  endfacet
  facet normal 4.226183e-01 -9.063078e-01 0.000000e+00
    outer loop
      vertex   1.512384e+02 -8.208074e+01 1.835000e+01
      vertex   1.512384e+02 -8.208074e+01 1.418333e+01
      vertex   1.514200e+02 -8.199602e+01 1.835000e+01
    endloop
  endfacet
  facet normal 4.226183e-01 -9.063078e-01 0.000000e+00
    outer loop
      vertex   1.514200e+02 -8.199602e+01 1.835000e+01
      vertex   1.512384e+02 -8.208074e+01 1.418333e+01
      vertex   1.514200e+02 -8.199602e+01 1.418333e+01
    endloop
  endfacet
  facet normal 2.588190e-01 -9.659258e-01 0.000000e+00
    outer loop
      vertex   1.514200e+02 -8.199602e+01 1.835000e+01
      vertex   1.514200e+02 -8.199602e+01 1.418333e+01
      vertex   1.516137e+02 -8.194414e+01 1.835000e+01
    endloop
  endfacet
  facet normal 2.588190e-01 -9.659258e-01 0.000000e+00
    outer loop
      vertex   1.516137e+02 -8.194414e+01 1.835000e+01
      vertex   1.514200e+02 -8.199602e+01 1.418333e+01
      vertex   1.516137e+02 -8.194414e+01 1.418333e+01
    endloop
  endfacet
  facet normal 8.715574e-02 -9.961947e-01 0.000000e+00
    outer loop
      vertex   1.516137e+02 -8.194414e+01 1.835000e+01
      vertex   1.516137e+02 -8.194414e+01 1.418333e+01
      vertex   1.518134e+02 -8.192667e+01 1.835000e+01
    endloop
  endfacet
  facet normal 8.715574e-02 -9.961947e-01 0.000000e+00
    outer loop
      vertex   1.518134e+02 -8.192667e+01 1.835000e+01
      vertex   1.516137e+02 -8.194414e+01 1.418333e+01
      vertex   1.518134e+02 -8.192667e+01 1.418333e+01
    endloop
  endfacet
  facet normal -8.715574e-02 -9.961947e-01 -0.000000e+00
    outer loop
      vertex   1.518134e+02 -8.192667e+01 1.835000e+01
      vertex   1.518134e+02 -8.192667e+01 1.418333e+01
      vertex   1.520131e+02 -8.194414e+01 1.835000e+01
    endloop
  endfacet
  facet normal -8.715574e-02 -9.961947e-01 -0.000000e+00
    outer loop
      vertex   1.520131e+02 -8.194414e+01 1.835000e+01
      vertex   1.518134e+02 -8.192667e+01 1.418333e+01
      vertex   1.520131e+02 -8.194414e+01 1.418333e+01
    endloop
  endfacet
  facet normal -2.588190e-01 -9.659258e-01 -0.000000e+00
    outer loop
      vertex   1.520131e+02 -8.194414e+01 1.835000e+01
      vertex   1.520131e+02 -8.194414e+01 1.418333e+01
      vertex   1.522067e+02 -8.199602e+01 1.835000e+01
    endloop
  endfacet
  facet normal -2.588190e-01 -9.659258e-01 -0.000000e+00
    outer loop
      vertex   1.522067e+02 -8.199602e+01 1.835000e+01
      vertex   1.520131e+02 -8.194414e+01 1.418333e+01
      vertex   1.522067e+02 -8.199602e+01 1.418333e+01
    endloop
  endfacet
  facet normal -4.226183e-01 -9.063078e-01 -0.000000e+00
    outer loop
      vertex   1.522067e+02 -8.199602e+01 1.835000e+01
      vertex   1.522067e+02 -8.199602e+01 1.418333e+01
      vertex   1.523884e+02 -8.208074e+01 1.835000e+01
    endloop
  endfacet
  facet normal -4.226183e-01 -9.063078e-01 -0.000000e+00
    outer loop
      vertex   1.523884e+02 -8.208074e+01 1.835000e+01
      vertex   1.522067e+02 -8.199602e+01 1.418333e+01
      vertex   1.523884e+02 -8.208074e+01 1.418333e+01
    endloop
  endfacet
  facet normal -5.735764e-01 -8.191520e-01 -0.000000e+00
    outer loop
      vertex   1.523884e+02 -8.208074e+01 1.835000e+01
      vertex   1.523884e+02 -8.208074e+01 1.418333e+01
      vertex   1.525526e+02 -8.219572e+01 1.835000e+01
    endloop
  endfacet
  facet normal -5.735764e-01 -8.191520e-01 -0.000000e+00
    outer loop
      vertex   1.525526e+02 -8.219572e+01 1.835000e+01
      vertex   1.523884e+02 -8.208074e+01 1.418333e+01
      vertex   1.525526e+02 -8.219572e+01 1.418333e+01
    endloop
  endfacet
  facet normal -7.071068e-01 -7.071068e-01 -0.000000e+00
    outer loop
      vertex   1.525526e+02 -8.219572e+01 1.835000e+01
      vertex   1.525526e+02 -8.219572e+01 1.418333e+01
      vertex   1.526943e+02 -8.233746e+01 1.835000e+01
    endloop
  endfacet
  facet normal -7.071068e-01 -7.071068e-01 -0.000000e+00
    outer loop
      vertex   1.526943e+02 -8.233746e+01 1.835000e+01
      vertex   1.525526e+02 -8.219572e+01 1.418333e+01
      vertex   1.526943e+02 -8.233746e+01 1.418333e+01
    endloop
  endfacet
  facet normal -8.191520e-01 -5.735764e-01 -0.000000e+00
    outer loop
      vertex   1.526943e+02 -8.233746e+01 1.835000e+01
      vertex   1.526943e+02 -8.233746e+01 1.418333e+01
      vertex   1.528093e+02 -8.250167e+01 1.835000e+01
    endloop
  endfacet
  facet normal -8.191520e-01 -5.735764e-01 -0.000000e+00
    outer loop
      vertex   1.528093e+02 -8.250167e+01 1.835000e+01
      vertex   1.526943e+02 -8.233746e+01 1.418333e+01
      vertex   1.528093e+02 -8.250167e+01 1.418333e+01
    endloop
  endfacet
  facet normal -9.063078e-01 -4.226183e-01 -0.000000e+00
    outer loop
      vertex   1.528093e+02 -8.250167e+01 1.835000e+01
      vertex   1.528093e+02 -8.250167e+01 1.418333e+01
      vertex   1.528940e+02 -8.268334e+01 1.835000e+01
    endloop
  endfacet
  facet normal -9.063078e-01 -4.226183e-01 -0.000000e+00
    outer loop
      vertex   1.528940e+02 -8.268334e+01 1.835000e+01
      vertex   1.528093e+02 -8.250167e+01 1.418333e+01
      vertex   1.528940e+02 -8.268334e+01 1.418333e+01
    endloop
  endfacet
  facet normal -9.659258e-01 -2.588190e-01 -0.000000e+00
    outer loop
      vertex   1.528940e+02 -8.268334e+01 1.835000e+01
      vertex   1.528940e+02 -8.268334e+01 1.418333e+01
      vertex   1.529459e+02 -8.287697e+01 1.835000e+01
    endloop
  endfacet
  facet normal -9.659258e-01 -2.588190e-01 -0.000000e+00
    outer loop
      vertex   1.529459e+02 -8.287697e+01 1.835000e+01
      vertex   1.528940e+02 -8.268334e+01 1.418333e+01
      vertex   1.529459e+02 -8.287697e+01 1.418333e+01
    endloop
  endfacet
  facet normal -9.961947e-01 8.715574e-02 0.000000e+00
    outer loop
      vertex   1.529459e+02 -8.327636e+01 5.850000e+00
      vertex   1.529459e+02 -8.327636e+01 1.001667e+01
      vertex   1.529634e+02 -8.307667e+01 5.850000e+00
    endloop
  endfacet
  facet normal -9.961947e-01 8.715574e-02 0.000000e+00
    outer loop
      vertex   1.529634e+02 -8.307667e+01 5.850000e+00
      vertex   1.529459e+02 -8.327636e+01 1.001667e+01
      vertex   1.529634e+02 -8.307667e+01 1.001667e+01
    endloop
  endfacet
  facet normal -9.961947e-01 -8.715574e-02 0.000000e+00
    outer loop
      vertex   1.529634e+02 -8.307667e+01 5.850000e+00
      vertex   1.529634e+02 -8.307667e+01 1.001667e+01
      vertex   1.529459e+02 -8.287697e+01 5.850000e+00
    endloop
  endfacet
  facet normal -9.961947e-01 -8.715574e-02 0.000000e+00
    outer loop
      vertex   1.529459e+02 -8.287697e+01 5.850000e+00
      vertex   1.529634e+02 -8.307667e+01 1.001667e+01
      vertex   1.529459e+02 -8.287697e+01 1.001667e+01
    endloop
  endfacet
  facet normal -9.659258e-01 -2.588190e-01 0.000000e+00
    outer loop
      vertex   1.529459e+02 -8.287697e+01 5.850000e+00
      vertex   1.529459e+02 -8.287697e+01 1.001667e+01
      vertex   1.528940e+02 -8.268334e+01 5.850000e+00
    endloop
  endfacet
  facet normal -9.659258e-01 -2.588190e-01 0.000000e+00
    outer loop
      vertex   1.528940e+02 -8.268334e+01 5.850000e+00
      vertex   1.529459e+02 -8.287697e+01 1.001667e+01
      vertex   1.528940e+02 -8.268334e+01 1.001667e+01
    endloop
  endfacet
  facet normal -9.063078e-01 -4.226183e-01 0.000000e+00
    outer loop
      vertex   1.528940e+02 -8.268334e+01 5.850000e+00
      vertex   1.528940e+02 -8.268334e+01 1.001667e+01
      vertex   1.528093e+02 -8.250167e+01 5.850000e+00
    endloop
  endfacet
  facet normal -9.063078e-01 -4.226183e-01 0.000000e+00
    outer loop
      vertex   1.528093e+02 -8.250167e+01 5.850000e+00
      vertex   1.528940e+02 -8.268334e+01 1.001667e+01
      vertex   1.528093e+02 -8.250167e+01 1.001667e+01
    endloop
  endfacet
  facet normal -8.191520e-01 -5.735764e-01 0.000000e+00
    outer loop
      vertex   1.528093e+02 -8.250167e+01 5.850000e+00
      vertex   1.528093e+02 -8.250167e+01 1.001667e+01
      vertex   1.526943e+02 -8.233746e+01 5.850000e+00
    endloop
  endfacet
  facet normal -8.191520e-01 -5.735764e-01 0.000000e+00
    outer loop
      vertex   1.526943e+02 -8.233746e+01 5.850000e+00
      vertex   1.528093e+02 -8.250167e+01 1.001667e+01
      vertex   1.526943e+02 -8.233746e+01 1.001667e+01
    endloop
  endfacet
  facet normal -7.071068e-01 -7.071068e-01 0.000000e+00
    outer loop
      vertex   1.526943e+02 -8.233746e+01 5.850000e+00
      vertex   1.526943e+02 -8.233746e+01 1.001667e+01
      vertex   1.525526e+02 -8.219572e+01 5.850000e+00
    endloop
  endfacet
  facet normal -7.071068e-01 -7.071068e-01 0.000000e+00
    outer loop
      vertex   1.525526e+02 -8.219572e+01 5.850000e+00
      vertex   1.526943e+02 -8.233746e+01 1.001667e+01
      vertex   1.525526e+02 -8.219572e+01 1.001667e+01
    endloop
  endfacet
  facet normal -5.735764e-01 -8.191520e-01 0.000000e+00
    outer loop
      vertex   1.525526e+02 -8.219572e+01 5.850000e+00
      vertex   1.525526e+02 -8.219572e+01 1.001667e+01
      vertex   1.523884e+02 -8.208074e+01 5.850000e+00
    endloop
  endfacet
  facet normal -5.735764e-01 -8.191520e-01 0.000000e+00
    outer loop
      vertex   1.523884e+02 -8.208074e+01 5.850000e+00
      vertex   1.525526e+02 -8.219572e+01 1.001667e+01
      vertex   1.523884e+02 -8.208074e+01 1.001667e+01
    endloop
  endfacet
  facet normal -4.226183e-01 -9.063078e-01 0.000000e+00
    outer loop
      vertex   1.523884e+02 -8.208074e+01 5.850000e+00
      vertex   1.523884e+02 -8.208074e+01 1.001667e+01
      vertex   1.522067e+02 -8.199602e+01 5.850000e+00
    endloop
  endfacet
  facet normal -4.226183e-01 -9.063078e-01 0.000000e+00
    outer loop
      vertex   1.522067e+02 -8.199602e+01 5.850000e+00
      vertex   1.523884e+02 -8.208074e+01 1.001667e+01
      vertex   1.522067e+02 -8.199602e+01 1.001667e+01
    endloop
  endfacet
  facet normal -2.588190e-01 -9.659258e-01 0.000000e+00
    outer loop
      vertex   1.522067e+02 -8.199602e+01 5.850000e+00
      vertex   1.522067e+02 -8.199602e+01 1.001667e+01
      vertex   1.520131e+02 -8.194414e+01 5.850000e+00
    endloop
  endfacet
  facet normal -2.588190e-01 -9.659258e-01 0.000000e+00
    outer loop
      vertex   1.520131e+02 -8.194414e+01 5.850000e+00
      vertex   1.522067e+02 -8.199602e+01 1.001667e+01
      vertex   1.520131e+02 -8.194414e+01 1.001667e+01
    endloop
  endfacet
  facet normal -8.715574e-02 -9.961947e-01 0.000000e+00
    outer loop
      vertex   1.520131e+02 -8.194414e+01 5.850000e+00
      vertex   1.520131e+02 -8.194414e+01 1.001667e+01
      vertex   1.518134e+02 -8.192667e+01 5.850000e+00
    endloop
  endfacet
  facet normal -8.715574e-02 -9.961947e-01 0.000000e+00
    outer loop
      vertex   1.518134e+02 -8.192667e+01 5.850000e+00
      vertex   1.520131e+02 -8.194414e+01 1.001667e+01
      vertex   1.518134e+02 -8.192667e+01 1.001667e+01
    endloop
  endfacet
  facet normal 8.715574e-02 -9.961947e-01 0.000000e+00
    outer loop
      vertex   1.518134e+02 -8.192667e+01 5.850000e+00
      vertex   1.518134e+02 -8.192667e+01 1.001667e+01
      vertex   1.516137e+02 -8.194414e+01 5.850000e+00
    endloop
  endfacet
  facet normal 8.715574e-02 -9.961947e-01 0.000000e+00
    outer loop
      vertex   1.516137e+02 -8.194414e+01 5.850000e+00
      vertex   1.518134e+02 -8.192667e+01 1.001667e+01
      vertex   1.516137e+02 -8.194414e+01 1.001667e+01
    endloop
  endfacet
  facet normal 2.588190e-01 -9.659258e-01 0.000000e+00
    outer loop
      vertex   1.516137e+02 -8.194414e+01 5.850000e+00
      vertex   1.516137e+02 -8.194414e+01 1.001667e+01
      vertex   1.514200e+02 -8.199602e+01 5.850000e+00
    endloop
  endfacet
  facet normal 2.588190e-01 -9.659258e-01 0.000000e+00
    outer loop
      vertex   1.514200e+02 -8.199602e+01 5.850000e+00
      vertex   1.516137e+02 -8.194414e+01 1.001667e+01
      vertex   1.514200e+02 -8.199602e+01 1.001667e+01
    endloop
  endfacet
  facet normal 4.226183e-01 -9.063078e-01 0.000000e+00
    outer loop
      vertex   1.514200e+02 -8.199602e+01 5.850000e+00
      vertex   1.514200e+02 -8.199602e+01 1.001667e+01
      vertex   1.512384e+02 -8.208074e+01 5.850000e+00
    endloop
  endfacet
  facet normal 4.226183e-01 -9.063078e-01 0.000000e+00
    outer loop
      vertex   1.512384e+02 -8.208074e+01 5.850000e+00
      vertex   1.514200e+02 -8.199602e+01 1.001667e+01
      vertex   1.512384e+02 -8.208074e+01 1.001667e+01
    endloop
  endfacet
  facet normal 5.735764e-01 -8.191520e-01 0.000000e+00
    outer loop
      vertex   1.512384e+02 -8.208074e+01 5.850000e+00
      vertex   1.512384e+02 -8.208074e+01 1.001667e+01
      vertex   1.510742e+02 -8.219572e+01 5.850000e+00
    endloop
  endfacet
  facet normal 5.735764e-01 -8.191520e-01 0.000000e+00
    outer loop
      vertex   1.510742e+02 -8.219572e+01 5.850000e+00
      vertex   1.512384e+02 -8.208074e+01 1.001667e+01
      vertex   1.510742e+02 -8.219572e+01 1.001667e+01
    endloop
  endfacet
  facet normal 7.071068e-01 -7.071068e-01 0.000000e+00
    outer loop
      vertex   1.510742e+02 -8.219572e+01 5.850000e+00
      vertex   1.510742e+02 -8.219572e+01 1.001667e+01
      vertex   1.509324e+02 -8.233746e+01 5.850000e+00
    endloop
  endfacet
  facet normal 7.071068e-01 -7.071068e-01 0.000000e+00
    outer loop
      vertex   1.509324e+02 -8.233746e+01 5.850000e+00
      vertex   1.510742e+02 -8.219572e+01 1.001667e+01
      vertex   1.509324e+02 -8.233746e+01 1.001667e+01
    endloop
  endfacet
  facet normal 8.191520e-01 -5.735764e-01 0.000000e+00
    outer loop
      vertex   1.509324e+02 -8.233746e+01 5.850000e+00
      vertex   1.509324e+02 -8.233746e+01 1.001667e+01
      vertex   1.508174e+02 -8.250167e+01 5.850000e+00
    endloop
  endfacet
  facet normal 8.191520e-01 -5.735764e-01 0.000000e+00
    outer loop
      vertex   1.508174e+02 -8.250167e+01 5.850000e+00
      vertex   1.509324e+02 -8.233746e+01 1.001667e+01
      vertex   1.508174e+02 -8.250167e+01 1.001667e+01
    endloop
  endfacet
  facet normal 9.063078e-01 -4.226183e-01 0.000000e+00
    outer loop
      vertex   1.508174e+02 -8.250167e+01 5.850000e+00
      vertex   1.508174e+02 -8.250167e+01 1.001667e+01
      vertex   1.507327e+02 -8.268334e+01 5.850000e+00
    endloop
  endfacet
  facet normal 9.063078e-01 -4.226183e-01 0.000000e+00
    outer loop
      vertex   1.507327e+02 -8.268334e+01 5.850000e+00
      vertex   1.508174e+02 -8.250167e+01 1.001667e+01
      vertex   1.507327e+02 -8.268334e+01 1.001667e+01
    endloop
  endfacet
  facet normal 9.659258e-01 -2.588190e-01 0.000000e+00
    outer loop
      vertex   1.507327e+02 -8.268334e+01 5.850000e+00
      vertex   1.507327e+02 -8.268334e+01 1.001667e+01
      vertex   1.506808e+02 -8.287697e+01 5.850000e+00
    endloop
  endfacet
  facet normal 9.659258e-01 -2.588190e-01 0.000000e+00
    outer loop
      vertex   1.506808e+02 -8.287697e+01 5.850000e+00
      vertex   1.507327e+02 -8.268334e+01 1.001667e+01
      vertex   1.506808e+02 -8.287697e+01 1.001667e+01
    endloop
  endfacet
  facet normal 9.961947e-01 -8.715574e-02 0.000000e+00
    outer loop
      vertex   1.506808e+02 -8.287697e+01 5.850000e+00
      vertex   1.506808e+02 -8.287697e+01 1.001667e+01
      vertex   1.506634e+02 -8.307667e+01 5.850000e+00
    endloop
  endfacet
  facet normal 9.961947e-01 -8.715574e-02 0.000000e+00
    outer loop
      vertex   1.506634e+02 -8.307667e+01 5.850000e+00
      vertex   1.506808e+02 -8.287697e+01 1.001667e+01
      vertex   1.506634e+02 -8.307667e+01 1.001667e+01
    endloop
  endfacet
  facet normal 9.961947e-01 8.715574e-02 -0.000000e+00
    outer loop
      vertex   1.506634e+02 -8.307667e+01 5.850000e+00
      vertex   1.506634e+02 -8.307667e+01 1.001667e+01
      vertex   1.506808e+02 -8.327636e+01 5.850000e+00
    endloop
  endfacet
  facet normal 9.961947e-01 8.715574e-02 -0.000000e+00
    outer loop
      vertex   1.506808e+02 -8.327636e+01 5.850000e+00
      vertex   1.506634e+02 -8.307667e+01 1.001667e+01
      vertex   1.506808e+02 -8.327636e+01 1.001667e+01
    endloop
  endfacet
  facet normal 9.659258e-01 2.588190e-01 -0.000000e+00
    outer loop
      vertex   1.506808e+02 -8.327636e+01 5.850000e+00
      vertex   1.506808e+02 -8.327636e+01 1.001667e+01
      vertex   1.507327e+02 -8.346999e+01 5.850000e+00
    endloop
  endfacet
  facet normal 9.659258e-01 2.588190e-01 -0.000000e+00
    outer loop
      vertex   1.507327e+02 -8.346999e+01 5.850000e+00
      vertex   1.506808e+02 -8.327636e+01 1.001667e+01
      vertex   1.507327e+02 -8.346999e+01 1.001667e+01
    endloop
  endfacet
  facet normal 9.063078e-01 4.226183e-01 -0.000000e+00
    outer loop
      vertex   1.507327e+02 -8.346999e+01 5.850000e+00
      vertex   1.507327e+02 -8.346999e+01 1.001667e+01
      vertex   1.508174e+02 -8.365167e+01 5.850000e+00
    endloop
  endfacet
  facet normal 9.063078e-01 4.226183e-01 -0.000000e+00
    outer loop
      vertex   1.508174e+02 -8.365167e+01 5.850000e+00
      vertex   1.507327e+02 -8.346999e+01 1.001667e+01
      vertex   1.508174e+02 -8.365167e+01 1.001667e+01
    endloop
  endfacet
  facet normal 8.191520e-01 5.735764e-01 -0.000000e+00
    outer loop
      vertex   1.508174e+02 -8.365167e+01 5.850000e+00
      vertex   1.508174e+02 -8.365167e+01 1.001667e+01
      vertex   1.509324e+02 -8.381587e+01 5.850000e+00
    endloop
  endfacet
  facet normal 8.191520e-01 5.735764e-01 -0.000000e+00
    outer loop
      vertex   1.509324e+02 -8.381587e+01 5.850000e+00
      vertex   1.508174e+02 -8.365167e+01 1.001667e+01
      vertex   1.509324e+02 -8.381587e+01 1.001667e+01
    endloop
  endfacet
  facet normal 7.071068e-01 7.071068e-01 -0.000000e+00
    outer loop
      vertex   1.509324e+02 -8.381587e+01 5.850000e+00
      vertex   1.509324e+02 -8.381587e+01 1.001667e+01
      vertex   1.510742e+02 -8.395762e+01 5.850000e+00
    endloop
  endfacet
  facet normal 7.071068e-01 7.071068e-01 -0.000000e+00
    outer loop
      vertex   1.510742e+02 -8.395762e+01 5.850000e+00
      vertex   1.509324e+02 -8.381587e+01 1.001667e+01
      vertex   1.510742e+02 -8.395762e+01 1.001667e+01
    endloop
  endfacet
  facet normal 5.735764e-01 8.191520e-01 -0.000000e+00
    outer loop
      vertex   1.510742e+02 -8.395762e+01 5.850000e+00
      vertex   1.510742e+02 -8.395762e+01 1.001667e+01
      vertex   1.512384e+02 -8.407260e+01 5.850000e+00
    endloop
  endfacet
  facet normal 5.735764e-01 8.191520e-01 -0.000000e+00
    outer loop
      vertex   1.512384e+02 -8.407260e+01 5.850000e+00
      vertex   1.510742e+02 -8.395762e+01 1.001667e+01
      vertex   1.512384e+02 -8.407260e+01 1.001667e+01
    endloop
  endfacet
  facet normal 4.226183e-01 9.063078e-01 -0.000000e+00
    outer loop
      vertex   1.512384e+02 -8.407260e+01 5.850000e+00
      vertex   1.512384e+02 -8.407260e+01 1.001667e+01
      vertex   1.514200e+02 -8.415731e+01 5.850000e+00
    endloop
  endfacet
  facet normal 4.226183e-01 9.063078e-01 -0.000000e+00
    outer loop
      vertex   1.514200e+02 -8.415731e+01 5.850000e+00
      vertex   1.512384e+02 -8.407260e+01 1.001667e+01
      vertex   1.514200e+02 -8.415731e+01 1.001667e+01
    endloop
  endfacet
  facet normal 2.588190e-01 9.659258e-01 -0.000000e+00
    outer loop
      vertex   1.514200e+02 -8.415731e+01 5.850000e+00
      vertex   1.514200e+02 -8.415731e+01 1.001667e+01
      vertex   1.516137e+02 -8.420920e+01 5.850000e+00
    endloop
  endfacet
  facet normal 2.588190e-01 9.659258e-01 -0.000000e+00
    outer loop
      vertex   1.516137e+02 -8.420920e+01 5.850000e+00
      vertex   1.514200e+02 -8.415731e+01 1.001667e+01
      vertex   1.516137e+02 -8.420920e+01 1.001667e+01
    endloop
  endfacet
  facet normal 8.715574e-02 9.961947e-01 -0.000000e+00
    outer loop
      vertex   1.516137e+02 -8.420920e+01 5.850000e+00
      vertex   1.516137e+02 -8.420920e+01 1.001667e+01
      vertex   1.518134e+02 -8.422667e+01 5.850000e+00
    endloop
  endfacet
  facet normal 8.715574e-02 9.961947e-01 -0.000000e+00
    outer loop
      vertex   1.518134e+02 -8.422667e+01 5.850000e+00
      vertex   1.516137e+02 -8.420920e+01 1.001667e+01
      vertex   1.518134e+02 -8.422667e+01 1.001667e+01
    endloop
  endfacet
  facet normal -8.715574e-02 9.961947e-01 0.000000e+00
    outer loop
      vertex   1.518134e+02 -8.422667e+01 5.850000e+00
      vertex   1.518134e+02 -8.422667e+01 1.001667e+01
      vertex   1.520131e+02 -8.420920e+01 5.850000e+00
    endloop
  endfacet
  facet normal -8.715574e-02 9.961947e-01 0.000000e+00
    outer loop
      vertex   1.520131e+02 -8.420920e+01 5.850000e+00
      vertex   1.518134e+02 -8.422667e+01 1.001667e+01
      vertex   1.520131e+02 -8.420920e+01 1.001667e+01
    endloop
  endfacet
  facet normal -2.588190e-01 9.659258e-01 0.000000e+00
    outer loop
      vertex   1.520131e+02 -8.420920e+01 5.850000e+00
      vertex   1.520131e+02 -8.420920e+01 1.001667e+01
      vertex   1.522067e+02 -8.415731e+01 5.850000e+00
    endloop
  endfacet
  facet normal -2.588190e-01 9.659258e-01 0.000000e+00
    outer loop
      vertex   1.522067e+02 -8.415731e+01 5.850000e+00
      vertex   1.520131e+02 -8.420920e+01 1.001667e+01
      vertex   1.522067e+02 -8.415731e+01 1.001667e+01
    endloop
  endfacet
  facet normal -4.226183e-01 9.063078e-01 0.000000e+00
    outer loop
      vertex   1.522067e+02 -8.415731e+01 5.850000e+00
      vertex   1.522067e+02 -8.415731e+01 1.001667e+01
      vertex   1.523884e+02 -8.407260e+01 5.850000e+00
    endloop
  endfacet
  facet normal -4.226183e-01 9.063078e-01 0.000000e+00
    outer loop
      vertex   1.523884e+02 -8.407260e+01 5.850000e+00
      vertex   1.522067e+02 -8.415731e+01 1.001667e+01
      vertex   1.523884e+02 -8.407260e+01 1.001667e+01
    endloop
  endfacet
  facet normal -5.735764e-01 8.191520e-01 0.000000e+00
    outer loop
      vertex   1.523884e+02 -8.407260e+01 5.850000e+00
      vertex   1.523884e+02 -8.407260e+01 1.001667e+01
      vertex   1.525526e+02 -8.395762e+01 5.850000e+00
    endloop
  endfacet
  facet normal -5.735764e-01 8.191520e-01 0.000000e+00
    outer loop
      vertex   1.525526e+02 -8.395762e+01 5.850000e+00
      vertex   1.523884e+02 -8.407260e+01 1.001667e+01
      vertex   1.525526e+02 -8.395762e+01 1.001667e+01
    endloop
  endfacet
  facet normal -7.071068e-01 7.071068e-01 0.000000e+00
    outer loop
      vertex   1.525526e+02 -8.395762e+01 5.850000e+00
      vertex   1.525526e+02 -8.395762e+01 1.001667e+01
      vertex   1.526943e+02 -8.381587e+01 5.850000e+00
    endloop
  endfacet
  facet normal -7.071068e-01 7.071068e-01 0.000000e+00
    outer loop
      vertex   1.526943e+02 -8.381587e+01 5.850000e+00
      vertex   1.525526e+02 -8.395762e+01 1.001667e+01
      vertex   1.526943e+02 -8.381587e+01 1.001667e+01
    endloop
  endfacet
  facet normal -8.191520e-01 5.735764e-01 0.000000e+00
    outer loop
      vertex   1.526943e+02 -8.381587e+01 5.850000e+00
      vertex   1.526943e+02 -8.381587e+01 1.001667e+01
      vertex   1.528093e+02 -8.365167e+01 5.850000e+00
    endloop
  endfacet
  facet normal -8.191520e-01 5.735764e-01 0.000000e+00
    outer loop
      vertex   1.528093e+02 -8.365167e+01 5.850000e+00
      vertex   1.526943e+02 -8.381587e+01 1.001667e+01
      vertex   1.528093e+02 -8.365167e+01 1.001667e+01
    endloop
  endfacet
  facet normal -9.063078e-01 4.226183e-01 0.000000e+00
    outer loop
      vertex   1.528093e+02 -8.365167e+01 5.850000e+00
      vertex   1.528093e+02 -8.365167e+01 1.001667e+01
      vertex   1.528940e+02 -8.346999e+01 5.850000e+00
    endloop
  endfacet
  facet normal -9.063078e-01 4.226183e-01 0.000000e+00
    outer loop
      vertex   1.528940e+02 -8.346999e+01 5.850000e+00
      vertex   1.528093e+02 -8.365167e+01 1.001667e+01
      vertex   1.528940e+02 -8.346999e+01 1.001667e+01
    endloop
  endfacet
  facet normal -9.659258e-01 2.588190e-01 0.000000e+00
    outer loop
      vertex   1.528940e+02 -8.346999e+01 5.850000e+00
      vertex   1.528940e+02 -8.346999e+01 1.001667e+01
      vertex   1.529459e+02 -8.327636e+01 5.850000e+00
    endloop
  endfacet
  facet normal -9.659258e-01 2.588190e-01 0.000000e+00
    outer loop
      vertex   1.529459e+02 -8.327636e+01 5.850000e+00
      vertex   1.528940e+02 -8.346999e+01 1.001667e+01
      vertex   1.529459e+02 -8.327636e+01 1.001667e+01
    endloop
  endfacet
  facet normal -9.961947e-01 8.715574e-02 0.000000e+00
    outer loop
      vertex   1.529634e+02 -8.307667e+01 1.418333e+01
      vertex   1.529634e+02 -8.307667e+01 1.001667e+01
      vertex   1.529459e+02 -8.327636e+01 1.418333e+01
    endloop
  endfacet
  facet normal -9.961947e-01 8.715574e-02 0.000000e+00
    outer loop
      vertex   1.529459e+02 -8.327636e+01 1.418333e+01
      vertex   1.529634e+02 -8.307667e+01 1.001667e+01
      vertex   1.529459e+02 -8.327636e+01 1.001667e+01
    endloop
  endfacet
  facet normal -9.659258e-01 2.588190e-01 0.000000e+00
    outer loop
      vertex   1.529459e+02 -8.327636e+01 1.418333e+01
      vertex   1.529459e+02 -8.327636e+01 1.001667e+01
      vertex   1.528940e+02 -8.346999e+01 1.418333e+01
    endloop
  endfacet
  facet normal -9.659258e-01 2.588190e-01 0.000000e+00
    outer loop
      vertex   1.528940e+02 -8.346999e+01 1.418333e+01
      vertex   1.529459e+02 -8.327636e+01 1.001667e+01
      vertex   1.528940e+02 -8.346999e+01 1.001667e+01
    endloop
  endfacet
  facet normal -9.063078e-01 4.226183e-01 0.000000e+00
    outer loop
      vertex   1.528940e+02 -8.346999e+01 1.418333e+01
      vertex   1.528940e+02 -8.346999e+01 1.001667e+01
      vertex   1.528093e+02 -8.365167e+01 1.418333e+01
    endloop
  endfacet
  facet normal -9.063078e-01 4.226183e-01 0.000000e+00
    outer loop
      vertex   1.528093e+02 -8.365167e+01 1.418333e+01
      vertex   1.528940e+02 -8.346999e+01 1.001667e+01
      vertex   1.528093e+02 -8.365167e+01 1.001667e+01
    endloop
  endfacet
  facet normal -8.191520e-01 5.735764e-01 0.000000e+00
    outer loop
      vertex   1.528093e+02 -8.365167e+01 1.418333e+01
      vertex   1.528093e+02 -8.365167e+01 1.001667e+01
      vertex   1.526943e+02 -8.381587e+01 1.418333e+01
    endloop
  endfacet
  facet normal -8.191520e-01 5.735764e-01 0.000000e+00
    outer loop
      vertex   1.526943e+02 -8.381587e+01 1.418333e+01
      vertex   1.528093e+02 -8.365167e+01 1.001667e+01
      vertex   1.526943e+02 -8.381587e+01 1.001667e+01
    endloop
  endfacet
  facet normal -7.071068e-01 7.071068e-01 0.000000e+00
    outer loop
      vertex   1.526943e+02 -8.381587e+01 1.418333e+01
      vertex   1.526943e+02 -8.381587e+01 1.001667e+01
      vertex   1.525526e+02 -8.395762e+01 1.418333e+01
    endloop
  endfacet
  facet normal -7.071068e-01 7.071068e-01 0.000000e+00
    outer loop
      vertex   1.525526e+02 -8.395762e+01 1.418333e+01
      vertex   1.526943e+02 -8.381587e+01 1.001667e+01
      vertex   1.525526e+02 -8.395762e+01 1.001667e+01
    endloop
  endfacet
  facet normal -5.735764e-01 8.191520e-01 0.000000e+00
    outer loop
      vertex   1.525526e+02 -8.395762e+01 1.418333e+01
      vertex   1.525526e+02 -8.395762e+01 1.001667e+01
      vertex   1.523884e+02 -8.407260e+01 1.418333e+01
    endloop
  endfacet
  facet normal -5.735764e-01 8.191520e-01 0.000000e+00
    outer loop
      vertex   1.523884e+02 -8.407260e+01 1.418333e+01
      vertex   1.525526e+02 -8.395762e+01 1.001667e+01
      vertex   1.523884e+02 -8.407260e+01 1.001667e+01
    endloop
  endfacet
  facet normal -4.226183e-01 9.063078e-01 0.000000e+00
    outer loop
      vertex   1.523884e+02 -8.407260e+01 1.418333e+01
      vertex   1.523884e+02 -8.407260e+01 1.001667e+01
      vertex   1.522067e+02 -8.415731e+01 1.418333e+01
    endloop
  endfacet
  facet normal -4.226183e-01 9.063078e-01 0.000000e+00
    outer loop
      vertex   1.522067e+02 -8.415731e+01 1.418333e+01
      vertex   1.523884e+02 -8.407260e+01 1.001667e+01
      vertex   1.522067e+02 -8.415731e+01 1.001667e+01
    endloop
  endfacet
  facet normal -2.588190e-01 9.659258e-01 0.000000e+00
    outer loop
      vertex   1.522067e+02 -8.415731e+01 1.418333e+01
      vertex   1.522067e+02 -8.415731e+01 1.001667e+01
      vertex   1.520131e+02 -8.420920e+01 1.418333e+01
    endloop
  endfacet
  facet normal -2.588190e-01 9.659258e-01 0.000000e+00
    outer loop
      vertex   1.520131e+02 -8.420920e+01 1.418333e+01
      vertex   1.522067e+02 -8.415731e+01 1.001667e+01
      vertex   1.520131e+02 -8.420920e+01 1.001667e+01
    endloop
  endfacet
  facet normal -8.715574e-02 9.961947e-01 0.000000e+00
    outer loop
      vertex   1.520131e+02 -8.420920e+01 1.418333e+01
      vertex   1.520131e+02 -8.420920e+01 1.001667e+01
      vertex   1.518134e+02 -8.422667e+01 1.418333e+01
    endloop
  endfacet
  facet normal -8.715574e-02 9.961947e-01 0.000000e+00
    outer loop
      vertex   1.518134e+02 -8.422667e+01 1.418333e+01
      vertex   1.520131e+02 -8.420920e+01 1.001667e+01
      vertex   1.518134e+02 -8.422667e+01 1.001667e+01
    endloop
  endfacet
  facet normal 8.715574e-02 9.961947e-01 0.000000e+00
    outer loop
      vertex   1.518134e+02 -8.422667e+01 1.418333e+01
      vertex   1.518134e+02 -8.422667e+01 1.001667e+01
      vertex   1.516137e+02 -8.420920e+01 1.418333e+01
    endloop
  endfacet
  facet normal 8.715574e-02 9.961947e-01 0.000000e+00
    outer loop
      vertex   1.516137e+02 -8.420920e+01 1.418333e+01
      vertex   1.518134e+02 -8.422667e+01 1.001667e+01
      vertex   1.516137e+02 -8.420920e+01 1.001667e+01
    endloop
  endfacet
  facet normal 2.588190e-01 9.659258e-01 0.000000e+00
    outer loop
      vertex   1.516137e+02 -8.420920e+01 1.418333e+01
      vertex   1.516137e+02 -8.420920e+01 1.001667e+01
      vertex   1.514200e+02 -8.415731e+01 1.418333e+01
    endloop
  endfacet
  facet normal 2.588190e-01 9.659258e-01 0.000000e+00
    outer loop
      vertex   1.514200e+02 -8.415731e+01 1.418333e+01
      vertex   1.516137e+02 -8.420920e+01 1.001667e+01
      vertex   1.514200e+02 -8.415731e+01 1.001667e+01
    endloop
  endfacet
  facet normal 4.226183e-01 9.063078e-01 0.000000e+00
    outer loop
      vertex   1.514200e+02 -8.415731e+01 1.418333e+01
      vertex   1.514200e+02 -8.415731e+01 1.001667e+01
      vertex   1.512384e+02 -8.407260e+01 1.418333e+01
    endloop
  endfacet
  facet normal 4.226183e-01 9.063078e-01 0.000000e+00
    outer loop
      vertex   1.512384e+02 -8.407260e+01 1.418333e+01
      vertex   1.514200e+02 -8.415731e+01 1.001667e+01
      vertex   1.512384e+02 -8.407260e+01 1.001667e+01
    endloop
  endfacet
  facet normal 5.735764e-01 8.191520e-01 0.000000e+00
    outer loop
      vertex   1.512384e+02 -8.407260e+01 1.418333e+01
      vertex   1.512384e+02 -8.407260e+01 1.001667e+01
      vertex   1.510742e+02 -8.395762e+01 1.418333e+01
    endloop
  endfacet
  facet normal 5.735764e-01 8.191520e-01 0.000000e+00
    outer loop
      vertex   1.510742e+02 -8.395762e+01 1.418333e+01
      vertex   1.512384e+02 -8.407260e+01 1.001667e+01
      vertex   1.510742e+02 -8.395762e+01 1.001667e+01
    endloop
  endfacet
  facet normal 7.071068e-01 7.071068e-01 0.000000e+00
    outer loop
      vertex   1.510742e+02 -8.395762e+01 1.418333e+01
      vertex   1.510742e+02 -8.395762e+01 1.001667e+01
      vertex   1.509324e+02 -8.381587e+01 1.418333e+01
    endloop
  endfacet
  facet normal 7.071068e-01 7.071068e-01 0.000000e+00
    outer loop
      vertex   1.509324e+02 -8.381587e+01 1.418333e+01
      vertex   1.510742e+02 -8.395762e+01 1.001667e+01
      vertex   1.509324e+02 -8.381587e+01 1.001667e+01
    endloop
  endfacet
  facet normal 8.191520e-01 5.735764e-01 0.000000e+00
    outer loop
      vertex   1.509324e+02 -8.381587e+01 1.418333e+01
      vertex   1.509324e+02 -8.381587e+01 1.001667e+01
      vertex   1.508174e+02 -8.365167e+01 1.418333e+01
    endloop
  endfacet
  facet normal 8.191520e-01 5.735764e-01 0.000000e+00
    outer loop
      vertex   1.508174e+02 -8.365167e+01 1.418333e+01
      vertex   1.509324e+02 -8.381587e+01 1.001667e+01
      vertex   1.508174e+02 -8.365167e+01 1.001667e+01
    endloop
  endfacet
  facet normal 9.063078e-01 4.226183e-01 0.000000e+00
    outer loop
      vertex   1.508174e+02 -8.365167e+01 1.418333e+01
      vertex   1.508174e+02 -8.365167e+01 1.001667e+01
      vertex   1.507327e+02 -8.346999e+01 1.418333e+01
    endloop
  endfacet
  facet normal 9.063078e-01 4.226183e-01 0.000000e+00
    outer loop
      vertex   1.507327e+02 -8.346999e+01 1.418333e+01
      vertex   1.508174e+02 -8.365167e+01 1.001667e+01
      vertex   1.507327e+02 -8.346999e+01 1.001667e+01
    endloop
  endfacet
  facet normal 9.659258e-01 2.588190e-01 0.000000e+00
    outer loop
      vertex   1.507327e+02 -8.346999e+01 1.418333e+01
      vertex   1.507327e+02 -8.346999e+01 1.001667e+01
      vertex   1.506808e+02 -8.327636e+01 1.418333e+01
    endloop
  endfacet
  facet normal 9.659258e-01 2.588190e-01 0.000000e+00
    outer loop
      vertex   1.506808e+02 -8.327636e+01 1.418333e+01
      vertex   1.507327e+02 -8.346999e+01 1.001667e+01
      vertex   1.506808e+02 -8.327636e+01 1.001667e+01
    endloop
  endfacet
  facet normal 9.961947e-01 8.715574e-02 0.000000e+00
    outer loop
      vertex   1.506808e+02 -8.327636e+01 1.418333e+01
      vertex   1.506808e+02 -8.327636e+01 1.001667e+01
      vertex   1.506634e+02 -8.307667e+01 1.418333e+01
    endloop
  endfacet
  facet normal 9.961947e-01 8.715574e-02 0.000000e+00
    outer loop
      vertex   1.506634e+02 -8.307667e+01 1.418333e+01
      vertex   1.506808e+02 -8.327636e+01 1.001667e+01
      vertex   1.506634e+02 -8.307667e+01 1.001667e+01
    endloop
  endfacet
  facet normal 9.961947e-01 -8.715574e-02 0.000000e+00
    outer loop
      vertex   1.506634e+02 -8.307667e+01 1.418333e+01
      vertex   1.506634e+02 -8.307667e+01 1.001667e+01
      vertex   1.506808e+02 -8.287697e+01 1.418333e+01
    endloop
  endfacet
  facet normal 9.961947e-01 -8.715574e-02 0.000000e+00
    outer loop
      vertex   1.506808e+02 -8.287697e+01 1.418333e+01
      vertex   1.506634e+02 -8.307667e+01 1.001667e+01
      vertex   1.506808e+02 -8.287697e+01 1.001667e+01
    endloop
  endfacet
  facet normal 9.659258e-01 -2.588190e-01 0.000000e+00
    outer loop
      vertex   1.506808e+02 -8.287697e+01 1.418333e+01
      vertex   1.506808e+02 -8.287697e+01 1.001667e+01
      vertex   1.507327e+02 -8.268334e+01 1.418333e+01
    endloop
  endfacet
  facet normal 9.659258e-01 -2.588190e-01 0.000000e+00
    outer loop
      vertex   1.507327e+02 -8.268334e+01 1.418333e+01
      vertex   1.506808e+02 -8.287697e+01 1.001667e+01
      vertex   1.507327e+02 -8.268334e+01 1.001667e+01
    endloop
  endfacet
  facet normal 9.063078e-01 -4.226183e-01 0.000000e+00
    outer loop
      vertex   1.507327e+02 -8.268334e+01 1.418333e+01
      vertex   1.507327e+02 -8.268334e+01 1.001667e+01
      vertex   1.508174e+02 -8.250167e+01 1.418333e+01
    endloop
  endfacet
  facet normal 9.063078e-01 -4.226183e-01 0.000000e+00
    outer loop
      vertex   1.508174e+02 -8.250167e+01 1.418333e+01
      vertex   1.507327e+02 -8.268334e+01 1.001667e+01
      vertex   1.508174e+02 -8.250167e+01 1.001667e+01
    endloop
  endfacet
  facet normal 8.191520e-01 -5.735764e-01 0.000000e+00
    outer loop
      vertex   1.508174e+02 -8.250167e+01 1.418333e+01
      vertex   1.508174e+02 -8.250167e+01 1.001667e+01
      vertex   1.509324e+02 -8.233746e+01 1.418333e+01
    endloop
  endfacet
  facet normal 8.191520e-01 -5.735764e-01 0.000000e+00
    outer loop
      vertex   1.509324e+02 -8.233746e+01 1.418333e+01
      vertex   1.508174e+02 -8.250167e+01 1.001667e+01
      vertex   1.509324e+02 -8.233746e+01 1.001667e+01
    endloop
  endfacet
  facet normal 7.071068e-01 -7.071068e-01 0.000000e+00
    outer loop
      vertex   1.509324e+02 -8.233746e+01 1.418333e+01
      vertex   1.509324e+02 -8.233746e+01 1.001667e+01
      vertex   1.510742e+02 -8.219572e+01 1.418333e+01
    endloop
  endfacet
  facet normal 7.071068e-01 -7.071068e-01 0.000000e+00
    outer loop
      vertex   1.510742e+02 -8.219572e+01 1.418333e+01
      vertex   1.509324e+02 -8.233746e+01 1.001667e+01
      vertex   1.510742e+02 -8.219572e+01 1.001667e+01
    endloop
  endfacet
  facet normal 5.735764e-01 -8.191520e-01 0.000000e+00
    outer loop
      vertex   1.510742e+02 -8.219572e+01 1.418333e+01
      vertex   1.510742e+02 -8.219572e+01 1.001667e+01
      vertex   1.512384e+02 -8.208074e+01 1.418333e+01
    endloop
  endfacet
  facet normal 5.735764e-01 -8.191520e-01 0.000000e+00
    outer loop
      vertex   1.512384e+02 -8.208074e+01 1.418333e+01
      vertex   1.510742e+02 -8.219572e+01 1.001667e+01
      vertex   1.512384e+02 -8.208074e+01 1.001667e+01
    endloop
  endfacet
  facet normal 4.226183e-01 -9.063078e-01 0.000000e+00
    outer loop
      vertex   1.512384e+02 -8.208074e+01 1.418333e+01
      vertex   1.512384e+02 -8.208074e+01 1.001667e+01
      vertex   1.514200e+02 -8.199602e+01 1.418333e+01
    endloop
  endfacet
  facet normal 4.226183e-01 -9.063078e-01 0.000000e+00
    outer loop
      vertex   1.514200e+02 -8.199602e+01 1.418333e+01
      vertex   1.512384e+02 -8.208074e+01 1.001667e+01
      vertex   1.514200e+02 -8.199602e+01 1.001667e+01
    endloop
  endfacet
  facet normal 2.588190e-01 -9.659258e-01 0.000000e+00
    outer loop
      vertex   1.514200e+02 -8.199602e+01 1.418333e+01
      vertex   1.514200e+02 -8.199602e+01 1.001667e+01
      vertex   1.516137e+02 -8.194414e+01 1.418333e+01
    endloop
  endfacet
  facet normal 2.588190e-01 -9.659258e-01 0.000000e+00
    outer loop
      vertex   1.516137e+02 -8.194414e+01 1.418333e+01
      vertex   1.514200e+02 -8.199602e+01 1.001667e+01
      vertex   1.516137e+02 -8.194414e+01 1.001667e+01
    endloop
  endfacet
  facet normal 8.715574e-02 -9.961947e-01 0.000000e+00
    outer loop
      vertex   1.516137e+02 -8.194414e+01 1.418333e+01
      vertex   1.516137e+02 -8.194414e+01 1.001667e+01
      vertex   1.518134e+02 -8.192667e+01 1.418333e+01
    endloop
  endfacet
  facet normal 8.715574e-02 -9.961947e-01 0.000000e+00
    outer loop
      vertex   1.518134e+02 -8.192667e+01 1.418333e+01
      vertex   1.516137e+02 -8.194414e+01 1.001667e+01
      vertex   1.518134e+02 -8.192667e+01 1.001667e+01
    endloop
  endfacet
  facet normal -8.715574e-02 -9.961947e-01 -0.000000e+00
    outer loop
      vertex   1.518134e+02 -8.192667e+01 1.418333e+01
      vertex   1.518134e+02 -8.192667e+01 1.001667e+01
      vertex   1.520131e+02 -8.194414e+01 1.418333e+01
    endloop
  endfacet
  facet normal -8.715574e-02 -9.961947e-01 -0.000000e+00
    outer loop
      vertex   1.520131e+02 -8.194414e+01 1.418333e+01
      vertex   1.518134e+02 -8.192667e+01 1.001667e+01
      vertex   1.520131e+02 -8.194414e+01 1.001667e+01
    endloop
  endfacet
  facet normal -2.588190e-01 -9.659258e-01 -0.000000e+00
    outer loop
      vertex   1.520131e+02 -8.194414e+01 1.418333e+01
      vertex   1.520131e+02 -8.194414e+01 1.001667e+01
      vertex   1.522067e+02 -8.199602e+01 1.418333e+01
    endloop
  endfacet
  facet normal -2.588190e-01 -9.659258e-01 -0.000000e+00
    outer loop
      vertex   1.522067e+02 -8.199602e+01 1.418333e+01
      vertex   1.520131e+02 -8.194414e+01 1.001667e+01
      vertex   1.522067e+02 -8.199602e+01 1.001667e+01
    endloop
  endfacet
  facet normal -4.226183e-01 -9.063078e-01 -0.000000e+00
    outer loop
      vertex   1.522067e+02 -8.199602e+01 1.418333e+01
      vertex   1.522067e+02 -8.199602e+01 1.001667e+01
      vertex   1.523884e+02 -8.208074e+01 1.418333e+01
    endloop
  endfacet
  facet normal -4.226183e-01 -9.063078e-01 -0.000000e+00
    outer loop
      vertex   1.523884e+02 -8.208074e+01 1.418333e+01
      vertex   1.522067e+02 -8.199602e+01 1.001667e+01
      vertex   1.523884e+02 -8.208074e+01 1.001667e+01
    endloop
  endfacet
  facet normal -5.735764e-01 -8.191520e-01 -0.000000e+00
    outer loop
      vertex   1.523884e+02 -8.208074e+01 1.418333e+01
      vertex   1.523884e+02 -8.208074e+01 1.001667e+01
      vertex   1.525526e+02 -8.219572e+01 1.418333e+01
    endloop
  endfacet
  facet normal -5.735764e-01 -8.191520e-01 -0.000000e+00
    outer loop
      vertex   1.525526e+02 -8.219572e+01 1.418333e+01
      vertex   1.523884e+02 -8.208074e+01 1.001667e+01
      vertex   1.525526e+02 -8.219572e+01 1.001667e+01
    endloop
  endfacet
  facet normal -7.071068e-01 -7.071068e-01 -0.000000e+00
    outer loop
      vertex   1.525526e+02 -8.219572e+01 1.418333e+01
      vertex   1.525526e+02 -8.219572e+01 1.001667e+01
      vertex   1.526943e+02 -8.233746e+01 1.418333e+01
    endloop
  endfacet
  facet normal -7.071068e-01 -7.071068e-01 -0.000000e+00
    outer loop
      vertex   1.526943e+02 -8.233746e+01 1.418333e+01
      vertex   1.525526e+02 -8.219572e+01 1.001667e+01
      vertex   1.526943e+02 -8.233746e+01 1.001667e+01
    endloop
  endfacet
  facet normal -8.191520e-01 -5.735764e-01 -0.000000e+00
    outer loop
      vertex   1.526943e+02 -8.233746e+01 1.418333e+01
      vertex   1.526943e+02 -8.233746e+01 1.001667e+01
      vertex   1.528093e+02 -8.250167e+01 1.418333e+01
    endloop
  endfacet
  facet normal -8.191520e-01 -5.735764e-01 -0.000000e+00
    outer loop
      vertex   1.528093e+02 -8.250167e+01 1.418333e+01
      vertex   1.526943e+02 -8.233746e+01 1.001667e+01
      vertex   1.528093e+02 -8.250167e+01 1.001667e+01
    endloop
  endfacet
  facet normal -9.063078e-01 -4.226183e-01 -0.000000e+00
    outer loop
      vertex   1.528093e+02 -8.250167e+01 1.418333e+01
      vertex   1.528093e+02 -8.250167e+01 1.001667e+01
      vertex   1.528940e+02 -8.268334e+01 1.418333e+01
    endloop
  endfacet
  facet normal -9.063078e-01 -4.226183e-01 -0.000000e+00
    outer loop
      vertex   1.528940e+02 -8.268334e+01 1.418333e+01
      vertex   1.528093e+02 -8.250167e+01 1.001667e+01
      vertex   1.528940e+02 -8.268334e+01 1.001667e+01
    endloop
  endfacet
  facet normal -9.659258e-01 -2.588190e-01 -0.000000e+00
    outer loop
      vertex   1.528940e+02 -8.268334e+01 1.418333e+01
      vertex   1.528940e+02 -8.268334e+01 1.001667e+01
      vertex   1.529459e+02 -8.287697e+01 1.418333e+01
    endloop
  endfacet
  facet normal -9.659258e-01 -2.588190e-01 -0.000000e+00
    outer loop
      vertex   1.529459e+02 -8.287697e+01 1.418333e+01
      vertex   1.528940e+02 -8.268334e+01 1.001667e+01
      vertex   1.529459e+02 -8.287697e+01 1.001667e+01
    endloop
  endfacet
  facet normal -9.961947e-01 -8.715574e-02 -0.000000e+00
    outer loop
      vertex   1.529459e+02 -8.287697e+01 1.418333e+01
      vertex   1.529459e+02 -8.287697e+01 1.001667e+01
      vertex   1.529634e+02 -8.307667e+01 1.418333e+01
    endloop
  endfacet
  facet normal -9.961947e-01 -8.715574e-02 -0.000000e+00
    outer loop
      vertex   1.529634e+02 -8.307667e+01 1.418333e+01
      vertex   1.529459e+02 -8.287697e+01 1.001667e+01
      vertex   1.529634e+02 -8.307667e+01 1.001667e+01
    endloop
  endfacet
  facet normal 0.000000e+00 0.000000e+00 -1.000000e+00
    outer loop
      vertex   1.529459e+02 -8.327636e+01 1.835000e+01
      vertex   1.506808e+02 -8.327636e+01 1.835000e+01
      vertex   1.529634e+02 -8.307667e+01 1.835000e+01
    endloop
  endfacet
  facet normal -0.000000e+00 0.000000e+00 -1.000000e+00
    outer loop
      vertex   1.529634e+02 -8.307667e+01 1.835000e+01
      vertex   1.506808e+02 -8.327636e+01 1.835000e+01
      vertex   1.506634e+02 -8.307667e+01 1.835000e+01
    endloop
  endfacet
  facet normal 0.000000e+00 0.000000e+00 -1.000000e+00
    outer loop
      vertex   1.529634e+02 -8.307667e+01 1.835000e+01
      vertex   1.506634e+02 -8.307667e+01 1.835000e+01
      vertex   1.529459e+02 -8.287697e+01 1.835000e+01
    endloop
  endfacet
  facet normal -0.000000e+00 0.000000e+00 -1.000000e+00
    outer loop
      vertex   1.529459e+02 -8.287697e+01 1.835000e+01
      vertex   1.506634e+02 -8.307667e+01 1.835000e+01
      vertex   1.506808e+02 -8.287697e+01 1.835000e+01
    endloop
  endfacet
  facet normal 0.000000e+00 0.000000e+00 -1.000000e+00
    outer loop
      vertex   1.529459e+02 -8.287697e+01 1.835000e+01
      vertex   1.506808e+02 -8.287697e+01 1.835000e+01
      vertex   1.528940e+02 -8.268334e+01 1.835000e+01
    endloop
  endfacet
  facet normal -0.000000e+00 0.000000e+00 -1.000000e+00
    outer loop
      vertex   1.528940e+02 -8.268334e+01 1.835000e+01
      vertex   1.506808e+02 -8.287697e+01 1.835000e+01
      vertex   1.507327e+02 -8.268334e+01 1.835000e+01
    endloop
  endfacet
  facet normal 0.000000e+00 0.000000e+00 -1.000000e+00
    outer loop
      vertex   1.528940e+02 -8.268334e+01 1.835000e+01
      vertex   1.507327e+02 -8.268334e+01 1.835000e+01
      vertex   1.528093e+02 -8.250167e+01 1.835000e+01
    endloop
  endfacet
  facet normal -0.000000e+00 0.000000e+00 -1.000000e+00
    outer loop
      vertex   1.528093e+02 -8.250167e+01 1.835000e+01
      vertex   1.507327e+02 -8.268334e+01 1.835000e+01
      vertex   1.508174e+02 -8.250167e+01 1.835000e+01
    endloop
  endfacet
  facet normal 0.000000e+00 0.000000e+00 -1.000000e+00
    outer loop
      vertex   1.528093e+02 -8.250167e+01 1.835000e+01
      vertex   1.508174e+02 -8.250167e+01 1.835000e+01
      vertex   1.526943e+02 -8.233746e+01 1.835000e+01
    endloop
  endfacet
  facet normal -0.000000e+00 0.000000e+00 -1.000000e+00
    outer loop
      vertex   1.526943e+02 -8.233746e+01 1.835000e+01
      vertex   1.508174e+02 -8.250167e+01 1.835000e+01
      vertex   1.509324e+02 -8.233746e+01 1.835000e+01
    endloop
  endfacet
  facet normal 0.000000e+00 0.000000e+00 -1.000000e+00
    outer loop
      vertex   1.526943e+02 -8.233746e+01 1.835000e+01
      vertex   1.509324e+02 -8.233746e+01 1.835000e+01
      vertex   1.525526e+02 -8.219572e+01 1.835000e+01
    endloop
  endfacet
  facet normal -0.000000e+00 0.000000e+00 -1.000000e+00
    outer loop
      vertex   1.525526e+02 -8.219572e+01 1.835000e+01
      vertex   1.509324e+02 -8.233746e+01 1.835000e+01
      vertex   1.510742e+02 -8.219572e+01 1.835000e+01
    endloop
  endfacet
  facet normal 0.000000e+00 0.000000e+00 -1.000000e+00
    outer loop
      vertex   1.525526e+02 -8.219572e+01 1.835000e+01
      vertex   1.510742e+02 -8.219572e+01 1.835000e+01
      vertex   1.523884e+02 -8.208074e+01 1.835000e+01
    endloop
  endfacet
  facet normal -0.000000e+00 0.000000e+00 -1.000000e+00
    outer loop
      vertex   1.523884e+02 -8.208074e+01 1.835000e+01
      vertex   1.510742e+02 -8.219572e+01 1.835000e+01
      vertex   1.512384e+02 -8.208074e+01 1.835000e+01
    endloop
  endfacet
  facet normal 0.000000e+00 0.000000e+00 -1.000000e+00
    outer loop
      vertex   1.523884e+02 -8.208074e+01 1.835000e+01
      vertex   1.512384e+02 -8.208074e+01 1.835000e+01
      vertex   1.522067e+02 -8.199602e+01 1.835000e+01
    endloop
  endfacet
  facet normal -0.000000e+00 0.000000e+00 -1.000000e+00
    outer loop
      vertex   1.522067e+02 -8.199602e+01 1.835000e+01
      vertex   1.512384e+02 -8.208074e+01 1.835000e+01
      vertex   1.514200e+02 -8.199602e+01 1.835000e+01
    endloop
  endfacet
  facet normal 0.000000e+00 0.000000e+00 -1.000000e+00
    outer loop
      vertex   1.522067e+02 -8.199602e+01 1.835000e+01
      vertex   1.514200e+02 -8.199602e+01 1.835000e+01
      vertex   1.520131e+02 -8.194414e+01 1.835000e+01
    endloop
  endfacet
  facet normal -0.000000e+00 0.000000e+00 -1.000000e+00
    outer loop
      vertex   1.520131e+02 -8.194414e+01 1.835000e+01
      vertex   1.514200e+02 -8.199602e+01 1.835000e+01
      vertex   1.516137e+02 -8.194414e+01 1.835000e+01
    endloop
  endfacet
  facet normal 0.000000e+00 0.000000e+00 -1.000000e+00
    outer loop
      vertex   1.520131e+02 -8.194414e+01 1.835000e+01
      vertex   1.516137e+02 -8.194414e+01 1.835000e+01
      vertex   1.518134e+02 -8.192667e+01 1.835000e+01
    endloop
  endfacet
  facet normal 0.000000e+00 0.000000e+00 -1.000000e+00
    outer loop
      vertex   1.506808e+02 -8.327636e+01 1.835000e+01
      vertex   1.529459e+02 -8.327636e+01 1.835000e+01
      vertex   1.507327e+02 -8.346999e+01 1.835000e+01
    endloop
  endfacet
  facet normal 0.000000e+00 0.000000e+00 -1.000000e+00
    outer loop
      vertex   1.507327e+02 -8.346999e+01 1.835000e+01
      vertex   1.529459e+02 -8.327636e+01 1.835000e+01
      vertex   1.528940e+02 -8.346999e+01 1.835000e+01
    endloop
  endfacet
  facet normal 0.000000e+00 0.000000e+00 -1.000000e+00
    outer loop
      vertex   1.507327e+02 -8.346999e+01 1.835000e+01
      vertex   1.528940e+02 -8.346999e+01 1.835000e+01
      vertex   1.508174e+02 -8.365167e+01 1.835000e+01
    endloop
  endfacet
  facet normal 0.000000e+00 0.000000e+00 -1.000000e+00
    outer loop
      vertex   1.508174e+02 -8.365167e+01 1.835000e+01
      vertex   1.528940e+02 -8.346999e+01 1.835000e+01
      vertex   1.528093e+02 -8.365167e+01 1.835000e+01
    endloop
  endfacet
  facet normal 0.000000e+00 0.000000e+00 -1.000000e+00
    outer loop
      vertex   1.508174e+02 -8.365167e+01 1.835000e+01
      vertex   1.528093e+02 -8.365167e+01 1.835000e+01
      vertex   1.509324e+02 -8.381587e+01 1.835000e+01
    endloop
  endfacet
  facet normal 0.000000e+00 0.000000e+00 -1.000000e+00
    outer loop
      vertex   1.509324e+02 -8.381587e+01 1.835000e+01
      vertex   1.528093e+02 -8.365167e+01 1.835000e+01
      vertex   1.526943e+02 -8.381587e+01 1.835000e+01
    endloop
  endfacet
  facet normal 0.000000e+00 0.000000e+00 -1.000000e+00
    outer loop
      vertex   1.509324e+02 -8.381587e+01 1.835000e+01
      vertex   1.526943e+02 -8.381587e+01 1.835000e+01
      vertex   1.510742e+02 -8.395762e+01 1.835000e+01
    endloop
  endfacet
  facet normal 0.000000e+00 0.000000e+00 -1.000000e+00
    outer loop
      vertex   1.510742e+02 -8.395762e+01 1.835000e+01
      vertex   1.526943e+02 -8.381587e+01 1.835000e+01
      vertex   1.525526e+02 -8.395762e+01 1.835000e+01
    endloop
  endfacet
  facet normal 0.000000e+00 0.000000e+00 -1.000000e+00
    outer loop
      vertex   1.510742e+02 -8.395762e+01 1.835000e+01
      vertex   1.525526e+02 -8.395762e+01 1.835000e+01
      vertex   1.512384e+02 -8.407260e+01 1.835000e+01
    endloop
  endfacet
  facet normal 0.000000e+00 0.000000e+00 -1.000000e+00
    outer loop
      vertex   1.512384e+02 -8.407260e+01 1.835000e+01
      vertex   1.525526e+02 -8.395762e+01 1.835000e+01
      vertex   1.523884e+02 -8.407260e+01 1.835000e+01
    endloop
  endfacet
  facet normal 0.000000e+00 0.000000e+00 -1.000000e+00
    outer loop
      vertex   1.512384e+02 -8.407260e+01 1.835000e+01
      vertex   1.523884e+02 -8.407260e+01 1.835000e+01
      vertex   1.514200e+02 -8.415731e+01 1.835000e+01
    endloop
  endfacet
  facet normal 0.000000e+00 0.000000e+00 -1.000000e+00
    outer loop
      vertex   1.514200e+02 -8.415731e+01 1.835000e+01
      vertex   1.523884e+02 -8.407260e+01 1.835000e+01
      vertex   1.522067e+02 -8.415731e+01 1.835000e+01
    endloop
  endfacet
  facet normal 0.000000e+00 0.000000e+00 -1.000000e+00
    outer loop
      vertex   1.514200e+02 -8.415731e+01 1.835000e+01
      vertex   1.522067e+02 -8.415731e+01 1.835000e+01
      vertex   1.516137e+02 -8.420920e+01 1.835000e+01
    endloop
  endfacet
  facet normal 0.000000e+00 0.000000e+00 -1.000000e+00
    outer loop
      vertex   1.516137e+02 -8.420920e+01 1.835000e+01
      vertex   1.522067e+02 -8.415731e+01 1.835000e+01
      vertex   1.520131e+02 -8.420920e+01 1.835000e+01
    endloop
  endfacet
  facet normal 0.000000e+00 0.000000e+00 -1.000000e+00
    outer loop
      vertex   1.516137e+02 -8.420920e+01 1.835000e+01
      vertex   1.520131e+02 -8.420920e+01 1.835000e+01
      vertex   1.518134e+02 -8.422667e+01 1.835000e+01
    endloop
  endfacet
  facet normal 8.661856e-01 -4.997225e-01 0.000000e+00
    outer loop
      vertex   1.562000e+02 -8.309939e+01 1.785000e+01
      vertex   1.510650e+02 -9.200000e+01 1.785000e+01
      vertex   1.562000e+02 -8.309939e+01 5.850000e+00
    endloop
  endfacet
  facet normal 8.661856e-01 -4.997225e-01 3.399610e-18
    outer loop
      vertex   1.562000e+02 -8.309939e+01 5.850000e+00
      vertex   1.510650e+02 -9.200000e+01 1.785000e+01
      vertex   1.510650e+02 -9.200000e+01 5.850000e+00
    endloop
  endfacet
  facet normal -0.000000e+00 -1.000000e+00 -0.000000e+00
    outer loop
      vertex   1.510650e+02 -9.200000e+01 1.985000e+01
      vertex   1.494828e+02 -9.200000e+01 1.985000e+01
      vertex   1.510650e+02 -9.200000e+01 1.785000e+01
    endloop
  endfacet
  facet normal -0.000000e+00 -1.000000e+00 0.000000e+00
    outer loop
      vertex   1.510650e+02 -9.200000e+01 1.785000e+01
      vertex   1.494828e+02 -9.200000e+01 1.985000e+01
      vertex   1.494828e+02 -9.200000e+01 5.850000e+00
    endloop
  endfacet
  facet normal 0.000000e+00 -1.000000e+00 -0.000000e+00
    outer loop
      vertex   1.510650e+02 -9.200000e+01 1.785000e+01
      vertex   1.494828e+02 -9.200000e+01 5.850000e+00
      vertex   1.510650e+02 -9.200000e+01 5.850000e+00
    endloop
  endfacet
  facet normal -7.071068e-01 -7.071068e-01 -0.000000e+00
    outer loop
      vertex   1.494828e+02 -9.200000e+01 1.985000e+01
      vertex   1.484000e+02 -9.091716e+01 1.985000e+01
      vertex   1.494828e+02 -9.200000e+01 5.850000e+00
    endloop
  endfacet
  facet normal -7.071068e-01 -7.071068e-01 -2.897378e-19
    outer loop
      vertex   1.494828e+02 -9.200000e+01 5.850000e+00
      vertex   1.484000e+02 -9.091716e+01 1.985000e+01
      vertex   1.484000e+02 -9.091716e+01 5.850000e+00
    endloop
  endfacet
  facet normal -1.000000e+00 0.000000e+00 0.000000e+00
    outer loop
      vertex   1.484000e+02 -9.091716e+01 1.985000e+01
      vertex   1.484000e+02 -5.788084e+01 1.985000e+01
      vertex   1.484000e+02 -9.091716e+01 5.850000e+00
    endloop
  endfacet
  facet normal -1.000000e+00 0.000000e+00 0.000000e+00
    outer loop
      vertex   1.484000e+02 -9.091716e+01 5.850000e+00
      vertex   1.484000e+02 -5.788084e+01 1.985000e+01
      vertex   1.484000e+02 -5.788084e+01 5.850000e+00
    endloop
  endfacet
  facet normal -7.191035e-01 6.949029e-01 0.000000e+00
    outer loop
      vertex   1.484000e+02 -5.788084e+01 1.985000e+01
      vertex   1.489130e+02 -5.735000e+01 1.985000e+01
      vertex   1.484000e+02 -5.788084e+01 5.850000e+00
    endloop
  endfacet
  facet normal -7.191035e-01 6.949029e-01 7.060910e-19
    outer loop
      vertex   1.484000e+02 -5.788084e+01 5.850000e+00
      vertex   1.489130e+02 -5.735000e+01 1.985000e+01
      vertex   1.489130e+02 -5.735000e+01 5.850000e+00
    endloop
  endfacet
  facet normal -0.000000e+00 1.000000e+00 0.000000e+00
    outer loop
      vertex   1.489130e+02 -5.735000e+01 1.985000e+01
      vertex   1.655797e+02 -5.735000e+01 1.985000e+01
      vertex   1.489130e+02 -5.735000e+01 5.850000e+00
    endloop
  endfacet
  facet normal 0.000000e+00 1.000000e+00 0.000000e+00
    outer loop
      vertex   1.489130e+02 -5.735000e+01 5.850000e+00
      vertex   1.655797e+02 -5.735000e+01 1.985000e+01
      vertex   1.655797e+02 -5.735000e+01 5.850000e+00
    endloop
  endfacet
  facet normal -7.071068e-01 7.071068e-01 0.000000e+00
    outer loop
      vertex   1.655797e+02 -5.735000e+01 1.985000e+01
      vertex   1.668875e+02 -5.604222e+01 1.985000e+01
      vertex   1.655797e+02 -5.735000e+01 5.850000e+00
    endloop
  endfacet
  facet normal -7.071068e-01 7.071068e-01 -2.469104e-19
    outer loop
      vertex   1.655797e+02 -5.735000e+01 5.850000e+00
      vertex   1.668875e+02 -5.604222e+01 1.985000e+01
      vertex   1.668875e+02 -5.604222e+01 5.850000e+00
    endloop
  endfacet
  facet normal -1.000000e+00 0.000000e+00 0.000000e+00
    outer loop
      vertex   1.668875e+02 -5.604222e+01 1.985000e+01
      vertex   1.668875e+02 -3.206403e+01 1.985000e+01
      vertex   1.668875e+02 -5.604222e+01 5.850000e+00
    endloop
  endfacet
  facet normal -1.000000e+00 0.000000e+00 0.000000e+00
    outer loop
      vertex   1.668875e+02 -5.604222e+01 5.850000e+00
      vertex   1.668875e+02 -3.206403e+01 1.985000e+01
      vertex   1.668875e+02 -3.206403e+01 5.850000e+00
    endloop
  endfacet
  facet normal 0.000000e+00 0.000000e+00 -1.000000e+00
    outer loop
      vertex   1.562000e+02 -8.309939e+01 5.850000e+00
      vertex   1.528093e+02 -8.250167e+01 5.850000e+00
      vertex   1.562000e+02 -6.565000e+01 5.850000e+00
    endloop
  endfacet
  facet normal 0.000000e+00 0.000000e+00 -1.000000e+00
    outer loop
      vertex   1.562000e+02 -6.565000e+01 5.850000e+00
      vertex   1.528093e+02 -8.250167e+01 5.850000e+00
      vertex   1.526943e+02 -8.233746e+01 5.850000e+00
    endloop
  endfacet
  facet normal 0.000000e+00 0.000000e+00 -1.000000e+00
    outer loop
      vertex   1.562000e+02 -6.565000e+01 5.850000e+00
      vertex   1.526943e+02 -8.233746e+01 5.850000e+00
      vertex   1.525526e+02 -8.219572e+01 5.850000e+00
    endloop
  endfacet
  facet normal 0.000000e+00 0.000000e+00 -1.000000e+00
    outer loop
      vertex   1.510650e+02 -9.200000e+01 5.850000e+00
      vertex   1.528093e+02 -8.365167e+01 5.850000e+00
      vertex   1.562000e+02 -8.309939e+01 5.850000e+00
    endloop
  endfacet
  facet normal 0.000000e+00 0.000000e+00 -1.000000e+00
    outer loop
      vertex   1.562000e+02 -8.309939e+01 5.850000e+00
      vertex   1.528093e+02 -8.365167e+01 5.850000e+00
      vertex   1.528940e+02 -8.346999e+01 5.850000e+00
    endloop
  endfacet
  facet normal 0.000000e+00 0.000000e+00 -1.000000e+00
    outer loop
      vertex   1.562000e+02 -8.309939e+01 5.850000e+00
      vertex   1.528940e+02 -8.346999e+01 5.850000e+00
      vertex   1.529459e+02 -8.327636e+01 5.850000e+00
    endloop
  endfacet
  facet normal 0.000000e+00 0.000000e+00 -1.000000e+00
    outer loop
      vertex   1.494828e+02 -9.200000e+01 5.850000e+00
      vertex   1.509324e+02 -8.381587e+01 5.850000e+00
      vertex   1.510650e+02 -9.200000e+01 5.850000e+00
    endloop
  endfacet
  facet normal 0.000000e+00 0.000000e+00 -1.000000e+00
    outer loop
      vertex   1.510650e+02 -9.200000e+01 5.850000e+00
      vertex   1.509324e+02 -8.381587e+01 5.850000e+00
      vertex   1.510742e+02 -8.395762e+01 5.850000e+00
    endloop
  endfacet
  facet normal 0.000000e+00 0.000000e+00 -1.000000e+00
    outer loop
      vertex   1.510650e+02 -9.200000e+01 5.850000e+00
      vertex   1.510742e+02 -8.395762e+01 5.850000e+00
      vertex   1.512384e+02 -8.407260e+01 5.850000e+00
    endloop
  endfacet
  facet normal 0.000000e+00 0.000000e+00 -1.000000e+00
    outer loop
      vertex   1.484000e+02 -9.091716e+01 5.850000e+00
      vertex   1.507327e+02 -8.346999e+01 5.850000e+00
      vertex   1.494828e+02 -9.200000e+01 5.850000e+00
    endloop
  endfacet
  facet normal 0.000000e+00 0.000000e+00 -1.000000e+00
    outer loop
      vertex   1.494828e+02 -9.200000e+01 5.850000e+00
      vertex   1.507327e+02 -8.346999e+01 5.850000e+00
      vertex   1.508174e+02 -8.365167e+01 5.850000e+00
    endloop
  endfacet
  facet normal 0.000000e+00 0.000000e+00 -1.000000e+00
    outer loop
      vertex   1.494828e+02 -9.200000e+01 5.850000e+00
      vertex   1.508174e+02 -8.365167e+01 5.850000e+00
      vertex   1.509324e+02 -8.381587e+01 5.850000e+00
    endloop
  endfacet
  facet normal 0.000000e+00 0.000000e+00 -1.000000e+00
    outer loop
      vertex   1.484000e+02 -5.788084e+01 5.850000e+00
      vertex   1.506808e+02 -8.287697e+01 5.850000e+00
      vertex   1.484000e+02 -9.091716e+01 5.850000e+00
    endloop
  endfacet
  facet normal 0.000000e+00 0.000000e+00 -1.000000e+00
    outer loop
      vertex   1.484000e+02 -9.091716e+01 5.850000e+00
      vertex   1.506808e+02 -8.287697e+01 5.850000e+00
      vertex   1.506634e+02 -8.307667e+01 5.850000e+00
    endloop
  endfacet
  facet normal 0.000000e+00 0.000000e+00 -1.000000e+00
    outer loop
      vertex   1.484000e+02 -9.091716e+01 5.850000e+00
      vertex   1.506634e+02 -8.307667e+01 5.850000e+00
      vertex   1.506808e+02 -8.327636e+01 5.850000e+00
    endloop
  endfacet
  facet normal 0.000000e+00 -0.000000e+00 -1.000000e+00
    outer loop
      vertex   1.489130e+02 -5.735000e+01 5.850000e+00
      vertex   1.512782e+02 -6.138271e+01 5.850000e+00
      vertex   1.484000e+02 -5.788084e+01 5.850000e+00
    endloop
  endfacet
  facet normal 0.000000e+00 0.000000e+00 -1.000000e+00
    outer loop
      vertex   1.484000e+02 -5.788084e+01 5.850000e+00
      vertex   1.512782e+02 -6.138271e+01 5.850000e+00
      vertex   1.512957e+02 -6.158241e+01 5.850000e+00
    endloop
  endfacet
  facet normal 0.000000e+00 0.000000e+00 -1.000000e+00
    outer loop
      vertex   1.484000e+02 -5.788084e+01 5.850000e+00
      vertex   1.512957e+02 -6.158241e+01 5.850000e+00
      vertex   1.513476e+02 -6.177603e+01 5.850000e+00
    endloop
  endfacet
  facet normal -0.000000e+00 0.000000e+00 -1.000000e+00
    outer loop
      vertex   1.655797e+02 -5.735000e+01 5.850000e+00
      vertex   1.530032e+02 -6.038678e+01 5.850000e+00
      vertex   1.489130e+02 -5.735000e+01 5.850000e+00
    endloop
  endfacet
  facet normal 0.000000e+00 0.000000e+00 -1.000000e+00
    outer loop
      vertex   1.489130e+02 -5.735000e+01 5.850000e+00
      vertex   1.530032e+02 -6.038678e+01 5.850000e+00
      vertex   1.528216e+02 -6.030206e+01 5.850000e+00
    endloop
  endfacet
  facet normal 0.000000e+00 0.000000e+00 -1.000000e+00
    outer loop
      vertex   1.489130e+02 -5.735000e+01 5.850000e+00
      vertex   1.528216e+02 -6.030206e+01 5.850000e+00
      vertex   1.526279e+02 -6.025018e+01 5.850000e+00
    endloop
  endfacet
  facet normal 0.000000e+00 -0.000000e+00 -1.000000e+00
    outer loop
      vertex   1.668875e+02 -5.604222e+01 5.850000e+00
      vertex   1.688106e+02 -6.515000e+01 5.850000e+00
      vertex   1.655797e+02 -5.735000e+01 5.850000e+00
    endloop
  endfacet
  facet normal 0.000000e+00 -0.000000e+00 -1.000000e+00
    outer loop
      vertex   1.655797e+02 -5.735000e+01 5.850000e+00
      vertex   1.688106e+02 -6.515000e+01 5.850000e+00
      vertex   1.567000e+02 -6.515000e+01 5.850000e+00
    endloop
  endfacet
  facet normal 0.000000e+00 0.000000e+00 -1.000000e+00
    outer loop
      vertex   1.655797e+02 -5.735000e+01 5.850000e+00
      vertex   1.567000e+02 -6.515000e+01 5.850000e+00
      vertex   1.534242e+02 -6.080771e+01 5.850000e+00
    endloop
  endfacet
  facet normal 0.000000e+00 0.000000e+00 -1.000000e+00
    outer loop
      vertex   1.534242e+02 -6.080771e+01 5.850000e+00
      vertex   1.567000e+02 -6.515000e+01 5.850000e+00
      vertex   1.535089e+02 -6.098939e+01 5.850000e+00
    endloop
  endfacet
  facet normal 0.000000e+00 0.000000e+00 -1.000000e+00
    outer loop
      vertex   1.535089e+02 -6.098939e+01 5.850000e+00
      vertex   1.567000e+02 -6.515000e+01 5.850000e+00
      vertex   1.566132e+02 -6.515760e+01 5.850000e+00
    endloop
  endfacet
  facet normal 0.000000e+00 0.000000e+00 -1.000000e+00
    outer loop
      vertex   1.535089e+02 -6.098939e+01 5.850000e+00
      vertex   1.566132e+02 -6.515760e+01 5.850000e+00
      vertex   1.535608e+02 -6.118302e+01 5.850000e+00
    endloop
  endfacet
  facet normal 0.000000e+00 0.000000e+00 -1.000000e+00
    outer loop
      vertex   1.535608e+02 -6.118302e+01 5.850000e+00
      vertex   1.566132e+02 -6.515760e+01 5.850000e+00
      vertex   1.565290e+02 -6.518015e+01 5.850000e+00
    endloop
  endfacet
  facet normal 0.000000e+00 0.000000e+00 -1.000000e+00
    outer loop
      vertex   1.535608e+02 -6.118302e+01 5.850000e+00
      vertex   1.565290e+02 -6.518015e+01 5.850000e+00
      vertex   1.564500e+02 -6.521699e+01 5.850000e+00
    endloop
  endfacet
  facet normal 0.000000e+00 0.000000e+00 -1.000000e+00
    outer loop
      vertex   1.668875e+02 -3.206403e+01 5.850000e+00
      vertex   1.693846e+02 -2.973307e+01 5.850000e+00
      vertex   1.668875e+02 -5.604222e+01 5.850000e+00
    endloop
  endfacet
  facet normal 0.000000e+00 0.000000e+00 -1.000000e+00
    outer loop
      vertex   1.668875e+02 -5.604222e+01 5.850000e+00
      vertex   1.693846e+02 -2.973307e+01 5.850000e+00
      vertex   1.695663e+02 -2.964835e+01 5.850000e+00
    endloop
  endfacet
  facet normal 0.000000e+00 0.000000e+00 -1.000000e+00
    outer loop
      vertex   1.668875e+02 -5.604222e+01 5.850000e+00
      vertex   1.695663e+02 -2.964835e+01 5.850000e+00
      vertex   1.697305e+02 -2.953338e+01 5.850000e+00
    endloop
  endfacet
  facet normal 0.000000e+00 0.000000e+00 -1.000000e+00
    outer loop
      vertex   1.655797e+02 -3.075625e+01 5.850000e+00
      vertex   1.678413e+02 -2.865242e+01 5.850000e+00
      vertex   1.668875e+02 -3.206403e+01 5.850000e+00
    endloop
  endfacet
  facet normal 0.000000e+00 0.000000e+00 -1.000000e+00
    outer loop
      vertex   1.668875e+02 -3.206403e+01 5.850000e+00
      vertex   1.678413e+02 -2.865242e+01 5.850000e+00
      vertex   1.678588e+02 -2.885212e+01 5.850000e+00
    endloop
  endfacet
  facet normal 0.000000e+00 0.000000e+00 -1.000000e+00
    outer loop
      vertex   1.668875e+02 -3.206403e+01 5.850000e+00
      vertex   1.678588e+02 -2.885212e+01 5.850000e+00
      vertex   1.679107e+02 -2.904575e+01 5.850000e+00
    endloop
  endfacet
  facet normal 0.000000e+00 0.000000e+00 -1.000000e+00
    outer loop
      vertex   1.650827e+02 -3.075625e+01 5.850000e+00
      vertex   1.650827e+02 -2.295625e+01 5.850000e+00
      vertex   1.655797e+02 -3.075625e+01 5.850000e+00
    endloop
  endfacet
  facet normal 0.000000e+00 0.000000e+00 -1.000000e+00
    outer loop
      vertex   1.655797e+02 -3.075625e+01 5.850000e+00
      vertex   1.650827e+02 -2.295625e+01 5.850000e+00
      vertex   1.678588e+02 -2.845273e+01 5.850000e+00
    endloop
  endfacet
  facet normal 0.000000e+00 0.000000e+00 -1.000000e+00
    outer loop
      vertex   1.655797e+02 -3.075625e+01 5.850000e+00
      vertex   1.678588e+02 -2.845273e+01 5.850000e+00
      vertex   1.678413e+02 -2.865242e+01 5.850000e+00
    endloop
  endfacet
  facet normal -0.000000e+00 0.000000e+00 -1.000000e+00
    outer loop
      vertex   1.688106e+02 -2.295625e+01 5.850000e+00
      vertex   1.679954e+02 -2.807742e+01 5.850000e+00
      vertex   1.650827e+02 -2.295625e+01 5.850000e+00
    endloop
  endfacet
  facet normal 0.000000e+00 0.000000e+00 -1.000000e+00
    outer loop
      vertex   1.650827e+02 -2.295625e+01 5.850000e+00
      vertex   1.679954e+02 -2.807742e+01 5.850000e+00
      vertex   1.679107e+02 -2.825910e+01 5.850000e+00
    endloop
  endfacet
  facet normal 0.000000e+00 0.000000e+00 -1.000000e+00
    outer loop
      vertex   1.650827e+02 -2.295625e+01 5.850000e+00
      vertex   1.679107e+02 -2.825910e+01 5.850000e+00
      vertex   1.678588e+02 -2.845273e+01 5.850000e+00
    endloop
  endfacet
  facet normal 0.000000e+00 0.000000e+00 -1.000000e+00
    outer loop
      vertex   1.746875e+02 -2.883317e+01 5.850000e+00
      vertex   1.700720e+02 -2.825910e+01 5.850000e+00
      vertex   1.688106e+02 -2.295625e+01 5.850000e+00
    endloop
  endfacet
  facet normal 0.000000e+00 0.000000e+00 -1.000000e+00
    outer loop
      vertex   1.688106e+02 -2.295625e+01 5.850000e+00
      vertex   1.700720e+02 -2.825910e+01 5.850000e+00
      vertex   1.699873e+02 -2.807742e+01 5.850000e+00
    endloop
  endfacet
  facet normal 0.000000e+00 0.000000e+00 -1.000000e+00
    outer loop
      vertex   1.688106e+02 -2.295625e+01 5.850000e+00
      vertex   1.699873e+02 -2.807742e+01 5.850000e+00
      vertex   1.698723e+02 -2.791322e+01 5.850000e+00
    endloop
  endfacet
  facet normal 0.000000e+00 0.000000e+00 -1.000000e+00
    outer loop
      vertex   1.746875e+02 -5.927308e+01 5.850000e+00
      vertex   1.698723e+02 -2.939163e+01 5.850000e+00
      vertex   1.746875e+02 -2.883317e+01 5.850000e+00
    endloop
  endfacet
  facet normal 0.000000e+00 0.000000e+00 -1.000000e+00
    outer loop
      vertex   1.746875e+02 -2.883317e+01 5.850000e+00
      vertex   1.698723e+02 -2.939163e+01 5.850000e+00
      vertex   1.699873e+02 -2.922742e+01 5.850000e+00
    endloop
  endfacet
  facet normal 0.000000e+00 0.000000e+00 -1.000000e+00
    outer loop
      vertex   1.746875e+02 -2.883317e+01 5.850000e+00
      vertex   1.699873e+02 -2.922742e+01 5.850000e+00
      vertex   1.700720e+02 -2.904575e+01 5.850000e+00
    endloop
  endfacet
  facet normal 0.000000e+00 0.000000e+00 -1.000000e+00
    outer loop
      vertex   1.688106e+02 -6.515000e+01 5.850000e+00
      vertex   1.668875e+02 -5.604222e+01 5.850000e+00
      vertex   1.746875e+02 -5.927308e+01 5.850000e+00
    endloop
  endfacet
  facet normal 0.000000e+00 0.000000e+00 -1.000000e+00
    outer loop
      vertex   1.746875e+02 -5.927308e+01 5.850000e+00
      vertex   1.668875e+02 -5.604222e+01 5.850000e+00
      vertex   1.697305e+02 -2.953338e+01 5.850000e+00
    endloop
  endfacet
  facet normal 0.000000e+00 0.000000e+00 -1.000000e+00
    outer loop
      vertex   1.746875e+02 -5.927308e+01 5.850000e+00
      vertex   1.697305e+02 -2.953338e+01 5.850000e+00
      vertex   1.698723e+02 -2.939163e+01 5.850000e+00
    endloop
  endfacet
  facet normal -0.000000e+00 0.000000e+00 -1.000000e+00
    outer loop
      vertex   1.564500e+02 -6.521699e+01 5.850000e+00
      vertex   1.563786e+02 -6.526698e+01 5.850000e+00
      vertex   1.535608e+02 -6.118302e+01 5.850000e+00
    endloop
  endfacet
  facet normal 0.000000e+00 0.000000e+00 -1.000000e+00
    outer loop
      vertex   1.535608e+02 -6.118302e+01 5.850000e+00
      vertex   1.563786e+02 -6.526698e+01 5.850000e+00
      vertex   1.535782e+02 -6.138271e+01 5.850000e+00
    endloop
  endfacet
  facet normal 0.000000e+00 0.000000e+00 -1.000000e+00
    outer loop
      vertex   1.535782e+02 -6.138271e+01 5.850000e+00
      vertex   1.563786e+02 -6.526698e+01 5.850000e+00
      vertex   1.563170e+02 -6.532861e+01 5.850000e+00
    endloop
  endfacet
  facet normal 0.000000e+00 0.000000e+00 -1.000000e+00
    outer loop
      vertex   1.535782e+02 -6.138271e+01 5.850000e+00
      vertex   1.563170e+02 -6.532861e+01 5.850000e+00
      vertex   1.562670e+02 -6.540000e+01 5.850000e+00
    endloop
  endfacet
  facet normal -0.000000e+00 0.000000e+00 -1.000000e+00
    outer loop
      vertex   1.562670e+02 -6.540000e+01 5.850000e+00
      vertex   1.562302e+02 -6.547899e+01 5.850000e+00
      vertex   1.535782e+02 -6.138271e+01 5.850000e+00
    endloop
  endfacet
  facet normal 0.000000e+00 -0.000000e+00 -1.000000e+00
    outer loop
      vertex   1.535782e+02 -6.138271e+01 5.850000e+00
      vertex   1.562302e+02 -6.547899e+01 5.850000e+00
      vertex   1.535608e+02 -6.158241e+01 5.850000e+00
    endloop
  endfacet
  facet normal 0.000000e+00 0.000000e+00 -1.000000e+00
    outer loop
      vertex   1.535608e+02 -6.158241e+01 5.850000e+00
      vertex   1.562302e+02 -6.547899e+01 5.850000e+00
      vertex   1.562076e+02 -6.556318e+01 5.850000e+00
    endloop
  endfacet
  facet normal 0.000000e+00 -0.000000e+00 -1.000000e+00
    outer loop
      vertex   1.535608e+02 -6.158241e+01 5.850000e+00
      vertex   1.562076e+02 -6.556318e+01 5.850000e+00
      vertex   1.535089e+02 -6.177603e+01 5.850000e+00
    endloop
  endfacet
  facet normal 0.000000e+00 0.000000e+00 -1.000000e+00
    outer loop
      vertex   1.535089e+02 -6.177603e+01 5.850000e+00
      vertex   1.562076e+02 -6.556318e+01 5.850000e+00
      vertex   1.562000e+02 -6.565000e+01 5.850000e+00
    endloop
  endfacet
  facet normal 0.000000e+00 -0.000000e+00 -1.000000e+00
    outer loop
      vertex   1.535089e+02 -6.177603e+01 5.850000e+00
      vertex   1.562000e+02 -6.565000e+01 5.850000e+00
      vertex   1.534242e+02 -6.195771e+01 5.850000e+00
    endloop
  endfacet
  facet normal 0.000000e+00 -0.000000e+00 -1.000000e+00
    outer loop
      vertex   1.534242e+02 -6.195771e+01 5.850000e+00
      vertex   1.562000e+02 -6.565000e+01 5.850000e+00
      vertex   1.533092e+02 -6.212192e+01 5.850000e+00
    endloop
  endfacet
  facet normal 0.000000e+00 -0.000000e+00 -1.000000e+00
    outer loop
      vertex   1.533092e+02 -6.212192e+01 5.850000e+00
      vertex   1.562000e+02 -6.565000e+01 5.850000e+00
      vertex   1.531675e+02 -6.226366e+01 5.850000e+00
    endloop
  endfacet
  facet normal 0.000000e+00 -0.000000e+00 -1.000000e+00
    outer loop
      vertex   1.531675e+02 -6.226366e+01 5.850000e+00
      vertex   1.562000e+02 -6.565000e+01 5.850000e+00
      vertex   1.530032e+02 -6.237864e+01 5.850000e+00
    endloop
  endfacet
  facet normal 0.000000e+00 -0.000000e+00 -1.000000e+00
    outer loop
      vertex   1.530032e+02 -6.237864e+01 5.850000e+00
      vertex   1.562000e+02 -6.565000e+01 5.850000e+00
      vertex   1.528216e+02 -6.246336e+01 5.850000e+00
    endloop
  endfacet
  facet normal 0.000000e+00 -0.000000e+00 -1.000000e+00
    outer loop
      vertex   1.528216e+02 -6.246336e+01 5.850000e+00
      vertex   1.562000e+02 -6.565000e+01 5.850000e+00
      vertex   1.523884e+02 -8.208074e+01 5.850000e+00
    endloop
  endfacet
  facet normal 0.000000e+00 0.000000e+00 -1.000000e+00
    outer loop
      vertex   1.528216e+02 -6.246336e+01 5.850000e+00
      vertex   1.523884e+02 -8.208074e+01 5.850000e+00
      vertex   1.526279e+02 -6.251524e+01 5.850000e+00
    endloop
  endfacet
  facet normal 0.000000e+00 0.000000e+00 -1.000000e+00
    outer loop
      vertex   1.526279e+02 -6.251524e+01 5.850000e+00
      vertex   1.523884e+02 -8.208074e+01 5.850000e+00
      vertex   1.522067e+02 -8.199602e+01 5.850000e+00
    endloop
  endfacet
  facet normal 0.000000e+00 0.000000e+00 -1.000000e+00
    outer loop
      vertex   1.526279e+02 -6.251524e+01 5.850000e+00
      vertex   1.522067e+02 -8.199602e+01 5.850000e+00
      vertex   1.524282e+02 -6.253271e+01 5.850000e+00
    endloop
  endfacet
  facet normal 0.000000e+00 0.000000e+00 -1.000000e+00
    outer loop
      vertex   1.524282e+02 -6.253271e+01 5.850000e+00
      vertex   1.522067e+02 -8.199602e+01 5.850000e+00
      vertex   1.520131e+02 -8.194414e+01 5.850000e+00
    endloop
  endfacet
  facet normal -0.000000e+00 0.000000e+00 -1.000000e+00
    outer loop
      vertex   1.524282e+02 -6.253271e+01 5.850000e+00
      vertex   1.520131e+02 -8.194414e+01 5.850000e+00
      vertex   1.522285e+02 -6.251524e+01 5.850000e+00
    endloop
  endfacet
  facet normal 0.000000e+00 0.000000e+00 -1.000000e+00
    outer loop
      vertex   1.522285e+02 -6.251524e+01 5.850000e+00
      vertex   1.520131e+02 -8.194414e+01 5.850000e+00
      vertex   1.518134e+02 -8.192667e+01 5.850000e+00
    endloop
  endfacet
  facet normal -0.000000e+00 0.000000e+00 -1.000000e+00
    outer loop
      vertex   1.522285e+02 -6.251524e+01 5.850000e+00
      vertex   1.518134e+02 -8.192667e+01 5.850000e+00
      vertex   1.520349e+02 -6.246336e+01 5.850000e+00
    endloop
  endfacet
  facet normal 0.000000e+00 0.000000e+00 -1.000000e+00
    outer loop
      vertex   1.520349e+02 -6.246336e+01 5.850000e+00
      vertex   1.518134e+02 -8.192667e+01 5.850000e+00
      vertex   1.516137e+02 -8.194414e+01 5.850000e+00
    endloop
  endfacet
  facet normal -0.000000e+00 0.000000e+00 -1.000000e+00
    outer loop
      vertex   1.520349e+02 -6.246336e+01 5.850000e+00
      vertex   1.516137e+02 -8.194414e+01 5.850000e+00
      vertex   1.518532e+02 -6.237864e+01 5.850000e+00
    endloop
  endfacet
  facet normal 0.000000e+00 0.000000e+00 -1.000000e+00
    outer loop
      vertex   1.518532e+02 -6.237864e+01 5.850000e+00
      vertex   1.516137e+02 -8.194414e+01 5.850000e+00
      vertex   1.514200e+02 -8.199602e+01 5.850000e+00
    endloop
  endfacet
  facet normal -0.000000e+00 0.000000e+00 -1.000000e+00
    outer loop
      vertex   1.518532e+02 -6.237864e+01 5.850000e+00
      vertex   1.514200e+02 -8.199602e+01 5.850000e+00
      vertex   1.516890e+02 -6.226366e+01 5.850000e+00
    endloop
  endfacet
  facet normal 0.000000e+00 0.000000e+00 -1.000000e+00
    outer loop
      vertex   1.516890e+02 -6.226366e+01 5.850000e+00
      vertex   1.514200e+02 -8.199602e+01 5.850000e+00
      vertex   1.512384e+02 -8.208074e+01 5.850000e+00
    endloop
  endfacet
  facet normal -0.000000e+00 0.000000e+00 -1.000000e+00
    outer loop
      vertex   1.516890e+02 -6.226366e+01 5.850000e+00
      vertex   1.512384e+02 -8.208074e+01 5.850000e+00
      vertex   1.515473e+02 -6.212192e+01 5.850000e+00
    endloop
  endfacet
  facet normal 0.000000e+00 0.000000e+00 -1.000000e+00
    outer loop
      vertex   1.515473e+02 -6.212192e+01 5.850000e+00
      vertex   1.512384e+02 -8.208074e+01 5.850000e+00
      vertex   1.510742e+02 -8.219572e+01 5.850000e+00
    endloop
  endfacet
  facet normal 0.000000e+00 0.000000e+00 -1.000000e+00
    outer loop
      vertex   1.515473e+02 -6.212192e+01 5.850000e+00
      vertex   1.510742e+02 -8.219572e+01 5.850000e+00
      vertex   1.509324e+02 -8.233746e+01 5.850000e+00
    endloop
  endfacet
  facet normal 0.000000e+00 0.000000e+00 -1.000000e+00
    outer loop
      vertex   1.701239e+02 -2.885212e+01 5.850000e+00
      vertex   1.701413e+02 -2.865242e+01 5.850000e+00
      vertex   1.746875e+02 -2.883317e+01 5.850000e+00
    endloop
  endfacet
  facet normal 0.000000e+00 0.000000e+00 -1.000000e+00
    outer loop
      vertex   1.746875e+02 -2.883317e+01 5.850000e+00
      vertex   1.701413e+02 -2.865242e+01 5.850000e+00
      vertex   1.701239e+02 -2.845273e+01 5.850000e+00
    endloop
  endfacet
  facet normal 0.000000e+00 0.000000e+00 -1.000000e+00
    outer loop
      vertex   1.746875e+02 -2.883317e+01 5.850000e+00
      vertex   1.701239e+02 -2.845273e+01 5.850000e+00
      vertex   1.700720e+02 -2.825910e+01 5.850000e+00
    endloop
  endfacet
  facet normal 0.000000e+00 0.000000e+00 -1.000000e+00
    outer loop
      vertex   1.698723e+02 -2.791322e+01 5.850000e+00
      vertex   1.697305e+02 -2.777147e+01 5.850000e+00
      vertex   1.688106e+02 -2.295625e+01 5.850000e+00
    endloop
  endfacet
  facet normal 0.000000e+00 0.000000e+00 -1.000000e+00
    outer loop
      vertex   1.688106e+02 -2.295625e+01 5.850000e+00
      vertex   1.697305e+02 -2.777147e+01 5.850000e+00
      vertex   1.695663e+02 -2.765650e+01 5.850000e+00
    endloop
  endfacet
  facet normal 0.000000e+00 0.000000e+00 -1.000000e+00
    outer loop
      vertex   1.688106e+02 -2.295625e+01 5.850000e+00
      vertex   1.695663e+02 -2.765650e+01 5.850000e+00
      vertex   1.693846e+02 -2.757178e+01 5.850000e+00
    endloop
  endfacet
  facet normal 0.000000e+00 0.000000e+00 -1.000000e+00
    outer loop
      vertex   1.693846e+02 -2.757178e+01 5.850000e+00
      vertex   1.691910e+02 -2.751990e+01 5.850000e+00
      vertex   1.688106e+02 -2.295625e+01 5.850000e+00
    endloop
  endfacet
  facet normal 0.000000e+00 0.000000e+00 -1.000000e+00
    outer loop
      vertex   1.688106e+02 -2.295625e+01 5.850000e+00
      vertex   1.691910e+02 -2.751990e+01 5.850000e+00
      vertex   1.689913e+02 -2.750242e+01 5.850000e+00
    endloop
  endfacet
  facet normal 0.000000e+00 -0.000000e+00 -1.000000e+00
    outer loop
      vertex   1.688106e+02 -2.295625e+01 5.850000e+00
      vertex   1.689913e+02 -2.750242e+01 5.850000e+00
      vertex   1.687916e+02 -2.751990e+01 5.850000e+00
    endloop
  endfacet
  facet normal -0.000000e+00 0.000000e+00 -1.000000e+00
    outer loop
      vertex   1.687916e+02 -2.751990e+01 5.850000e+00
      vertex   1.685980e+02 -2.757178e+01 5.850000e+00
      vertex   1.688106e+02 -2.295625e+01 5.850000e+00
    endloop
  endfacet
  facet normal 0.000000e+00 0.000000e+00 -1.000000e+00
    outer loop
      vertex   1.688106e+02 -2.295625e+01 5.850000e+00
      vertex   1.685980e+02 -2.757178e+01 5.850000e+00
      vertex   1.684163e+02 -2.765650e+01 5.850000e+00
    endloop
  endfacet
  facet normal 0.000000e+00 0.000000e+00 -1.000000e+00
    outer loop
      vertex   1.688106e+02 -2.295625e+01 5.850000e+00
      vertex   1.684163e+02 -2.765650e+01 5.850000e+00
      vertex   1.682521e+02 -2.777147e+01 5.850000e+00
    endloop
  endfacet
  facet normal -0.000000e+00 0.000000e+00 -1.000000e+00
    outer loop
      vertex   1.682521e+02 -2.777147e+01 5.850000e+00
      vertex   1.681104e+02 -2.791322e+01 5.850000e+00
      vertex   1.688106e+02 -2.295625e+01 5.850000e+00
    endloop
  endfacet
  facet normal 0.000000e+00 0.000000e+00 -1.000000e+00
    outer loop
      vertex   1.688106e+02 -2.295625e+01 5.850000e+00
      vertex   1.681104e+02 -2.791322e+01 5.850000e+00
      vertex   1.679954e+02 -2.807742e+01 5.850000e+00
    endloop
  endfacet
  facet normal 0.000000e+00 -0.000000e+00 -1.000000e+00
    outer loop
      vertex   1.679107e+02 -2.904575e+01 5.850000e+00
      vertex   1.679954e+02 -2.922742e+01 5.850000e+00
      vertex   1.668875e+02 -3.206403e+01 5.850000e+00
    endloop
  endfacet
  facet normal 0.000000e+00 0.000000e+00 -1.000000e+00
    outer loop
      vertex   1.668875e+02 -3.206403e+01 5.850000e+00
      vertex   1.679954e+02 -2.922742e+01 5.850000e+00
      vertex   1.681104e+02 -2.939163e+01 5.850000e+00
    endloop
  endfacet
  facet normal 0.000000e+00 0.000000e+00 -1.000000e+00
    outer loop
      vertex   1.668875e+02 -3.206403e+01 5.850000e+00
      vertex   1.681104e+02 -2.939163e+01 5.850000e+00
      vertex   1.682521e+02 -2.953338e+01 5.850000e+00
    endloop
  endfacet
  facet normal 0.000000e+00 -0.000000e+00 -1.000000e+00
    outer loop
      vertex   1.682521e+02 -2.953338e+01 5.850000e+00
      vertex   1.684163e+02 -2.964835e+01 5.850000e+00
      vertex   1.668875e+02 -3.206403e+01 5.850000e+00
    endloop
  endfacet
  facet normal 0.000000e+00 0.000000e+00 -1.000000e+00
    outer loop
      vertex   1.668875e+02 -3.206403e+01 5.850000e+00
      vertex   1.684163e+02 -2.964835e+01 5.850000e+00
      vertex   1.685980e+02 -2.973307e+01 5.850000e+00
    endloop
  endfacet
  facet normal 0.000000e+00 0.000000e+00 -1.000000e+00
    outer loop
      vertex   1.668875e+02 -3.206403e+01 5.850000e+00
      vertex   1.685980e+02 -2.973307e+01 5.850000e+00
      vertex   1.687916e+02 -2.978495e+01 5.850000e+00
    endloop
  endfacet
  facet normal 0.000000e+00 -0.000000e+00 -1.000000e+00
    outer loop
      vertex   1.687916e+02 -2.978495e+01 5.850000e+00
      vertex   1.689913e+02 -2.980242e+01 5.850000e+00
      vertex   1.668875e+02 -3.206403e+01 5.850000e+00
    endloop
  endfacet
  facet normal 0.000000e+00 0.000000e+00 -1.000000e+00
    outer loop
      vertex   1.668875e+02 -3.206403e+01 5.850000e+00
      vertex   1.689913e+02 -2.980242e+01 5.850000e+00
      vertex   1.691910e+02 -2.978495e+01 5.850000e+00
    endloop
  endfacet
  facet normal 0.000000e+00 0.000000e+00 -1.000000e+00
    outer loop
      vertex   1.668875e+02 -3.206403e+01 5.850000e+00
      vertex   1.691910e+02 -2.978495e+01 5.850000e+00
      vertex   1.693846e+02 -2.973307e+01 5.850000e+00
    endloop
  endfacet
  facet normal 0.000000e+00 0.000000e+00 -1.000000e+00
    outer loop
      vertex   1.700720e+02 -2.904575e+01 5.850000e+00
      vertex   1.701239e+02 -2.885212e+01 5.850000e+00
      vertex   1.746875e+02 -2.883317e+01 5.850000e+00
    endloop
  endfacet
  facet normal 0.000000e+00 0.000000e+00 -1.000000e+00
    outer loop
      vertex   1.534242e+02 -6.080771e+01 5.850000e+00
      vertex   1.533092e+02 -6.064351e+01 5.850000e+00
      vertex   1.655797e+02 -5.735000e+01 5.850000e+00
    endloop
  endfacet
  facet normal 0.000000e+00 0.000000e+00 -1.000000e+00
    outer loop
      vertex   1.655797e+02 -5.735000e+01 5.850000e+00
      vertex   1.533092e+02 -6.064351e+01 5.850000e+00
      vertex   1.531675e+02 -6.050176e+01 5.850000e+00
    endloop
  endfacet
  facet normal 0.000000e+00 0.000000e+00 -1.000000e+00
    outer loop
      vertex   1.655797e+02 -5.735000e+01 5.850000e+00
      vertex   1.531675e+02 -6.050176e+01 5.850000e+00
      vertex   1.530032e+02 -6.038678e+01 5.850000e+00
    endloop
  endfacet
  facet normal 0.000000e+00 0.000000e+00 -1.000000e+00
    outer loop
      vertex   1.526279e+02 -6.025018e+01 5.850000e+00
      vertex   1.524282e+02 -6.023271e+01 5.850000e+00
      vertex   1.489130e+02 -5.735000e+01 5.850000e+00
    endloop
  endfacet
  facet normal 0.000000e+00 0.000000e+00 -1.000000e+00
    outer loop
      vertex   1.489130e+02 -5.735000e+01 5.850000e+00
      vertex   1.524282e+02 -6.023271e+01 5.850000e+00
      vertex   1.522285e+02 -6.025018e+01 5.850000e+00
    endloop
  endfacet
  facet normal 0.000000e+00 0.000000e+00 -1.000000e+00
    outer loop
      vertex   1.489130e+02 -5.735000e+01 5.850000e+00
      vertex   1.522285e+02 -6.025018e+01 5.850000e+00
      vertex   1.520349e+02 -6.030206e+01 5.850000e+00
    endloop
  endfacet
  facet normal -0.000000e+00 0.000000e+00 -1.000000e+00
    outer loop
      vertex   1.520349e+02 -6.030206e+01 5.850000e+00
      vertex   1.518532e+02 -6.038678e+01 5.850000e+00
      vertex   1.489130e+02 -5.735000e+01 5.850000e+00
    endloop
  endfacet
  facet normal 0.000000e+00 0.000000e+00 -1.000000e+00
    outer loop
      vertex   1.489130e+02 -5.735000e+01 5.850000e+00
      vertex   1.518532e+02 -6.038678e+01 5.850000e+00
      vertex   1.516890e+02 -6.050176e+01 5.850000e+00
    endloop
  endfacet
  facet normal 0.000000e+00 0.000000e+00 -1.000000e+00
    outer loop
      vertex   1.489130e+02 -5.735000e+01 5.850000e+00
      vertex   1.516890e+02 -6.050176e+01 5.850000e+00
      vertex   1.515473e+02 -6.064351e+01 5.850000e+00
    endloop
  endfacet
  facet normal -0.000000e+00 0.000000e+00 -1.000000e+00
    outer loop
      vertex   1.515473e+02 -6.064351e+01 5.850000e+00
      vertex   1.514323e+02 -6.080771e+01 5.850000e+00
      vertex   1.489130e+02 -5.735000e+01 5.850000e+00
    endloop
  endfacet
  facet normal 0.000000e+00 0.000000e+00 -1.000000e+00
    outer loop
      vertex   1.489130e+02 -5.735000e+01 5.850000e+00
      vertex   1.514323e+02 -6.080771e+01 5.850000e+00
      vertex   1.513476e+02 -6.098939e+01 5.850000e+00
    endloop
  endfacet
  facet normal 0.000000e+00 0.000000e+00 -1.000000e+00
    outer loop
      vertex   1.489130e+02 -5.735000e+01 5.850000e+00
      vertex   1.513476e+02 -6.098939e+01 5.850000e+00
      vertex   1.512957e+02 -6.118302e+01 5.850000e+00
    endloop
  endfacet
  facet normal -0.000000e+00 0.000000e+00 -1.000000e+00
    outer loop
      vertex   1.512957e+02 -6.118302e+01 5.850000e+00
      vertex   1.512782e+02 -6.138271e+01 5.850000e+00
      vertex   1.489130e+02 -5.735000e+01 5.850000e+00
    endloop
  endfacet
  facet normal 0.000000e+00 0.000000e+00 -1.000000e+00
    outer loop
      vertex   1.484000e+02 -5.788084e+01 5.850000e+00
      vertex   1.513476e+02 -6.177603e+01 5.850000e+00
      vertex   1.508174e+02 -8.250167e+01 5.850000e+00
    endloop
  endfacet
  facet normal 0.000000e+00 0.000000e+00 -1.000000e+00
    outer loop
      vertex   1.508174e+02 -8.250167e+01 5.850000e+00
      vertex   1.513476e+02 -6.177603e+01 5.850000e+00
      vertex   1.514323e+02 -6.195771e+01 5.850000e+00
    endloop
  endfacet
  facet normal 0.000000e+00 0.000000e+00 -1.000000e+00
    outer loop
      vertex   1.508174e+02 -8.250167e+01 5.850000e+00
      vertex   1.514323e+02 -6.195771e+01 5.850000e+00
      vertex   1.509324e+02 -8.233746e+01 5.850000e+00
    endloop
  endfacet
  facet normal 0.000000e+00 0.000000e+00 -1.000000e+00
    outer loop
      vertex   1.509324e+02 -8.233746e+01 5.850000e+00
      vertex   1.514323e+02 -6.195771e+01 5.850000e+00
      vertex   1.515473e+02 -6.212192e+01 5.850000e+00
    endloop
  endfacet
  facet normal 0.000000e+00 0.000000e+00 -1.000000e+00
    outer loop
      vertex   1.529459e+02 -8.327636e+01 5.850000e+00
      vertex   1.529634e+02 -8.307667e+01 5.850000e+00
      vertex   1.562000e+02 -8.309939e+01 5.850000e+00
    endloop
  endfacet
  facet normal 0.000000e+00 0.000000e+00 -1.000000e+00
    outer loop
      vertex   1.562000e+02 -8.309939e+01 5.850000e+00
      vertex   1.529634e+02 -8.307667e+01 5.850000e+00
      vertex   1.529459e+02 -8.287697e+01 5.850000e+00
    endloop
  endfacet
  facet normal 0.000000e+00 0.000000e+00 -1.000000e+00
    outer loop
      vertex   1.562000e+02 -8.309939e+01 5.850000e+00
      vertex   1.529459e+02 -8.287697e+01 5.850000e+00
      vertex   1.528940e+02 -8.268334e+01 5.850000e+00
    endloop
  endfacet
  facet normal 0.000000e+00 0.000000e+00 -1.000000e+00
    outer loop
      vertex   1.528940e+02 -8.268334e+01 5.850000e+00
      vertex   1.528093e+02 -8.250167e+01 5.850000e+00
      vertex   1.562000e+02 -8.309939e+01 5.850000e+00
    endloop
  endfacet
  facet normal 0.000000e+00 0.000000e+00 -1.000000e+00
    outer loop
      vertex   1.525526e+02 -8.219572e+01 5.850000e+00
      vertex   1.523884e+02 -8.208074e+01 5.850000e+00
      vertex   1.562000e+02 -6.565000e+01 5.850000e+00
    endloop
  endfacet
  facet normal -0.000000e+00 0.000000e+00 -1.000000e+00
    outer loop
      vertex   1.508174e+02 -8.250167e+01 5.850000e+00
      vertex   1.507327e+02 -8.268334e+01 5.850000e+00
      vertex   1.484000e+02 -5.788084e+01 5.850000e+00
    endloop
  endfacet
  facet normal 0.000000e+00 0.000000e+00 -1.000000e+00
    outer loop
      vertex   1.484000e+02 -5.788084e+01 5.850000e+00
      vertex   1.507327e+02 -8.268334e+01 5.850000e+00
      vertex   1.506808e+02 -8.287697e+01 5.850000e+00
    endloop
  endfacet
  facet normal 0.000000e+00 -0.000000e+00 -1.000000e+00
    outer loop
      vertex   1.506808e+02 -8.327636e+01 5.850000e+00
      vertex   1.507327e+02 -8.346999e+01 5.850000e+00
      vertex   1.484000e+02 -9.091716e+01 5.850000e+00
    endloop
  endfacet
  facet normal 0.000000e+00 -0.000000e+00 -1.000000e+00
    outer loop
      vertex   1.512384e+02 -8.407260e+01 5.850000e+00
      vertex   1.514200e+02 -8.415731e+01 5.850000e+00
      vertex   1.510650e+02 -9.200000e+01 5.850000e+00
    endloop
  endfacet
  facet normal 0.000000e+00 0.000000e+00 -1.000000e+00
    outer loop
      vertex   1.510650e+02 -9.200000e+01 5.850000e+00
      vertex   1.514200e+02 -8.415731e+01 5.850000e+00
      vertex   1.516137e+02 -8.420920e+01 5.850000e+00
    endloop
  endfacet
  facet normal 0.000000e+00 0.000000e+00 -1.000000e+00
    outer loop
      vertex   1.510650e+02 -9.200000e+01 5.850000e+00
      vertex   1.516137e+02 -8.420920e+01 5.850000e+00
      vertex   1.518134e+02 -8.422667e+01 5.850000e+00
    endloop
  endfacet
  facet normal 0.000000e+00 -0.000000e+00 -1.000000e+00
    outer loop
      vertex   1.518134e+02 -8.422667e+01 5.850000e+00
      vertex   1.520131e+02 -8.420920e+01 5.850000e+00
      vertex   1.510650e+02 -9.200000e+01 5.850000e+00
    endloop
  endfacet
  facet normal 0.000000e+00 0.000000e+00 -1.000000e+00
    outer loop
      vertex   1.510650e+02 -9.200000e+01 5.850000e+00
      vertex   1.520131e+02 -8.420920e+01 5.850000e+00
      vertex   1.522067e+02 -8.415731e+01 5.850000e+00
    endloop
  endfacet
  facet normal 0.000000e+00 0.000000e+00 -1.000000e+00
    outer loop
      vertex   1.510650e+02 -9.200000e+01 5.850000e+00
      vertex   1.522067e+02 -8.415731e+01 5.850000e+00
      vertex   1.523884e+02 -8.407260e+01 5.850000e+00
    endloop
  endfacet
  facet normal 0.000000e+00 -0.000000e+00 -1.000000e+00
    outer loop
      vertex   1.523884e+02 -8.407260e+01 5.850000e+00
      vertex   1.525526e+02 -8.395762e+01 5.850000e+00
      vertex   1.510650e+02 -9.200000e+01 5.850000e+00
    endloop
  endfacet
  facet normal 0.000000e+00 0.000000e+00 -1.000000e+00
    outer loop
      vertex   1.510650e+02 -9.200000e+01 5.850000e+00
      vertex   1.525526e+02 -8.395762e+01 5.850000e+00
      vertex   1.526943e+02 -8.381587e+01 5.850000e+00
    endloop
  endfacet
  facet normal 0.000000e+00 0.000000e+00 -1.000000e+00
    outer loop
      vertex   1.510650e+02 -9.200000e+01 5.850000e+00
      vertex   1.526943e+02 -8.381587e+01 5.850000e+00
      vertex   1.528093e+02 -8.365167e+01 5.850000e+00
    endloop
  endfacet
endsolid
