solid ASCII
  facet normal 7.408878e-01 -6.716288e-01 -1.403287e-04
    outer loop
      vertex   1.563135e+02 -6.533280e+01 1.973651e+01
      vertex   1.563170e+02 -6.532861e+01 1.803750e+01
      vertex   1.563464e+02 -6.529645e+01 1.970355e+01
    endloop
  endfacet
  facet normal 7.071063e-01 -7.071063e-01 1.142010e-03
    outer loop
      vertex   1.563464e+02 -6.529645e+01 1.970355e+01
      vertex   1.563170e+02 -6.532861e+01 1.803750e+01
      vertex   1.563786e+02 -6.526698e+01 1.803750e+01
    endloop
  endfacet
  facet normal 6.716288e-01 -7.408878e-01 -1.403287e-04
    outer loop
      vertex   1.563464e+02 -6.529645e+01 1.970355e+01
      vertex   1.563786e+02 -6.526698e+01 1.803750e+01
      vertex   1.563828e+02 -6.526349e+01 1.973651e+01
    endloop
  endfacet
  facet normal 5.956154e-01 -8.032697e-01 1.753366e-04
    outer loop
      vertex   1.563828e+02 -6.526349e+01 1.973651e+01
      vertex   1.563786e+02 -6.526698e+01 1.803750e+01
      vertex   1.564222e+02 -6.523427e+01 1.976573e+01
    endloop
  endfacet
  facet normal 5.735761e-01 -8.191516e-01 1.032072e-03
    outer loop
      vertex   1.564222e+02 -6.523427e+01 1.976573e+01
      vertex   1.563786e+02 -6.526698e+01 1.803750e+01
      vertex   1.564500e+02 -6.521699e+01 1.803750e+01
    endloop
  endfacet
  facet normal 5.142380e-01 -8.576475e-01 -3.067762e-04
    outer loop
      vertex   1.564222e+02 -6.523427e+01 1.976573e+01
      vertex   1.564500e+02 -6.521699e+01 1.803750e+01
      vertex   1.564643e+02 -6.520904e+01 1.979096e+01
    endloop
  endfacet
  facet normal 4.273182e-01 -9.041011e-01 6.127228e-04
    outer loop
      vertex   1.564643e+02 -6.520904e+01 1.979096e+01
      vertex   1.564500e+02 -6.521699e+01 1.803750e+01
      vertex   1.565087e+02 -6.518806e+01 1.981194e+01
    endloop
  endfacet
  facet normal 4.226181e-01 -9.063075e-01 8.040630e-04
    outer loop
      vertex   1.565087e+02 -6.518806e+01 1.981194e+01
      vertex   1.564500e+02 -6.521699e+01 1.803750e+01
      vertex   1.565290e+02 -6.518015e+01 1.803750e+01
    endloop
  endfacet
  facet normal 3.369957e-01 -9.415061e-01 -3.338419e-04
    outer loop
      vertex   1.565087e+02 -6.518806e+01 1.981194e+01
      vertex   1.565290e+02 -6.518015e+01 1.803750e+01
      vertex   1.565549e+02 -6.517153e+01 1.982847e+01
    endloop
  endfacet
  facet normal 2.588189e-01 -9.659254e-01 9.128818e-04
    outer loop
      vertex   1.565549e+02 -6.517153e+01 1.982847e+01
      vertex   1.565290e+02 -6.518015e+01 1.803750e+01
      vertex   1.566132e+02 -6.515760e+01 1.803750e+01
    endloop
  endfacet
  facet normal 2.428948e-01 -9.700526e-01 3.622443e-04
    outer loop
      vertex   1.565549e+02 -6.517153e+01 1.982847e+01
      vertex   1.566132e+02 -6.515760e+01 1.803750e+01
      vertex   1.566025e+02 -6.515961e+01 1.984039e+01
    endloop
  endfacet
  facet normal 1.467640e-01 -9.891715e-01 -2.307351e-04
    outer loop
      vertex   1.566025e+02 -6.515961e+01 1.984039e+01
      vertex   1.566132e+02 -6.515760e+01 1.803750e+01
      vertex   1.566510e+02 -6.515241e+01 1.984759e+01
    endloop
  endfacet
  facet normal 4.897743e-02 -9.987982e-01 1.839765e-03
    outer loop
      vertex   1.566510e+02 -6.515241e+01 1.984759e+01
      vertex   1.566132e+02 -6.515760e+01 1.803750e+01
      vertex   1.567000e+02 -6.515000e+01 1.985000e+01
    endloop
  endfacet
  facet normal 8.715574e-02 -9.961947e-01 2.788470e-20
    outer loop
      vertex   1.567000e+02 -6.515000e+01 1.985000e+01
      vertex   1.566132e+02 -6.515760e+01 1.803750e+01
      vertex   1.566132e+02 -6.515760e+01 1.622500e+01
    endloop
  endfacet
  facet normal 8.715574e-02 -9.961947e-01 2.788470e-20
    outer loop
      vertex   1.567000e+02 -6.515000e+01 1.985000e+01
      vertex   1.566132e+02 -6.515760e+01 1.622500e+01
      vertex   1.566132e+02 -6.515760e+01 1.441250e+01
    endloop
  endfacet
  facet normal 2.588190e-01 -9.659258e-01 0.000000e+00
    outer loop
      vertex   1.566132e+02 -6.515760e+01 1.441250e+01
      vertex   1.566132e+02 -6.515760e+01 1.622500e+01
      vertex   1.565290e+02 -6.518015e+01 1.441250e+01
    endloop
  endfacet
  facet normal 2.588190e-01 -9.659258e-01 4.399195e-19
    outer loop
      vertex   1.566132e+02 -6.515760e+01 1.441250e+01
      vertex   1.565290e+02 -6.518015e+01 1.441250e+01
      vertex   1.565290e+02 -6.518015e+01 1.260000e+01
    endloop
  endfacet
  facet normal 4.226183e-01 -9.063078e-01 0.000000e+00
    outer loop
      vertex   1.565290e+02 -6.518015e+01 1.260000e+01
      vertex   1.565290e+02 -6.518015e+01 1.441250e+01
      vertex   1.564500e+02 -6.521699e+01 1.260000e+01
    endloop
  endfacet
  facet normal 4.226183e-01 -9.063078e-01 1.346763e-18
    outer loop
      vertex   1.565290e+02 -6.518015e+01 1.260000e+01
      vertex   1.564500e+02 -6.521699e+01 1.260000e+01
      vertex   1.564500e+02 -6.521699e+01 1.078750e+01
    endloop
  endfacet
  facet normal 5.735764e-01 -8.191520e-01 0.000000e+00
    outer loop
      vertex   1.564500e+02 -6.521699e+01 1.078750e+01
      vertex   1.564500e+02 -6.521699e+01 1.260000e+01
      vertex   1.563786e+02 -6.526698e+01 1.078750e+01
    endloop
  endfacet
  facet normal 5.735764e-01 -8.191520e-01 1.077909e-18
    outer loop
      vertex   1.564500e+02 -6.521699e+01 1.078750e+01
      vertex   1.563786e+02 -6.526698e+01 1.078750e+01
      vertex   1.563786e+02 -6.526698e+01 8.975000e+00
    endloop
  endfacet
  facet normal 7.071068e-01 -7.071068e-01 0.000000e+00
    outer loop
      vertex   1.563786e+02 -6.526698e+01 8.975000e+00
      vertex   1.563786e+02 -6.526698e+01 1.078750e+01
      vertex   1.563170e+02 -6.532861e+01 8.975000e+00
    endloop
  endfacet
  facet normal 7.071068e-01 -7.071068e-01 -6.463392e-19
    outer loop
      vertex   1.563786e+02 -6.526698e+01 8.975000e+00
      vertex   1.563170e+02 -6.532861e+01 8.975000e+00
      vertex   1.563170e+02 -6.532861e+01 7.162500e+00
    endloop
  endfacet
  facet normal 8.191520e-01 -5.735764e-01 0.000000e+00
    outer loop
      vertex   1.563170e+02 -6.532861e+01 7.162500e+00
      vertex   1.563170e+02 -6.532861e+01 8.975000e+00
      vertex   1.562670e+02 -6.540000e+01 7.162500e+00
    endloop
  endfacet
  facet normal 8.191520e-01 -5.735764e-01 -1.183925e-18
    outer loop
      vertex   1.563170e+02 -6.532861e+01 7.162500e+00
      vertex   1.562670e+02 -6.540000e+01 7.162500e+00
      vertex   1.562670e+02 -6.540000e+01 5.350000e+00
    endloop
  endfacet
  facet normal 9.063078e-01 -4.226183e-01 0.000000e+00
    outer loop
      vertex   1.562670e+02 -6.540000e+01 5.350000e+00
      vertex   1.562670e+02 -6.540000e+01 7.162500e+00
      vertex   1.562302e+02 -6.547899e+01 5.350000e+00
    endloop
  endfacet
  facet normal 9.063078e-01 -4.226183e-01 0.000000e+00
    outer loop
      vertex   1.562302e+02 -6.547899e+01 5.350000e+00
      vertex   1.562670e+02 -6.540000e+01 7.162500e+00
      vertex   1.562302e+02 -6.547899e+01 7.162500e+00
    endloop
  endfacet
  facet normal 9.659258e-01 -2.588190e-01 0.000000e+00
    outer loop
      vertex   1.562302e+02 -6.547899e+01 5.350000e+00
      vertex   1.562302e+02 -6.547899e+01 7.162500e+00
      vertex   1.562076e+02 -6.556318e+01 5.350000e+00
    endloop
  endfacet
  facet normal 9.659258e-01 -2.588190e-01 0.000000e+00
    outer loop
      vertex   1.562076e+02 -6.556318e+01 5.350000e+00
      vertex   1.562302e+02 -6.547899e+01 7.162500e+00
      vertex   1.562076e+02 -6.556318e+01 7.162500e+00
    endloop
  endfacet
  facet normal 9.961947e-01 -8.715574e-02 0.000000e+00
    outer loop
      vertex   1.562076e+02 -6.556318e+01 5.350000e+00
      vertex   1.562076e+02 -6.556318e+01 7.162500e+00
      vertex   1.562000e+02 -6.565000e+01 5.350000e+00
    endloop
  endfacet
  facet normal 9.961947e-01 -8.715574e-02 6.428912e-20
    outer loop
      vertex   1.562000e+02 -6.565000e+01 5.350000e+00
      vertex   1.562076e+02 -6.556318e+01 7.162500e+00
      vertex   1.562076e+02 -6.556318e+01 8.975000e+00
    endloop
  endfacet
  facet normal 9.961947e-01 -8.715574e-02 6.428912e-20
    outer loop
      vertex   1.562000e+02 -6.565000e+01 5.350000e+00
      vertex   1.562076e+02 -6.556318e+01 8.975000e+00
      vertex   1.562076e+02 -6.556318e+01 1.078750e+01
    endloop
  endfacet
  facet normal 9.659258e-01 -2.588190e-01 0.000000e+00
    outer loop
      vertex   1.562076e+02 -6.556318e+01 1.078750e+01
      vertex   1.562076e+02 -6.556318e+01 8.975000e+00
      vertex   1.562302e+02 -6.547899e+01 1.078750e+01
    endloop
  endfacet
  facet normal 9.659258e-01 -2.588190e-01 -3.084926e-19
    outer loop
      vertex   1.562076e+02 -6.556318e+01 1.078750e+01
      vertex   1.562302e+02 -6.547899e+01 1.078750e+01
      vertex   1.562302e+02 -6.547899e+01 1.260000e+01
    endloop
  endfacet
  facet normal 9.063078e-01 -4.226183e-01 0.000000e+00
    outer loop
      vertex   1.562302e+02 -6.547899e+01 1.260000e+01
      vertex   1.562302e+02 -6.547899e+01 1.078750e+01
      vertex   1.562670e+02 -6.540000e+01 1.260000e+01
    endloop
  endfacet
  facet normal 9.063078e-01 -4.226183e-01 1.346763e-18
    outer loop
      vertex   1.562302e+02 -6.547899e+01 1.260000e+01
      vertex   1.562670e+02 -6.540000e+01 1.260000e+01
      vertex   1.562670e+02 -6.540000e+01 1.441250e+01
    endloop
  endfacet
  facet normal 8.191520e-01 -5.735764e-01 0.000000e+00
    outer loop
      vertex   1.562670e+02 -6.540000e+01 1.441250e+01
      vertex   1.562670e+02 -6.540000e+01 1.260000e+01
      vertex   1.563170e+02 -6.532861e+01 1.441250e+01
    endloop
  endfacet
  facet normal 8.191520e-01 -5.735764e-01 -1.183925e-18
    outer loop
      vertex   1.562670e+02 -6.540000e+01 1.441250e+01
      vertex   1.563170e+02 -6.532861e+01 1.441250e+01
      vertex   1.563170e+02 -6.532861e+01 1.622500e+01
    endloop
  endfacet
  facet normal 7.071068e-01 -7.071068e-01 0.000000e+00
    outer loop
      vertex   1.563170e+02 -6.532861e+01 1.622500e+01
      vertex   1.563170e+02 -6.532861e+01 1.441250e+01
      vertex   1.563786e+02 -6.526698e+01 1.622500e+01
    endloop
  endfacet
  facet normal 7.071068e-01 -7.071068e-01 1.220830e-18
    outer loop
      vertex   1.563170e+02 -6.532861e+01 1.622500e+01
      vertex   1.563786e+02 -6.526698e+01 1.622500e+01
      vertex   1.563786e+02 -6.526698e+01 1.803750e+01
    endloop
  endfacet
  facet normal 5.735764e-01 -8.191520e-01 0.000000e+00
    outer loop
      vertex   1.563786e+02 -6.526698e+01 1.803750e+01
      vertex   1.563786e+02 -6.526698e+01 1.622500e+01
      vertex   1.564500e+02 -6.521699e+01 1.803750e+01
    endloop
  endfacet
  facet normal 8.032697e-01 -5.956154e-01 1.753366e-04
    outer loop
      vertex   1.563135e+02 -6.533280e+01 1.973651e+01
      vertex   1.562843e+02 -6.537221e+01 1.976573e+01
      vertex   1.563170e+02 -6.532861e+01 1.803750e+01
    endloop
  endfacet
  facet normal 8.191516e-01 -5.735761e-01 1.032072e-03
    outer loop
      vertex   1.563170e+02 -6.532861e+01 1.803750e+01
      vertex   1.562843e+02 -6.537221e+01 1.976573e+01
      vertex   1.562670e+02 -6.540000e+01 1.803750e+01
    endloop
  endfacet
  facet normal 8.191520e-01 -5.735764e-01 -1.183925e-18
    outer loop
      vertex   1.563170e+02 -6.532861e+01 1.803750e+01
      vertex   1.562670e+02 -6.540000e+01 1.803750e+01
      vertex   1.562670e+02 -6.540000e+01 1.622500e+01
    endloop
  endfacet
  facet normal 9.063078e-01 -4.226183e-01 0.000000e+00
    outer loop
      vertex   1.562670e+02 -6.540000e+01 1.622500e+01
      vertex   1.562670e+02 -6.540000e+01 1.803750e+01
      vertex   1.562302e+02 -6.547899e+01 1.622500e+01
    endloop
  endfacet
  facet normal 9.063078e-01 -4.226183e-01 1.346763e-18
    outer loop
      vertex   1.562670e+02 -6.540000e+01 1.622500e+01
      vertex   1.562302e+02 -6.547899e+01 1.622500e+01
      vertex   1.562302e+02 -6.547899e+01 1.441250e+01
    endloop
  endfacet
  facet normal 9.659258e-01 -2.588190e-01 0.000000e+00
    outer loop
      vertex   1.562302e+02 -6.547899e+01 1.441250e+01
      vertex   1.562302e+02 -6.547899e+01 1.622500e+01
      vertex   1.562076e+02 -6.556318e+01 1.441250e+01
    endloop
  endfacet
  facet normal 9.659258e-01 -2.588190e-01 -3.084926e-19
    outer loop
      vertex   1.562302e+02 -6.547899e+01 1.441250e+01
      vertex   1.562076e+02 -6.556318e+01 1.441250e+01
      vertex   1.562076e+02 -6.556318e+01 1.260000e+01
    endloop
  endfacet
  facet normal 9.961947e-01 -8.715574e-02 0.000000e+00
    outer loop
      vertex   1.562076e+02 -6.556318e+01 1.260000e+01
      vertex   1.562076e+02 -6.556318e+01 1.441250e+01
      vertex   1.562000e+02 -6.565000e+01 5.350000e+00
    endloop
  endfacet
  facet normal 9.961947e-01 -8.715574e-02 0.000000e+00
    outer loop
      vertex   1.562076e+02 -6.556318e+01 1.260000e+01
      vertex   1.562000e+02 -6.565000e+01 5.350000e+00
      vertex   1.562076e+02 -6.556318e+01 1.078750e+01
    endloop
  endfacet
  facet normal 8.576475e-01 -5.142380e-01 -3.067762e-04
    outer loop
      vertex   1.562843e+02 -6.537221e+01 1.976573e+01
      vertex   1.562590e+02 -6.541430e+01 1.979096e+01
      vertex   1.562670e+02 -6.540000e+01 1.803750e+01
    endloop
  endfacet
  facet normal 9.041011e-01 -4.273182e-01 6.127228e-04
    outer loop
      vertex   1.562670e+02 -6.540000e+01 1.803750e+01
      vertex   1.562590e+02 -6.541430e+01 1.979096e+01
      vertex   1.562381e+02 -6.545866e+01 1.981194e+01
    endloop
  endfacet
  facet normal 9.063075e-01 -4.226181e-01 8.040630e-04
    outer loop
      vertex   1.562670e+02 -6.540000e+01 1.803750e+01
      vertex   1.562381e+02 -6.545866e+01 1.981194e+01
      vertex   1.562302e+02 -6.547899e+01 1.803750e+01
    endloop
  endfacet
  facet normal 9.415061e-01 -3.369957e-01 -3.338419e-04
    outer loop
      vertex   1.562302e+02 -6.547899e+01 1.803750e+01
      vertex   1.562381e+02 -6.545866e+01 1.981194e+01
      vertex   1.562215e+02 -6.550486e+01 1.982847e+01
    endloop
  endfacet
  facet normal 9.659254e-01 -2.588189e-01 9.128818e-04
    outer loop
      vertex   1.562302e+02 -6.547899e+01 1.803750e+01
      vertex   1.562215e+02 -6.550486e+01 1.982847e+01
      vertex   1.562076e+02 -6.556318e+01 1.803750e+01
    endloop
  endfacet
  facet normal 9.700526e-01 -2.428948e-01 3.622443e-04
    outer loop
      vertex   1.562076e+02 -6.556318e+01 1.803750e+01
      vertex   1.562215e+02 -6.550486e+01 1.982847e+01
      vertex   1.562096e+02 -6.555245e+01 1.984039e+01
    endloop
  endfacet
  facet normal 9.891715e-01 -1.467640e-01 -2.307351e-04
    outer loop
      vertex   1.562076e+02 -6.556318e+01 1.803750e+01
      vertex   1.562096e+02 -6.555245e+01 1.984039e+01
      vertex   1.562024e+02 -6.560099e+01 1.984759e+01
    endloop
  endfacet
  facet normal 9.987955e-01 -4.906767e-02 0.000000e+00
    outer loop
      vertex   1.562000e+02 -6.565000e+01 1.985000e+01
      vertex   1.562000e+02 -6.565000e+01 5.350000e+00
      vertex   1.562024e+02 -6.560099e+01 1.984759e+01
    endloop
  endfacet
  facet normal 9.941755e-01 -1.077731e-01 1.992187e-04
    outer loop
      vertex   1.562024e+02 -6.560099e+01 1.984759e+01
      vertex   1.562000e+02 -6.565000e+01 5.350000e+00
      vertex   1.562076e+02 -6.556318e+01 1.441250e+01
    endloop
  endfacet
  facet normal 9.907182e-01 -1.359317e-01 -4.939773e-20
    outer loop
      vertex   1.562024e+02 -6.560099e+01 1.984759e+01
      vertex   1.562076e+02 -6.556318e+01 1.441250e+01
      vertex   1.562076e+02 -6.556318e+01 1.622500e+01
    endloop
  endfacet
  facet normal 9.659258e-01 -2.588190e-01 0.000000e+00
    outer loop
      vertex   1.562076e+02 -6.556318e+01 1.622500e+01
      vertex   1.562076e+02 -6.556318e+01 1.441250e+01
      vertex   1.562302e+02 -6.547899e+01 1.622500e+01
    endloop
  endfacet
  facet normal 9.659258e-01 -2.588190e-01 -3.084926e-19
    outer loop
      vertex   1.562076e+02 -6.556318e+01 1.622500e+01
      vertex   1.562302e+02 -6.547899e+01 1.622500e+01
      vertex   1.562302e+02 -6.547899e+01 1.803750e+01
    endloop
  endfacet
  facet normal 9.063078e-01 -4.226183e-01 0.000000e+00
    outer loop
      vertex   1.562302e+02 -6.547899e+01 1.803750e+01
      vertex   1.562302e+02 -6.547899e+01 1.622500e+01
      vertex   1.562670e+02 -6.540000e+01 1.803750e+01
    endloop
  endfacet
  facet normal 8.191520e-01 -5.735764e-01 -1.183925e-18
    outer loop
      vertex   1.562670e+02 -6.540000e+01 5.350000e+00
      vertex   1.563170e+02 -6.532861e+01 5.350000e+00
      vertex   1.563170e+02 -6.532861e+01 7.162500e+00
    endloop
  endfacet
  facet normal 7.071068e-01 -7.071068e-01 0.000000e+00
    outer loop
      vertex   1.563170e+02 -6.532861e+01 7.162500e+00
      vertex   1.563170e+02 -6.532861e+01 5.350000e+00
      vertex   1.563786e+02 -6.526698e+01 7.162500e+00
    endloop
  endfacet
  facet normal 7.071068e-01 -7.071068e-01 -6.463392e-19
    outer loop
      vertex   1.563170e+02 -6.532861e+01 7.162500e+00
      vertex   1.563786e+02 -6.526698e+01 7.162500e+00
      vertex   1.563786e+02 -6.526698e+01 8.975000e+00
    endloop
  endfacet
  facet normal 5.735764e-01 -8.191520e-01 0.000000e+00
    outer loop
      vertex   1.563786e+02 -6.526698e+01 8.975000e+00
      vertex   1.563786e+02 -6.526698e+01 7.162500e+00
      vertex   1.564500e+02 -6.521699e+01 8.975000e+00
    endloop
  endfacet
  facet normal 5.735764e-01 -8.191520e-01 1.077909e-18
    outer loop
      vertex   1.563786e+02 -6.526698e+01 8.975000e+00
      vertex   1.564500e+02 -6.521699e+01 8.975000e+00
      vertex   1.564500e+02 -6.521699e+01 1.078750e+01
    endloop
  endfacet
  facet normal 4.226183e-01 -9.063078e-01 0.000000e+00
    outer loop
      vertex   1.564500e+02 -6.521699e+01 1.078750e+01
      vertex   1.564500e+02 -6.521699e+01 8.975000e+00
      vertex   1.565290e+02 -6.518015e+01 1.078750e+01
    endloop
  endfacet
  facet normal 4.226183e-01 -9.063078e-01 1.346763e-18
    outer loop
      vertex   1.564500e+02 -6.521699e+01 1.078750e+01
      vertex   1.565290e+02 -6.518015e+01 1.078750e+01
      vertex   1.565290e+02 -6.518015e+01 1.260000e+01
    endloop
  endfacet
  facet normal 2.588190e-01 -9.659258e-01 0.000000e+00
    outer loop
      vertex   1.565290e+02 -6.518015e+01 1.260000e+01
      vertex   1.565290e+02 -6.518015e+01 1.078750e+01
      vertex   1.566132e+02 -6.515760e+01 1.260000e+01
    endloop
  endfacet
  facet normal 2.588190e-01 -9.659258e-01 4.399195e-19
    outer loop
      vertex   1.565290e+02 -6.518015e+01 1.260000e+01
      vertex   1.566132e+02 -6.515760e+01 1.260000e+01
      vertex   1.566132e+02 -6.515760e+01 1.441250e+01
    endloop
  endfacet
  facet normal 8.715574e-02 -9.961947e-01 0.000000e+00
    outer loop
      vertex   1.566132e+02 -6.515760e+01 1.441250e+01
      vertex   1.566132e+02 -6.515760e+01 1.260000e+01
      vertex   1.567000e+02 -6.515000e+01 1.985000e+01
    endloop
  endfacet
  facet normal 7.071068e-01 -7.071068e-01 5.544942e-15
    outer loop
      vertex   1.563170e+02 -6.532861e+01 5.350000e+00
      vertex   1.563786e+02 -6.526698e+01 5.350000e+00
      vertex   1.563786e+02 -6.526698e+01 7.162500e+00
    endloop
  endfacet
  facet normal 5.735764e-01 -8.191520e-01 6.422538e-15
    outer loop
      vertex   1.563786e+02 -6.526698e+01 7.162500e+00
      vertex   1.563786e+02 -6.526698e+01 5.350000e+00
      vertex   1.564500e+02 -6.521699e+01 7.162500e+00
    endloop
  endfacet
  facet normal 5.735764e-01 -8.191520e-01 1.077909e-18
    outer loop
      vertex   1.563786e+02 -6.526698e+01 7.162500e+00
      vertex   1.564500e+02 -6.521699e+01 7.162500e+00
      vertex   1.564500e+02 -6.521699e+01 8.975000e+00
    endloop
  endfacet
  facet normal 4.226183e-01 -9.063078e-01 0.000000e+00
    outer loop
      vertex   1.564500e+02 -6.521699e+01 8.975000e+00
      vertex   1.564500e+02 -6.521699e+01 7.162500e+00
      vertex   1.565290e+02 -6.518015e+01 8.975000e+00
    endloop
  endfacet
  facet normal 4.226183e-01 -9.063078e-01 1.346763e-18
    outer loop
      vertex   1.564500e+02 -6.521699e+01 8.975000e+00
      vertex   1.565290e+02 -6.518015e+01 8.975000e+00
      vertex   1.565290e+02 -6.518015e+01 1.078750e+01
    endloop
  endfacet
  facet normal 2.588190e-01 -9.659258e-01 0.000000e+00
    outer loop
      vertex   1.565290e+02 -6.518015e+01 1.078750e+01
      vertex   1.565290e+02 -6.518015e+01 8.975000e+00
      vertex   1.566132e+02 -6.515760e+01 1.078750e+01
    endloop
  endfacet
  facet normal 2.588190e-01 -9.659258e-01 4.399195e-19
    outer loop
      vertex   1.565290e+02 -6.518015e+01 1.078750e+01
      vertex   1.566132e+02 -6.515760e+01 1.078750e+01
      vertex   1.566132e+02 -6.515760e+01 1.260000e+01
    endloop
  endfacet
  facet normal 8.715574e-02 -9.961947e-01 0.000000e+00
    outer loop
      vertex   1.566132e+02 -6.515760e+01 1.260000e+01
      vertex   1.566132e+02 -6.515760e+01 1.078750e+01
      vertex   1.567000e+02 -6.515000e+01 5.350000e+00
    endloop
  endfacet
  facet normal 8.715574e-02 -9.961947e-01 3.485588e-21
    outer loop
      vertex   1.566132e+02 -6.515760e+01 1.260000e+01
      vertex   1.567000e+02 -6.515000e+01 5.350000e+00
      vertex   1.567000e+02 -6.515000e+01 1.985000e+01
    endloop
  endfacet
  facet normal 5.735764e-01 -8.191520e-01 -4.809039e-19
    outer loop
      vertex   1.563786e+02 -6.526698e+01 5.350000e+00
      vertex   1.564500e+02 -6.521699e+01 5.350000e+00
      vertex   1.564500e+02 -6.521699e+01 7.162500e+00
    endloop
  endfacet
  facet normal 4.226183e-01 -9.063078e-01 0.000000e+00
    outer loop
      vertex   1.564500e+02 -6.521699e+01 7.162500e+00
      vertex   1.564500e+02 -6.521699e+01 5.350000e+00
      vertex   1.565290e+02 -6.518015e+01 7.162500e+00
    endloop
  endfacet
  facet normal 4.226183e-01 -9.063078e-01 1.346763e-18
    outer loop
      vertex   1.564500e+02 -6.521699e+01 7.162500e+00
      vertex   1.565290e+02 -6.518015e+01 7.162500e+00
      vertex   1.565290e+02 -6.518015e+01 8.975000e+00
    endloop
  endfacet
  facet normal 2.588190e-01 -9.659258e-01 0.000000e+00
    outer loop
      vertex   1.565290e+02 -6.518015e+01 8.975000e+00
      vertex   1.565290e+02 -6.518015e+01 7.162500e+00
      vertex   1.566132e+02 -6.515760e+01 8.975000e+00
    endloop
  endfacet
  facet normal 2.588190e-01 -9.659258e-01 4.399195e-19
    outer loop
      vertex   1.565290e+02 -6.518015e+01 8.975000e+00
      vertex   1.566132e+02 -6.515760e+01 8.975000e+00
      vertex   1.566132e+02 -6.515760e+01 1.078750e+01
    endloop
  endfacet
  facet normal 8.715574e-02 -9.961947e-01 0.000000e+00
    outer loop
      vertex   1.566132e+02 -6.515760e+01 1.078750e+01
      vertex   1.566132e+02 -6.515760e+01 8.975000e+00
      vertex   1.567000e+02 -6.515000e+01 5.350000e+00
    endloop
  endfacet
  facet normal 4.226183e-01 -9.063078e-01 1.346763e-18
    outer loop
      vertex   1.564500e+02 -6.521699e+01 5.350000e+00
      vertex   1.565290e+02 -6.518015e+01 5.350000e+00
      vertex   1.565290e+02 -6.518015e+01 7.162500e+00
    endloop
  endfacet
  facet normal 2.588190e-01 -9.659258e-01 0.000000e+00
    outer loop
      vertex   1.565290e+02 -6.518015e+01 7.162500e+00
      vertex   1.565290e+02 -6.518015e+01 5.350000e+00
      vertex   1.566132e+02 -6.515760e+01 7.162500e+00
    endloop
  endfacet
  facet normal 2.588190e-01 -9.659258e-01 4.399195e-19
    outer loop
      vertex   1.565290e+02 -6.518015e+01 7.162500e+00
      vertex   1.566132e+02 -6.515760e+01 7.162500e+00
      vertex   1.566132e+02 -6.515760e+01 8.975000e+00
    endloop
  endfacet
  facet normal 8.715574e-02 -9.961947e-01 0.000000e+00
    outer loop
      vertex   1.566132e+02 -6.515760e+01 8.975000e+00
      vertex   1.566132e+02 -6.515760e+01 7.162500e+00
      vertex   1.567000e+02 -6.515000e+01 5.350000e+00
    endloop
  endfacet
  facet normal 2.588190e-01 -9.659258e-01 4.399195e-19
    outer loop
      vertex   1.565290e+02 -6.518015e+01 5.350000e+00
      vertex   1.566132e+02 -6.515760e+01 5.350000e+00
      vertex   1.566132e+02 -6.515760e+01 7.162500e+00
    endloop
  endfacet
  facet normal 8.715574e-02 -9.961947e-01 0.000000e+00
    outer loop
      vertex   1.566132e+02 -6.515760e+01 7.162500e+00
      vertex   1.566132e+02 -6.515760e+01 5.350000e+00
      vertex   1.567000e+02 -6.515000e+01 5.350000e+00
    endloop
  endfacet
  facet normal 7.071068e-01 -7.071068e-01 1.220830e-18
    outer loop
      vertex   1.563786e+02 -6.526698e+01 1.803750e+01
      vertex   1.563170e+02 -6.532861e+01 1.803750e+01
      vertex   1.563170e+02 -6.532861e+01 1.622500e+01
    endloop
  endfacet
  facet normal 8.191520e-01 -5.735764e-01 0.000000e+00
    outer loop
      vertex   1.563170e+02 -6.532861e+01 1.622500e+01
      vertex   1.563170e+02 -6.532861e+01 1.803750e+01
      vertex   1.562670e+02 -6.540000e+01 1.622500e+01
    endloop
  endfacet
  facet normal 8.191520e-01 -5.735764e-01 -1.183925e-18
    outer loop
      vertex   1.563170e+02 -6.532861e+01 1.622500e+01
      vertex   1.562670e+02 -6.540000e+01 1.622500e+01
      vertex   1.562670e+02 -6.540000e+01 1.441250e+01
    endloop
  endfacet
  facet normal 9.063078e-01 -4.226183e-01 0.000000e+00
    outer loop
      vertex   1.562670e+02 -6.540000e+01 1.441250e+01
      vertex   1.562670e+02 -6.540000e+01 1.622500e+01
      vertex   1.562302e+02 -6.547899e+01 1.441250e+01
    endloop
  endfacet
  facet normal 9.063078e-01 -4.226183e-01 1.346763e-18
    outer loop
      vertex   1.562670e+02 -6.540000e+01 1.441250e+01
      vertex   1.562302e+02 -6.547899e+01 1.441250e+01
      vertex   1.562302e+02 -6.547899e+01 1.260000e+01
    endloop
  endfacet
  facet normal 9.659258e-01 -2.588190e-01 0.000000e+00
    outer loop
      vertex   1.562302e+02 -6.547899e+01 1.260000e+01
      vertex   1.562302e+02 -6.547899e+01 1.441250e+01
      vertex   1.562076e+02 -6.556318e+01 1.260000e+01
    endloop
  endfacet
  facet normal 9.659258e-01 -2.588190e-01 -3.084926e-19
    outer loop
      vertex   1.562302e+02 -6.547899e+01 1.260000e+01
      vertex   1.562076e+02 -6.556318e+01 1.260000e+01
      vertex   1.562076e+02 -6.556318e+01 1.078750e+01
    endloop
  endfacet
  facet normal 7.071068e-01 -7.071068e-01 0.000000e+00
    outer loop
      vertex   1.563170e+02 -6.532861e+01 1.441250e+01
      vertex   1.563170e+02 -6.532861e+01 1.260000e+01
      vertex   1.563786e+02 -6.526698e+01 1.441250e+01
    endloop
  endfacet
  facet normal 7.071068e-01 -7.071068e-01 0.000000e+00
    outer loop
      vertex   1.563786e+02 -6.526698e+01 1.441250e+01
      vertex   1.563170e+02 -6.532861e+01 1.260000e+01
      vertex   1.563786e+02 -6.526698e+01 1.260000e+01
    endloop
  endfacet
  facet normal 5.735764e-01 -8.191520e-01 0.000000e+00
    outer loop
      vertex   1.563786e+02 -6.526698e+01 1.441250e+01
      vertex   1.563786e+02 -6.526698e+01 1.260000e+01
      vertex   1.564500e+02 -6.521699e+01 1.441250e+01
    endloop
  endfacet
  facet normal 5.735764e-01 -8.191520e-01 0.000000e+00
    outer loop
      vertex   1.564500e+02 -6.521699e+01 1.441250e+01
      vertex   1.563786e+02 -6.526698e+01 1.260000e+01
      vertex   1.564500e+02 -6.521699e+01 1.260000e+01
    endloop
  endfacet
  facet normal 4.226183e-01 -9.063078e-01 0.000000e+00
    outer loop
      vertex   1.564500e+02 -6.521699e+01 1.441250e+01
      vertex   1.564500e+02 -6.521699e+01 1.260000e+01
      vertex   1.565290e+02 -6.518015e+01 1.441250e+01
    endloop
  endfacet
  facet normal 7.071068e-01 -7.071068e-01 0.000000e+00
    outer loop
      vertex   1.563170e+02 -6.532861e+01 1.260000e+01
      vertex   1.563170e+02 -6.532861e+01 1.078750e+01
      vertex   1.563786e+02 -6.526698e+01 1.260000e+01
    endloop
  endfacet
  facet normal 7.071068e-01 -7.071068e-01 1.108810e-14
    outer loop
      vertex   1.563786e+02 -6.526698e+01 1.260000e+01
      vertex   1.563170e+02 -6.532861e+01 1.078750e+01
      vertex   1.563786e+02 -6.526698e+01 1.078750e+01
    endloop
  endfacet
  facet normal 5.735764e-01 -8.191520e-01 8.994219e-15
    outer loop
      vertex   1.563786e+02 -6.526698e+01 1.260000e+01
      vertex   1.563786e+02 -6.526698e+01 1.078750e+01
      vertex   1.564500e+02 -6.521699e+01 1.260000e+01
    endloop
  endfacet
  facet normal 8.191520e-01 -5.735764e-01 0.000000e+00
    outer loop
      vertex   1.563170e+02 -6.532861e+01 1.441250e+01
      vertex   1.562670e+02 -6.540000e+01 1.260000e+01
      vertex   1.563170e+02 -6.532861e+01 1.260000e+01
    endloop
  endfacet
  facet normal 8.191520e-01 -5.735764e-01 -1.183925e-18
    outer loop
      vertex   1.563170e+02 -6.532861e+01 1.260000e+01
      vertex   1.562670e+02 -6.540000e+01 1.260000e+01
      vertex   1.562670e+02 -6.540000e+01 1.078750e+01
    endloop
  endfacet
  facet normal 8.191520e-01 -5.735764e-01 0.000000e+00
    outer loop
      vertex   1.563170e+02 -6.532861e+01 1.260000e+01
      vertex   1.562670e+02 -6.540000e+01 1.078750e+01
      vertex   1.563170e+02 -6.532861e+01 1.078750e+01
    endloop
  endfacet
  facet normal 8.191520e-01 -5.735764e-01 -1.183925e-18
    outer loop
      vertex   1.563170e+02 -6.532861e+01 1.078750e+01
      vertex   1.562670e+02 -6.540000e+01 1.078750e+01
      vertex   1.562670e+02 -6.540000e+01 8.975000e+00
    endloop
  endfacet
  facet normal 8.191520e-01 -5.735764e-01 0.000000e+00
    outer loop
      vertex   1.563170e+02 -6.532861e+01 1.078750e+01
      vertex   1.562670e+02 -6.540000e+01 8.975000e+00
      vertex   1.563170e+02 -6.532861e+01 8.975000e+00
    endloop
  endfacet
  facet normal 8.191520e-01 -5.735764e-01 -1.183925e-18
    outer loop
      vertex   1.563170e+02 -6.532861e+01 8.975000e+00
      vertex   1.562670e+02 -6.540000e+01 8.975000e+00
      vertex   1.562670e+02 -6.540000e+01 7.162500e+00
    endloop
  endfacet
  facet normal 7.071068e-01 -7.071068e-01 0.000000e+00
    outer loop
      vertex   1.563170e+02 -6.532861e+01 1.078750e+01
      vertex   1.563170e+02 -6.532861e+01 8.975000e+00
      vertex   1.563786e+02 -6.526698e+01 1.078750e+01
    endloop
  endfacet
  facet normal 7.071068e-01 -7.071068e-01 -5.544367e-15
    outer loop
      vertex   1.563170e+02 -6.532861e+01 1.441250e+01
      vertex   1.563786e+02 -6.526698e+01 1.441250e+01
      vertex   1.563786e+02 -6.526698e+01 1.622500e+01
    endloop
  endfacet
  facet normal 5.735764e-01 -8.191520e-01 -6.422538e-15
    outer loop
      vertex   1.563786e+02 -6.526698e+01 1.622500e+01
      vertex   1.563786e+02 -6.526698e+01 1.441250e+01
      vertex   1.564500e+02 -6.521699e+01 1.622500e+01
    endloop
  endfacet
  facet normal 5.735764e-01 -8.191520e-01 2.603022e-21
    outer loop
      vertex   1.563786e+02 -6.526698e+01 1.622500e+01
      vertex   1.564500e+02 -6.521699e+01 1.622500e+01
      vertex   1.564500e+02 -6.521699e+01 1.803750e+01
    endloop
  endfacet
  facet normal 4.226183e-01 -9.063078e-01 0.000000e+00
    outer loop
      vertex   1.564500e+02 -6.521699e+01 1.803750e+01
      vertex   1.564500e+02 -6.521699e+01 1.622500e+01
      vertex   1.565290e+02 -6.518015e+01 1.803750e+01
    endloop
  endfacet
  facet normal 5.735764e-01 -8.191520e-01 0.000000e+00
    outer loop
      vertex   1.564500e+02 -6.521699e+01 1.622500e+01
      vertex   1.563786e+02 -6.526698e+01 1.441250e+01
      vertex   1.564500e+02 -6.521699e+01 1.441250e+01
    endloop
  endfacet
  facet normal 9.063078e-01 -4.226183e-01 0.000000e+00
    outer loop
      vertex   1.562670e+02 -6.540000e+01 1.260000e+01
      vertex   1.562302e+02 -6.547899e+01 1.078750e+01
      vertex   1.562670e+02 -6.540000e+01 1.078750e+01
    endloop
  endfacet
  facet normal 9.063078e-01 -4.226183e-01 1.346763e-18
    outer loop
      vertex   1.562670e+02 -6.540000e+01 1.078750e+01
      vertex   1.562302e+02 -6.547899e+01 1.078750e+01
      vertex   1.562302e+02 -6.547899e+01 8.975000e+00
    endloop
  endfacet
  facet normal 9.063078e-01 -4.226183e-01 0.000000e+00
    outer loop
      vertex   1.562670e+02 -6.540000e+01 1.078750e+01
      vertex   1.562302e+02 -6.547899e+01 8.975000e+00
      vertex   1.562670e+02 -6.540000e+01 8.975000e+00
    endloop
  endfacet
  facet normal 9.063078e-01 -4.226183e-01 1.346763e-18
    outer loop
      vertex   1.562670e+02 -6.540000e+01 8.975000e+00
      vertex   1.562302e+02 -6.547899e+01 8.975000e+00
      vertex   1.562302e+02 -6.547899e+01 7.162500e+00
    endloop
  endfacet
  facet normal 9.063078e-01 -4.226183e-01 0.000000e+00
    outer loop
      vertex   1.562670e+02 -6.540000e+01 8.975000e+00
      vertex   1.562302e+02 -6.547899e+01 7.162500e+00
      vertex   1.562670e+02 -6.540000e+01 7.162500e+00
    endloop
  endfacet
  facet normal 9.659258e-01 -2.588190e-01 -3.084926e-19
    outer loop
      vertex   1.562076e+02 -6.556318e+01 7.162500e+00
      vertex   1.562302e+02 -6.547899e+01 7.162500e+00
      vertex   1.562302e+02 -6.547899e+01 8.975000e+00
    endloop
  endfacet
  facet normal 9.659258e-01 -2.588190e-01 0.000000e+00
    outer loop
      vertex   1.562076e+02 -6.556318e+01 7.162500e+00
      vertex   1.562302e+02 -6.547899e+01 8.975000e+00
      vertex   1.562076e+02 -6.556318e+01 8.975000e+00
    endloop
  endfacet
  facet normal 9.659258e-01 -2.588190e-01 -3.084926e-19
    outer loop
      vertex   1.562076e+02 -6.556318e+01 8.975000e+00
      vertex   1.562302e+02 -6.547899e+01 8.975000e+00
      vertex   1.562302e+02 -6.547899e+01 1.078750e+01
    endloop
  endfacet
  facet normal 9.907182e-01 -1.359317e-01 -4.939773e-20
    outer loop
      vertex   1.562024e+02 -6.560099e+01 1.984759e+01
      vertex   1.562076e+02 -6.556318e+01 1.622500e+01
      vertex   1.562076e+02 -6.556318e+01 1.803750e+01
    endloop
  endfacet
  facet normal 9.659258e-01 -2.588190e-01 0.000000e+00
    outer loop
      vertex   1.562076e+02 -6.556318e+01 1.803750e+01
      vertex   1.562076e+02 -6.556318e+01 1.622500e+01
      vertex   1.562302e+02 -6.547899e+01 1.803750e+01
    endloop
  endfacet
  facet normal 4.226183e-01 -9.063078e-01 0.000000e+00
    outer loop
      vertex   1.564500e+02 -6.521699e+01 1.622500e+01
      vertex   1.564500e+02 -6.521699e+01 1.441250e+01
      vertex   1.565290e+02 -6.518015e+01 1.622500e+01
    endloop
  endfacet
  facet normal 4.226183e-01 -9.063078e-01 0.000000e+00
    outer loop
      vertex   1.565290e+02 -6.518015e+01 1.622500e+01
      vertex   1.564500e+02 -6.521699e+01 1.441250e+01
      vertex   1.565290e+02 -6.518015e+01 1.441250e+01
    endloop
  endfacet
  facet normal 2.588190e-01 -9.659258e-01 0.000000e+00
    outer loop
      vertex   1.565290e+02 -6.518015e+01 1.622500e+01
      vertex   1.565290e+02 -6.518015e+01 1.441250e+01
      vertex   1.566132e+02 -6.515760e+01 1.622500e+01
    endloop
  endfacet
  facet normal 2.588190e-01 -9.659258e-01 4.399195e-19
    outer loop
      vertex   1.566132e+02 -6.515760e+01 1.803750e+01
      vertex   1.565290e+02 -6.518015e+01 1.803750e+01
      vertex   1.565290e+02 -6.518015e+01 1.622500e+01
    endloop
  endfacet
  facet normal 4.226183e-01 -9.063078e-01 0.000000e+00
    outer loop
      vertex   1.565290e+02 -6.518015e+01 1.622500e+01
      vertex   1.565290e+02 -6.518015e+01 1.803750e+01
      vertex   1.564500e+02 -6.521699e+01 1.622500e+01
    endloop
  endfacet
  facet normal 2.588190e-01 -9.659258e-01 0.000000e+00
    outer loop
      vertex   1.566132e+02 -6.515760e+01 1.803750e+01
      vertex   1.565290e+02 -6.518015e+01 1.622500e+01
      vertex   1.566132e+02 -6.515760e+01 1.622500e+01
    endloop
  endfacet
  facet normal 0.000000e+00 -1.000000e+00 0.000000e+00
    outer loop
      vertex   1.567000e+02 -6.515000e+01 5.350000e+00
      vertex   1.688106e+02 -6.515000e+01 5.350000e+00
      vertex   1.567000e+02 -6.515000e+01 1.985000e+01
    endloop
  endfacet
  facet normal 0.000000e+00 -1.000000e+00 0.000000e+00
    outer loop
      vertex   1.567000e+02 -6.515000e+01 1.985000e+01
      vertex   1.688106e+02 -6.515000e+01 5.350000e+00
      vertex   1.688106e+02 -6.515000e+01 1.985000e+01
    endloop
  endfacet
  facet normal 6.828242e-01 1.837148e-01 7.071068e-01
    outer loop
      vertex   1.650733e+02 -8.911958e+01 1.985000e+01
      vertex   1.642151e+02 -8.977901e+01 2.085000e+01
      vertex   1.654399e+02 -9.048216e+01 1.985000e+01
    endloop
  endfacet
  facet normal 6.828242e-01 1.837148e-01 7.071068e-01
    outer loop
      vertex   1.654399e+02 -9.048216e+01 1.985000e+01
      vertex   1.642151e+02 -8.977901e+01 2.085000e+01
      vertex   1.643665e+02 -9.034167e+01 2.085000e+01
    endloop
  endfacet
  facet normal 3.533262e-01 6.125036e-01 7.071068e-01
    outer loop
      vertex   1.565430e+02 -8.419882e+01 1.985000e+01
      vertex   1.562752e+02 -8.519882e+01 2.085000e+01
      vertex   1.650733e+02 -8.911958e+01 1.985000e+01
    endloop
  endfacet
  facet normal 3.533262e-01 6.125036e-01 7.071068e-01
    outer loop
      vertex   1.650733e+02 -8.911958e+01 1.985000e+01
      vertex   1.562752e+02 -8.519882e+01 2.085000e+01
      vertex   1.642151e+02 -8.977901e+01 2.085000e+01
    endloop
  endfacet
  facet normal 0.000000e+00 7.071068e-01 7.071068e-01
    outer loop
      vertex   1.565430e+02 -8.419882e+01 1.985000e+01
      vertex   1.562000e+02 -8.419882e+01 1.985000e+01
      vertex   1.562752e+02 -8.519882e+01 2.085000e+01
    endloop
  endfacet
  facet normal 0.000000e+00 7.071068e-01 7.071068e-01
    outer loop
      vertex   1.562752e+02 -8.519882e+01 2.085000e+01
      vertex   1.562000e+02 -8.419882e+01 1.985000e+01
      vertex   1.552000e+02 -8.519882e+01 2.085000e+01
    endloop
  endfacet
  facet normal -7.071068e-01 -1.519023e-05 7.071068e-01
    outer loop
      vertex   1.477260e+02 -8.782893e+01 2.085000e+01
      vertex   1.467260e+02 -8.782894e+01 1.985000e+01
      vertex   1.477265e+02 -1.100789e+02 2.085000e+01
    endloop
  endfacet
  facet normal -7.071068e-01 -1.519023e-05 7.071068e-01
    outer loop
      vertex   1.477265e+02 -1.100789e+02 2.085000e+01
      vertex   1.467260e+02 -8.782894e+01 1.985000e+01
      vertex   1.467265e+02 -1.106238e+02 1.985000e+01
    endloop
  endfacet
  facet normal -0.000000e+00 7.071068e-01 7.071068e-01
    outer loop
      vertex   1.495902e+02 -2.395625e+01 2.085000e+01
      vertex   1.683964e+02 -2.395625e+01 2.085000e+01
      vertex   1.491760e+02 -2.295625e+01 1.985000e+01
    endloop
  endfacet
  facet normal -0.000000e+00 7.071068e-01 7.071068e-01
    outer loop
      vertex   1.491760e+02 -2.295625e+01 1.985000e+01
      vertex   1.683964e+02 -2.395625e+01 2.085000e+01
      vertex   1.688106e+02 -2.295625e+01 1.985000e+01
    endloop
  endfacet
  facet normal 5.000000e-01 5.000000e-01 7.071068e-01
    outer loop
      vertex   1.746875e+02 -2.883317e+01 1.985000e+01
      vertex   1.688106e+02 -2.295625e+01 1.985000e+01
      vertex   1.736875e+02 -2.924738e+01 2.085000e+01
    endloop
  endfacet
  facet normal 5.000000e-01 5.000000e-01 7.071068e-01
    outer loop
      vertex   1.736875e+02 -2.924738e+01 2.085000e+01
      vertex   1.688106e+02 -2.295625e+01 1.985000e+01
      vertex   1.683964e+02 -2.395625e+01 2.085000e+01
    endloop
  endfacet
  facet normal -5.000000e-01 5.000000e-01 7.071068e-01
    outer loop
      vertex   1.495902e+02 -2.395625e+01 2.085000e+01
      vertex   1.491760e+02 -2.295625e+01 1.985000e+01
      vertex   1.477260e+02 -2.582046e+01 2.085000e+01
    endloop
  endfacet
  facet normal -5.000000e-01 5.000000e-01 7.071068e-01
    outer loop
      vertex   1.477260e+02 -2.582046e+01 2.085000e+01
      vertex   1.491760e+02 -2.295625e+01 1.985000e+01
      vertex   1.467260e+02 -2.540625e+01 1.985000e+01
    endloop
  endfacet
  facet normal 7.071068e-01 0.000000e+00 7.071068e-01
    outer loop
      vertex   1.746875e+02 -2.883317e+01 1.985000e+01
      vertex   1.736875e+02 -2.924738e+01 2.085000e+01
      vertex   1.746875e+02 -5.927308e+01 1.985000e+01
    endloop
  endfacet
  facet normal 7.071068e-01 2.411211e-30 7.071068e-01
    outer loop
      vertex   1.746875e+02 -5.927308e+01 1.985000e+01
      vertex   1.736875e+02 -2.924738e+01 2.085000e+01
      vertex   1.736875e+02 -5.885887e+01 2.085000e+01
    endloop
  endfacet
  facet normal -7.071068e-01 0.000000e+00 7.071068e-01
    outer loop
      vertex   1.477260e+02 -8.782893e+01 2.085000e+01
      vertex   1.477260e+02 -2.582046e+01 2.085000e+01
      vertex   1.467260e+02 -8.782894e+01 1.985000e+01
    endloop
  endfacet
  facet normal -7.071068e-01 0.000000e+00 7.071068e-01
    outer loop
      vertex   1.467260e+02 -8.782894e+01 1.985000e+01
      vertex   1.477260e+02 -2.582046e+01 2.085000e+01
      vertex   1.467260e+02 -2.540625e+01 1.985000e+01
    endloop
  endfacet
  facet normal 5.000000e-01 -5.000000e-01 7.071068e-01
    outer loop
      vertex   1.746875e+02 -5.927308e+01 1.985000e+01
      vertex   1.736875e+02 -5.885887e+01 2.085000e+01
      vertex   1.688106e+02 -6.515000e+01 1.985000e+01
    endloop
  endfacet
  facet normal 5.000000e-01 -5.000000e-01 7.071068e-01
    outer loop
      vertex   1.688106e+02 -6.515000e+01 1.985000e+01
      vertex   1.736875e+02 -5.885887e+01 2.085000e+01
      vertex   1.683964e+02 -6.415000e+01 2.085000e+01
    endloop
  endfacet
  facet normal 0.000000e+00 -7.071068e-01 7.071068e-01
    outer loop
      vertex   1.688106e+02 -6.515000e+01 1.985000e+01
      vertex   1.683964e+02 -6.415000e+01 2.085000e+01
      vertex   1.567000e+02 -6.515000e+01 1.985000e+01
    endloop
  endfacet
  facet normal 0.000000e+00 -7.071068e-01 7.071068e-01
    outer loop
      vertex   1.567000e+02 -6.515000e+01 1.985000e+01
      vertex   1.683964e+02 -6.415000e+01 2.085000e+01
      vertex   1.552000e+02 -6.415000e+01 2.085000e+01
    endloop
  endfacet
  facet normal 4.785785e-14 -7.071068e-01 7.071068e-01
    outer loop
      vertex   1.567000e+02 -6.515000e+01 1.985000e+01
      vertex   1.552000e+02 -6.415000e+01 2.085000e+01
      vertex   1.566510e+02 -6.515241e+01 1.984759e+01
    endloop
  endfacet
  facet normal -8.521469e-14 -7.071068e-01 7.071068e-01
    outer loop
      vertex   1.566510e+02 -6.515241e+01 1.984759e+01
      vertex   1.552000e+02 -6.415000e+01 2.085000e+01
      vertex   1.566025e+02 -6.515961e+01 1.984039e+01
    endloop
  endfacet
  facet normal 4.007206e-14 -7.071068e-01 7.071068e-01
    outer loop
      vertex   1.566025e+02 -6.515961e+01 1.984039e+01
      vertex   1.552000e+02 -6.415000e+01 2.085000e+01
      vertex   1.565549e+02 -6.517153e+01 1.982847e+01
    endloop
  endfacet
  facet normal 7.434922e-14 -7.071068e-01 7.071068e-01
    outer loop
      vertex   1.565549e+02 -6.517153e+01 1.982847e+01
      vertex   1.552000e+02 -6.415000e+01 2.085000e+01
      vertex   1.565087e+02 -6.518806e+01 1.981194e+01
    endloop
  endfacet
  facet normal -1.071710e-13 -7.071068e-01 7.071068e-01
    outer loop
      vertex   1.565087e+02 -6.518806e+01 1.981194e+01
      vertex   1.552000e+02 -6.415000e+01 2.085000e+01
      vertex   1.564643e+02 -6.520904e+01 1.979096e+01
    endloop
  endfacet
  facet normal -3.314028e-14 -7.071068e-01 7.071068e-01
    outer loop
      vertex   1.564643e+02 -6.520904e+01 1.979096e+01
      vertex   1.552000e+02 -6.415000e+01 2.085000e+01
      vertex   1.564222e+02 -6.523427e+01 1.976573e+01
    endloop
  endfacet
  facet normal 1.069751e-13 -7.071068e-01 7.071068e-01
    outer loop
      vertex   1.564222e+02 -6.523427e+01 1.976573e+01
      vertex   1.552000e+02 -6.415000e+01 2.085000e+01
      vertex   1.563828e+02 -6.526349e+01 1.973651e+01
    endloop
  endfacet
  facet normal -3.520545e-14 -7.071068e-01 7.071068e-01
    outer loop
      vertex   1.563828e+02 -6.526349e+01 1.973651e+01
      vertex   1.552000e+02 -6.415000e+01 2.085000e+01
      vertex   1.563464e+02 -6.529645e+01 1.970355e+01
    endloop
  endfacet
  facet normal -3.833784e-01 -5.941557e-01 7.071068e-01
    outer loop
      vertex   1.477265e+02 -1.100789e+02 2.085000e+01
      vertex   1.467265e+02 -1.106238e+02 1.985000e+01
      vertex   1.580498e+02 -1.167400e+02 2.085000e+01
    endloop
  endfacet
  facet normal -3.833784e-01 -5.941557e-01 7.071068e-01
    outer loop
      vertex   1.580498e+02 -1.167400e+02 2.085000e+01
      vertex   1.467265e+02 -1.106238e+02 1.985000e+01
      vertex   1.577600e+02 -1.177432e+02 1.985000e+01
    endloop
  endfacet
  facet normal 7.071068e-01 -0.000000e+00 7.071068e-01
    outer loop
      vertex   1.562000e+02 -8.419882e+01 1.985000e+01
      vertex   1.562000e+02 -6.565000e+01 1.985000e+01
      vertex   1.552000e+02 -8.519882e+01 2.085000e+01
    endloop
  endfacet
  facet normal 7.071068e-01 -0.000000e+00 7.071068e-01
    outer loop
      vertex   1.552000e+02 -8.519882e+01 2.085000e+01
      vertex   1.562000e+02 -6.565000e+01 1.985000e+01
      vertex   1.552000e+02 -6.415000e+01 2.085000e+01
    endloop
  endfacet
  facet normal 7.071068e-01 -2.388214e-13 7.071068e-01
    outer loop
      vertex   1.552000e+02 -6.415000e+01 2.085000e+01
      vertex   1.562000e+02 -6.565000e+01 1.985000e+01
      vertex   1.562024e+02 -6.560099e+01 1.984759e+01
    endloop
  endfacet
  facet normal 7.071068e-01 8.641524e-14 7.071068e-01
    outer loop
      vertex   1.552000e+02 -6.415000e+01 2.085000e+01
      vertex   1.562024e+02 -6.560099e+01 1.984759e+01
      vertex   1.562096e+02 -6.555245e+01 1.984039e+01
    endloop
  endfacet
  facet normal 7.071068e-01 -1.948488e-13 7.071068e-01
    outer loop
      vertex   1.562096e+02 -6.555245e+01 1.984039e+01
      vertex   1.562215e+02 -6.550486e+01 1.982847e+01
      vertex   1.552000e+02 -6.415000e+01 2.085000e+01
    endloop
  endfacet
  facet normal 7.071068e-01 7.820834e-14 7.071068e-01
    outer loop
      vertex   1.552000e+02 -6.415000e+01 2.085000e+01
      vertex   1.562215e+02 -6.550486e+01 1.982847e+01
      vertex   1.562381e+02 -6.545866e+01 1.981194e+01
    endloop
  endfacet
  facet normal 7.071068e-01 2.516506e-13 7.071068e-01
    outer loop
      vertex   1.552000e+02 -6.415000e+01 2.085000e+01
      vertex   1.562381e+02 -6.545866e+01 1.981194e+01
      vertex   1.562590e+02 -6.541430e+01 1.979096e+01
    endloop
  endfacet
  facet normal 7.071068e-01 3.314028e-14 7.071068e-01
    outer loop
      vertex   1.562590e+02 -6.541430e+01 1.979096e+01
      vertex   1.562843e+02 -6.537221e+01 1.976573e+01
      vertex   1.552000e+02 -6.415000e+01 2.085000e+01
    endloop
  endfacet
  facet normal 7.071068e-01 -2.454046e-13 7.071068e-01
    outer loop
      vertex   1.552000e+02 -6.415000e+01 2.085000e+01
      vertex   1.562843e+02 -6.537221e+01 1.976573e+01
      vertex   1.563135e+02 -6.533280e+01 1.973651e+01
    endloop
  endfacet
  facet normal 7.071068e-01 1.799244e-13 7.071068e-01
    outer loop
      vertex   1.552000e+02 -6.415000e+01 2.085000e+01
      vertex   1.563135e+02 -6.533280e+01 1.973651e+01
      vertex   1.563464e+02 -6.529645e+01 1.970355e+01
    endloop
  endfacet
  facet normal 7.572329e-03 -7.070662e-01 7.071068e-01
    outer loop
      vertex   1.580498e+02 -1.167400e+02 2.085000e+01
      vertex   1.577600e+02 -1.177432e+02 1.985000e+01
      vertex   1.585269e+02 -1.167349e+02 2.085000e+01
    endloop
  endfacet
  facet normal 7.572329e-03 -7.070662e-01 7.071068e-01
    outer loop
      vertex   1.585269e+02 -1.167349e+02 2.085000e+01
      vertex   1.577600e+02 -1.177432e+02 1.985000e+01
      vertex   1.595269e+02 -1.177243e+02 1.985000e+01
    endloop
  endfacet
  facet normal 7.071068e-01 0.000000e+00 7.071068e-01
    outer loop
      vertex   1.585269e+02 -1.004671e+02 2.085000e+01
      vertex   1.585269e+02 -1.167349e+02 2.085000e+01
      vertex   1.595269e+02 -1.007348e+02 1.985000e+01
    endloop
  endfacet
  facet normal 7.071068e-01 0.000000e+00 7.071068e-01
    outer loop
      vertex   1.595269e+02 -1.007348e+02 1.985000e+01
      vertex   1.585269e+02 -1.167349e+02 2.085000e+01
      vertex   1.595269e+02 -1.177243e+02 1.985000e+01
    endloop
  endfacet
  facet normal 6.125368e-01 -3.532686e-01 7.071068e-01
    outer loop
      vertex   1.585269e+02 -1.004671e+02 2.085000e+01
      vertex   1.595269e+02 -1.007348e+02 1.985000e+01
      vertex   1.643665e+02 -9.034167e+01 2.085000e+01
    endloop
  endfacet
  facet normal 6.125368e-01 -3.532686e-01 7.071068e-01
    outer loop
      vertex   1.643665e+02 -9.034167e+01 2.085000e+01
      vertex   1.595269e+02 -1.007348e+02 1.985000e+01
      vertex   1.654399e+02 -9.048216e+01 1.985000e+01
    endloop
  endfacet
  facet normal 8.662578e-01 -4.995972e-01 0.000000e+00
    outer loop
      vertex   1.654399e+02 -9.048216e+01 1.985000e+01
      vertex   1.595269e+02 -1.007348e+02 1.985000e+01
      vertex   1.654399e+02 -9.048216e+01 1.885000e+01
    endloop
  endfacet
  facet normal 8.662578e-01 -4.995972e-01 9.410220e-17
    outer loop
      vertex   1.654399e+02 -9.048216e+01 1.885000e+01
      vertex   1.595269e+02 -1.007348e+02 1.985000e+01
      vertex   1.595269e+02 -1.007348e+02 1.885000e+01
    endloop
  endfacet
  facet normal 1.000000e+00 0.000000e+00 0.000000e+00
    outer loop
      vertex   1.595269e+02 -1.007348e+02 1.985000e+01
      vertex   1.595269e+02 -1.177243e+02 1.985000e+01
      vertex   1.595269e+02 -1.007348e+02 1.885000e+01
    endloop
  endfacet
  facet normal 1.000000e+00 0.000000e+00 0.000000e+00
    outer loop
      vertex   1.595269e+02 -1.007348e+02 1.885000e+01
      vertex   1.595269e+02 -1.177243e+02 1.985000e+01
      vertex   1.595269e+02 -1.177243e+02 1.885000e+01
    endloop
  endfacet
  facet normal 1.070889e-02 -9.999427e-01 0.000000e+00
    outer loop
      vertex   1.595269e+02 -1.177243e+02 1.985000e+01
      vertex   1.577600e+02 -1.177432e+02 1.985000e+01
      vertex   1.595269e+02 -1.177243e+02 1.885000e+01
    endloop
  endfacet
  facet normal 1.070889e-02 -9.999427e-01 -3.995759e-19
    outer loop
      vertex   1.595269e+02 -1.177243e+02 1.885000e+01
      vertex   1.577600e+02 -1.177432e+02 1.985000e+01
      vertex   1.577600e+02 -1.177432e+02 1.885000e+01
    endloop
  endfacet
  facet normal -5.421790e-01 -8.402630e-01 -0.000000e+00
    outer loop
      vertex   1.577600e+02 -1.177432e+02 1.985000e+01
      vertex   1.467265e+02 -1.106238e+02 1.985000e+01
      vertex   1.577600e+02 -1.177432e+02 1.885000e+01
    endloop
  endfacet
  facet normal -5.421790e-01 -8.402630e-01 -1.901101e-16
    outer loop
      vertex   1.577600e+02 -1.177432e+02 1.885000e+01
      vertex   1.467265e+02 -1.106238e+02 1.985000e+01
      vertex   1.467265e+02 -1.106238e+02 1.885000e+01
    endloop
  endfacet
  facet normal -1.000000e+00 -2.148222e-05 -0.000000e+00
    outer loop
      vertex   1.467265e+02 -1.106238e+02 1.985000e+01
      vertex   1.467260e+02 -8.782894e+01 1.985000e+01
      vertex   1.467265e+02 -1.106238e+02 1.885000e+01
    endloop
  endfacet
  facet normal -1.000000e+00 -2.148222e-05 6.505524e-21
    outer loop
      vertex   1.467265e+02 -1.106238e+02 1.885000e+01
      vertex   1.467260e+02 -8.782894e+01 1.985000e+01
      vertex   1.467260e+02 -8.782894e+01 1.885000e+01
    endloop
  endfacet
  facet normal -1.000000e+00 0.000000e+00 0.000000e+00
    outer loop
      vertex   1.467260e+02 -8.782894e+01 1.985000e+01
      vertex   1.467260e+02 -2.540625e+01 1.985000e+01
      vertex   1.467260e+02 -8.782894e+01 1.885000e+01
    endloop
  endfacet
  facet normal -1.000000e+00 0.000000e+00 0.000000e+00
    outer loop
      vertex   1.467260e+02 -8.782894e+01 1.885000e+01
      vertex   1.467260e+02 -2.540625e+01 1.985000e+01
      vertex   1.467260e+02 -2.540625e+01 1.885000e+01
    endloop
  endfacet
  facet normal -7.071068e-01 7.071068e-01 0.000000e+00
    outer loop
      vertex   1.467260e+02 -2.540625e+01 1.985000e+01
      vertex   1.491760e+02 -2.295625e+01 1.985000e+01
      vertex   1.467260e+02 -2.540625e+01 1.885000e+01
    endloop
  endfacet
  facet normal -7.071068e-01 7.071068e-01 6.152199e-17
    outer loop
      vertex   1.467260e+02 -2.540625e+01 1.885000e+01
      vertex   1.491760e+02 -2.295625e+01 1.985000e+01
      vertex   1.491760e+02 -2.295625e+01 1.885000e+01
    endloop
  endfacet
  facet normal 0.000000e+00 1.000000e+00 0.000000e+00
    outer loop
      vertex   1.491760e+02 -2.295625e+01 1.885000e+01
      vertex   1.491760e+02 -2.295625e+01 1.985000e+01
      vertex   1.650827e+02 -2.295625e+01 1.885000e+01
    endloop
  endfacet
  facet normal 0.000000e+00 1.000000e+00 -0.000000e+00
    outer loop
      vertex   1.650827e+02 -2.295625e+01 1.885000e+01
      vertex   1.491760e+02 -2.295625e+01 1.985000e+01
      vertex   1.688106e+02 -2.295625e+01 1.985000e+01
    endloop
  endfacet
  facet normal -0.000000e+00 1.000000e+00 0.000000e+00
    outer loop
      vertex   1.650827e+02 -2.295625e+01 1.885000e+01
      vertex   1.688106e+02 -2.295625e+01 1.985000e+01
      vertex   1.688106e+02 -2.295625e+01 5.350000e+00
    endloop
  endfacet
  facet normal 0.000000e+00 1.000000e+00 0.000000e+00
    outer loop
      vertex   1.688106e+02 -2.295625e+01 5.350000e+00
      vertex   1.650827e+02 -2.295625e+01 5.350000e+00
      vertex   1.650827e+02 -2.295625e+01 1.885000e+01
    endloop
  endfacet
  facet normal -0.000000e+00 0.000000e+00 1.000000e+00
    outer loop
      vertex   1.495902e+02 -2.395625e+01 2.085000e+01
      vertex   1.552000e+02 -6.415000e+01 2.085000e+01
      vertex   1.683964e+02 -2.395625e+01 2.085000e+01
    endloop
  endfacet
  facet normal 0.000000e+00 0.000000e+00 1.000000e+00
    outer loop
      vertex   1.683964e+02 -2.395625e+01 2.085000e+01
      vertex   1.552000e+02 -6.415000e+01 2.085000e+01
      vertex   1.683964e+02 -6.415000e+01 2.085000e+01
    endloop
  endfacet
  facet normal 0.000000e+00 0.000000e+00 1.000000e+00
    outer loop
      vertex   1.683964e+02 -2.395625e+01 2.085000e+01
      vertex   1.683964e+02 -6.415000e+01 2.085000e+01
      vertex   1.736875e+02 -5.885887e+01 2.085000e+01
    endloop
  endfacet
  facet normal 0.000000e+00 0.000000e+00 1.000000e+00
    outer loop
      vertex   1.495902e+02 -2.395625e+01 2.085000e+01
      vertex   1.477260e+02 -2.582046e+01 2.085000e+01
      vertex   1.552000e+02 -6.415000e+01 2.085000e+01
    endloop
  endfacet
  facet normal 0.000000e+00 0.000000e+00 1.000000e+00
    outer loop
      vertex   1.552000e+02 -6.415000e+01 2.085000e+01
      vertex   1.477260e+02 -2.582046e+01 2.085000e+01
      vertex   1.477260e+02 -8.782893e+01 2.085000e+01
    endloop
  endfacet
  facet normal 0.000000e+00 0.000000e+00 1.000000e+00
    outer loop
      vertex   1.552000e+02 -6.415000e+01 2.085000e+01
      vertex   1.477260e+02 -8.782893e+01 2.085000e+01
      vertex   1.552000e+02 -8.519882e+01 2.085000e+01
    endloop
  endfacet
  facet normal 0.000000e+00 0.000000e+00 1.000000e+00
    outer loop
      vertex   1.552000e+02 -8.519882e+01 2.085000e+01
      vertex   1.477260e+02 -8.782893e+01 2.085000e+01
      vertex   1.477265e+02 -1.100789e+02 2.085000e+01
    endloop
  endfacet
  facet normal 0.000000e+00 0.000000e+00 1.000000e+00
    outer loop
      vertex   1.552000e+02 -8.519882e+01 2.085000e+01
      vertex   1.477265e+02 -1.100789e+02 2.085000e+01
      vertex   1.585269e+02 -1.004671e+02 2.085000e+01
    endloop
  endfacet
  facet normal 0.000000e+00 0.000000e+00 1.000000e+00
    outer loop
      vertex   1.585269e+02 -1.004671e+02 2.085000e+01
      vertex   1.477265e+02 -1.100789e+02 2.085000e+01
      vertex   1.580498e+02 -1.167400e+02 2.085000e+01
    endloop
  endfacet
  facet normal 0.000000e+00 0.000000e+00 1.000000e+00
    outer loop
      vertex   1.585269e+02 -1.004671e+02 2.085000e+01
      vertex   1.580498e+02 -1.167400e+02 2.085000e+01
      vertex   1.585269e+02 -1.167349e+02 2.085000e+01
    endloop
  endfacet
  facet normal 0.000000e+00 0.000000e+00 1.000000e+00
    outer loop
      vertex   1.643665e+02 -9.034167e+01 2.085000e+01
      vertex   1.642151e+02 -8.977901e+01 2.085000e+01
      vertex   1.585269e+02 -1.004671e+02 2.085000e+01
    endloop
  endfacet
  facet normal 0.000000e+00 -0.000000e+00 1.000000e+00
    outer loop
      vertex   1.585269e+02 -1.004671e+02 2.085000e+01
      vertex   1.642151e+02 -8.977901e+01 2.085000e+01
      vertex   1.562752e+02 -8.519882e+01 2.085000e+01
    endloop
  endfacet
  facet normal 0.000000e+00 0.000000e+00 1.000000e+00
    outer loop
      vertex   1.585269e+02 -1.004671e+02 2.085000e+01
      vertex   1.562752e+02 -8.519882e+01 2.085000e+01
      vertex   1.552000e+02 -8.519882e+01 2.085000e+01
    endloop
  endfacet
  facet normal 0.000000e+00 -0.000000e+00 1.000000e+00
    outer loop
      vertex   1.736875e+02 -5.885887e+01 2.085000e+01
      vertex   1.736875e+02 -2.924738e+01 2.085000e+01
      vertex   1.683964e+02 -2.395625e+01 2.085000e+01
    endloop
  endfacet
  facet normal -0.000000e+00 -0.000000e+00 -1.000000e+00
    outer loop
      vertex   1.650827e+02 -2.295625e+01 1.885000e+01
      vertex   1.650827e+02 -3.075625e+01 1.885000e+01
      vertex   1.491760e+02 -2.295625e+01 1.885000e+01
    endloop
  endfacet
  facet normal 0.000000e+00 -0.000000e+00 -1.000000e+00
    outer loop
      vertex   1.491760e+02 -2.295625e+01 1.885000e+01
      vertex   1.650827e+02 -3.075625e+01 1.885000e+01
      vertex   1.489130e+02 -5.735000e+01 1.885000e+01
    endloop
  endfacet
  facet normal 0.000000e+00 0.000000e+00 -1.000000e+00
    outer loop
      vertex   1.491760e+02 -2.295625e+01 1.885000e+01
      vertex   1.489130e+02 -5.735000e+01 1.885000e+01
      vertex   1.467260e+02 -2.540625e+01 1.885000e+01
    endloop
  endfacet
  facet normal 0.000000e+00 0.000000e+00 -1.000000e+00
    outer loop
      vertex   1.467260e+02 -2.540625e+01 1.885000e+01
      vertex   1.489130e+02 -5.735000e+01 1.885000e+01
      vertex   1.484000e+02 -5.788084e+01 1.885000e+01
    endloop
  endfacet
  facet normal 0.000000e+00 0.000000e+00 -1.000000e+00
    outer loop
      vertex   1.467260e+02 -2.540625e+01 1.885000e+01
      vertex   1.484000e+02 -5.788084e+01 1.885000e+01
      vertex   1.467260e+02 -8.782894e+01 1.885000e+01
    endloop
  endfacet
  facet normal 0.000000e+00 0.000000e+00 -1.000000e+00
    outer loop
      vertex   1.467260e+02 -8.782894e+01 1.885000e+01
      vertex   1.484000e+02 -5.788084e+01 1.885000e+01
      vertex   1.484000e+02 -9.091716e+01 1.885000e+01
    endloop
  endfacet
  facet normal 0.000000e+00 0.000000e+00 -1.000000e+00
    outer loop
      vertex   1.467260e+02 -8.782894e+01 1.885000e+01
      vertex   1.484000e+02 -9.091716e+01 1.885000e+01
      vertex   1.467265e+02 -1.106238e+02 1.885000e+01
    endloop
  endfacet
  facet normal 0.000000e+00 0.000000e+00 -1.000000e+00
    outer loop
      vertex   1.467265e+02 -1.106238e+02 1.885000e+01
      vertex   1.484000e+02 -9.091716e+01 1.885000e+01
      vertex   1.494828e+02 -9.200000e+01 1.885000e+01
    endloop
  endfacet
  facet normal 0.000000e+00 0.000000e+00 -1.000000e+00
    outer loop
      vertex   1.467265e+02 -1.106238e+02 1.885000e+01
      vertex   1.494828e+02 -9.200000e+01 1.885000e+01
      vertex   1.510650e+02 -9.200000e+01 1.885000e+01
    endloop
  endfacet
  facet normal 0.000000e+00 0.000000e+00 -1.000000e+00
    outer loop
      vertex   1.489130e+02 -5.735000e+01 1.885000e+01
      vertex   1.650827e+02 -3.075625e+01 1.885000e+01
      vertex   1.655797e+02 -5.735000e+01 1.885000e+01
    endloop
  endfacet
  facet normal 0.000000e+00 0.000000e+00 -1.000000e+00
    outer loop
      vertex   1.655797e+02 -5.735000e+01 1.885000e+01
      vertex   1.650827e+02 -3.075625e+01 1.885000e+01
      vertex   1.655797e+02 -3.075625e+01 1.885000e+01
    endloop
  endfacet
  facet normal 0.000000e+00 0.000000e+00 -1.000000e+00
    outer loop
      vertex   1.655797e+02 -5.735000e+01 1.885000e+01
      vertex   1.655797e+02 -3.075625e+01 1.885000e+01
      vertex   1.668875e+02 -5.604222e+01 1.885000e+01
    endloop
  endfacet
  facet normal 0.000000e+00 0.000000e+00 -1.000000e+00
    outer loop
      vertex   1.668875e+02 -5.604222e+01 1.885000e+01
      vertex   1.655797e+02 -3.075625e+01 1.885000e+01
      vertex   1.668875e+02 -3.206403e+01 1.885000e+01
    endloop
  endfacet
  facet normal 0.000000e+00 -0.000000e+00 -1.000000e+00
    outer loop
      vertex   1.562000e+02 -8.309939e+01 1.885000e+01
      vertex   1.562000e+02 -8.419882e+01 1.885000e+01
      vertex   1.510650e+02 -9.200000e+01 1.885000e+01
    endloop
  endfacet
  facet normal 0.000000e+00 0.000000e+00 -1.000000e+00
    outer loop
      vertex   1.510650e+02 -9.200000e+01 1.885000e+01
      vertex   1.562000e+02 -8.419882e+01 1.885000e+01
      vertex   1.577600e+02 -1.177432e+02 1.885000e+01
    endloop
  endfacet
  facet normal 0.000000e+00 -0.000000e+00 -1.000000e+00
    outer loop
      vertex   1.510650e+02 -9.200000e+01 1.885000e+01
      vertex   1.577600e+02 -1.177432e+02 1.885000e+01
      vertex   1.467265e+02 -1.106238e+02 1.885000e+01
    endloop
  endfacet
  facet normal 0.000000e+00 0.000000e+00 -1.000000e+00
    outer loop
      vertex   1.577600e+02 -1.177432e+02 1.885000e+01
      vertex   1.562000e+02 -8.419882e+01 1.885000e+01
      vertex   1.595269e+02 -1.007348e+02 1.885000e+01
    endloop
  endfacet
  facet normal 0.000000e+00 0.000000e+00 -1.000000e+00
    outer loop
      vertex   1.595269e+02 -1.007348e+02 1.885000e+01
      vertex   1.562000e+02 -8.419882e+01 1.885000e+01
      vertex   1.565430e+02 -8.419882e+01 1.885000e+01
    endloop
  endfacet
  facet normal 0.000000e+00 0.000000e+00 -1.000000e+00
    outer loop
      vertex   1.595269e+02 -1.007348e+02 1.885000e+01
      vertex   1.565430e+02 -8.419882e+01 1.885000e+01
      vertex   1.650733e+02 -8.911958e+01 1.885000e+01
    endloop
  endfacet
  facet normal 0.000000e+00 -0.000000e+00 -1.000000e+00
    outer loop
      vertex   1.650733e+02 -8.911958e+01 1.885000e+01
      vertex   1.654399e+02 -9.048216e+01 1.885000e+01
      vertex   1.595269e+02 -1.007348e+02 1.885000e+01
    endloop
  endfacet
  facet normal 0.000000e+00 -0.000000e+00 -1.000000e+00
    outer loop
      vertex   1.595269e+02 -1.007348e+02 1.885000e+01
      vertex   1.595269e+02 -1.177243e+02 1.885000e+01
      vertex   1.577600e+02 -1.177432e+02 1.885000e+01
    endloop
  endfacet
  facet normal 9.656592e-01 2.598119e-01 0.000000e+00
    outer loop
      vertex   1.650733e+02 -8.911958e+01 1.985000e+01
      vertex   1.654399e+02 -9.048216e+01 1.985000e+01
      vertex   1.650733e+02 -8.911958e+01 1.885000e+01
    endloop
  endfacet
  facet normal 9.656592e-01 2.598119e-01 6.834340e-18
    outer loop
      vertex   1.650733e+02 -8.911958e+01 1.885000e+01
      vertex   1.654399e+02 -9.048216e+01 1.985000e+01
      vertex   1.654399e+02 -9.048216e+01 1.885000e+01
    endloop
  endfacet
  facet normal 4.996787e-01 8.662108e-01 0.000000e+00
    outer loop
      vertex   1.565430e+02 -8.419882e+01 1.985000e+01
      vertex   1.650733e+02 -8.911958e+01 1.985000e+01
      vertex   1.565430e+02 -8.419882e+01 1.885000e+01
    endloop
  endfacet
  facet normal 4.996787e-01 8.662108e-01 3.330017e-16
    outer loop
      vertex   1.565430e+02 -8.419882e+01 1.885000e+01
      vertex   1.650733e+02 -8.911958e+01 1.985000e+01
      vertex   1.650733e+02 -8.911958e+01 1.885000e+01
    endloop
  endfacet
  facet normal -0.000000e+00 1.000000e+00 0.000000e+00
    outer loop
      vertex   1.562000e+02 -8.419882e+01 1.985000e+01
      vertex   1.565430e+02 -8.419882e+01 1.985000e+01
      vertex   1.562000e+02 -8.419882e+01 1.885000e+01
    endloop
  endfacet
  facet normal 0.000000e+00 1.000000e+00 0.000000e+00
    outer loop
      vertex   1.562000e+02 -8.419882e+01 1.885000e+01
      vertex   1.565430e+02 -8.419882e+01 1.985000e+01
      vertex   1.565430e+02 -8.419882e+01 1.885000e+01
    endloop
  endfacet
  facet normal -7.071068e-01 -7.071068e-01 -0.000000e+00
    outer loop
      vertex   1.668875e+02 -3.206403e+01 1.885000e+01
      vertex   1.655797e+02 -3.075625e+01 1.885000e+01
      vertex   1.668875e+02 -3.206403e+01 5.350000e+00
    endloop
  endfacet
  facet normal -7.071068e-01 -7.071068e-01 1.260226e-18
    outer loop
      vertex   1.668875e+02 -3.206403e+01 5.350000e+00
      vertex   1.655797e+02 -3.075625e+01 1.885000e+01
      vertex   1.655797e+02 -3.075625e+01 5.350000e+00
    endloop
  endfacet
  facet normal -0.000000e+00 -1.000000e+00 -0.000000e+00
    outer loop
      vertex   1.655797e+02 -3.075625e+01 1.885000e+01
      vertex   1.650827e+02 -3.075625e+01 1.885000e+01
      vertex   1.655797e+02 -3.075625e+01 5.350000e+00
    endloop
  endfacet
  facet normal 0.000000e+00 -1.000000e+00 0.000000e+00
    outer loop
      vertex   1.655797e+02 -3.075625e+01 5.350000e+00
      vertex   1.650827e+02 -3.075625e+01 1.885000e+01
      vertex   1.650827e+02 -3.075625e+01 5.350000e+00
    endloop
  endfacet
  facet normal -1.000000e+00 0.000000e+00 0.000000e+00
    outer loop
      vertex   1.650827e+02 -3.075625e+01 1.885000e+01
      vertex   1.650827e+02 -2.295625e+01 1.885000e+01
      vertex   1.650827e+02 -3.075625e+01 5.350000e+00
    endloop
  endfacet
  facet normal -1.000000e+00 0.000000e+00 0.000000e+00
    outer loop
      vertex   1.650827e+02 -3.075625e+01 5.350000e+00
      vertex   1.650827e+02 -2.295625e+01 1.885000e+01
      vertex   1.650827e+02 -2.295625e+01 5.350000e+00
    endloop
  endfacet
  facet normal 7.071068e-01 7.071068e-01 0.000000e+00
    outer loop
      vertex   1.688106e+02 -2.295625e+01 1.985000e+01
      vertex   1.746875e+02 -2.883317e+01 1.985000e+01
      vertex   1.688106e+02 -2.295625e+01 5.350000e+00
    endloop
  endfacet
  facet normal 7.071068e-01 7.071068e-01 -2.608597e-17
    outer loop
      vertex   1.688106e+02 -2.295625e+01 5.350000e+00
      vertex   1.746875e+02 -2.883317e+01 1.985000e+01
      vertex   1.746875e+02 -2.883317e+01 5.350000e+00
    endloop
  endfacet
  facet normal 1.000000e+00 0.000000e+00 0.000000e+00
    outer loop
      vertex   1.746875e+02 -2.883317e+01 1.985000e+01
      vertex   1.746875e+02 -5.927308e+01 1.985000e+01
      vertex   1.746875e+02 -2.883317e+01 5.350000e+00
    endloop
  endfacet
  facet normal 1.000000e+00 0.000000e+00 0.000000e+00
    outer loop
      vertex   1.746875e+02 -2.883317e+01 5.350000e+00
      vertex   1.746875e+02 -5.927308e+01 1.985000e+01
      vertex   1.746875e+02 -5.927308e+01 5.350000e+00
    endloop
  endfacet
  facet normal 7.071068e-01 -7.071068e-01 0.000000e+00
    outer loop
      vertex   1.746875e+02 -5.927308e+01 1.985000e+01
      vertex   1.688106e+02 -6.515000e+01 1.985000e+01
      vertex   1.746875e+02 -5.927308e+01 5.350000e+00
    endloop
  endfacet
  facet normal 7.071068e-01 -7.071068e-01 2.245747e-17
    outer loop
      vertex   1.746875e+02 -5.927308e+01 5.350000e+00
      vertex   1.688106e+02 -6.515000e+01 1.985000e+01
      vertex   1.688106e+02 -6.515000e+01 5.350000e+00
    endloop
  endfacet
  facet normal 1.000000e+00 0.000000e+00 0.000000e+00
    outer loop
      vertex   1.562000e+02 -8.309939e+01 5.350000e+00
      vertex   1.562000e+02 -6.565000e+01 5.350000e+00
      vertex   1.562000e+02 -8.309939e+01 1.885000e+01
    endloop
  endfacet
  facet normal 1.000000e+00 -0.000000e+00 0.000000e+00
    outer loop
      vertex   1.562000e+02 -8.309939e+01 1.885000e+01
      vertex   1.562000e+02 -6.565000e+01 5.350000e+00
      vertex   1.562000e+02 -6.565000e+01 1.985000e+01
    endloop
  endfacet
  facet normal 1.000000e+00 0.000000e+00 -0.000000e+00
    outer loop
      vertex   1.562000e+02 -8.309939e+01 1.885000e+01
      vertex   1.562000e+02 -6.565000e+01 1.985000e+01
      vertex   1.562000e+02 -8.419882e+01 1.985000e+01
    endloop
  endfacet
  facet normal 1.000000e+00 0.000000e+00 0.000000e+00
    outer loop
      vertex   1.562000e+02 -8.419882e+01 1.985000e+01
      vertex   1.562000e+02 -8.419882e+01 1.885000e+01
      vertex   1.562000e+02 -8.309939e+01 1.885000e+01
    endloop
  endfacet
  facet normal -9.961947e-01 -8.715574e-02 8.077550e-17
    outer loop
      vertex   1.701239e+02 -2.845273e+01 1.685000e+01
      vertex   1.701239e+02 -2.845273e+01 1.301667e+01
      vertex   1.701413e+02 -2.865242e+01 1.685000e+01
    endloop
  endfacet
  facet normal -9.961947e-01 -8.715574e-02 -0.000000e+00
    outer loop
      vertex   1.701413e+02 -2.865242e+01 1.685000e+01
      vertex   1.701239e+02 -2.845273e+01 1.301667e+01
      vertex   1.701413e+02 -2.865242e+01 1.301667e+01
    endloop
  endfacet
  facet normal -9.961947e-01 8.715574e-02 0.000000e+00
    outer loop
      vertex   1.701413e+02 -2.865242e+01 1.685000e+01
      vertex   1.701413e+02 -2.865242e+01 1.301667e+01
      vertex   1.701239e+02 -2.885212e+01 1.685000e+01
    endloop
  endfacet
  facet normal -9.961947e-01 8.715574e-02 8.077550e-17
    outer loop
      vertex   1.701239e+02 -2.885212e+01 1.685000e+01
      vertex   1.701413e+02 -2.865242e+01 1.301667e+01
      vertex   1.701239e+02 -2.885212e+01 1.301667e+01
    endloop
  endfacet
  facet normal -9.659258e-01 2.588190e-01 2.398722e-16
    outer loop
      vertex   1.701239e+02 -2.885212e+01 1.685000e+01
      vertex   1.701239e+02 -2.885212e+01 1.301667e+01
      vertex   1.700720e+02 -2.904575e+01 1.685000e+01
    endloop
  endfacet
  facet normal -9.659258e-01 2.588190e-01 -2.398722e-16
    outer loop
      vertex   1.700720e+02 -2.904575e+01 1.685000e+01
      vertex   1.701239e+02 -2.885212e+01 1.301667e+01
      vertex   1.700720e+02 -2.904575e+01 1.301667e+01
    endloop
  endfacet
  facet normal -9.063078e-01 4.226183e-01 -3.916804e-16
    outer loop
      vertex   1.700720e+02 -2.904575e+01 1.685000e+01
      vertex   1.700720e+02 -2.904575e+01 1.301667e+01
      vertex   1.699873e+02 -2.922742e+01 1.685000e+01
    endloop
  endfacet
  facet normal -9.063078e-01 4.226183e-01 -3.916804e-16
    outer loop
      vertex   1.699873e+02 -2.922742e+01 1.685000e+01
      vertex   1.700720e+02 -2.904575e+01 1.301667e+01
      vertex   1.699873e+02 -2.922742e+01 1.301667e+01
    endloop
  endfacet
  facet normal -8.191520e-01 5.735764e-01 -5.315877e-16
    outer loop
      vertex   1.699873e+02 -2.922742e+01 1.685000e+01
      vertex   1.699873e+02 -2.922742e+01 1.301667e+01
      vertex   1.698723e+02 -2.939163e+01 1.685000e+01
    endloop
  endfacet
  facet normal -8.191520e-01 5.735764e-01 0.000000e+00
    outer loop
      vertex   1.698723e+02 -2.939163e+01 1.685000e+01
      vertex   1.699873e+02 -2.922742e+01 1.301667e+01
      vertex   1.698723e+02 -2.939163e+01 1.301667e+01
    endloop
  endfacet
  facet normal -7.071068e-01 7.071068e-01 0.000000e+00
    outer loop
      vertex   1.698723e+02 -2.939163e+01 1.685000e+01
      vertex   1.698723e+02 -2.939163e+01 1.301667e+01
      vertex   1.697305e+02 -2.953338e+01 1.685000e+01
    endloop
  endfacet
  facet normal -7.071068e-01 7.071068e-01 -6.553429e-16
    outer loop
      vertex   1.697305e+02 -2.953338e+01 1.685000e+01
      vertex   1.698723e+02 -2.939163e+01 1.301667e+01
      vertex   1.697305e+02 -2.953338e+01 1.301667e+01
    endloop
  endfacet
  facet normal -5.735764e-01 8.191520e-01 -7.591859e-16
    outer loop
      vertex   1.697305e+02 -2.953338e+01 1.685000e+01
      vertex   1.697305e+02 -2.953338e+01 1.301667e+01
      vertex   1.695663e+02 -2.964835e+01 1.685000e+01
    endloop
  endfacet
  facet normal -5.735764e-01 8.191520e-01 0.000000e+00
    outer loop
      vertex   1.695663e+02 -2.964835e+01 1.685000e+01
      vertex   1.697305e+02 -2.953338e+01 1.301667e+01
      vertex   1.695663e+02 -2.964835e+01 1.301667e+01
    endloop
  endfacet
  facet normal -4.226183e-01 9.063078e-01 0.000000e+00
    outer loop
      vertex   1.695663e+02 -2.964835e+01 1.685000e+01
      vertex   1.695663e+02 -2.964835e+01 1.301667e+01
      vertex   1.693846e+02 -2.973307e+01 1.685000e+01
    endloop
  endfacet
  facet normal -4.226183e-01 9.063078e-01 -8.399614e-16
    outer loop
      vertex   1.693846e+02 -2.973307e+01 1.685000e+01
      vertex   1.695663e+02 -2.964835e+01 1.301667e+01
      vertex   1.693846e+02 -2.973307e+01 1.301667e+01
    endloop
  endfacet
  facet normal -2.588190e-01 9.659258e-01 -8.952151e-16
    outer loop
      vertex   1.693846e+02 -2.973307e+01 1.685000e+01
      vertex   1.693846e+02 -2.973307e+01 1.301667e+01
      vertex   1.691910e+02 -2.978495e+01 1.685000e+01
    endloop
  endfacet
  facet normal -2.588190e-01 9.659258e-01 -8.952151e-16
    outer loop
      vertex   1.691910e+02 -2.978495e+01 1.685000e+01
      vertex   1.693846e+02 -2.973307e+01 1.301667e+01
      vertex   1.691910e+02 -2.978495e+01 1.301667e+01
    endloop
  endfacet
  facet normal -8.715574e-02 9.961947e-01 -9.232681e-16
    outer loop
      vertex   1.691910e+02 -2.978495e+01 1.685000e+01
      vertex   1.691910e+02 -2.978495e+01 1.301667e+01
      vertex   1.689913e+02 -2.980242e+01 1.685000e+01
    endloop
  endfacet
  facet normal -8.715574e-02 9.961947e-01 0.000000e+00
    outer loop
      vertex   1.689913e+02 -2.980242e+01 1.685000e+01
      vertex   1.691910e+02 -2.978495e+01 1.301667e+01
      vertex   1.689913e+02 -2.980242e+01 1.301667e+01
    endloop
  endfacet
  facet normal 8.715574e-02 9.961947e-01 0.000000e+00
    outer loop
      vertex   1.689913e+02 -2.980242e+01 1.685000e+01
      vertex   1.689913e+02 -2.980242e+01 1.301667e+01
      vertex   1.687916e+02 -2.978495e+01 1.685000e+01
    endloop
  endfacet
  facet normal 8.715574e-02 9.961947e-01 -9.232681e-16
    outer loop
      vertex   1.687916e+02 -2.978495e+01 1.685000e+01
      vertex   1.689913e+02 -2.980242e+01 1.301667e+01
      vertex   1.687916e+02 -2.978495e+01 1.301667e+01
    endloop
  endfacet
  facet normal 2.588190e-01 9.659258e-01 -8.952151e-16
    outer loop
      vertex   1.687916e+02 -2.978495e+01 1.685000e+01
      vertex   1.687916e+02 -2.978495e+01 1.301667e+01
      vertex   1.685980e+02 -2.973307e+01 1.685000e+01
    endloop
  endfacet
  facet normal 2.588190e-01 9.659258e-01 -8.952151e-16
    outer loop
      vertex   1.685980e+02 -2.973307e+01 1.685000e+01
      vertex   1.687916e+02 -2.978495e+01 1.301667e+01
      vertex   1.685980e+02 -2.973307e+01 1.301667e+01
    endloop
  endfacet
  facet normal 4.226183e-01 9.063078e-01 -8.399614e-16
    outer loop
      vertex   1.685980e+02 -2.973307e+01 1.685000e+01
      vertex   1.685980e+02 -2.973307e+01 1.301667e+01
      vertex   1.684163e+02 -2.964835e+01 1.685000e+01
    endloop
  endfacet
  facet normal 4.226183e-01 9.063078e-01 0.000000e+00
    outer loop
      vertex   1.684163e+02 -2.964835e+01 1.685000e+01
      vertex   1.685980e+02 -2.973307e+01 1.301667e+01
      vertex   1.684163e+02 -2.964835e+01 1.301667e+01
    endloop
  endfacet
  facet normal 5.735764e-01 8.191520e-01 0.000000e+00
    outer loop
      vertex   1.684163e+02 -2.964835e+01 1.685000e+01
      vertex   1.684163e+02 -2.964835e+01 1.301667e+01
      vertex   1.682521e+02 -2.953338e+01 1.685000e+01
    endloop
  endfacet
  facet normal 5.735764e-01 8.191520e-01 -7.591859e-16
    outer loop
      vertex   1.682521e+02 -2.953338e+01 1.685000e+01
      vertex   1.684163e+02 -2.964835e+01 1.301667e+01
      vertex   1.682521e+02 -2.953338e+01 1.301667e+01
    endloop
  endfacet
  facet normal 7.071068e-01 7.071068e-01 -6.553429e-16
    outer loop
      vertex   1.682521e+02 -2.953338e+01 1.685000e+01
      vertex   1.682521e+02 -2.953338e+01 1.301667e+01
      vertex   1.681104e+02 -2.939163e+01 1.685000e+01
    endloop
  endfacet
  facet normal 7.071068e-01 7.071068e-01 0.000000e+00
    outer loop
      vertex   1.681104e+02 -2.939163e+01 1.685000e+01
      vertex   1.682521e+02 -2.953338e+01 1.301667e+01
      vertex   1.681104e+02 -2.939163e+01 1.301667e+01
    endloop
  endfacet
  facet normal 8.191520e-01 5.735764e-01 0.000000e+00
    outer loop
      vertex   1.681104e+02 -2.939163e+01 1.685000e+01
      vertex   1.681104e+02 -2.939163e+01 1.301667e+01
      vertex   1.679954e+02 -2.922742e+01 1.685000e+01
    endloop
  endfacet
  facet normal 8.191520e-01 5.735764e-01 -5.315877e-16
    outer loop
      vertex   1.679954e+02 -2.922742e+01 1.685000e+01
      vertex   1.681104e+02 -2.939163e+01 1.301667e+01
      vertex   1.679954e+02 -2.922742e+01 1.301667e+01
    endloop
  endfacet
  facet normal 9.063078e-01 4.226183e-01 -3.916804e-16
    outer loop
      vertex   1.679954e+02 -2.922742e+01 1.685000e+01
      vertex   1.679954e+02 -2.922742e+01 1.301667e+01
      vertex   1.679107e+02 -2.904575e+01 1.685000e+01
    endloop
  endfacet
  facet normal 9.063078e-01 4.226183e-01 -3.916804e-16
    outer loop
      vertex   1.679107e+02 -2.904575e+01 1.685000e+01
      vertex   1.679954e+02 -2.922742e+01 1.301667e+01
      vertex   1.679107e+02 -2.904575e+01 1.301667e+01
    endloop
  endfacet
  facet normal 9.659258e-01 2.588190e-01 -2.398722e-16
    outer loop
      vertex   1.679107e+02 -2.904575e+01 1.685000e+01
      vertex   1.679107e+02 -2.904575e+01 1.301667e+01
      vertex   1.678588e+02 -2.885212e+01 1.685000e+01
    endloop
  endfacet
  facet normal 9.659258e-01 2.588190e-01 2.398722e-16
    outer loop
      vertex   1.678588e+02 -2.885212e+01 1.685000e+01
      vertex   1.679107e+02 -2.904575e+01 1.301667e+01
      vertex   1.678588e+02 -2.885212e+01 1.301667e+01
    endloop
  endfacet
  facet normal 9.961947e-01 8.715574e-02 8.077550e-17
    outer loop
      vertex   1.678588e+02 -2.885212e+01 1.685000e+01
      vertex   1.678588e+02 -2.885212e+01 1.301667e+01
      vertex   1.678413e+02 -2.865242e+01 1.685000e+01
    endloop
  endfacet
  facet normal 9.961947e-01 8.715574e-02 0.000000e+00
    outer loop
      vertex   1.678413e+02 -2.865242e+01 1.685000e+01
      vertex   1.678588e+02 -2.885212e+01 1.301667e+01
      vertex   1.678413e+02 -2.865242e+01 1.301667e+01
    endloop
  endfacet
  facet normal 9.961947e-01 -8.715574e-02 0.000000e+00
    outer loop
      vertex   1.678413e+02 -2.865242e+01 1.685000e+01
      vertex   1.678413e+02 -2.865242e+01 1.301667e+01
      vertex   1.678588e+02 -2.845273e+01 1.685000e+01
    endloop
  endfacet
  facet normal 9.961947e-01 -8.715574e-02 8.077550e-17
    outer loop
      vertex   1.678588e+02 -2.845273e+01 1.685000e+01
      vertex   1.678413e+02 -2.865242e+01 1.301667e+01
      vertex   1.678588e+02 -2.845273e+01 1.301667e+01
    endloop
  endfacet
  facet normal 9.659258e-01 -2.588190e-01 2.398722e-16
    outer loop
      vertex   1.678588e+02 -2.845273e+01 1.685000e+01
      vertex   1.678588e+02 -2.845273e+01 1.301667e+01
      vertex   1.679107e+02 -2.825910e+01 1.685000e+01
    endloop
  endfacet
  facet normal 9.659258e-01 -2.588190e-01 -2.398722e-16
    outer loop
      vertex   1.679107e+02 -2.825910e+01 1.685000e+01
      vertex   1.678588e+02 -2.845273e+01 1.301667e+01
      vertex   1.679107e+02 -2.825910e+01 1.301667e+01
    endloop
  endfacet
  facet normal 9.063078e-01 -4.226183e-01 -3.916804e-16
    outer loop
      vertex   1.679107e+02 -2.825910e+01 1.685000e+01
      vertex   1.679107e+02 -2.825910e+01 1.301667e+01
      vertex   1.679954e+02 -2.807742e+01 1.685000e+01
    endloop
  endfacet
  facet normal 9.063078e-01 -4.226183e-01 -3.916804e-16
    outer loop
      vertex   1.679954e+02 -2.807742e+01 1.685000e+01
      vertex   1.679107e+02 -2.825910e+01 1.301667e+01
      vertex   1.679954e+02 -2.807742e+01 1.301667e+01
    endloop
  endfacet
  facet normal 8.191520e-01 -5.735764e-01 -5.315877e-16
    outer loop
      vertex   1.679954e+02 -2.807742e+01 1.685000e+01
      vertex   1.679954e+02 -2.807742e+01 1.301667e+01
      vertex   1.681104e+02 -2.791322e+01 1.685000e+01
    endloop
  endfacet
  facet normal 8.191520e-01 -5.735764e-01 0.000000e+00
    outer loop
      vertex   1.681104e+02 -2.791322e+01 1.685000e+01
      vertex   1.679954e+02 -2.807742e+01 1.301667e+01
      vertex   1.681104e+02 -2.791322e+01 1.301667e+01
    endloop
  endfacet
  facet normal 7.071068e-01 -7.071068e-01 0.000000e+00
    outer loop
      vertex   1.681104e+02 -2.791322e+01 1.685000e+01
      vertex   1.681104e+02 -2.791322e+01 1.301667e+01
      vertex   1.682521e+02 -2.777147e+01 1.685000e+01
    endloop
  endfacet
  facet normal 7.071068e-01 -7.071068e-01 -6.553429e-16
    outer loop
      vertex   1.682521e+02 -2.777147e+01 1.685000e+01
      vertex   1.681104e+02 -2.791322e+01 1.301667e+01
      vertex   1.682521e+02 -2.777147e+01 1.301667e+01
    endloop
  endfacet
  facet normal 5.735764e-01 -8.191520e-01 -7.591859e-16
    outer loop
      vertex   1.682521e+02 -2.777147e+01 1.685000e+01
      vertex   1.682521e+02 -2.777147e+01 1.301667e+01
      vertex   1.684163e+02 -2.765650e+01 1.685000e+01
    endloop
  endfacet
  facet normal 5.735764e-01 -8.191520e-01 0.000000e+00
    outer loop
      vertex   1.684163e+02 -2.765650e+01 1.685000e+01
      vertex   1.682521e+02 -2.777147e+01 1.301667e+01
      vertex   1.684163e+02 -2.765650e+01 1.301667e+01
    endloop
  endfacet
  facet normal 4.226183e-01 -9.063078e-01 0.000000e+00
    outer loop
      vertex   1.684163e+02 -2.765650e+01 1.685000e+01
      vertex   1.684163e+02 -2.765650e+01 1.301667e+01
      vertex   1.685980e+02 -2.757178e+01 1.685000e+01
    endloop
  endfacet
  facet normal 4.226183e-01 -9.063078e-01 -8.399614e-16
    outer loop
      vertex   1.685980e+02 -2.757178e+01 1.685000e+01
      vertex   1.684163e+02 -2.765650e+01 1.301667e+01
      vertex   1.685980e+02 -2.757178e+01 1.301667e+01
    endloop
  endfacet
  facet normal 2.588190e-01 -9.659258e-01 -8.952151e-16
    outer loop
      vertex   1.685980e+02 -2.757178e+01 1.685000e+01
      vertex   1.685980e+02 -2.757178e+01 1.301667e+01
      vertex   1.687916e+02 -2.751990e+01 1.685000e+01
    endloop
  endfacet
  facet normal 2.588190e-01 -9.659258e-01 -8.952151e-16
    outer loop
      vertex   1.687916e+02 -2.751990e+01 1.685000e+01
      vertex   1.685980e+02 -2.757178e+01 1.301667e+01
      vertex   1.687916e+02 -2.751990e+01 1.301667e+01
    endloop
  endfacet
  facet normal 8.715574e-02 -9.961947e-01 -9.232681e-16
    outer loop
      vertex   1.687916e+02 -2.751990e+01 1.685000e+01
      vertex   1.687916e+02 -2.751990e+01 1.301667e+01
      vertex   1.689913e+02 -2.750242e+01 1.685000e+01
    endloop
  endfacet
  facet normal 8.715574e-02 -9.961947e-01 0.000000e+00
    outer loop
      vertex   1.689913e+02 -2.750242e+01 1.685000e+01
      vertex   1.687916e+02 -2.751990e+01 1.301667e+01
      vertex   1.689913e+02 -2.750242e+01 1.301667e+01
    endloop
  endfacet
  facet normal -8.715574e-02 -9.961947e-01 -0.000000e+00
    outer loop
      vertex   1.689913e+02 -2.750242e+01 1.685000e+01
      vertex   1.689913e+02 -2.750242e+01 1.301667e+01
      vertex   1.691910e+02 -2.751990e+01 1.685000e+01
    endloop
  endfacet
  facet normal -8.715574e-02 -9.961947e-01 -9.232681e-16
    outer loop
      vertex   1.691910e+02 -2.751990e+01 1.685000e+01
      vertex   1.689913e+02 -2.750242e+01 1.301667e+01
      vertex   1.691910e+02 -2.751990e+01 1.301667e+01
    endloop
  endfacet
  facet normal -2.588190e-01 -9.659258e-01 -8.952151e-16
    outer loop
      vertex   1.691910e+02 -2.751990e+01 1.685000e+01
      vertex   1.691910e+02 -2.751990e+01 1.301667e+01
      vertex   1.693846e+02 -2.757178e+01 1.685000e+01
    endloop
  endfacet
  facet normal -2.588190e-01 -9.659258e-01 -8.952151e-16
    outer loop
      vertex   1.693846e+02 -2.757178e+01 1.685000e+01
      vertex   1.691910e+02 -2.751990e+01 1.301667e+01
      vertex   1.693846e+02 -2.757178e+01 1.301667e+01
    endloop
  endfacet
  facet normal -4.226183e-01 -9.063078e-01 -8.399614e-16
    outer loop
      vertex   1.693846e+02 -2.757178e+01 1.685000e+01
      vertex   1.693846e+02 -2.757178e+01 1.301667e+01
      vertex   1.695663e+02 -2.765650e+01 1.685000e+01
    endloop
  endfacet
  facet normal -4.226183e-01 -9.063078e-01 -0.000000e+00
    outer loop
      vertex   1.695663e+02 -2.765650e+01 1.685000e+01
      vertex   1.693846e+02 -2.757178e+01 1.301667e+01
      vertex   1.695663e+02 -2.765650e+01 1.301667e+01
    endloop
  endfacet
  facet normal -5.735764e-01 -8.191520e-01 -0.000000e+00
    outer loop
      vertex   1.695663e+02 -2.765650e+01 1.685000e+01
      vertex   1.695663e+02 -2.765650e+01 1.301667e+01
      vertex   1.697305e+02 -2.777147e+01 1.685000e+01
    endloop
  endfacet
  facet normal -5.735764e-01 -8.191520e-01 -7.591859e-16
    outer loop
      vertex   1.697305e+02 -2.777147e+01 1.685000e+01
      vertex   1.695663e+02 -2.765650e+01 1.301667e+01
      vertex   1.697305e+02 -2.777147e+01 1.301667e+01
    endloop
  endfacet
  facet normal -7.071068e-01 -7.071068e-01 -6.553429e-16
    outer loop
      vertex   1.697305e+02 -2.777147e+01 1.685000e+01
      vertex   1.697305e+02 -2.777147e+01 1.301667e+01
      vertex   1.698723e+02 -2.791322e+01 1.685000e+01
    endloop
  endfacet
  facet normal -7.071068e-01 -7.071068e-01 -0.000000e+00
    outer loop
      vertex   1.698723e+02 -2.791322e+01 1.685000e+01
      vertex   1.697305e+02 -2.777147e+01 1.301667e+01
      vertex   1.698723e+02 -2.791322e+01 1.301667e+01
    endloop
  endfacet
  facet normal -8.191520e-01 -5.735764e-01 -0.000000e+00
    outer loop
      vertex   1.698723e+02 -2.791322e+01 1.685000e+01
      vertex   1.698723e+02 -2.791322e+01 1.301667e+01
      vertex   1.699873e+02 -2.807742e+01 1.685000e+01
    endloop
  endfacet
  facet normal -8.191520e-01 -5.735764e-01 -5.315877e-16
    outer loop
      vertex   1.699873e+02 -2.807742e+01 1.685000e+01
      vertex   1.698723e+02 -2.791322e+01 1.301667e+01
      vertex   1.699873e+02 -2.807742e+01 1.301667e+01
    endloop
  endfacet
  facet normal -9.063078e-01 -4.226183e-01 -3.916804e-16
    outer loop
      vertex   1.699873e+02 -2.807742e+01 1.685000e+01
      vertex   1.699873e+02 -2.807742e+01 1.301667e+01
      vertex   1.700720e+02 -2.825910e+01 1.685000e+01
    endloop
  endfacet
  facet normal -9.063078e-01 -4.226183e-01 -3.916804e-16
    outer loop
      vertex   1.700720e+02 -2.825910e+01 1.685000e+01
      vertex   1.699873e+02 -2.807742e+01 1.301667e+01
      vertex   1.700720e+02 -2.825910e+01 1.301667e+01
    endloop
  endfacet
  facet normal -9.659258e-01 -2.588190e-01 -2.398722e-16
    outer loop
      vertex   1.700720e+02 -2.825910e+01 1.685000e+01
      vertex   1.700720e+02 -2.825910e+01 1.301667e+01
      vertex   1.701239e+02 -2.845273e+01 1.685000e+01
    endloop
  endfacet
  facet normal -9.659258e-01 -2.588190e-01 2.398722e-16
    outer loop
      vertex   1.701239e+02 -2.845273e+01 1.685000e+01
      vertex   1.700720e+02 -2.825910e+01 1.301667e+01
      vertex   1.701239e+02 -2.845273e+01 1.301667e+01
    endloop
  endfacet
  facet normal -9.961947e-01 8.715574e-02 -8.077550e-17
    outer loop
      vertex   1.701239e+02 -2.885212e+01 5.350000e+00
      vertex   1.701239e+02 -2.885212e+01 9.183333e+00
      vertex   1.701413e+02 -2.865242e+01 5.350000e+00
    endloop
  endfacet
  facet normal -9.961947e-01 8.715574e-02 0.000000e+00
    outer loop
      vertex   1.701413e+02 -2.865242e+01 5.350000e+00
      vertex   1.701239e+02 -2.885212e+01 9.183333e+00
      vertex   1.701413e+02 -2.865242e+01 9.183333e+00
    endloop
  endfacet
  facet normal -9.961947e-01 -8.715574e-02 0.000000e+00
    outer loop
      vertex   1.701413e+02 -2.865242e+01 5.350000e+00
      vertex   1.701413e+02 -2.865242e+01 9.183333e+00
      vertex   1.701239e+02 -2.845273e+01 5.350000e+00
    endloop
  endfacet
  facet normal -9.961947e-01 -8.715574e-02 -8.077550e-17
    outer loop
      vertex   1.701239e+02 -2.845273e+01 5.350000e+00
      vertex   1.701413e+02 -2.865242e+01 9.183333e+00
      vertex   1.701239e+02 -2.845273e+01 9.183333e+00
    endloop
  endfacet
  facet normal -9.659258e-01 -2.588190e-01 -2.398722e-16
    outer loop
      vertex   1.701239e+02 -2.845273e+01 5.350000e+00
      vertex   1.701239e+02 -2.845273e+01 9.183333e+00
      vertex   1.700720e+02 -2.825910e+01 5.350000e+00
    endloop
  endfacet
  facet normal -9.659258e-01 -2.588190e-01 2.398722e-16
    outer loop
      vertex   1.700720e+02 -2.825910e+01 5.350000e+00
      vertex   1.701239e+02 -2.845273e+01 9.183333e+00
      vertex   1.700720e+02 -2.825910e+01 9.183333e+00
    endloop
  endfacet
  facet normal -9.063078e-01 -4.226183e-01 3.916804e-16
    outer loop
      vertex   1.700720e+02 -2.825910e+01 5.350000e+00
      vertex   1.700720e+02 -2.825910e+01 9.183333e+00
      vertex   1.699873e+02 -2.807742e+01 5.350000e+00
    endloop
  endfacet
  facet normal -9.063078e-01 -4.226183e-01 3.916804e-16
    outer loop
      vertex   1.699873e+02 -2.807742e+01 5.350000e+00
      vertex   1.700720e+02 -2.825910e+01 9.183333e+00
      vertex   1.699873e+02 -2.807742e+01 9.183333e+00
    endloop
  endfacet
  facet normal -8.191520e-01 -5.735764e-01 5.315877e-16
    outer loop
      vertex   1.699873e+02 -2.807742e+01 5.350000e+00
      vertex   1.699873e+02 -2.807742e+01 9.183333e+00
      vertex   1.698723e+02 -2.791322e+01 5.350000e+00
    endloop
  endfacet
  facet normal -8.191520e-01 -5.735764e-01 0.000000e+00
    outer loop
      vertex   1.698723e+02 -2.791322e+01 5.350000e+00
      vertex   1.699873e+02 -2.807742e+01 9.183333e+00
      vertex   1.698723e+02 -2.791322e+01 9.183333e+00
    endloop
  endfacet
  facet normal -7.071068e-01 -7.071068e-01 0.000000e+00
    outer loop
      vertex   1.698723e+02 -2.791322e+01 5.350000e+00
      vertex   1.698723e+02 -2.791322e+01 9.183333e+00
      vertex   1.697305e+02 -2.777147e+01 5.350000e+00
    endloop
  endfacet
  facet normal -7.071068e-01 -7.071068e-01 6.553429e-16
    outer loop
      vertex   1.697305e+02 -2.777147e+01 5.350000e+00
      vertex   1.698723e+02 -2.791322e+01 9.183333e+00
      vertex   1.697305e+02 -2.777147e+01 9.183333e+00
    endloop
  endfacet
  facet normal -5.735764e-01 -8.191520e-01 7.591859e-16
    outer loop
      vertex   1.697305e+02 -2.777147e+01 5.350000e+00
      vertex   1.697305e+02 -2.777147e+01 9.183333e+00
      vertex   1.695663e+02 -2.765650e+01 5.350000e+00
    endloop
  endfacet
  facet normal -5.735764e-01 -8.191520e-01 0.000000e+00
    outer loop
      vertex   1.695663e+02 -2.765650e+01 5.350000e+00
      vertex   1.697305e+02 -2.777147e+01 9.183333e+00
      vertex   1.695663e+02 -2.765650e+01 9.183333e+00
    endloop
  endfacet
  facet normal -4.226183e-01 -9.063078e-01 0.000000e+00
    outer loop
      vertex   1.695663e+02 -2.765650e+01 5.350000e+00
      vertex   1.695663e+02 -2.765650e+01 9.183333e+00
      vertex   1.693846e+02 -2.757178e+01 5.350000e+00
    endloop
  endfacet
  facet normal -4.226183e-01 -9.063078e-01 8.399614e-16
    outer loop
      vertex   1.693846e+02 -2.757178e+01 5.350000e+00
      vertex   1.695663e+02 -2.765650e+01 9.183333e+00
      vertex   1.693846e+02 -2.757178e+01 9.183333e+00
    endloop
  endfacet
  facet normal -2.588190e-01 -9.659258e-01 8.952151e-16
    outer loop
      vertex   1.693846e+02 -2.757178e+01 5.350000e+00
      vertex   1.693846e+02 -2.757178e+01 9.183333e+00
      vertex   1.691910e+02 -2.751990e+01 5.350000e+00
    endloop
  endfacet
  facet normal -2.588190e-01 -9.659258e-01 8.952151e-16
    outer loop
      vertex   1.691910e+02 -2.751990e+01 5.350000e+00
      vertex   1.693846e+02 -2.757178e+01 9.183333e+00
      vertex   1.691910e+02 -2.751990e+01 9.183333e+00
    endloop
  endfacet
  facet normal -8.715574e-02 -9.961947e-01 9.232681e-16
    outer loop
      vertex   1.691910e+02 -2.751990e+01 5.350000e+00
      vertex   1.691910e+02 -2.751990e+01 9.183333e+00
      vertex   1.689913e+02 -2.750242e+01 5.350000e+00
    endloop
  endfacet
  facet normal -8.715574e-02 -9.961947e-01 0.000000e+00
    outer loop
      vertex   1.689913e+02 -2.750242e+01 5.350000e+00
      vertex   1.691910e+02 -2.751990e+01 9.183333e+00
      vertex   1.689913e+02 -2.750242e+01 9.183333e+00
    endloop
  endfacet
  facet normal 8.715574e-02 -9.961947e-01 0.000000e+00
    outer loop
      vertex   1.689913e+02 -2.750242e+01 5.350000e+00
      vertex   1.689913e+02 -2.750242e+01 9.183333e+00
      vertex   1.687916e+02 -2.751990e+01 5.350000e+00
    endloop
  endfacet
  facet normal 8.715574e-02 -9.961947e-01 9.232681e-16
    outer loop
      vertex   1.687916e+02 -2.751990e+01 5.350000e+00
      vertex   1.689913e+02 -2.750242e+01 9.183333e+00
      vertex   1.687916e+02 -2.751990e+01 9.183333e+00
    endloop
  endfacet
  facet normal 2.588190e-01 -9.659258e-01 8.952151e-16
    outer loop
      vertex   1.687916e+02 -2.751990e+01 5.350000e+00
      vertex   1.687916e+02 -2.751990e+01 9.183333e+00
      vertex   1.685980e+02 -2.757178e+01 5.350000e+00
    endloop
  endfacet
  facet normal 2.588190e-01 -9.659258e-01 8.952151e-16
    outer loop
      vertex   1.685980e+02 -2.757178e+01 5.350000e+00
      vertex   1.687916e+02 -2.751990e+01 9.183333e+00
      vertex   1.685980e+02 -2.757178e+01 9.183333e+00
    endloop
  endfacet
  facet normal 4.226183e-01 -9.063078e-01 8.399614e-16
    outer loop
      vertex   1.685980e+02 -2.757178e+01 5.350000e+00
      vertex   1.685980e+02 -2.757178e+01 9.183333e+00
      vertex   1.684163e+02 -2.765650e+01 5.350000e+00
    endloop
  endfacet
  facet normal 4.226183e-01 -9.063078e-01 0.000000e+00
    outer loop
      vertex   1.684163e+02 -2.765650e+01 5.350000e+00
      vertex   1.685980e+02 -2.757178e+01 9.183333e+00
      vertex   1.684163e+02 -2.765650e+01 9.183333e+00
    endloop
  endfacet
  facet normal 5.735764e-01 -8.191520e-01 0.000000e+00
    outer loop
      vertex   1.684163e+02 -2.765650e+01 5.350000e+00
      vertex   1.684163e+02 -2.765650e+01 9.183333e+00
      vertex   1.682521e+02 -2.777147e+01 5.350000e+00
    endloop
  endfacet
  facet normal 5.735764e-01 -8.191520e-01 7.591859e-16
    outer loop
      vertex   1.682521e+02 -2.777147e+01 5.350000e+00
      vertex   1.684163e+02 -2.765650e+01 9.183333e+00
      vertex   1.682521e+02 -2.777147e+01 9.183333e+00
    endloop
  endfacet
  facet normal 7.071068e-01 -7.071068e-01 6.553429e-16
    outer loop
      vertex   1.682521e+02 -2.777147e+01 5.350000e+00
      vertex   1.682521e+02 -2.777147e+01 9.183333e+00
      vertex   1.681104e+02 -2.791322e+01 5.350000e+00
    endloop
  endfacet
  facet normal 7.071068e-01 -7.071068e-01 0.000000e+00
    outer loop
      vertex   1.681104e+02 -2.791322e+01 5.350000e+00
      vertex   1.682521e+02 -2.777147e+01 9.183333e+00
      vertex   1.681104e+02 -2.791322e+01 9.183333e+00
    endloop
  endfacet
  facet normal 8.191520e-01 -5.735764e-01 0.000000e+00
    outer loop
      vertex   1.681104e+02 -2.791322e+01 5.350000e+00
      vertex   1.681104e+02 -2.791322e+01 9.183333e+00
      vertex   1.679954e+02 -2.807742e+01 5.350000e+00
    endloop
  endfacet
  facet normal 8.191520e-01 -5.735764e-01 5.315877e-16
    outer loop
      vertex   1.679954e+02 -2.807742e+01 5.350000e+00
      vertex   1.681104e+02 -2.791322e+01 9.183333e+00
      vertex   1.679954e+02 -2.807742e+01 9.183333e+00
    endloop
  endfacet
  facet normal 9.063078e-01 -4.226183e-01 3.916804e-16
    outer loop
      vertex   1.679954e+02 -2.807742e+01 5.350000e+00
      vertex   1.679954e+02 -2.807742e+01 9.183333e+00
      vertex   1.679107e+02 -2.825910e+01 5.350000e+00
    endloop
  endfacet
  facet normal 9.063078e-01 -4.226183e-01 3.916804e-16
    outer loop
      vertex   1.679107e+02 -2.825910e+01 5.350000e+00
      vertex   1.679954e+02 -2.807742e+01 9.183333e+00
      vertex   1.679107e+02 -2.825910e+01 9.183333e+00
    endloop
  endfacet
  facet normal 9.659258e-01 -2.588190e-01 2.398722e-16
    outer loop
      vertex   1.679107e+02 -2.825910e+01 5.350000e+00
      vertex   1.679107e+02 -2.825910e+01 9.183333e+00
      vertex   1.678588e+02 -2.845273e+01 5.350000e+00
    endloop
  endfacet
  facet normal 9.659258e-01 -2.588190e-01 -2.398722e-16
    outer loop
      vertex   1.678588e+02 -2.845273e+01 5.350000e+00
      vertex   1.679107e+02 -2.825910e+01 9.183333e+00
      vertex   1.678588e+02 -2.845273e+01 9.183333e+00
    endloop
  endfacet
  facet normal 9.961947e-01 -8.715574e-02 -8.077550e-17
    outer loop
      vertex   1.678588e+02 -2.845273e+01 5.350000e+00
      vertex   1.678588e+02 -2.845273e+01 9.183333e+00
      vertex   1.678413e+02 -2.865242e+01 5.350000e+00
    endloop
  endfacet
  facet normal 9.961947e-01 -8.715574e-02 0.000000e+00
    outer loop
      vertex   1.678413e+02 -2.865242e+01 5.350000e+00
      vertex   1.678588e+02 -2.845273e+01 9.183333e+00
      vertex   1.678413e+02 -2.865242e+01 9.183333e+00
    endloop
  endfacet
  facet normal 9.961947e-01 8.715574e-02 -0.000000e+00
    outer loop
      vertex   1.678413e+02 -2.865242e+01 5.350000e+00
      vertex   1.678413e+02 -2.865242e+01 9.183333e+00
      vertex   1.678588e+02 -2.885212e+01 5.350000e+00
    endloop
  endfacet
  facet normal 9.961947e-01 8.715574e-02 -8.077550e-17
    outer loop
      vertex   1.678588e+02 -2.885212e+01 5.350000e+00
      vertex   1.678413e+02 -2.865242e+01 9.183333e+00
      vertex   1.678588e+02 -2.885212e+01 9.183333e+00
    endloop
  endfacet
  facet normal 9.659258e-01 2.588190e-01 -2.398722e-16
    outer loop
      vertex   1.678588e+02 -2.885212e+01 5.350000e+00
      vertex   1.678588e+02 -2.885212e+01 9.183333e+00
      vertex   1.679107e+02 -2.904575e+01 5.350000e+00
    endloop
  endfacet
  facet normal 9.659258e-01 2.588190e-01 2.398722e-16
    outer loop
      vertex   1.679107e+02 -2.904575e+01 5.350000e+00
      vertex   1.678588e+02 -2.885212e+01 9.183333e+00
      vertex   1.679107e+02 -2.904575e+01 9.183333e+00
    endloop
  endfacet
  facet normal 9.063078e-01 4.226183e-01 3.916804e-16
    outer loop
      vertex   1.679107e+02 -2.904575e+01 5.350000e+00
      vertex   1.679107e+02 -2.904575e+01 9.183333e+00
      vertex   1.679954e+02 -2.922742e+01 5.350000e+00
    endloop
  endfacet
  facet normal 9.063078e-01 4.226183e-01 3.916804e-16
    outer loop
      vertex   1.679954e+02 -2.922742e+01 5.350000e+00
      vertex   1.679107e+02 -2.904575e+01 9.183333e+00
      vertex   1.679954e+02 -2.922742e+01 9.183333e+00
    endloop
  endfacet
  facet normal 8.191520e-01 5.735764e-01 5.315877e-16
    outer loop
      vertex   1.679954e+02 -2.922742e+01 5.350000e+00
      vertex   1.679954e+02 -2.922742e+01 9.183333e+00
      vertex   1.681104e+02 -2.939163e+01 5.350000e+00
    endloop
  endfacet
  facet normal 8.191520e-01 5.735764e-01 -0.000000e+00
    outer loop
      vertex   1.681104e+02 -2.939163e+01 5.350000e+00
      vertex   1.679954e+02 -2.922742e+01 9.183333e+00
      vertex   1.681104e+02 -2.939163e+01 9.183333e+00
    endloop
  endfacet
  facet normal 7.071068e-01 7.071068e-01 -0.000000e+00
    outer loop
      vertex   1.681104e+02 -2.939163e+01 5.350000e+00
      vertex   1.681104e+02 -2.939163e+01 9.183333e+00
      vertex   1.682521e+02 -2.953338e+01 5.350000e+00
    endloop
  endfacet
  facet normal 7.071068e-01 7.071068e-01 6.553429e-16
    outer loop
      vertex   1.682521e+02 -2.953338e+01 5.350000e+00
      vertex   1.681104e+02 -2.939163e+01 9.183333e+00
      vertex   1.682521e+02 -2.953338e+01 9.183333e+00
    endloop
  endfacet
  facet normal 5.735764e-01 8.191520e-01 7.591859e-16
    outer loop
      vertex   1.682521e+02 -2.953338e+01 5.350000e+00
      vertex   1.682521e+02 -2.953338e+01 9.183333e+00
      vertex   1.684163e+02 -2.964835e+01 5.350000e+00
    endloop
  endfacet
  facet normal 5.735764e-01 8.191520e-01 -0.000000e+00
    outer loop
      vertex   1.684163e+02 -2.964835e+01 5.350000e+00
      vertex   1.682521e+02 -2.953338e+01 9.183333e+00
      vertex   1.684163e+02 -2.964835e+01 9.183333e+00
    endloop
  endfacet
  facet normal 4.226183e-01 9.063078e-01 -0.000000e+00
    outer loop
      vertex   1.684163e+02 -2.964835e+01 5.350000e+00
      vertex   1.684163e+02 -2.964835e+01 9.183333e+00
      vertex   1.685980e+02 -2.973307e+01 5.350000e+00
    endloop
  endfacet
  facet normal 4.226183e-01 9.063078e-01 8.399614e-16
    outer loop
      vertex   1.685980e+02 -2.973307e+01 5.350000e+00
      vertex   1.684163e+02 -2.964835e+01 9.183333e+00
      vertex   1.685980e+02 -2.973307e+01 9.183333e+00
    endloop
  endfacet
  facet normal 2.588190e-01 9.659258e-01 8.952151e-16
    outer loop
      vertex   1.685980e+02 -2.973307e+01 5.350000e+00
      vertex   1.685980e+02 -2.973307e+01 9.183333e+00
      vertex   1.687916e+02 -2.978495e+01 5.350000e+00
    endloop
  endfacet
  facet normal 2.588190e-01 9.659258e-01 8.952151e-16
    outer loop
      vertex   1.687916e+02 -2.978495e+01 5.350000e+00
      vertex   1.685980e+02 -2.973307e+01 9.183333e+00
      vertex   1.687916e+02 -2.978495e+01 9.183333e+00
    endloop
  endfacet
  facet normal 8.715574e-02 9.961947e-01 9.232681e-16
    outer loop
      vertex   1.687916e+02 -2.978495e+01 5.350000e+00
      vertex   1.687916e+02 -2.978495e+01 9.183333e+00
      vertex   1.689913e+02 -2.980242e+01 5.350000e+00
    endloop
  endfacet
  facet normal 8.715574e-02 9.961947e-01 -0.000000e+00
    outer loop
      vertex   1.689913e+02 -2.980242e+01 5.350000e+00
      vertex   1.687916e+02 -2.978495e+01 9.183333e+00
      vertex   1.689913e+02 -2.980242e+01 9.183333e+00
    endloop
  endfacet
  facet normal -8.715574e-02 9.961947e-01 0.000000e+00
    outer loop
      vertex   1.689913e+02 -2.980242e+01 5.350000e+00
      vertex   1.689913e+02 -2.980242e+01 9.183333e+00
      vertex   1.691910e+02 -2.978495e+01 5.350000e+00
    endloop
  endfacet
  facet normal -8.715574e-02 9.961947e-01 9.232681e-16
    outer loop
      vertex   1.691910e+02 -2.978495e+01 5.350000e+00
      vertex   1.689913e+02 -2.980242e+01 9.183333e+00
      vertex   1.691910e+02 -2.978495e+01 9.183333e+00
    endloop
  endfacet
  facet normal -2.588190e-01 9.659258e-01 8.952151e-16
    outer loop
      vertex   1.691910e+02 -2.978495e+01 5.350000e+00
      vertex   1.691910e+02 -2.978495e+01 9.183333e+00
      vertex   1.693846e+02 -2.973307e+01 5.350000e+00
    endloop
  endfacet
  facet normal -2.588190e-01 9.659258e-01 8.952151e-16
    outer loop
      vertex   1.693846e+02 -2.973307e+01 5.350000e+00
      vertex   1.691910e+02 -2.978495e+01 9.183333e+00
      vertex   1.693846e+02 -2.973307e+01 9.183333e+00
    endloop
  endfacet
  facet normal -4.226183e-01 9.063078e-01 8.399614e-16
    outer loop
      vertex   1.693846e+02 -2.973307e+01 5.350000e+00
      vertex   1.693846e+02 -2.973307e+01 9.183333e+00
      vertex   1.695663e+02 -2.964835e+01 5.350000e+00
    endloop
  endfacet
  facet normal -4.226183e-01 9.063078e-01 0.000000e+00
    outer loop
      vertex   1.695663e+02 -2.964835e+01 5.350000e+00
      vertex   1.693846e+02 -2.973307e+01 9.183333e+00
      vertex   1.695663e+02 -2.964835e+01 9.183333e+00
    endloop
  endfacet
  facet normal -5.735764e-01 8.191520e-01 0.000000e+00
    outer loop
      vertex   1.695663e+02 -2.964835e+01 5.350000e+00
      vertex   1.695663e+02 -2.964835e+01 9.183333e+00
      vertex   1.697305e+02 -2.953338e+01 5.350000e+00
    endloop
  endfacet
  facet normal -5.735764e-01 8.191520e-01 7.591859e-16
    outer loop
      vertex   1.697305e+02 -2.953338e+01 5.350000e+00
      vertex   1.695663e+02 -2.964835e+01 9.183333e+00
      vertex   1.697305e+02 -2.953338e+01 9.183333e+00
    endloop
  endfacet
  facet normal -7.071068e-01 7.071068e-01 6.553429e-16
    outer loop
      vertex   1.697305e+02 -2.953338e+01 5.350000e+00
      vertex   1.697305e+02 -2.953338e+01 9.183333e+00
      vertex   1.698723e+02 -2.939163e+01 5.350000e+00
    endloop
  endfacet
  facet normal -7.071068e-01 7.071068e-01 0.000000e+00
    outer loop
      vertex   1.698723e+02 -2.939163e+01 5.350000e+00
      vertex   1.697305e+02 -2.953338e+01 9.183333e+00
      vertex   1.698723e+02 -2.939163e+01 9.183333e+00
    endloop
  endfacet
  facet normal -8.191520e-01 5.735764e-01 0.000000e+00
    outer loop
      vertex   1.698723e+02 -2.939163e+01 5.350000e+00
      vertex   1.698723e+02 -2.939163e+01 9.183333e+00
      vertex   1.699873e+02 -2.922742e+01 5.350000e+00
    endloop
  endfacet
  facet normal -8.191520e-01 5.735764e-01 5.315877e-16
    outer loop
      vertex   1.699873e+02 -2.922742e+01 5.350000e+00
      vertex   1.698723e+02 -2.939163e+01 9.183333e+00
      vertex   1.699873e+02 -2.922742e+01 9.183333e+00
    endloop
  endfacet
  facet normal -9.063078e-01 4.226183e-01 3.916804e-16
    outer loop
      vertex   1.699873e+02 -2.922742e+01 5.350000e+00
      vertex   1.699873e+02 -2.922742e+01 9.183333e+00
      vertex   1.700720e+02 -2.904575e+01 5.350000e+00
    endloop
  endfacet
  facet normal -9.063078e-01 4.226183e-01 3.916804e-16
    outer loop
      vertex   1.700720e+02 -2.904575e+01 5.350000e+00
      vertex   1.699873e+02 -2.922742e+01 9.183333e+00
      vertex   1.700720e+02 -2.904575e+01 9.183333e+00
    endloop
  endfacet
  facet normal -9.659258e-01 2.588190e-01 2.398722e-16
    outer loop
      vertex   1.700720e+02 -2.904575e+01 5.350000e+00
      vertex   1.700720e+02 -2.904575e+01 9.183333e+00
      vertex   1.701239e+02 -2.885212e+01 5.350000e+00
    endloop
  endfacet
  facet normal -9.659258e-01 2.588190e-01 -2.398722e-16
    outer loop
      vertex   1.701239e+02 -2.885212e+01 5.350000e+00
      vertex   1.700720e+02 -2.904575e+01 9.183333e+00
      vertex   1.701239e+02 -2.885212e+01 9.183333e+00
    endloop
  endfacet
  facet normal -9.961947e-01 8.715574e-02 0.000000e+00
    outer loop
      vertex   1.701413e+02 -2.865242e+01 1.301667e+01
      vertex   1.701413e+02 -2.865242e+01 9.183333e+00
      vertex   1.701239e+02 -2.885212e+01 1.301667e+01
    endloop
  endfacet
  facet normal -9.961947e-01 8.715574e-02 0.000000e+00
    outer loop
      vertex   1.701239e+02 -2.885212e+01 1.301667e+01
      vertex   1.701413e+02 -2.865242e+01 9.183333e+00
      vertex   1.701239e+02 -2.885212e+01 9.183333e+00
    endloop
  endfacet
  facet normal -9.659258e-01 2.588190e-01 0.000000e+00
    outer loop
      vertex   1.701239e+02 -2.885212e+01 1.301667e+01
      vertex   1.701239e+02 -2.885212e+01 9.183333e+00
      vertex   1.700720e+02 -2.904575e+01 1.301667e+01
    endloop
  endfacet
  facet normal -9.659258e-01 2.588190e-01 0.000000e+00
    outer loop
      vertex   1.700720e+02 -2.904575e+01 1.301667e+01
      vertex   1.701239e+02 -2.885212e+01 9.183333e+00
      vertex   1.700720e+02 -2.904575e+01 9.183333e+00
    endloop
  endfacet
  facet normal -9.063078e-01 4.226183e-01 0.000000e+00
    outer loop
      vertex   1.700720e+02 -2.904575e+01 1.301667e+01
      vertex   1.700720e+02 -2.904575e+01 9.183333e+00
      vertex   1.699873e+02 -2.922742e+01 1.301667e+01
    endloop
  endfacet
  facet normal -9.063078e-01 4.226183e-01 0.000000e+00
    outer loop
      vertex   1.699873e+02 -2.922742e+01 1.301667e+01
      vertex   1.700720e+02 -2.904575e+01 9.183333e+00
      vertex   1.699873e+02 -2.922742e+01 9.183333e+00
    endloop
  endfacet
  facet normal -8.191520e-01 5.735764e-01 0.000000e+00
    outer loop
      vertex   1.699873e+02 -2.922742e+01 1.301667e+01
      vertex   1.699873e+02 -2.922742e+01 9.183333e+00
      vertex   1.698723e+02 -2.939163e+01 1.301667e+01
    endloop
  endfacet
  facet normal -8.191520e-01 5.735764e-01 0.000000e+00
    outer loop
      vertex   1.698723e+02 -2.939163e+01 1.301667e+01
      vertex   1.699873e+02 -2.922742e+01 9.183333e+00
      vertex   1.698723e+02 -2.939163e+01 9.183333e+00
    endloop
  endfacet
  facet normal -7.071068e-01 7.071068e-01 0.000000e+00
    outer loop
      vertex   1.698723e+02 -2.939163e+01 1.301667e+01
      vertex   1.698723e+02 -2.939163e+01 9.183333e+00
      vertex   1.697305e+02 -2.953338e+01 1.301667e+01
    endloop
  endfacet
  facet normal -7.071068e-01 7.071068e-01 0.000000e+00
    outer loop
      vertex   1.697305e+02 -2.953338e+01 1.301667e+01
      vertex   1.698723e+02 -2.939163e+01 9.183333e+00
      vertex   1.697305e+02 -2.953338e+01 9.183333e+00
    endloop
  endfacet
  facet normal -5.735764e-01 8.191520e-01 0.000000e+00
    outer loop
      vertex   1.697305e+02 -2.953338e+01 1.301667e+01
      vertex   1.697305e+02 -2.953338e+01 9.183333e+00
      vertex   1.695663e+02 -2.964835e+01 1.301667e+01
    endloop
  endfacet
  facet normal -5.735764e-01 8.191520e-01 0.000000e+00
    outer loop
      vertex   1.695663e+02 -2.964835e+01 1.301667e+01
      vertex   1.697305e+02 -2.953338e+01 9.183333e+00
      vertex   1.695663e+02 -2.964835e+01 9.183333e+00
    endloop
  endfacet
  facet normal -4.226183e-01 9.063078e-01 0.000000e+00
    outer loop
      vertex   1.695663e+02 -2.964835e+01 1.301667e+01
      vertex   1.695663e+02 -2.964835e+01 9.183333e+00
      vertex   1.693846e+02 -2.973307e+01 1.301667e+01
    endloop
  endfacet
  facet normal -4.226183e-01 9.063078e-01 0.000000e+00
    outer loop
      vertex   1.693846e+02 -2.973307e+01 1.301667e+01
      vertex   1.695663e+02 -2.964835e+01 9.183333e+00
      vertex   1.693846e+02 -2.973307e+01 9.183333e+00
    endloop
  endfacet
  facet normal -2.588190e-01 9.659258e-01 0.000000e+00
    outer loop
      vertex   1.693846e+02 -2.973307e+01 1.301667e+01
      vertex   1.693846e+02 -2.973307e+01 9.183333e+00
      vertex   1.691910e+02 -2.978495e+01 1.301667e+01
    endloop
  endfacet
  facet normal -2.588190e-01 9.659258e-01 0.000000e+00
    outer loop
      vertex   1.691910e+02 -2.978495e+01 1.301667e+01
      vertex   1.693846e+02 -2.973307e+01 9.183333e+00
      vertex   1.691910e+02 -2.978495e+01 9.183333e+00
    endloop
  endfacet
  facet normal -8.715574e-02 9.961947e-01 0.000000e+00
    outer loop
      vertex   1.691910e+02 -2.978495e+01 1.301667e+01
      vertex   1.691910e+02 -2.978495e+01 9.183333e+00
      vertex   1.689913e+02 -2.980242e+01 1.301667e+01
    endloop
  endfacet
  facet normal -8.715574e-02 9.961947e-01 0.000000e+00
    outer loop
      vertex   1.689913e+02 -2.980242e+01 1.301667e+01
      vertex   1.691910e+02 -2.978495e+01 9.183333e+00
      vertex   1.689913e+02 -2.980242e+01 9.183333e+00
    endloop
  endfacet
  facet normal 8.715574e-02 9.961947e-01 0.000000e+00
    outer loop
      vertex   1.689913e+02 -2.980242e+01 1.301667e+01
      vertex   1.689913e+02 -2.980242e+01 9.183333e+00
      vertex   1.687916e+02 -2.978495e+01 1.301667e+01
    endloop
  endfacet
  facet normal 8.715574e-02 9.961947e-01 0.000000e+00
    outer loop
      vertex   1.687916e+02 -2.978495e+01 1.301667e+01
      vertex   1.689913e+02 -2.980242e+01 9.183333e+00
      vertex   1.687916e+02 -2.978495e+01 9.183333e+00
    endloop
  endfacet
  facet normal 2.588190e-01 9.659258e-01 0.000000e+00
    outer loop
      vertex   1.687916e+02 -2.978495e+01 1.301667e+01
      vertex   1.687916e+02 -2.978495e+01 9.183333e+00
      vertex   1.685980e+02 -2.973307e+01 1.301667e+01
    endloop
  endfacet
  facet normal 2.588190e-01 9.659258e-01 0.000000e+00
    outer loop
      vertex   1.685980e+02 -2.973307e+01 1.301667e+01
      vertex   1.687916e+02 -2.978495e+01 9.183333e+00
      vertex   1.685980e+02 -2.973307e+01 9.183333e+00
    endloop
  endfacet
  facet normal 4.226183e-01 9.063078e-01 0.000000e+00
    outer loop
      vertex   1.685980e+02 -2.973307e+01 1.301667e+01
      vertex   1.685980e+02 -2.973307e+01 9.183333e+00
      vertex   1.684163e+02 -2.964835e+01 1.301667e+01
    endloop
  endfacet
  facet normal 4.226183e-01 9.063078e-01 0.000000e+00
    outer loop
      vertex   1.684163e+02 -2.964835e+01 1.301667e+01
      vertex   1.685980e+02 -2.973307e+01 9.183333e+00
      vertex   1.684163e+02 -2.964835e+01 9.183333e+00
    endloop
  endfacet
  facet normal 5.735764e-01 8.191520e-01 0.000000e+00
    outer loop
      vertex   1.684163e+02 -2.964835e+01 1.301667e+01
      vertex   1.684163e+02 -2.964835e+01 9.183333e+00
      vertex   1.682521e+02 -2.953338e+01 1.301667e+01
    endloop
  endfacet
  facet normal 5.735764e-01 8.191520e-01 0.000000e+00
    outer loop
      vertex   1.682521e+02 -2.953338e+01 1.301667e+01
      vertex   1.684163e+02 -2.964835e+01 9.183333e+00
      vertex   1.682521e+02 -2.953338e+01 9.183333e+00
    endloop
  endfacet
  facet normal 7.071068e-01 7.071068e-01 0.000000e+00
    outer loop
      vertex   1.682521e+02 -2.953338e+01 1.301667e+01
      vertex   1.682521e+02 -2.953338e+01 9.183333e+00
      vertex   1.681104e+02 -2.939163e+01 1.301667e+01
    endloop
  endfacet
  facet normal 7.071068e-01 7.071068e-01 0.000000e+00
    outer loop
      vertex   1.681104e+02 -2.939163e+01 1.301667e+01
      vertex   1.682521e+02 -2.953338e+01 9.183333e+00
      vertex   1.681104e+02 -2.939163e+01 9.183333e+00
    endloop
  endfacet
  facet normal 8.191520e-01 5.735764e-01 0.000000e+00
    outer loop
      vertex   1.681104e+02 -2.939163e+01 1.301667e+01
      vertex   1.681104e+02 -2.939163e+01 9.183333e+00
      vertex   1.679954e+02 -2.922742e+01 1.301667e+01
    endloop
  endfacet
  facet normal 8.191520e-01 5.735764e-01 0.000000e+00
    outer loop
      vertex   1.679954e+02 -2.922742e+01 1.301667e+01
      vertex   1.681104e+02 -2.939163e+01 9.183333e+00
      vertex   1.679954e+02 -2.922742e+01 9.183333e+00
    endloop
  endfacet
  facet normal 9.063078e-01 4.226183e-01 0.000000e+00
    outer loop
      vertex   1.679954e+02 -2.922742e+01 1.301667e+01
      vertex   1.679954e+02 -2.922742e+01 9.183333e+00
      vertex   1.679107e+02 -2.904575e+01 1.301667e+01
    endloop
  endfacet
  facet normal 9.063078e-01 4.226183e-01 0.000000e+00
    outer loop
      vertex   1.679107e+02 -2.904575e+01 1.301667e+01
      vertex   1.679954e+02 -2.922742e+01 9.183333e+00
      vertex   1.679107e+02 -2.904575e+01 9.183333e+00
    endloop
  endfacet
  facet normal 9.659258e-01 2.588190e-01 0.000000e+00
    outer loop
      vertex   1.679107e+02 -2.904575e+01 1.301667e+01
      vertex   1.679107e+02 -2.904575e+01 9.183333e+00
      vertex   1.678588e+02 -2.885212e+01 1.301667e+01
    endloop
  endfacet
  facet normal 9.659258e-01 2.588190e-01 0.000000e+00
    outer loop
      vertex   1.678588e+02 -2.885212e+01 1.301667e+01
      vertex   1.679107e+02 -2.904575e+01 9.183333e+00
      vertex   1.678588e+02 -2.885212e+01 9.183333e+00
    endloop
  endfacet
  facet normal 9.961947e-01 8.715574e-02 0.000000e+00
    outer loop
      vertex   1.678588e+02 -2.885212e+01 1.301667e+01
      vertex   1.678588e+02 -2.885212e+01 9.183333e+00
      vertex   1.678413e+02 -2.865242e+01 1.301667e+01
    endloop
  endfacet
  facet normal 9.961947e-01 8.715574e-02 0.000000e+00
    outer loop
      vertex   1.678413e+02 -2.865242e+01 1.301667e+01
      vertex   1.678588e+02 -2.885212e+01 9.183333e+00
      vertex   1.678413e+02 -2.865242e+01 9.183333e+00
    endloop
  endfacet
  facet normal 9.961947e-01 -8.715574e-02 0.000000e+00
    outer loop
      vertex   1.678413e+02 -2.865242e+01 1.301667e+01
      vertex   1.678413e+02 -2.865242e+01 9.183333e+00
      vertex   1.678588e+02 -2.845273e+01 1.301667e+01
    endloop
  endfacet
  facet normal 9.961947e-01 -8.715574e-02 0.000000e+00
    outer loop
      vertex   1.678588e+02 -2.845273e+01 1.301667e+01
      vertex   1.678413e+02 -2.865242e+01 9.183333e+00
      vertex   1.678588e+02 -2.845273e+01 9.183333e+00
    endloop
  endfacet
  facet normal 9.659258e-01 -2.588190e-01 0.000000e+00
    outer loop
      vertex   1.678588e+02 -2.845273e+01 1.301667e+01
      vertex   1.678588e+02 -2.845273e+01 9.183333e+00
      vertex   1.679107e+02 -2.825910e+01 1.301667e+01
    endloop
  endfacet
  facet normal 9.659258e-01 -2.588190e-01 0.000000e+00
    outer loop
      vertex   1.679107e+02 -2.825910e+01 1.301667e+01
      vertex   1.678588e+02 -2.845273e+01 9.183333e+00
      vertex   1.679107e+02 -2.825910e+01 9.183333e+00
    endloop
  endfacet
  facet normal 9.063078e-01 -4.226183e-01 0.000000e+00
    outer loop
      vertex   1.679107e+02 -2.825910e+01 1.301667e+01
      vertex   1.679107e+02 -2.825910e+01 9.183333e+00
      vertex   1.679954e+02 -2.807742e+01 1.301667e+01
    endloop
  endfacet
  facet normal 9.063078e-01 -4.226183e-01 0.000000e+00
    outer loop
      vertex   1.679954e+02 -2.807742e+01 1.301667e+01
      vertex   1.679107e+02 -2.825910e+01 9.183333e+00
      vertex   1.679954e+02 -2.807742e+01 9.183333e+00
    endloop
  endfacet
  facet normal 8.191520e-01 -5.735764e-01 0.000000e+00
    outer loop
      vertex   1.679954e+02 -2.807742e+01 1.301667e+01
      vertex   1.679954e+02 -2.807742e+01 9.183333e+00
      vertex   1.681104e+02 -2.791322e+01 1.301667e+01
    endloop
  endfacet
  facet normal 8.191520e-01 -5.735764e-01 0.000000e+00
    outer loop
      vertex   1.681104e+02 -2.791322e+01 1.301667e+01
      vertex   1.679954e+02 -2.807742e+01 9.183333e+00
      vertex   1.681104e+02 -2.791322e+01 9.183333e+00
    endloop
  endfacet
  facet normal 7.071068e-01 -7.071068e-01 0.000000e+00
    outer loop
      vertex   1.681104e+02 -2.791322e+01 1.301667e+01
      vertex   1.681104e+02 -2.791322e+01 9.183333e+00
      vertex   1.682521e+02 -2.777147e+01 1.301667e+01
    endloop
  endfacet
  facet normal 7.071068e-01 -7.071068e-01 0.000000e+00
    outer loop
      vertex   1.682521e+02 -2.777147e+01 1.301667e+01
      vertex   1.681104e+02 -2.791322e+01 9.183333e+00
      vertex   1.682521e+02 -2.777147e+01 9.183333e+00
    endloop
  endfacet
  facet normal 5.735764e-01 -8.191520e-01 0.000000e+00
    outer loop
      vertex   1.682521e+02 -2.777147e+01 1.301667e+01
      vertex   1.682521e+02 -2.777147e+01 9.183333e+00
      vertex   1.684163e+02 -2.765650e+01 1.301667e+01
    endloop
  endfacet
  facet normal 5.735764e-01 -8.191520e-01 0.000000e+00
    outer loop
      vertex   1.684163e+02 -2.765650e+01 1.301667e+01
      vertex   1.682521e+02 -2.777147e+01 9.183333e+00
      vertex   1.684163e+02 -2.765650e+01 9.183333e+00
    endloop
  endfacet
  facet normal 4.226183e-01 -9.063078e-01 0.000000e+00
    outer loop
      vertex   1.684163e+02 -2.765650e+01 1.301667e+01
      vertex   1.684163e+02 -2.765650e+01 9.183333e+00
      vertex   1.685980e+02 -2.757178e+01 1.301667e+01
    endloop
  endfacet
  facet normal 4.226183e-01 -9.063078e-01 0.000000e+00
    outer loop
      vertex   1.685980e+02 -2.757178e+01 1.301667e+01
      vertex   1.684163e+02 -2.765650e+01 9.183333e+00
      vertex   1.685980e+02 -2.757178e+01 9.183333e+00
    endloop
  endfacet
  facet normal 2.588190e-01 -9.659258e-01 0.000000e+00
    outer loop
      vertex   1.685980e+02 -2.757178e+01 1.301667e+01
      vertex   1.685980e+02 -2.757178e+01 9.183333e+00
      vertex   1.687916e+02 -2.751990e+01 1.301667e+01
    endloop
  endfacet
  facet normal 2.588190e-01 -9.659258e-01 0.000000e+00
    outer loop
      vertex   1.687916e+02 -2.751990e+01 1.301667e+01
      vertex   1.685980e+02 -2.757178e+01 9.183333e+00
      vertex   1.687916e+02 -2.751990e+01 9.183333e+00
    endloop
  endfacet
  facet normal 8.715574e-02 -9.961947e-01 0.000000e+00
    outer loop
      vertex   1.687916e+02 -2.751990e+01 1.301667e+01
      vertex   1.687916e+02 -2.751990e+01 9.183333e+00
      vertex   1.689913e+02 -2.750242e+01 1.301667e+01
    endloop
  endfacet
  facet normal 8.715574e-02 -9.961947e-01 0.000000e+00
    outer loop
      vertex   1.689913e+02 -2.750242e+01 1.301667e+01
      vertex   1.687916e+02 -2.751990e+01 9.183333e+00
      vertex   1.689913e+02 -2.750242e+01 9.183333e+00
    endloop
  endfacet
  facet normal -8.715574e-02 -9.961947e-01 -0.000000e+00
    outer loop
      vertex   1.689913e+02 -2.750242e+01 1.301667e+01
      vertex   1.689913e+02 -2.750242e+01 9.183333e+00
      vertex   1.691910e+02 -2.751990e+01 1.301667e+01
    endloop
  endfacet
  facet normal -8.715574e-02 -9.961947e-01 -0.000000e+00
    outer loop
      vertex   1.691910e+02 -2.751990e+01 1.301667e+01
      vertex   1.689913e+02 -2.750242e+01 9.183333e+00
      vertex   1.691910e+02 -2.751990e+01 9.183333e+00
    endloop
  endfacet
  facet normal -2.588190e-01 -9.659258e-01 -0.000000e+00
    outer loop
      vertex   1.691910e+02 -2.751990e+01 1.301667e+01
      vertex   1.691910e+02 -2.751990e+01 9.183333e+00
      vertex   1.693846e+02 -2.757178e+01 1.301667e+01
    endloop
  endfacet
  facet normal -2.588190e-01 -9.659258e-01 -0.000000e+00
    outer loop
      vertex   1.693846e+02 -2.757178e+01 1.301667e+01
      vertex   1.691910e+02 -2.751990e+01 9.183333e+00
      vertex   1.693846e+02 -2.757178e+01 9.183333e+00
    endloop
  endfacet
  facet normal -4.226183e-01 -9.063078e-01 -0.000000e+00
    outer loop
      vertex   1.693846e+02 -2.757178e+01 1.301667e+01
      vertex   1.693846e+02 -2.757178e+01 9.183333e+00
      vertex   1.695663e+02 -2.765650e+01 1.301667e+01
    endloop
  endfacet
  facet normal -4.226183e-01 -9.063078e-01 -0.000000e+00
    outer loop
      vertex   1.695663e+02 -2.765650e+01 1.301667e+01
      vertex   1.693846e+02 -2.757178e+01 9.183333e+00
      vertex   1.695663e+02 -2.765650e+01 9.183333e+00
    endloop
  endfacet
  facet normal -5.735764e-01 -8.191520e-01 -0.000000e+00
    outer loop
      vertex   1.695663e+02 -2.765650e+01 1.301667e+01
      vertex   1.695663e+02 -2.765650e+01 9.183333e+00
      vertex   1.697305e+02 -2.777147e+01 1.301667e+01
    endloop
  endfacet
  facet normal -5.735764e-01 -8.191520e-01 -0.000000e+00
    outer loop
      vertex   1.697305e+02 -2.777147e+01 1.301667e+01
      vertex   1.695663e+02 -2.765650e+01 9.183333e+00
      vertex   1.697305e+02 -2.777147e+01 9.183333e+00
    endloop
  endfacet
  facet normal -7.071068e-01 -7.071068e-01 -0.000000e+00
    outer loop
      vertex   1.697305e+02 -2.777147e+01 1.301667e+01
      vertex   1.697305e+02 -2.777147e+01 9.183333e+00
      vertex   1.698723e+02 -2.791322e+01 1.301667e+01
    endloop
  endfacet
  facet normal -7.071068e-01 -7.071068e-01 -0.000000e+00
    outer loop
      vertex   1.698723e+02 -2.791322e+01 1.301667e+01
      vertex   1.697305e+02 -2.777147e+01 9.183333e+00
      vertex   1.698723e+02 -2.791322e+01 9.183333e+00
    endloop
  endfacet
  facet normal -8.191520e-01 -5.735764e-01 -0.000000e+00
    outer loop
      vertex   1.698723e+02 -2.791322e+01 1.301667e+01
      vertex   1.698723e+02 -2.791322e+01 9.183333e+00
      vertex   1.699873e+02 -2.807742e+01 1.301667e+01
    endloop
  endfacet
  facet normal -8.191520e-01 -5.735764e-01 -0.000000e+00
    outer loop
      vertex   1.699873e+02 -2.807742e+01 1.301667e+01
      vertex   1.698723e+02 -2.791322e+01 9.183333e+00
      vertex   1.699873e+02 -2.807742e+01 9.183333e+00
    endloop
  endfacet
  facet normal -9.063078e-01 -4.226183e-01 -0.000000e+00
    outer loop
      vertex   1.699873e+02 -2.807742e+01 1.301667e+01
      vertex   1.699873e+02 -2.807742e+01 9.183333e+00
      vertex   1.700720e+02 -2.825910e+01 1.301667e+01
    endloop
  endfacet
  facet normal -9.063078e-01 -4.226183e-01 -0.000000e+00
    outer loop
      vertex   1.700720e+02 -2.825910e+01 1.301667e+01
      vertex   1.699873e+02 -2.807742e+01 9.183333e+00
      vertex   1.700720e+02 -2.825910e+01 9.183333e+00
    endloop
  endfacet
  facet normal -9.659258e-01 -2.588190e-01 -0.000000e+00
    outer loop
      vertex   1.700720e+02 -2.825910e+01 1.301667e+01
      vertex   1.700720e+02 -2.825910e+01 9.183333e+00
      vertex   1.701239e+02 -2.845273e+01 1.301667e+01
    endloop
  endfacet
  facet normal -9.659258e-01 -2.588190e-01 -0.000000e+00
    outer loop
      vertex   1.701239e+02 -2.845273e+01 1.301667e+01
      vertex   1.700720e+02 -2.825910e+01 9.183333e+00
      vertex   1.701239e+02 -2.845273e+01 9.183333e+00
    endloop
  endfacet
  facet normal -9.961947e-01 -8.715574e-02 -0.000000e+00
    outer loop
      vertex   1.701239e+02 -2.845273e+01 1.301667e+01
      vertex   1.701239e+02 -2.845273e+01 9.183333e+00
      vertex   1.701413e+02 -2.865242e+01 1.301667e+01
    endloop
  endfacet
  facet normal -9.961947e-01 -8.715574e-02 -0.000000e+00
    outer loop
      vertex   1.701413e+02 -2.865242e+01 1.301667e+01
      vertex   1.701239e+02 -2.845273e+01 9.183333e+00
      vertex   1.701413e+02 -2.865242e+01 9.183333e+00
    endloop
  endfacet
  facet normal 0.000000e+00 0.000000e+00 -1.000000e+00
    outer loop
      vertex   1.701239e+02 -2.885212e+01 1.685000e+01
      vertex   1.678588e+02 -2.885212e+01 1.685000e+01
      vertex   1.701413e+02 -2.865242e+01 1.685000e+01
    endloop
  endfacet
  facet normal -0.000000e+00 0.000000e+00 -1.000000e+00
    outer loop
      vertex   1.701413e+02 -2.865242e+01 1.685000e+01
      vertex   1.678588e+02 -2.885212e+01 1.685000e+01
      vertex   1.678413e+02 -2.865242e+01 1.685000e+01
    endloop
  endfacet
  facet normal 0.000000e+00 0.000000e+00 -1.000000e+00
    outer loop
      vertex   1.701413e+02 -2.865242e+01 1.685000e+01
      vertex   1.678413e+02 -2.865242e+01 1.685000e+01
      vertex   1.701239e+02 -2.845273e+01 1.685000e+01
    endloop
  endfacet
  facet normal -0.000000e+00 0.000000e+00 -1.000000e+00
    outer loop
      vertex   1.701239e+02 -2.845273e+01 1.685000e+01
      vertex   1.678413e+02 -2.865242e+01 1.685000e+01
      vertex   1.678588e+02 -2.845273e+01 1.685000e+01
    endloop
  endfacet
  facet normal 0.000000e+00 0.000000e+00 -1.000000e+00
    outer loop
      vertex   1.701239e+02 -2.845273e+01 1.685000e+01
      vertex   1.678588e+02 -2.845273e+01 1.685000e+01
      vertex   1.700720e+02 -2.825910e+01 1.685000e+01
    endloop
  endfacet
  facet normal -0.000000e+00 0.000000e+00 -1.000000e+00
    outer loop
      vertex   1.700720e+02 -2.825910e+01 1.685000e+01
      vertex   1.678588e+02 -2.845273e+01 1.685000e+01
      vertex   1.679107e+02 -2.825910e+01 1.685000e+01
    endloop
  endfacet
  facet normal 0.000000e+00 0.000000e+00 -1.000000e+00
    outer loop
      vertex   1.700720e+02 -2.825910e+01 1.685000e+01
      vertex   1.679107e+02 -2.825910e+01 1.685000e+01
      vertex   1.699873e+02 -2.807742e+01 1.685000e+01
    endloop
  endfacet
  facet normal -0.000000e+00 0.000000e+00 -1.000000e+00
    outer loop
      vertex   1.699873e+02 -2.807742e+01 1.685000e+01
      vertex   1.679107e+02 -2.825910e+01 1.685000e+01
      vertex   1.679954e+02 -2.807742e+01 1.685000e+01
    endloop
  endfacet
  facet normal 0.000000e+00 0.000000e+00 -1.000000e+00
    outer loop
      vertex   1.699873e+02 -2.807742e+01 1.685000e+01
      vertex   1.679954e+02 -2.807742e+01 1.685000e+01
      vertex   1.698723e+02 -2.791322e+01 1.685000e+01
    endloop
  endfacet
  facet normal -0.000000e+00 0.000000e+00 -1.000000e+00
    outer loop
      vertex   1.698723e+02 -2.791322e+01 1.685000e+01
      vertex   1.679954e+02 -2.807742e+01 1.685000e+01
      vertex   1.681104e+02 -2.791322e+01 1.685000e+01
    endloop
  endfacet
  facet normal 0.000000e+00 0.000000e+00 -1.000000e+00
    outer loop
      vertex   1.698723e+02 -2.791322e+01 1.685000e+01
      vertex   1.681104e+02 -2.791322e+01 1.685000e+01
      vertex   1.697305e+02 -2.777147e+01 1.685000e+01
    endloop
  endfacet
  facet normal -0.000000e+00 0.000000e+00 -1.000000e+00
    outer loop
      vertex   1.697305e+02 -2.777147e+01 1.685000e+01
      vertex   1.681104e+02 -2.791322e+01 1.685000e+01
      vertex   1.682521e+02 -2.777147e+01 1.685000e+01
    endloop
  endfacet
  facet normal 0.000000e+00 0.000000e+00 -1.000000e+00
    outer loop
      vertex   1.697305e+02 -2.777147e+01 1.685000e+01
      vertex   1.682521e+02 -2.777147e+01 1.685000e+01
      vertex   1.695663e+02 -2.765650e+01 1.685000e+01
    endloop
  endfacet
  facet normal -0.000000e+00 0.000000e+00 -1.000000e+00
    outer loop
      vertex   1.695663e+02 -2.765650e+01 1.685000e+01
      vertex   1.682521e+02 -2.777147e+01 1.685000e+01
      vertex   1.684163e+02 -2.765650e+01 1.685000e+01
    endloop
  endfacet
  facet normal 0.000000e+00 0.000000e+00 -1.000000e+00
    outer loop
      vertex   1.695663e+02 -2.765650e+01 1.685000e+01
      vertex   1.684163e+02 -2.765650e+01 1.685000e+01
      vertex   1.693846e+02 -2.757178e+01 1.685000e+01
    endloop
  endfacet
  facet normal -0.000000e+00 0.000000e+00 -1.000000e+00
    outer loop
      vertex   1.693846e+02 -2.757178e+01 1.685000e+01
      vertex   1.684163e+02 -2.765650e+01 1.685000e+01
      vertex   1.685980e+02 -2.757178e+01 1.685000e+01
    endloop
  endfacet
  facet normal 0.000000e+00 0.000000e+00 -1.000000e+00
    outer loop
      vertex   1.693846e+02 -2.757178e+01 1.685000e+01
      vertex   1.685980e+02 -2.757178e+01 1.685000e+01
      vertex   1.691910e+02 -2.751990e+01 1.685000e+01
    endloop
  endfacet
  facet normal -0.000000e+00 0.000000e+00 -1.000000e+00
    outer loop
      vertex   1.691910e+02 -2.751990e+01 1.685000e+01
      vertex   1.685980e+02 -2.757178e+01 1.685000e+01
      vertex   1.687916e+02 -2.751990e+01 1.685000e+01
    endloop
  endfacet
  facet normal 0.000000e+00 0.000000e+00 -1.000000e+00
    outer loop
      vertex   1.691910e+02 -2.751990e+01 1.685000e+01
      vertex   1.687916e+02 -2.751990e+01 1.685000e+01
      vertex   1.689913e+02 -2.750242e+01 1.685000e+01
    endloop
  endfacet
  facet normal 0.000000e+00 0.000000e+00 -1.000000e+00
    outer loop
      vertex   1.678588e+02 -2.885212e+01 1.685000e+01
      vertex   1.701239e+02 -2.885212e+01 1.685000e+01
      vertex   1.679107e+02 -2.904575e+01 1.685000e+01
    endloop
  endfacet
  facet normal 0.000000e+00 0.000000e+00 -1.000000e+00
    outer loop
      vertex   1.679107e+02 -2.904575e+01 1.685000e+01
      vertex   1.701239e+02 -2.885212e+01 1.685000e+01
      vertex   1.700720e+02 -2.904575e+01 1.685000e+01
    endloop
  endfacet
  facet normal 0.000000e+00 0.000000e+00 -1.000000e+00
    outer loop
      vertex   1.679107e+02 -2.904575e+01 1.685000e+01
      vertex   1.700720e+02 -2.904575e+01 1.685000e+01
      vertex   1.679954e+02 -2.922742e+01 1.685000e+01
    endloop
  endfacet
  facet normal 0.000000e+00 0.000000e+00 -1.000000e+00
    outer loop
      vertex   1.679954e+02 -2.922742e+01 1.685000e+01
      vertex   1.700720e+02 -2.904575e+01 1.685000e+01
      vertex   1.699873e+02 -2.922742e+01 1.685000e+01
    endloop
  endfacet
  facet normal 0.000000e+00 0.000000e+00 -1.000000e+00
    outer loop
      vertex   1.679954e+02 -2.922742e+01 1.685000e+01
      vertex   1.699873e+02 -2.922742e+01 1.685000e+01
      vertex   1.681104e+02 -2.939163e+01 1.685000e+01
    endloop
  endfacet
  facet normal 0.000000e+00 0.000000e+00 -1.000000e+00
    outer loop
      vertex   1.681104e+02 -2.939163e+01 1.685000e+01
      vertex   1.699873e+02 -2.922742e+01 1.685000e+01
      vertex   1.698723e+02 -2.939163e+01 1.685000e+01
    endloop
  endfacet
  facet normal 0.000000e+00 0.000000e+00 -1.000000e+00
    outer loop
      vertex   1.681104e+02 -2.939163e+01 1.685000e+01
      vertex   1.698723e+02 -2.939163e+01 1.685000e+01
      vertex   1.682521e+02 -2.953338e+01 1.685000e+01
    endloop
  endfacet
  facet normal 0.000000e+00 0.000000e+00 -1.000000e+00
    outer loop
      vertex   1.682521e+02 -2.953338e+01 1.685000e+01
      vertex   1.698723e+02 -2.939163e+01 1.685000e+01
      vertex   1.697305e+02 -2.953338e+01 1.685000e+01
    endloop
  endfacet
  facet normal 0.000000e+00 0.000000e+00 -1.000000e+00
    outer loop
      vertex   1.682521e+02 -2.953338e+01 1.685000e+01
      vertex   1.697305e+02 -2.953338e+01 1.685000e+01
      vertex   1.684163e+02 -2.964835e+01 1.685000e+01
    endloop
  endfacet
  facet normal 0.000000e+00 0.000000e+00 -1.000000e+00
    outer loop
      vertex   1.684163e+02 -2.964835e+01 1.685000e+01
      vertex   1.697305e+02 -2.953338e+01 1.685000e+01
      vertex   1.695663e+02 -2.964835e+01 1.685000e+01
    endloop
  endfacet
  facet normal 0.000000e+00 0.000000e+00 -1.000000e+00
    outer loop
      vertex   1.684163e+02 -2.964835e+01 1.685000e+01
      vertex   1.695663e+02 -2.964835e+01 1.685000e+01
      vertex   1.685980e+02 -2.973307e+01 1.685000e+01
    endloop
  endfacet
  facet normal 0.000000e+00 0.000000e+00 -1.000000e+00
    outer loop
      vertex   1.685980e+02 -2.973307e+01 1.685000e+01
      vertex   1.695663e+02 -2.964835e+01 1.685000e+01
      vertex   1.693846e+02 -2.973307e+01 1.685000e+01
    endloop
  endfacet
  facet normal 0.000000e+00 0.000000e+00 -1.000000e+00
    outer loop
      vertex   1.685980e+02 -2.973307e+01 1.685000e+01
      vertex   1.693846e+02 -2.973307e+01 1.685000e+01
      vertex   1.687916e+02 -2.978495e+01 1.685000e+01
    endloop
  endfacet
  facet normal 0.000000e+00 0.000000e+00 -1.000000e+00
    outer loop
      vertex   1.687916e+02 -2.978495e+01 1.685000e+01
      vertex   1.693846e+02 -2.973307e+01 1.685000e+01
      vertex   1.691910e+02 -2.978495e+01 1.685000e+01
    endloop
  endfacet
  facet normal 0.000000e+00 0.000000e+00 -1.000000e+00
    outer loop
      vertex   1.687916e+02 -2.978495e+01 1.685000e+01
      vertex   1.691910e+02 -2.978495e+01 1.685000e+01
      vertex   1.689913e+02 -2.980242e+01 1.685000e+01
    endloop
  endfacet
  facet normal -9.961947e-01 -8.715574e-02 -0.000000e+00
    outer loop
      vertex   1.535608e+02 -6.118302e+01 1.685000e+01
      vertex   1.535608e+02 -6.118302e+01 1.301667e+01
      vertex   1.535782e+02 -6.138271e+01 1.685000e+01
    endloop
  endfacet
  facet normal -9.961947e-01 -8.715574e-02 -0.000000e+00
    outer loop
      vertex   1.535782e+02 -6.138271e+01 1.685000e+01
      vertex   1.535608e+02 -6.118302e+01 1.301667e+01
      vertex   1.535782e+02 -6.138271e+01 1.301667e+01
    endloop
  endfacet
  facet normal -9.961947e-01 8.715574e-02 0.000000e+00
    outer loop
      vertex   1.535782e+02 -6.138271e+01 1.685000e+01
      vertex   1.535782e+02 -6.138271e+01 1.301667e+01
      vertex   1.535608e+02 -6.158241e+01 1.685000e+01
    endloop
  endfacet
  facet normal -9.961947e-01 8.715574e-02 0.000000e+00
    outer loop
      vertex   1.535608e+02 -6.158241e+01 1.685000e+01
      vertex   1.535782e+02 -6.138271e+01 1.301667e+01
      vertex   1.535608e+02 -6.158241e+01 1.301667e+01
    endloop
  endfacet
  facet normal -9.659258e-01 2.588190e-01 0.000000e+00
    outer loop
      vertex   1.535608e+02 -6.158241e+01 1.685000e+01
      vertex   1.535608e+02 -6.158241e+01 1.301667e+01
      vertex   1.535089e+02 -6.177603e+01 1.685000e+01
    endloop
  endfacet
  facet normal -9.659258e-01 2.588190e-01 0.000000e+00
    outer loop
      vertex   1.535089e+02 -6.177603e+01 1.685000e+01
      vertex   1.535608e+02 -6.158241e+01 1.301667e+01
      vertex   1.535089e+02 -6.177603e+01 1.301667e+01
    endloop
  endfacet
  facet normal -9.063078e-01 4.226183e-01 0.000000e+00
    outer loop
      vertex   1.535089e+02 -6.177603e+01 1.685000e+01
      vertex   1.535089e+02 -6.177603e+01 1.301667e+01
      vertex   1.534242e+02 -6.195771e+01 1.685000e+01
    endloop
  endfacet
  facet normal -9.063078e-01 4.226183e-01 0.000000e+00
    outer loop
      vertex   1.534242e+02 -6.195771e+01 1.685000e+01
      vertex   1.535089e+02 -6.177603e+01 1.301667e+01
      vertex   1.534242e+02 -6.195771e+01 1.301667e+01
    endloop
  endfacet
  facet normal -8.191520e-01 5.735764e-01 0.000000e+00
    outer loop
      vertex   1.534242e+02 -6.195771e+01 1.685000e+01
      vertex   1.534242e+02 -6.195771e+01 1.301667e+01
      vertex   1.533092e+02 -6.212192e+01 1.685000e+01
    endloop
  endfacet
  facet normal -8.191520e-01 5.735764e-01 0.000000e+00
    outer loop
      vertex   1.533092e+02 -6.212192e+01 1.685000e+01
      vertex   1.534242e+02 -6.195771e+01 1.301667e+01
      vertex   1.533092e+02 -6.212192e+01 1.301667e+01
    endloop
  endfacet
  facet normal -7.071068e-01 7.071068e-01 0.000000e+00
    outer loop
      vertex   1.533092e+02 -6.212192e+01 1.685000e+01
      vertex   1.533092e+02 -6.212192e+01 1.301667e+01
      vertex   1.531675e+02 -6.226366e+01 1.685000e+01
    endloop
  endfacet
  facet normal -7.071068e-01 7.071068e-01 0.000000e+00
    outer loop
      vertex   1.531675e+02 -6.226366e+01 1.685000e+01
      vertex   1.533092e+02 -6.212192e+01 1.301667e+01
      vertex   1.531675e+02 -6.226366e+01 1.301667e+01
    endloop
  endfacet
  facet normal -5.735764e-01 8.191520e-01 0.000000e+00
    outer loop
      vertex   1.531675e+02 -6.226366e+01 1.685000e+01
      vertex   1.531675e+02 -6.226366e+01 1.301667e+01
      vertex   1.530032e+02 -6.237864e+01 1.685000e+01
    endloop
  endfacet
  facet normal -5.735764e-01 8.191520e-01 0.000000e+00
    outer loop
      vertex   1.530032e+02 -6.237864e+01 1.685000e+01
      vertex   1.531675e+02 -6.226366e+01 1.301667e+01
      vertex   1.530032e+02 -6.237864e+01 1.301667e+01
    endloop
  endfacet
  facet normal -4.226183e-01 9.063078e-01 0.000000e+00
    outer loop
      vertex   1.530032e+02 -6.237864e+01 1.685000e+01
      vertex   1.530032e+02 -6.237864e+01 1.301667e+01
      vertex   1.528216e+02 -6.246336e+01 1.685000e+01
    endloop
  endfacet
  facet normal -4.226183e-01 9.063078e-01 0.000000e+00
    outer loop
      vertex   1.528216e+02 -6.246336e+01 1.685000e+01
      vertex   1.530032e+02 -6.237864e+01 1.301667e+01
      vertex   1.528216e+02 -6.246336e+01 1.301667e+01
    endloop
  endfacet
  facet normal -2.588190e-01 9.659258e-01 0.000000e+00
    outer loop
      vertex   1.528216e+02 -6.246336e+01 1.685000e+01
      vertex   1.528216e+02 -6.246336e+01 1.301667e+01
      vertex   1.526279e+02 -6.251524e+01 1.685000e+01
    endloop
  endfacet
  facet normal -2.588190e-01 9.659258e-01 0.000000e+00
    outer loop
      vertex   1.526279e+02 -6.251524e+01 1.685000e+01
      vertex   1.528216e+02 -6.246336e+01 1.301667e+01
      vertex   1.526279e+02 -6.251524e+01 1.301667e+01
    endloop
  endfacet
  facet normal -8.715574e-02 9.961947e-01 0.000000e+00
    outer loop
      vertex   1.526279e+02 -6.251524e+01 1.685000e+01
      vertex   1.526279e+02 -6.251524e+01 1.301667e+01
      vertex   1.524282e+02 -6.253271e+01 1.685000e+01
    endloop
  endfacet
  facet normal -8.715574e-02 9.961947e-01 0.000000e+00
    outer loop
      vertex   1.524282e+02 -6.253271e+01 1.685000e+01
      vertex   1.526279e+02 -6.251524e+01 1.301667e+01
      vertex   1.524282e+02 -6.253271e+01 1.301667e+01
    endloop
  endfacet
  facet normal 8.715574e-02 9.961947e-01 0.000000e+00
    outer loop
      vertex   1.524282e+02 -6.253271e+01 1.685000e+01
      vertex   1.524282e+02 -6.253271e+01 1.301667e+01
      vertex   1.522285e+02 -6.251524e+01 1.685000e+01
    endloop
  endfacet
  facet normal 8.715574e-02 9.961947e-01 0.000000e+00
    outer loop
      vertex   1.522285e+02 -6.251524e+01 1.685000e+01
      vertex   1.524282e+02 -6.253271e+01 1.301667e+01
      vertex   1.522285e+02 -6.251524e+01 1.301667e+01
    endloop
  endfacet
  facet normal 2.588190e-01 9.659258e-01 0.000000e+00
    outer loop
      vertex   1.522285e+02 -6.251524e+01 1.685000e+01
      vertex   1.522285e+02 -6.251524e+01 1.301667e+01
      vertex   1.520349e+02 -6.246336e+01 1.685000e+01
    endloop
  endfacet
  facet normal 2.588190e-01 9.659258e-01 0.000000e+00
    outer loop
      vertex   1.520349e+02 -6.246336e+01 1.685000e+01
      vertex   1.522285e+02 -6.251524e+01 1.301667e+01
      vertex   1.520349e+02 -6.246336e+01 1.301667e+01
    endloop
  endfacet
  facet normal 4.226183e-01 9.063078e-01 0.000000e+00
    outer loop
      vertex   1.520349e+02 -6.246336e+01 1.685000e+01
      vertex   1.520349e+02 -6.246336e+01 1.301667e+01
      vertex   1.518532e+02 -6.237864e+01 1.685000e+01
    endloop
  endfacet
  facet normal 4.226183e-01 9.063078e-01 0.000000e+00
    outer loop
      vertex   1.518532e+02 -6.237864e+01 1.685000e+01
      vertex   1.520349e+02 -6.246336e+01 1.301667e+01
      vertex   1.518532e+02 -6.237864e+01 1.301667e+01
    endloop
  endfacet
  facet normal 5.735764e-01 8.191520e-01 0.000000e+00
    outer loop
      vertex   1.518532e+02 -6.237864e+01 1.685000e+01
      vertex   1.518532e+02 -6.237864e+01 1.301667e+01
      vertex   1.516890e+02 -6.226366e+01 1.685000e+01
    endloop
  endfacet
  facet normal 5.735764e-01 8.191520e-01 0.000000e+00
    outer loop
      vertex   1.516890e+02 -6.226366e+01 1.685000e+01
      vertex   1.518532e+02 -6.237864e+01 1.301667e+01
      vertex   1.516890e+02 -6.226366e+01 1.301667e+01
    endloop
  endfacet
  facet normal 7.071068e-01 7.071068e-01 0.000000e+00
    outer loop
      vertex   1.516890e+02 -6.226366e+01 1.685000e+01
      vertex   1.516890e+02 -6.226366e+01 1.301667e+01
      vertex   1.515473e+02 -6.212192e+01 1.685000e+01
    endloop
  endfacet
  facet normal 7.071068e-01 7.071068e-01 0.000000e+00
    outer loop
      vertex   1.515473e+02 -6.212192e+01 1.685000e+01
      vertex   1.516890e+02 -6.226366e+01 1.301667e+01
      vertex   1.515473e+02 -6.212192e+01 1.301667e+01
    endloop
  endfacet
  facet normal 8.191520e-01 5.735764e-01 0.000000e+00
    outer loop
      vertex   1.515473e+02 -6.212192e+01 1.685000e+01
      vertex   1.515473e+02 -6.212192e+01 1.301667e+01
      vertex   1.514323e+02 -6.195771e+01 1.685000e+01
    endloop
  endfacet
  facet normal 8.191520e-01 5.735764e-01 0.000000e+00
    outer loop
      vertex   1.514323e+02 -6.195771e+01 1.685000e+01
      vertex   1.515473e+02 -6.212192e+01 1.301667e+01
      vertex   1.514323e+02 -6.195771e+01 1.301667e+01
    endloop
  endfacet
  facet normal 9.063078e-01 4.226183e-01 0.000000e+00
    outer loop
      vertex   1.514323e+02 -6.195771e+01 1.685000e+01
      vertex   1.514323e+02 -6.195771e+01 1.301667e+01
      vertex   1.513476e+02 -6.177603e+01 1.685000e+01
    endloop
  endfacet
  facet normal 9.063078e-01 4.226183e-01 0.000000e+00
    outer loop
      vertex   1.513476e+02 -6.177603e+01 1.685000e+01
      vertex   1.514323e+02 -6.195771e+01 1.301667e+01
      vertex   1.513476e+02 -6.177603e+01 1.301667e+01
    endloop
  endfacet
  facet normal 9.659258e-01 2.588190e-01 0.000000e+00
    outer loop
      vertex   1.513476e+02 -6.177603e+01 1.685000e+01
      vertex   1.513476e+02 -6.177603e+01 1.301667e+01
      vertex   1.512957e+02 -6.158241e+01 1.685000e+01
    endloop
  endfacet
  facet normal 9.659258e-01 2.588190e-01 0.000000e+00
    outer loop
      vertex   1.512957e+02 -6.158241e+01 1.685000e+01
      vertex   1.513476e+02 -6.177603e+01 1.301667e+01
      vertex   1.512957e+02 -6.158241e+01 1.301667e+01
    endloop
  endfacet
  facet normal 9.961947e-01 8.715574e-02 0.000000e+00
    outer loop
      vertex   1.512957e+02 -6.158241e+01 1.685000e+01
      vertex   1.512957e+02 -6.158241e+01 1.301667e+01
      vertex   1.512782e+02 -6.138271e+01 1.685000e+01
    endloop
  endfacet
  facet normal 9.961947e-01 8.715574e-02 0.000000e+00
    outer loop
      vertex   1.512782e+02 -6.138271e+01 1.685000e+01
      vertex   1.512957e+02 -6.158241e+01 1.301667e+01
      vertex   1.512782e+02 -6.138271e+01 1.301667e+01
    endloop
  endfacet
  facet normal 9.961947e-01 -8.715574e-02 0.000000e+00
    outer loop
      vertex   1.512782e+02 -6.138271e+01 1.685000e+01
      vertex   1.512782e+02 -6.138271e+01 1.301667e+01
      vertex   1.512957e+02 -6.118302e+01 1.685000e+01
    endloop
  endfacet
  facet normal 9.961947e-01 -8.715574e-02 0.000000e+00
    outer loop
      vertex   1.512957e+02 -6.118302e+01 1.685000e+01
      vertex   1.512782e+02 -6.138271e+01 1.301667e+01
      vertex   1.512957e+02 -6.118302e+01 1.301667e+01
    endloop
  endfacet
  facet normal 9.659258e-01 -2.588190e-01 0.000000e+00
    outer loop
      vertex   1.512957e+02 -6.118302e+01 1.685000e+01
      vertex   1.512957e+02 -6.118302e+01 1.301667e+01
      vertex   1.513476e+02 -6.098939e+01 1.685000e+01
    endloop
  endfacet
  facet normal 9.659258e-01 -2.588190e-01 0.000000e+00
    outer loop
      vertex   1.513476e+02 -6.098939e+01 1.685000e+01
      vertex   1.512957e+02 -6.118302e+01 1.301667e+01
      vertex   1.513476e+02 -6.098939e+01 1.301667e+01
    endloop
  endfacet
  facet normal 9.063078e-01 -4.226183e-01 0.000000e+00
    outer loop
      vertex   1.513476e+02 -6.098939e+01 1.685000e+01
      vertex   1.513476e+02 -6.098939e+01 1.301667e+01
      vertex   1.514323e+02 -6.080771e+01 1.685000e+01
    endloop
  endfacet
  facet normal 9.063078e-01 -4.226183e-01 0.000000e+00
    outer loop
      vertex   1.514323e+02 -6.080771e+01 1.685000e+01
      vertex   1.513476e+02 -6.098939e+01 1.301667e+01
      vertex   1.514323e+02 -6.080771e+01 1.301667e+01
    endloop
  endfacet
  facet normal 8.191520e-01 -5.735764e-01 0.000000e+00
    outer loop
      vertex   1.514323e+02 -6.080771e+01 1.685000e+01
      vertex   1.514323e+02 -6.080771e+01 1.301667e+01
      vertex   1.515473e+02 -6.064351e+01 1.685000e+01
    endloop
  endfacet
  facet normal 8.191520e-01 -5.735764e-01 0.000000e+00
    outer loop
      vertex   1.515473e+02 -6.064351e+01 1.685000e+01
      vertex   1.514323e+02 -6.080771e+01 1.301667e+01
      vertex   1.515473e+02 -6.064351e+01 1.301667e+01
    endloop
  endfacet
  facet normal 7.071068e-01 -7.071068e-01 0.000000e+00
    outer loop
      vertex   1.515473e+02 -6.064351e+01 1.685000e+01
      vertex   1.515473e+02 -6.064351e+01 1.301667e+01
      vertex   1.516890e+02 -6.050176e+01 1.685000e+01
    endloop
  endfacet
  facet normal 7.071068e-01 -7.071068e-01 0.000000e+00
    outer loop
      vertex   1.516890e+02 -6.050176e+01 1.685000e+01
      vertex   1.515473e+02 -6.064351e+01 1.301667e+01
      vertex   1.516890e+02 -6.050176e+01 1.301667e+01
    endloop
  endfacet
  facet normal 5.735764e-01 -8.191520e-01 0.000000e+00
    outer loop
      vertex   1.516890e+02 -6.050176e+01 1.685000e+01
      vertex   1.516890e+02 -6.050176e+01 1.301667e+01
      vertex   1.518532e+02 -6.038678e+01 1.685000e+01
    endloop
  endfacet
  facet normal 5.735764e-01 -8.191520e-01 0.000000e+00
    outer loop
      vertex   1.518532e+02 -6.038678e+01 1.685000e+01
      vertex   1.516890e+02 -6.050176e+01 1.301667e+01
      vertex   1.518532e+02 -6.038678e+01 1.301667e+01
    endloop
  endfacet
  facet normal 4.226183e-01 -9.063078e-01 0.000000e+00
    outer loop
      vertex   1.518532e+02 -6.038678e+01 1.685000e+01
      vertex   1.518532e+02 -6.038678e+01 1.301667e+01
      vertex   1.520349e+02 -6.030206e+01 1.685000e+01
    endloop
  endfacet
  facet normal 4.226183e-01 -9.063078e-01 0.000000e+00
    outer loop
      vertex   1.520349e+02 -6.030206e+01 1.685000e+01
      vertex   1.518532e+02 -6.038678e+01 1.301667e+01
      vertex   1.520349e+02 -6.030206e+01 1.301667e+01
    endloop
  endfacet
  facet normal 2.588190e-01 -9.659258e-01 0.000000e+00
    outer loop
      vertex   1.520349e+02 -6.030206e+01 1.685000e+01
      vertex   1.520349e+02 -6.030206e+01 1.301667e+01
      vertex   1.522285e+02 -6.025018e+01 1.685000e+01
    endloop
  endfacet
  facet normal 2.588190e-01 -9.659258e-01 0.000000e+00
    outer loop
      vertex   1.522285e+02 -6.025018e+01 1.685000e+01
      vertex   1.520349e+02 -6.030206e+01 1.301667e+01
      vertex   1.522285e+02 -6.025018e+01 1.301667e+01
    endloop
  endfacet
  facet normal 8.715574e-02 -9.961947e-01 0.000000e+00
    outer loop
      vertex   1.522285e+02 -6.025018e+01 1.685000e+01
      vertex   1.522285e+02 -6.025018e+01 1.301667e+01
      vertex   1.524282e+02 -6.023271e+01 1.685000e+01
    endloop
  endfacet
  facet normal 8.715574e-02 -9.961947e-01 0.000000e+00
    outer loop
      vertex   1.524282e+02 -6.023271e+01 1.685000e+01
      vertex   1.522285e+02 -6.025018e+01 1.301667e+01
      vertex   1.524282e+02 -6.023271e+01 1.301667e+01
    endloop
  endfacet
  facet normal -8.715574e-02 -9.961947e-01 -0.000000e+00
    outer loop
      vertex   1.524282e+02 -6.023271e+01 1.685000e+01
      vertex   1.524282e+02 -6.023271e+01 1.301667e+01
      vertex   1.526279e+02 -6.025018e+01 1.685000e+01
    endloop
  endfacet
  facet normal -8.715574e-02 -9.961947e-01 -0.000000e+00
    outer loop
      vertex   1.526279e+02 -6.025018e+01 1.685000e+01
      vertex   1.524282e+02 -6.023271e+01 1.301667e+01
      vertex   1.526279e+02 -6.025018e+01 1.301667e+01
    endloop
  endfacet
  facet normal -2.588190e-01 -9.659258e-01 -0.000000e+00
    outer loop
      vertex   1.526279e+02 -6.025018e+01 1.685000e+01
      vertex   1.526279e+02 -6.025018e+01 1.301667e+01
      vertex   1.528216e+02 -6.030206e+01 1.685000e+01
    endloop
  endfacet
  facet normal -2.588190e-01 -9.659258e-01 -0.000000e+00
    outer loop
      vertex   1.528216e+02 -6.030206e+01 1.685000e+01
      vertex   1.526279e+02 -6.025018e+01 1.301667e+01
      vertex   1.528216e+02 -6.030206e+01 1.301667e+01
    endloop
  endfacet
  facet normal -4.226183e-01 -9.063078e-01 -0.000000e+00
    outer loop
      vertex   1.528216e+02 -6.030206e+01 1.685000e+01
      vertex   1.528216e+02 -6.030206e+01 1.301667e+01
      vertex   1.530032e+02 -6.038678e+01 1.685000e+01
    endloop
  endfacet
  facet normal -4.226183e-01 -9.063078e-01 -0.000000e+00
    outer loop
      vertex   1.530032e+02 -6.038678e+01 1.685000e+01
      vertex   1.528216e+02 -6.030206e+01 1.301667e+01
      vertex   1.530032e+02 -6.038678e+01 1.301667e+01
    endloop
  endfacet
  facet normal -5.735764e-01 -8.191520e-01 -0.000000e+00
    outer loop
      vertex   1.530032e+02 -6.038678e+01 1.685000e+01
      vertex   1.530032e+02 -6.038678e+01 1.301667e+01
      vertex   1.531675e+02 -6.050176e+01 1.685000e+01
    endloop
  endfacet
  facet normal -5.735764e-01 -8.191520e-01 -0.000000e+00
    outer loop
      vertex   1.531675e+02 -6.050176e+01 1.685000e+01
      vertex   1.530032e+02 -6.038678e+01 1.301667e+01
      vertex   1.531675e+02 -6.050176e+01 1.301667e+01
    endloop
  endfacet
  facet normal -7.071068e-01 -7.071068e-01 -0.000000e+00
    outer loop
      vertex   1.531675e+02 -6.050176e+01 1.685000e+01
      vertex   1.531675e+02 -6.050176e+01 1.301667e+01
      vertex   1.533092e+02 -6.064351e+01 1.685000e+01
    endloop
  endfacet
  facet normal -7.071068e-01 -7.071068e-01 -0.000000e+00
    outer loop
      vertex   1.533092e+02 -6.064351e+01 1.685000e+01
      vertex   1.531675e+02 -6.050176e+01 1.301667e+01
      vertex   1.533092e+02 -6.064351e+01 1.301667e+01
    endloop
  endfacet
  facet normal -8.191520e-01 -5.735764e-01 -0.000000e+00
    outer loop
      vertex   1.533092e+02 -6.064351e+01 1.685000e+01
      vertex   1.533092e+02 -6.064351e+01 1.301667e+01
      vertex   1.534242e+02 -6.080771e+01 1.685000e+01
    endloop
  endfacet
  facet normal -8.191520e-01 -5.735764e-01 -0.000000e+00
    outer loop
      vertex   1.534242e+02 -6.080771e+01 1.685000e+01
      vertex   1.533092e+02 -6.064351e+01 1.301667e+01
      vertex   1.534242e+02 -6.080771e+01 1.301667e+01
    endloop
  endfacet
  facet normal -9.063078e-01 -4.226183e-01 -0.000000e+00
    outer loop
      vertex   1.534242e+02 -6.080771e+01 1.685000e+01
      vertex   1.534242e+02 -6.080771e+01 1.301667e+01
      vertex   1.535089e+02 -6.098939e+01 1.685000e+01
    endloop
  endfacet
  facet normal -9.063078e-01 -4.226183e-01 -0.000000e+00
    outer loop
      vertex   1.535089e+02 -6.098939e+01 1.685000e+01
      vertex   1.534242e+02 -6.080771e+01 1.301667e+01
      vertex   1.535089e+02 -6.098939e+01 1.301667e+01
    endloop
  endfacet
  facet normal -9.659258e-01 -2.588190e-01 -0.000000e+00
    outer loop
      vertex   1.535089e+02 -6.098939e+01 1.685000e+01
      vertex   1.535089e+02 -6.098939e+01 1.301667e+01
      vertex   1.535608e+02 -6.118302e+01 1.685000e+01
    endloop
  endfacet
  facet normal -9.659258e-01 -2.588190e-01 -0.000000e+00
    outer loop
      vertex   1.535608e+02 -6.118302e+01 1.685000e+01
      vertex   1.535089e+02 -6.098939e+01 1.301667e+01
      vertex   1.535608e+02 -6.118302e+01 1.301667e+01
    endloop
  endfacet
  facet normal -9.961947e-01 8.715574e-02 0.000000e+00
    outer loop
      vertex   1.535608e+02 -6.158241e+01 5.350000e+00
      vertex   1.535608e+02 -6.158241e+01 9.183333e+00
      vertex   1.535782e+02 -6.138271e+01 5.350000e+00
    endloop
  endfacet
  facet normal -9.961947e-01 8.715574e-02 0.000000e+00
    outer loop
      vertex   1.535782e+02 -6.138271e+01 5.350000e+00
      vertex   1.535608e+02 -6.158241e+01 9.183333e+00
      vertex   1.535782e+02 -6.138271e+01 9.183333e+00
    endloop
  endfacet
  facet normal -9.961947e-01 -8.715574e-02 0.000000e+00
    outer loop
      vertex   1.535782e+02 -6.138271e+01 5.350000e+00
      vertex   1.535782e+02 -6.138271e+01 9.183333e+00
      vertex   1.535608e+02 -6.118302e+01 5.350000e+00
    endloop
  endfacet
  facet normal -9.961947e-01 -8.715574e-02 0.000000e+00
    outer loop
      vertex   1.535608e+02 -6.118302e+01 5.350000e+00
      vertex   1.535782e+02 -6.138271e+01 9.183333e+00
      vertex   1.535608e+02 -6.118302e+01 9.183333e+00
    endloop
  endfacet
  facet normal -9.659258e-01 -2.588190e-01 0.000000e+00
    outer loop
      vertex   1.535608e+02 -6.118302e+01 5.350000e+00
      vertex   1.535608e+02 -6.118302e+01 9.183333e+00
      vertex   1.535089e+02 -6.098939e+01 5.350000e+00
    endloop
  endfacet
  facet normal -9.659258e-01 -2.588190e-01 0.000000e+00
    outer loop
      vertex   1.535089e+02 -6.098939e+01 5.350000e+00
      vertex   1.535608e+02 -6.118302e+01 9.183333e+00
      vertex   1.535089e+02 -6.098939e+01 9.183333e+00
    endloop
  endfacet
  facet normal -9.063078e-01 -4.226183e-01 0.000000e+00
    outer loop
      vertex   1.535089e+02 -6.098939e+01 5.350000e+00
      vertex   1.535089e+02 -6.098939e+01 9.183333e+00
      vertex   1.534242e+02 -6.080771e+01 5.350000e+00
    endloop
  endfacet
  facet normal -9.063078e-01 -4.226183e-01 0.000000e+00
    outer loop
      vertex   1.534242e+02 -6.080771e+01 5.350000e+00
      vertex   1.535089e+02 -6.098939e+01 9.183333e+00
      vertex   1.534242e+02 -6.080771e+01 9.183333e+00
    endloop
  endfacet
  facet normal -8.191520e-01 -5.735764e-01 0.000000e+00
    outer loop
      vertex   1.534242e+02 -6.080771e+01 5.350000e+00
      vertex   1.534242e+02 -6.080771e+01 9.183333e+00
      vertex   1.533092e+02 -6.064351e+01 5.350000e+00
    endloop
  endfacet
  facet normal -8.191520e-01 -5.735764e-01 0.000000e+00
    outer loop
      vertex   1.533092e+02 -6.064351e+01 5.350000e+00
      vertex   1.534242e+02 -6.080771e+01 9.183333e+00
      vertex   1.533092e+02 -6.064351e+01 9.183333e+00
    endloop
  endfacet
  facet normal -7.071068e-01 -7.071068e-01 0.000000e+00
    outer loop
      vertex   1.533092e+02 -6.064351e+01 5.350000e+00
      vertex   1.533092e+02 -6.064351e+01 9.183333e+00
      vertex   1.531675e+02 -6.050176e+01 5.350000e+00
    endloop
  endfacet
  facet normal -7.071068e-01 -7.071068e-01 0.000000e+00
    outer loop
      vertex   1.531675e+02 -6.050176e+01 5.350000e+00
      vertex   1.533092e+02 -6.064351e+01 9.183333e+00
      vertex   1.531675e+02 -6.050176e+01 9.183333e+00
    endloop
  endfacet
  facet normal -5.735764e-01 -8.191520e-01 0.000000e+00
    outer loop
      vertex   1.531675e+02 -6.050176e+01 5.350000e+00
      vertex   1.531675e+02 -6.050176e+01 9.183333e+00
      vertex   1.530032e+02 -6.038678e+01 5.350000e+00
    endloop
  endfacet
  facet normal -5.735764e-01 -8.191520e-01 0.000000e+00
    outer loop
      vertex   1.530032e+02 -6.038678e+01 5.350000e+00
      vertex   1.531675e+02 -6.050176e+01 9.183333e+00
      vertex   1.530032e+02 -6.038678e+01 9.183333e+00
    endloop
  endfacet
  facet normal -4.226183e-01 -9.063078e-01 0.000000e+00
    outer loop
      vertex   1.530032e+02 -6.038678e+01 5.350000e+00
      vertex   1.530032e+02 -6.038678e+01 9.183333e+00
      vertex   1.528216e+02 -6.030206e+01 5.350000e+00
    endloop
  endfacet
  facet normal -4.226183e-01 -9.063078e-01 0.000000e+00
    outer loop
      vertex   1.528216e+02 -6.030206e+01 5.350000e+00
      vertex   1.530032e+02 -6.038678e+01 9.183333e+00
      vertex   1.528216e+02 -6.030206e+01 9.183333e+00
    endloop
  endfacet
  facet normal -2.588190e-01 -9.659258e-01 0.000000e+00
    outer loop
      vertex   1.528216e+02 -6.030206e+01 5.350000e+00
      vertex   1.528216e+02 -6.030206e+01 9.183333e+00
      vertex   1.526279e+02 -6.025018e+01 5.350000e+00
    endloop
  endfacet
  facet normal -2.588190e-01 -9.659258e-01 0.000000e+00
    outer loop
      vertex   1.526279e+02 -6.025018e+01 5.350000e+00
      vertex   1.528216e+02 -6.030206e+01 9.183333e+00
      vertex   1.526279e+02 -6.025018e+01 9.183333e+00
    endloop
  endfacet
  facet normal -8.715574e-02 -9.961947e-01 0.000000e+00
    outer loop
      vertex   1.526279e+02 -6.025018e+01 5.350000e+00
      vertex   1.526279e+02 -6.025018e+01 9.183333e+00
      vertex   1.524282e+02 -6.023271e+01 5.350000e+00
    endloop
  endfacet
  facet normal -8.715574e-02 -9.961947e-01 0.000000e+00
    outer loop
      vertex   1.524282e+02 -6.023271e+01 5.350000e+00
      vertex   1.526279e+02 -6.025018e+01 9.183333e+00
      vertex   1.524282e+02 -6.023271e+01 9.183333e+00
    endloop
  endfacet
  facet normal 8.715574e-02 -9.961947e-01 0.000000e+00
    outer loop
      vertex   1.524282e+02 -6.023271e+01 5.350000e+00
      vertex   1.524282e+02 -6.023271e+01 9.183333e+00
      vertex   1.522285e+02 -6.025018e+01 5.350000e+00
    endloop
  endfacet
  facet normal 8.715574e-02 -9.961947e-01 0.000000e+00
    outer loop
      vertex   1.522285e+02 -6.025018e+01 5.350000e+00
      vertex   1.524282e+02 -6.023271e+01 9.183333e+00
      vertex   1.522285e+02 -6.025018e+01 9.183333e+00
    endloop
  endfacet
  facet normal 2.588190e-01 -9.659258e-01 0.000000e+00
    outer loop
      vertex   1.522285e+02 -6.025018e+01 5.350000e+00
      vertex   1.522285e+02 -6.025018e+01 9.183333e+00
      vertex   1.520349e+02 -6.030206e+01 5.350000e+00
    endloop
  endfacet
  facet normal 2.588190e-01 -9.659258e-01 0.000000e+00
    outer loop
      vertex   1.520349e+02 -6.030206e+01 5.350000e+00
      vertex   1.522285e+02 -6.025018e+01 9.183333e+00
      vertex   1.520349e+02 -6.030206e+01 9.183333e+00
    endloop
  endfacet
  facet normal 4.226183e-01 -9.063078e-01 0.000000e+00
    outer loop
      vertex   1.520349e+02 -6.030206e+01 5.350000e+00
      vertex   1.520349e+02 -6.030206e+01 9.183333e+00
      vertex   1.518532e+02 -6.038678e+01 5.350000e+00
    endloop
  endfacet
  facet normal 4.226183e-01 -9.063078e-01 0.000000e+00
    outer loop
      vertex   1.518532e+02 -6.038678e+01 5.350000e+00
      vertex   1.520349e+02 -6.030206e+01 9.183333e+00
      vertex   1.518532e+02 -6.038678e+01 9.183333e+00
    endloop
  endfacet
  facet normal 5.735764e-01 -8.191520e-01 0.000000e+00
    outer loop
      vertex   1.518532e+02 -6.038678e+01 5.350000e+00
      vertex   1.518532e+02 -6.038678e+01 9.183333e+00
      vertex   1.516890e+02 -6.050176e+01 5.350000e+00
    endloop
  endfacet
  facet normal 5.735764e-01 -8.191520e-01 0.000000e+00
    outer loop
      vertex   1.516890e+02 -6.050176e+01 5.350000e+00
      vertex   1.518532e+02 -6.038678e+01 9.183333e+00
      vertex   1.516890e+02 -6.050176e+01 9.183333e+00
    endloop
  endfacet
  facet normal 7.071068e-01 -7.071068e-01 0.000000e+00
    outer loop
      vertex   1.516890e+02 -6.050176e+01 5.350000e+00
      vertex   1.516890e+02 -6.050176e+01 9.183333e+00
      vertex   1.515473e+02 -6.064351e+01 5.350000e+00
    endloop
  endfacet
  facet normal 7.071068e-01 -7.071068e-01 0.000000e+00
    outer loop
      vertex   1.515473e+02 -6.064351e+01 5.350000e+00
      vertex   1.516890e+02 -6.050176e+01 9.183333e+00
      vertex   1.515473e+02 -6.064351e+01 9.183333e+00
    endloop
  endfacet
  facet normal 8.191520e-01 -5.735764e-01 0.000000e+00
    outer loop
      vertex   1.515473e+02 -6.064351e+01 5.350000e+00
      vertex   1.515473e+02 -6.064351e+01 9.183333e+00
      vertex   1.514323e+02 -6.080771e+01 5.350000e+00
    endloop
  endfacet
  facet normal 8.191520e-01 -5.735764e-01 0.000000e+00
    outer loop
      vertex   1.514323e+02 -6.080771e+01 5.350000e+00
      vertex   1.515473e+02 -6.064351e+01 9.183333e+00
      vertex   1.514323e+02 -6.080771e+01 9.183333e+00
    endloop
  endfacet
  facet normal 9.063078e-01 -4.226183e-01 0.000000e+00
    outer loop
      vertex   1.514323e+02 -6.080771e+01 5.350000e+00
      vertex   1.514323e+02 -6.080771e+01 9.183333e+00
      vertex   1.513476e+02 -6.098939e+01 5.350000e+00
    endloop
  endfacet
  facet normal 9.063078e-01 -4.226183e-01 0.000000e+00
    outer loop
      vertex   1.513476e+02 -6.098939e+01 5.350000e+00
      vertex   1.514323e+02 -6.080771e+01 9.183333e+00
      vertex   1.513476e+02 -6.098939e+01 9.183333e+00
    endloop
  endfacet
  facet normal 9.659258e-01 -2.588190e-01 0.000000e+00
    outer loop
      vertex   1.513476e+02 -6.098939e+01 5.350000e+00
      vertex   1.513476e+02 -6.098939e+01 9.183333e+00
      vertex   1.512957e+02 -6.118302e+01 5.350000e+00
    endloop
  endfacet
  facet normal 9.659258e-01 -2.588190e-01 0.000000e+00
    outer loop
      vertex   1.512957e+02 -6.118302e+01 5.350000e+00
      vertex   1.513476e+02 -6.098939e+01 9.183333e+00
      vertex   1.512957e+02 -6.118302e+01 9.183333e+00
    endloop
  endfacet
  facet normal 9.961947e-01 -8.715574e-02 0.000000e+00
    outer loop
      vertex   1.512957e+02 -6.118302e+01 5.350000e+00
      vertex   1.512957e+02 -6.118302e+01 9.183333e+00
      vertex   1.512782e+02 -6.138271e+01 5.350000e+00
    endloop
  endfacet
  facet normal 9.961947e-01 -8.715574e-02 0.000000e+00
    outer loop
      vertex   1.512782e+02 -6.138271e+01 5.350000e+00
      vertex   1.512957e+02 -6.118302e+01 9.183333e+00
      vertex   1.512782e+02 -6.138271e+01 9.183333e+00
    endloop
  endfacet
  facet normal 9.961947e-01 8.715574e-02 -0.000000e+00
    outer loop
      vertex   1.512782e+02 -6.138271e+01 5.350000e+00
      vertex   1.512782e+02 -6.138271e+01 9.183333e+00
      vertex   1.512957e+02 -6.158241e+01 5.350000e+00
    endloop
  endfacet
  facet normal 9.961947e-01 8.715574e-02 -0.000000e+00
    outer loop
      vertex   1.512957e+02 -6.158241e+01 5.350000e+00
      vertex   1.512782e+02 -6.138271e+01 9.183333e+00
      vertex   1.512957e+02 -6.158241e+01 9.183333e+00
    endloop
  endfacet
  facet normal 9.659258e-01 2.588190e-01 -0.000000e+00
    outer loop
      vertex   1.512957e+02 -6.158241e+01 5.350000e+00
      vertex   1.512957e+02 -6.158241e+01 9.183333e+00
      vertex   1.513476e+02 -6.177603e+01 5.350000e+00
    endloop
  endfacet
  facet normal 9.659258e-01 2.588190e-01 -0.000000e+00
    outer loop
      vertex   1.513476e+02 -6.177603e+01 5.350000e+00
      vertex   1.512957e+02 -6.158241e+01 9.183333e+00
      vertex   1.513476e+02 -6.177603e+01 9.183333e+00
    endloop
  endfacet
  facet normal 9.063078e-01 4.226183e-01 -0.000000e+00
    outer loop
      vertex   1.513476e+02 -6.177603e+01 5.350000e+00
      vertex   1.513476e+02 -6.177603e+01 9.183333e+00
      vertex   1.514323e+02 -6.195771e+01 5.350000e+00
    endloop
  endfacet
  facet normal 9.063078e-01 4.226183e-01 -0.000000e+00
    outer loop
      vertex   1.514323e+02 -6.195771e+01 5.350000e+00
      vertex   1.513476e+02 -6.177603e+01 9.183333e+00
      vertex   1.514323e+02 -6.195771e+01 9.183333e+00
    endloop
  endfacet
  facet normal 8.191520e-01 5.735764e-01 -0.000000e+00
    outer loop
      vertex   1.514323e+02 -6.195771e+01 5.350000e+00
      vertex   1.514323e+02 -6.195771e+01 9.183333e+00
      vertex   1.515473e+02 -6.212192e+01 5.350000e+00
    endloop
  endfacet
  facet normal 8.191520e-01 5.735764e-01 -0.000000e+00
    outer loop
      vertex   1.515473e+02 -6.212192e+01 5.350000e+00
      vertex   1.514323e+02 -6.195771e+01 9.183333e+00
      vertex   1.515473e+02 -6.212192e+01 9.183333e+00
    endloop
  endfacet
  facet normal 7.071068e-01 7.071068e-01 -0.000000e+00
    outer loop
      vertex   1.515473e+02 -6.212192e+01 5.350000e+00
      vertex   1.515473e+02 -6.212192e+01 9.183333e+00
      vertex   1.516890e+02 -6.226366e+01 5.350000e+00
    endloop
  endfacet
  facet normal 7.071068e-01 7.071068e-01 -0.000000e+00
    outer loop
      vertex   1.516890e+02 -6.226366e+01 5.350000e+00
      vertex   1.515473e+02 -6.212192e+01 9.183333e+00
      vertex   1.516890e+02 -6.226366e+01 9.183333e+00
    endloop
  endfacet
  facet normal 5.735764e-01 8.191520e-01 -0.000000e+00
    outer loop
      vertex   1.516890e+02 -6.226366e+01 5.350000e+00
      vertex   1.516890e+02 -6.226366e+01 9.183333e+00
      vertex   1.518532e+02 -6.237864e+01 5.350000e+00
    endloop
  endfacet
  facet normal 5.735764e-01 8.191520e-01 -0.000000e+00
    outer loop
      vertex   1.518532e+02 -6.237864e+01 5.350000e+00
      vertex   1.516890e+02 -6.226366e+01 9.183333e+00
      vertex   1.518532e+02 -6.237864e+01 9.183333e+00
    endloop
  endfacet
  facet normal 4.226183e-01 9.063078e-01 -0.000000e+00
    outer loop
      vertex   1.518532e+02 -6.237864e+01 5.350000e+00
      vertex   1.518532e+02 -6.237864e+01 9.183333e+00
      vertex   1.520349e+02 -6.246336e+01 5.350000e+00
    endloop
  endfacet
  facet normal 4.226183e-01 9.063078e-01 -0.000000e+00
    outer loop
      vertex   1.520349e+02 -6.246336e+01 5.350000e+00
      vertex   1.518532e+02 -6.237864e+01 9.183333e+00
      vertex   1.520349e+02 -6.246336e+01 9.183333e+00
    endloop
  endfacet
  facet normal 2.588190e-01 9.659258e-01 -0.000000e+00
    outer loop
      vertex   1.520349e+02 -6.246336e+01 5.350000e+00
      vertex   1.520349e+02 -6.246336e+01 9.183333e+00
      vertex   1.522285e+02 -6.251524e+01 5.350000e+00
    endloop
  endfacet
  facet normal 2.588190e-01 9.659258e-01 -0.000000e+00
    outer loop
      vertex   1.522285e+02 -6.251524e+01 5.350000e+00
      vertex   1.520349e+02 -6.246336e+01 9.183333e+00
      vertex   1.522285e+02 -6.251524e+01 9.183333e+00
    endloop
  endfacet
  facet normal 8.715574e-02 9.961947e-01 -0.000000e+00
    outer loop
      vertex   1.522285e+02 -6.251524e+01 5.350000e+00
      vertex   1.522285e+02 -6.251524e+01 9.183333e+00
      vertex   1.524282e+02 -6.253271e+01 5.350000e+00
    endloop
  endfacet
  facet normal 8.715574e-02 9.961947e-01 -0.000000e+00
    outer loop
      vertex   1.524282e+02 -6.253271e+01 5.350000e+00
      vertex   1.522285e+02 -6.251524e+01 9.183333e+00
      vertex   1.524282e+02 -6.253271e+01 9.183333e+00
    endloop
  endfacet
  facet normal -8.715574e-02 9.961947e-01 0.000000e+00
    outer loop
      vertex   1.524282e+02 -6.253271e+01 5.350000e+00
      vertex   1.524282e+02 -6.253271e+01 9.183333e+00
      vertex   1.526279e+02 -6.251524e+01 5.350000e+00
    endloop
  endfacet
  facet normal -8.715574e-02 9.961947e-01 0.000000e+00
    outer loop
      vertex   1.526279e+02 -6.251524e+01 5.350000e+00
      vertex   1.524282e+02 -6.253271e+01 9.183333e+00
      vertex   1.526279e+02 -6.251524e+01 9.183333e+00
    endloop
  endfacet
  facet normal -2.588190e-01 9.659258e-01 0.000000e+00
    outer loop
      vertex   1.526279e+02 -6.251524e+01 5.350000e+00
      vertex   1.526279e+02 -6.251524e+01 9.183333e+00
      vertex   1.528216e+02 -6.246336e+01 5.350000e+00
    endloop
  endfacet
  facet normal -2.588190e-01 9.659258e-01 0.000000e+00
    outer loop
      vertex   1.528216e+02 -6.246336e+01 5.350000e+00
      vertex   1.526279e+02 -6.251524e+01 9.183333e+00
      vertex   1.528216e+02 -6.246336e+01 9.183333e+00
    endloop
  endfacet
  facet normal -4.226183e-01 9.063078e-01 0.000000e+00
    outer loop
      vertex   1.528216e+02 -6.246336e+01 5.350000e+00
      vertex   1.528216e+02 -6.246336e+01 9.183333e+00
      vertex   1.530032e+02 -6.237864e+01 5.350000e+00
    endloop
  endfacet
  facet normal -4.226183e-01 9.063078e-01 0.000000e+00
    outer loop
      vertex   1.530032e+02 -6.237864e+01 5.350000e+00
      vertex   1.528216e+02 -6.246336e+01 9.183333e+00
      vertex   1.530032e+02 -6.237864e+01 9.183333e+00
    endloop
  endfacet
  facet normal -5.735764e-01 8.191520e-01 0.000000e+00
    outer loop
      vertex   1.530032e+02 -6.237864e+01 5.350000e+00
      vertex   1.530032e+02 -6.237864e+01 9.183333e+00
      vertex   1.531675e+02 -6.226366e+01 5.350000e+00
    endloop
  endfacet
  facet normal -5.735764e-01 8.191520e-01 0.000000e+00
    outer loop
      vertex   1.531675e+02 -6.226366e+01 5.350000e+00
      vertex   1.530032e+02 -6.237864e+01 9.183333e+00
      vertex   1.531675e+02 -6.226366e+01 9.183333e+00
    endloop
  endfacet
  facet normal -7.071068e-01 7.071068e-01 0.000000e+00
    outer loop
      vertex   1.531675e+02 -6.226366e+01 5.350000e+00
      vertex   1.531675e+02 -6.226366e+01 9.183333e+00
      vertex   1.533092e+02 -6.212192e+01 5.350000e+00
    endloop
  endfacet
  facet normal -7.071068e-01 7.071068e-01 0.000000e+00
    outer loop
      vertex   1.533092e+02 -6.212192e+01 5.350000e+00
      vertex   1.531675e+02 -6.226366e+01 9.183333e+00
      vertex   1.533092e+02 -6.212192e+01 9.183333e+00
    endloop
  endfacet
  facet normal -8.191520e-01 5.735764e-01 0.000000e+00
    outer loop
      vertex   1.533092e+02 -6.212192e+01 5.350000e+00
      vertex   1.533092e+02 -6.212192e+01 9.183333e+00
      vertex   1.534242e+02 -6.195771e+01 5.350000e+00
    endloop
  endfacet
  facet normal -8.191520e-01 5.735764e-01 0.000000e+00
    outer loop
      vertex   1.534242e+02 -6.195771e+01 5.350000e+00
      vertex   1.533092e+02 -6.212192e+01 9.183333e+00
      vertex   1.534242e+02 -6.195771e+01 9.183333e+00
    endloop
  endfacet
  facet normal -9.063078e-01 4.226183e-01 0.000000e+00
    outer loop
      vertex   1.534242e+02 -6.195771e+01 5.350000e+00
      vertex   1.534242e+02 -6.195771e+01 9.183333e+00
      vertex   1.535089e+02 -6.177603e+01 5.350000e+00
    endloop
  endfacet
  facet normal -9.063078e-01 4.226183e-01 0.000000e+00
    outer loop
      vertex   1.535089e+02 -6.177603e+01 5.350000e+00
      vertex   1.534242e+02 -6.195771e+01 9.183333e+00
      vertex   1.535089e+02 -6.177603e+01 9.183333e+00
    endloop
  endfacet
  facet normal -9.659258e-01 2.588190e-01 0.000000e+00
    outer loop
      vertex   1.535089e+02 -6.177603e+01 5.350000e+00
      vertex   1.535089e+02 -6.177603e+01 9.183333e+00
      vertex   1.535608e+02 -6.158241e+01 5.350000e+00
    endloop
  endfacet
  facet normal -9.659258e-01 2.588190e-01 0.000000e+00
    outer loop
      vertex   1.535608e+02 -6.158241e+01 5.350000e+00
      vertex   1.535089e+02 -6.177603e+01 9.183333e+00
      vertex   1.535608e+02 -6.158241e+01 9.183333e+00
    endloop
  endfacet
  facet normal -9.961947e-01 8.715574e-02 0.000000e+00
    outer loop
      vertex   1.535782e+02 -6.138271e+01 1.301667e+01
      vertex   1.535782e+02 -6.138271e+01 9.183333e+00
      vertex   1.535608e+02 -6.158241e+01 1.301667e+01
    endloop
  endfacet
  facet normal -9.961947e-01 8.715574e-02 0.000000e+00
    outer loop
      vertex   1.535608e+02 -6.158241e+01 1.301667e+01
      vertex   1.535782e+02 -6.138271e+01 9.183333e+00
      vertex   1.535608e+02 -6.158241e+01 9.183333e+00
    endloop
  endfacet
  facet normal -9.659258e-01 2.588190e-01 0.000000e+00
    outer loop
      vertex   1.535608e+02 -6.158241e+01 1.301667e+01
      vertex   1.535608e+02 -6.158241e+01 9.183333e+00
      vertex   1.535089e+02 -6.177603e+01 1.301667e+01
    endloop
  endfacet
  facet normal -9.659258e-01 2.588190e-01 0.000000e+00
    outer loop
      vertex   1.535089e+02 -6.177603e+01 1.301667e+01
      vertex   1.535608e+02 -6.158241e+01 9.183333e+00
      vertex   1.535089e+02 -6.177603e+01 9.183333e+00
    endloop
  endfacet
  facet normal -9.063078e-01 4.226183e-01 0.000000e+00
    outer loop
      vertex   1.535089e+02 -6.177603e+01 1.301667e+01
      vertex   1.535089e+02 -6.177603e+01 9.183333e+00
      vertex   1.534242e+02 -6.195771e+01 1.301667e+01
    endloop
  endfacet
  facet normal -9.063078e-01 4.226183e-01 0.000000e+00
    outer loop
      vertex   1.534242e+02 -6.195771e+01 1.301667e+01
      vertex   1.535089e+02 -6.177603e+01 9.183333e+00
      vertex   1.534242e+02 -6.195771e+01 9.183333e+00
    endloop
  endfacet
  facet normal -8.191520e-01 5.735764e-01 0.000000e+00
    outer loop
      vertex   1.534242e+02 -6.195771e+01 1.301667e+01
      vertex   1.534242e+02 -6.195771e+01 9.183333e+00
      vertex   1.533092e+02 -6.212192e+01 1.301667e+01
    endloop
  endfacet
  facet normal -8.191520e-01 5.735764e-01 0.000000e+00
    outer loop
      vertex   1.533092e+02 -6.212192e+01 1.301667e+01
      vertex   1.534242e+02 -6.195771e+01 9.183333e+00
      vertex   1.533092e+02 -6.212192e+01 9.183333e+00
    endloop
  endfacet
  facet normal -7.071068e-01 7.071068e-01 0.000000e+00
    outer loop
      vertex   1.533092e+02 -6.212192e+01 1.301667e+01
      vertex   1.533092e+02 -6.212192e+01 9.183333e+00
      vertex   1.531675e+02 -6.226366e+01 1.301667e+01
    endloop
  endfacet
  facet normal -7.071068e-01 7.071068e-01 0.000000e+00
    outer loop
      vertex   1.531675e+02 -6.226366e+01 1.301667e+01
      vertex   1.533092e+02 -6.212192e+01 9.183333e+00
      vertex   1.531675e+02 -6.226366e+01 9.183333e+00
    endloop
  endfacet
  facet normal -5.735764e-01 8.191520e-01 0.000000e+00
    outer loop
      vertex   1.531675e+02 -6.226366e+01 1.301667e+01
      vertex   1.531675e+02 -6.226366e+01 9.183333e+00
      vertex   1.530032e+02 -6.237864e+01 1.301667e+01
    endloop
  endfacet
  facet normal -5.735764e-01 8.191520e-01 0.000000e+00
    outer loop
      vertex   1.530032e+02 -6.237864e+01 1.301667e+01
      vertex   1.531675e+02 -6.226366e+01 9.183333e+00
      vertex   1.530032e+02 -6.237864e+01 9.183333e+00
    endloop
  endfacet
  facet normal -4.226183e-01 9.063078e-01 0.000000e+00
    outer loop
      vertex   1.530032e+02 -6.237864e+01 1.301667e+01
      vertex   1.530032e+02 -6.237864e+01 9.183333e+00
      vertex   1.528216e+02 -6.246336e+01 1.301667e+01
    endloop
  endfacet
  facet normal -4.226183e-01 9.063078e-01 0.000000e+00
    outer loop
      vertex   1.528216e+02 -6.246336e+01 1.301667e+01
      vertex   1.530032e+02 -6.237864e+01 9.183333e+00
      vertex   1.528216e+02 -6.246336e+01 9.183333e+00
    endloop
  endfacet
  facet normal -2.588190e-01 9.659258e-01 0.000000e+00
    outer loop
      vertex   1.528216e+02 -6.246336e+01 1.301667e+01
      vertex   1.528216e+02 -6.246336e+01 9.183333e+00
      vertex   1.526279e+02 -6.251524e+01 1.301667e+01
    endloop
  endfacet
  facet normal -2.588190e-01 9.659258e-01 0.000000e+00
    outer loop
      vertex   1.526279e+02 -6.251524e+01 1.301667e+01
      vertex   1.528216e+02 -6.246336e+01 9.183333e+00
      vertex   1.526279e+02 -6.251524e+01 9.183333e+00
    endloop
  endfacet
  facet normal -8.715574e-02 9.961947e-01 0.000000e+00
    outer loop
      vertex   1.526279e+02 -6.251524e+01 1.301667e+01
      vertex   1.526279e+02 -6.251524e+01 9.183333e+00
      vertex   1.524282e+02 -6.253271e+01 1.301667e+01
    endloop
  endfacet
  facet normal -8.715574e-02 9.961947e-01 0.000000e+00
    outer loop
      vertex   1.524282e+02 -6.253271e+01 1.301667e+01
      vertex   1.526279e+02 -6.251524e+01 9.183333e+00
      vertex   1.524282e+02 -6.253271e+01 9.183333e+00
    endloop
  endfacet
  facet normal 8.715574e-02 9.961947e-01 0.000000e+00
    outer loop
      vertex   1.524282e+02 -6.253271e+01 1.301667e+01
      vertex   1.524282e+02 -6.253271e+01 9.183333e+00
      vertex   1.522285e+02 -6.251524e+01 1.301667e+01
    endloop
  endfacet
  facet normal 8.715574e-02 9.961947e-01 0.000000e+00
    outer loop
      vertex   1.522285e+02 -6.251524e+01 1.301667e+01
      vertex   1.524282e+02 -6.253271e+01 9.183333e+00
      vertex   1.522285e+02 -6.251524e+01 9.183333e+00
    endloop
  endfacet
  facet normal 2.588190e-01 9.659258e-01 0.000000e+00
    outer loop
      vertex   1.522285e+02 -6.251524e+01 1.301667e+01
      vertex   1.522285e+02 -6.251524e+01 9.183333e+00
      vertex   1.520349e+02 -6.246336e+01 1.301667e+01
    endloop
  endfacet
  facet normal 2.588190e-01 9.659258e-01 0.000000e+00
    outer loop
      vertex   1.520349e+02 -6.246336e+01 1.301667e+01
      vertex   1.522285e+02 -6.251524e+01 9.183333e+00
      vertex   1.520349e+02 -6.246336e+01 9.183333e+00
    endloop
  endfacet
  facet normal 4.226183e-01 9.063078e-01 0.000000e+00
    outer loop
      vertex   1.520349e+02 -6.246336e+01 1.301667e+01
      vertex   1.520349e+02 -6.246336e+01 9.183333e+00
      vertex   1.518532e+02 -6.237864e+01 1.301667e+01
    endloop
  endfacet
  facet normal 4.226183e-01 9.063078e-01 0.000000e+00
    outer loop
      vertex   1.518532e+02 -6.237864e+01 1.301667e+01
      vertex   1.520349e+02 -6.246336e+01 9.183333e+00
      vertex   1.518532e+02 -6.237864e+01 9.183333e+00
    endloop
  endfacet
  facet normal 5.735764e-01 8.191520e-01 0.000000e+00
    outer loop
      vertex   1.518532e+02 -6.237864e+01 1.301667e+01
      vertex   1.518532e+02 -6.237864e+01 9.183333e+00
      vertex   1.516890e+02 -6.226366e+01 1.301667e+01
    endloop
  endfacet
  facet normal 5.735764e-01 8.191520e-01 0.000000e+00
    outer loop
      vertex   1.516890e+02 -6.226366e+01 1.301667e+01
      vertex   1.518532e+02 -6.237864e+01 9.183333e+00
      vertex   1.516890e+02 -6.226366e+01 9.183333e+00
    endloop
  endfacet
  facet normal 7.071068e-01 7.071068e-01 0.000000e+00
    outer loop
      vertex   1.516890e+02 -6.226366e+01 1.301667e+01
      vertex   1.516890e+02 -6.226366e+01 9.183333e+00
      vertex   1.515473e+02 -6.212192e+01 1.301667e+01
    endloop
  endfacet
  facet normal 7.071068e-01 7.071068e-01 0.000000e+00
    outer loop
      vertex   1.515473e+02 -6.212192e+01 1.301667e+01
      vertex   1.516890e+02 -6.226366e+01 9.183333e+00
      vertex   1.515473e+02 -6.212192e+01 9.183333e+00
    endloop
  endfacet
  facet normal 8.191520e-01 5.735764e-01 0.000000e+00
    outer loop
      vertex   1.515473e+02 -6.212192e+01 1.301667e+01
      vertex   1.515473e+02 -6.212192e+01 9.183333e+00
      vertex   1.514323e+02 -6.195771e+01 1.301667e+01
    endloop
  endfacet
  facet normal 8.191520e-01 5.735764e-01 0.000000e+00
    outer loop
      vertex   1.514323e+02 -6.195771e+01 1.301667e+01
      vertex   1.515473e+02 -6.212192e+01 9.183333e+00
      vertex   1.514323e+02 -6.195771e+01 9.183333e+00
    endloop
  endfacet
  facet normal 9.063078e-01 4.226183e-01 0.000000e+00
    outer loop
      vertex   1.514323e+02 -6.195771e+01 1.301667e+01
      vertex   1.514323e+02 -6.195771e+01 9.183333e+00
      vertex   1.513476e+02 -6.177603e+01 1.301667e+01
    endloop
  endfacet
  facet normal 9.063078e-01 4.226183e-01 0.000000e+00
    outer loop
      vertex   1.513476e+02 -6.177603e+01 1.301667e+01
      vertex   1.514323e+02 -6.195771e+01 9.183333e+00
      vertex   1.513476e+02 -6.177603e+01 9.183333e+00
    endloop
  endfacet
  facet normal 9.659258e-01 2.588190e-01 0.000000e+00
    outer loop
      vertex   1.513476e+02 -6.177603e+01 1.301667e+01
      vertex   1.513476e+02 -6.177603e+01 9.183333e+00
      vertex   1.512957e+02 -6.158241e+01 1.301667e+01
    endloop
  endfacet
  facet normal 9.659258e-01 2.588190e-01 0.000000e+00
    outer loop
      vertex   1.512957e+02 -6.158241e+01 1.301667e+01
      vertex   1.513476e+02 -6.177603e+01 9.183333e+00
      vertex   1.512957e+02 -6.158241e+01 9.183333e+00
    endloop
  endfacet
  facet normal 9.961947e-01 8.715574e-02 0.000000e+00
    outer loop
      vertex   1.512957e+02 -6.158241e+01 1.301667e+01
      vertex   1.512957e+02 -6.158241e+01 9.183333e+00
      vertex   1.512782e+02 -6.138271e+01 1.301667e+01
    endloop
  endfacet
  facet normal 9.961947e-01 8.715574e-02 0.000000e+00
    outer loop
      vertex   1.512782e+02 -6.138271e+01 1.301667e+01
      vertex   1.512957e+02 -6.158241e+01 9.183333e+00
      vertex   1.512782e+02 -6.138271e+01 9.183333e+00
    endloop
  endfacet
  facet normal 9.961947e-01 -8.715574e-02 0.000000e+00
    outer loop
      vertex   1.512782e+02 -6.138271e+01 1.301667e+01
      vertex   1.512782e+02 -6.138271e+01 9.183333e+00
      vertex   1.512957e+02 -6.118302e+01 1.301667e+01
    endloop
  endfacet
  facet normal 9.961947e-01 -8.715574e-02 0.000000e+00
    outer loop
      vertex   1.512957e+02 -6.118302e+01 1.301667e+01
      vertex   1.512782e+02 -6.138271e+01 9.183333e+00
      vertex   1.512957e+02 -6.118302e+01 9.183333e+00
    endloop
  endfacet
  facet normal 9.659258e-01 -2.588190e-01 0.000000e+00
    outer loop
      vertex   1.512957e+02 -6.118302e+01 1.301667e+01
      vertex   1.512957e+02 -6.118302e+01 9.183333e+00
      vertex   1.513476e+02 -6.098939e+01 1.301667e+01
    endloop
  endfacet
  facet normal 9.659258e-01 -2.588190e-01 0.000000e+00
    outer loop
      vertex   1.513476e+02 -6.098939e+01 1.301667e+01
      vertex   1.512957e+02 -6.118302e+01 9.183333e+00
      vertex   1.513476e+02 -6.098939e+01 9.183333e+00
    endloop
  endfacet
  facet normal 9.063078e-01 -4.226183e-01 0.000000e+00
    outer loop
      vertex   1.513476e+02 -6.098939e+01 1.301667e+01
      vertex   1.513476e+02 -6.098939e+01 9.183333e+00
      vertex   1.514323e+02 -6.080771e+01 1.301667e+01
    endloop
  endfacet
  facet normal 9.063078e-01 -4.226183e-01 0.000000e+00
    outer loop
      vertex   1.514323e+02 -6.080771e+01 1.301667e+01
      vertex   1.513476e+02 -6.098939e+01 9.183333e+00
      vertex   1.514323e+02 -6.080771e+01 9.183333e+00
    endloop
  endfacet
  facet normal 8.191520e-01 -5.735764e-01 0.000000e+00
    outer loop
      vertex   1.514323e+02 -6.080771e+01 1.301667e+01
      vertex   1.514323e+02 -6.080771e+01 9.183333e+00
      vertex   1.515473e+02 -6.064351e+01 1.301667e+01
    endloop
  endfacet
  facet normal 8.191520e-01 -5.735764e-01 0.000000e+00
    outer loop
      vertex   1.515473e+02 -6.064351e+01 1.301667e+01
      vertex   1.514323e+02 -6.080771e+01 9.183333e+00
      vertex   1.515473e+02 -6.064351e+01 9.183333e+00
    endloop
  endfacet
  facet normal 7.071068e-01 -7.071068e-01 0.000000e+00
    outer loop
      vertex   1.515473e+02 -6.064351e+01 1.301667e+01
      vertex   1.515473e+02 -6.064351e+01 9.183333e+00
      vertex   1.516890e+02 -6.050176e+01 1.301667e+01
    endloop
  endfacet
  facet normal 7.071068e-01 -7.071068e-01 0.000000e+00
    outer loop
      vertex   1.516890e+02 -6.050176e+01 1.301667e+01
      vertex   1.515473e+02 -6.064351e+01 9.183333e+00
      vertex   1.516890e+02 -6.050176e+01 9.183333e+00
    endloop
  endfacet
  facet normal 5.735764e-01 -8.191520e-01 0.000000e+00
    outer loop
      vertex   1.516890e+02 -6.050176e+01 1.301667e+01
      vertex   1.516890e+02 -6.050176e+01 9.183333e+00
      vertex   1.518532e+02 -6.038678e+01 1.301667e+01
    endloop
  endfacet
  facet normal 5.735764e-01 -8.191520e-01 0.000000e+00
    outer loop
      vertex   1.518532e+02 -6.038678e+01 1.301667e+01
      vertex   1.516890e+02 -6.050176e+01 9.183333e+00
      vertex   1.518532e+02 -6.038678e+01 9.183333e+00
    endloop
  endfacet
  facet normal 4.226183e-01 -9.063078e-01 0.000000e+00
    outer loop
      vertex   1.518532e+02 -6.038678e+01 1.301667e+01
      vertex   1.518532e+02 -6.038678e+01 9.183333e+00
      vertex   1.520349e+02 -6.030206e+01 1.301667e+01
    endloop
  endfacet
  facet normal 4.226183e-01 -9.063078e-01 0.000000e+00
    outer loop
      vertex   1.520349e+02 -6.030206e+01 1.301667e+01
      vertex   1.518532e+02 -6.038678e+01 9.183333e+00
      vertex   1.520349e+02 -6.030206e+01 9.183333e+00
    endloop
  endfacet
  facet normal 2.588190e-01 -9.659258e-01 0.000000e+00
    outer loop
      vertex   1.520349e+02 -6.030206e+01 1.301667e+01
      vertex   1.520349e+02 -6.030206e+01 9.183333e+00
      vertex   1.522285e+02 -6.025018e+01 1.301667e+01
    endloop
  endfacet
  facet normal 2.588190e-01 -9.659258e-01 0.000000e+00
    outer loop
      vertex   1.522285e+02 -6.025018e+01 1.301667e+01
      vertex   1.520349e+02 -6.030206e+01 9.183333e+00
      vertex   1.522285e+02 -6.025018e+01 9.183333e+00
    endloop
  endfacet
  facet normal 8.715574e-02 -9.961947e-01 0.000000e+00
    outer loop
      vertex   1.522285e+02 -6.025018e+01 1.301667e+01
      vertex   1.522285e+02 -6.025018e+01 9.183333e+00
      vertex   1.524282e+02 -6.023271e+01 1.301667e+01
    endloop
  endfacet
  facet normal 8.715574e-02 -9.961947e-01 0.000000e+00
    outer loop
      vertex   1.524282e+02 -6.023271e+01 1.301667e+01
      vertex   1.522285e+02 -6.025018e+01 9.183333e+00
      vertex   1.524282e+02 -6.023271e+01 9.183333e+00
    endloop
  endfacet
  facet normal -8.715574e-02 -9.961947e-01 -0.000000e+00
    outer loop
      vertex   1.524282e+02 -6.023271e+01 1.301667e+01
      vertex   1.524282e+02 -6.023271e+01 9.183333e+00
      vertex   1.526279e+02 -6.025018e+01 1.301667e+01
    endloop
  endfacet
  facet normal -8.715574e-02 -9.961947e-01 -0.000000e+00
    outer loop
      vertex   1.526279e+02 -6.025018e+01 1.301667e+01
      vertex   1.524282e+02 -6.023271e+01 9.183333e+00
      vertex   1.526279e+02 -6.025018e+01 9.183333e+00
    endloop
  endfacet
  facet normal -2.588190e-01 -9.659258e-01 -0.000000e+00
    outer loop
      vertex   1.526279e+02 -6.025018e+01 1.301667e+01
      vertex   1.526279e+02 -6.025018e+01 9.183333e+00
      vertex   1.528216e+02 -6.030206e+01 1.301667e+01
    endloop
  endfacet
  facet normal -2.588190e-01 -9.659258e-01 -0.000000e+00
    outer loop
      vertex   1.528216e+02 -6.030206e+01 1.301667e+01
      vertex   1.526279e+02 -6.025018e+01 9.183333e+00
      vertex   1.528216e+02 -6.030206e+01 9.183333e+00
    endloop
  endfacet
  facet normal -4.226183e-01 -9.063078e-01 -0.000000e+00
    outer loop
      vertex   1.528216e+02 -6.030206e+01 1.301667e+01
      vertex   1.528216e+02 -6.030206e+01 9.183333e+00
      vertex   1.530032e+02 -6.038678e+01 1.301667e+01
    endloop
  endfacet
  facet normal -4.226183e-01 -9.063078e-01 -0.000000e+00
    outer loop
      vertex   1.530032e+02 -6.038678e+01 1.301667e+01
      vertex   1.528216e+02 -6.030206e+01 9.183333e+00
      vertex   1.530032e+02 -6.038678e+01 9.183333e+00
    endloop
  endfacet
  facet normal -5.735764e-01 -8.191520e-01 -0.000000e+00
    outer loop
      vertex   1.530032e+02 -6.038678e+01 1.301667e+01
      vertex   1.530032e+02 -6.038678e+01 9.183333e+00
      vertex   1.531675e+02 -6.050176e+01 1.301667e+01
    endloop
  endfacet
  facet normal -5.735764e-01 -8.191520e-01 -0.000000e+00
    outer loop
      vertex   1.531675e+02 -6.050176e+01 1.301667e+01
      vertex   1.530032e+02 -6.038678e+01 9.183333e+00
      vertex   1.531675e+02 -6.050176e+01 9.183333e+00
    endloop
  endfacet
  facet normal -7.071068e-01 -7.071068e-01 -0.000000e+00
    outer loop
      vertex   1.531675e+02 -6.050176e+01 1.301667e+01
      vertex   1.531675e+02 -6.050176e+01 9.183333e+00
      vertex   1.533092e+02 -6.064351e+01 1.301667e+01
    endloop
  endfacet
  facet normal -7.071068e-01 -7.071068e-01 -0.000000e+00
    outer loop
      vertex   1.533092e+02 -6.064351e+01 1.301667e+01
      vertex   1.531675e+02 -6.050176e+01 9.183333e+00
      vertex   1.533092e+02 -6.064351e+01 9.183333e+00
    endloop
  endfacet
  facet normal -8.191520e-01 -5.735764e-01 -0.000000e+00
    outer loop
      vertex   1.533092e+02 -6.064351e+01 1.301667e+01
      vertex   1.533092e+02 -6.064351e+01 9.183333e+00
      vertex   1.534242e+02 -6.080771e+01 1.301667e+01
    endloop
  endfacet
  facet normal -8.191520e-01 -5.735764e-01 -0.000000e+00
    outer loop
      vertex   1.534242e+02 -6.080771e+01 1.301667e+01
      vertex   1.533092e+02 -6.064351e+01 9.183333e+00
      vertex   1.534242e+02 -6.080771e+01 9.183333e+00
    endloop
  endfacet
  facet normal -9.063078e-01 -4.226183e-01 -0.000000e+00
    outer loop
      vertex   1.534242e+02 -6.080771e+01 1.301667e+01
      vertex   1.534242e+02 -6.080771e+01 9.183333e+00
      vertex   1.535089e+02 -6.098939e+01 1.301667e+01
    endloop
  endfacet
  facet normal -9.063078e-01 -4.226183e-01 -0.000000e+00
    outer loop
      vertex   1.535089e+02 -6.098939e+01 1.301667e+01
      vertex   1.534242e+02 -6.080771e+01 9.183333e+00
      vertex   1.535089e+02 -6.098939e+01 9.183333e+00
    endloop
  endfacet
  facet normal -9.659258e-01 -2.588190e-01 -0.000000e+00
    outer loop
      vertex   1.535089e+02 -6.098939e+01 1.301667e+01
      vertex   1.535089e+02 -6.098939e+01 9.183333e+00
      vertex   1.535608e+02 -6.118302e+01 1.301667e+01
    endloop
  endfacet
  facet normal -9.659258e-01 -2.588190e-01 -0.000000e+00
    outer loop
      vertex   1.535608e+02 -6.118302e+01 1.301667e+01
      vertex   1.535089e+02 -6.098939e+01 9.183333e+00
      vertex   1.535608e+02 -6.118302e+01 9.183333e+00
    endloop
  endfacet
  facet normal -9.961947e-01 -8.715574e-02 -0.000000e+00
    outer loop
      vertex   1.535608e+02 -6.118302e+01 1.301667e+01
      vertex   1.535608e+02 -6.118302e+01 9.183333e+00
      vertex   1.535782e+02 -6.138271e+01 1.301667e+01
    endloop
  endfacet
  facet normal -9.961947e-01 -8.715574e-02 -0.000000e+00
    outer loop
      vertex   1.535782e+02 -6.138271e+01 1.301667e+01
      vertex   1.535608e+02 -6.118302e+01 9.183333e+00
      vertex   1.535782e+02 -6.138271e+01 9.183333e+00
    endloop
  endfacet
  facet normal 0.000000e+00 0.000000e+00 -1.000000e+00
    outer loop
      vertex   1.535608e+02 -6.158241e+01 1.685000e+01
      vertex   1.512957e+02 -6.158241e+01 1.685000e+01
      vertex   1.535782e+02 -6.138271e+01 1.685000e+01
    endloop
  endfacet
  facet normal -0.000000e+00 0.000000e+00 -1.000000e+00
    outer loop
      vertex   1.535782e+02 -6.138271e+01 1.685000e+01
      vertex   1.512957e+02 -6.158241e+01 1.685000e+01
      vertex   1.512782e+02 -6.138271e+01 1.685000e+01
    endloop
  endfacet
  facet normal 0.000000e+00 0.000000e+00 -1.000000e+00
    outer loop
      vertex   1.535782e+02 -6.138271e+01 1.685000e+01
      vertex   1.512782e+02 -6.138271e+01 1.685000e+01
      vertex   1.535608e+02 -6.118302e+01 1.685000e+01
    endloop
  endfacet
  facet normal -0.000000e+00 0.000000e+00 -1.000000e+00
    outer loop
      vertex   1.535608e+02 -6.118302e+01 1.685000e+01
      vertex   1.512782e+02 -6.138271e+01 1.685000e+01
      vertex   1.512957e+02 -6.118302e+01 1.685000e+01
    endloop
  endfacet
  facet normal 0.000000e+00 0.000000e+00 -1.000000e+00
    outer loop
      vertex   1.535608e+02 -6.118302e+01 1.685000e+01
      vertex   1.512957e+02 -6.118302e+01 1.685000e+01
      vertex   1.535089e+02 -6.098939e+01 1.685000e+01
    endloop
  endfacet
  facet normal -0.000000e+00 0.000000e+00 -1.000000e+00
    outer loop
      vertex   1.535089e+02 -6.098939e+01 1.685000e+01
      vertex   1.512957e+02 -6.118302e+01 1.685000e+01
      vertex   1.513476e+02 -6.098939e+01 1.685000e+01
    endloop
  endfacet
  facet normal 0.000000e+00 0.000000e+00 -1.000000e+00
    outer loop
      vertex   1.535089e+02 -6.098939e+01 1.685000e+01
      vertex   1.513476e+02 -6.098939e+01 1.685000e+01
      vertex   1.534242e+02 -6.080771e+01 1.685000e+01
    endloop
  endfacet
  facet normal -0.000000e+00 0.000000e+00 -1.000000e+00
    outer loop
      vertex   1.534242e+02 -6.080771e+01 1.685000e+01
      vertex   1.513476e+02 -6.098939e+01 1.685000e+01
      vertex   1.514323e+02 -6.080771e+01 1.685000e+01
    endloop
  endfacet
  facet normal 0.000000e+00 0.000000e+00 -1.000000e+00
    outer loop
      vertex   1.534242e+02 -6.080771e+01 1.685000e+01
      vertex   1.514323e+02 -6.080771e+01 1.685000e+01
      vertex   1.533092e+02 -6.064351e+01 1.685000e+01
    endloop
  endfacet
  facet normal -0.000000e+00 0.000000e+00 -1.000000e+00
    outer loop
      vertex   1.533092e+02 -6.064351e+01 1.685000e+01
      vertex   1.514323e+02 -6.080771e+01 1.685000e+01
      vertex   1.515473e+02 -6.064351e+01 1.685000e+01
    endloop
  endfacet
  facet normal 0.000000e+00 0.000000e+00 -1.000000e+00
    outer loop
      vertex   1.533092e+02 -6.064351e+01 1.685000e+01
      vertex   1.515473e+02 -6.064351e+01 1.685000e+01
      vertex   1.531675e+02 -6.050176e+01 1.685000e+01
    endloop
  endfacet
  facet normal -0.000000e+00 0.000000e+00 -1.000000e+00
    outer loop
      vertex   1.531675e+02 -6.050176e+01 1.685000e+01
      vertex   1.515473e+02 -6.064351e+01 1.685000e+01
      vertex   1.516890e+02 -6.050176e+01 1.685000e+01
    endloop
  endfacet
  facet normal 0.000000e+00 0.000000e+00 -1.000000e+00
    outer loop
      vertex   1.531675e+02 -6.050176e+01 1.685000e+01
      vertex   1.516890e+02 -6.050176e+01 1.685000e+01
      vertex   1.530032e+02 -6.038678e+01 1.685000e+01
    endloop
  endfacet
  facet normal -0.000000e+00 0.000000e+00 -1.000000e+00
    outer loop
      vertex   1.530032e+02 -6.038678e+01 1.685000e+01
      vertex   1.516890e+02 -6.050176e+01 1.685000e+01
      vertex   1.518532e+02 -6.038678e+01 1.685000e+01
    endloop
  endfacet
  facet normal 0.000000e+00 0.000000e+00 -1.000000e+00
    outer loop
      vertex   1.530032e+02 -6.038678e+01 1.685000e+01
      vertex   1.518532e+02 -6.038678e+01 1.685000e+01
      vertex   1.528216e+02 -6.030206e+01 1.685000e+01
    endloop
  endfacet
  facet normal -0.000000e+00 0.000000e+00 -1.000000e+00
    outer loop
      vertex   1.528216e+02 -6.030206e+01 1.685000e+01
      vertex   1.518532e+02 -6.038678e+01 1.685000e+01
      vertex   1.520349e+02 -6.030206e+01 1.685000e+01
    endloop
  endfacet
  facet normal 0.000000e+00 0.000000e+00 -1.000000e+00
    outer loop
      vertex   1.528216e+02 -6.030206e+01 1.685000e+01
      vertex   1.520349e+02 -6.030206e+01 1.685000e+01
      vertex   1.526279e+02 -6.025018e+01 1.685000e+01
    endloop
  endfacet
  facet normal -0.000000e+00 0.000000e+00 -1.000000e+00
    outer loop
      vertex   1.526279e+02 -6.025018e+01 1.685000e+01
      vertex   1.520349e+02 -6.030206e+01 1.685000e+01
      vertex   1.522285e+02 -6.025018e+01 1.685000e+01
    endloop
  endfacet
  facet normal 0.000000e+00 0.000000e+00 -1.000000e+00
    outer loop
      vertex   1.526279e+02 -6.025018e+01 1.685000e+01
      vertex   1.522285e+02 -6.025018e+01 1.685000e+01
      vertex   1.524282e+02 -6.023271e+01 1.685000e+01
    endloop
  endfacet
  facet normal 0.000000e+00 0.000000e+00 -1.000000e+00
    outer loop
      vertex   1.512957e+02 -6.158241e+01 1.685000e+01
      vertex   1.535608e+02 -6.158241e+01 1.685000e+01
      vertex   1.513476e+02 -6.177603e+01 1.685000e+01
    endloop
  endfacet
  facet normal 0.000000e+00 0.000000e+00 -1.000000e+00
    outer loop
      vertex   1.513476e+02 -6.177603e+01 1.685000e+01
      vertex   1.535608e+02 -6.158241e+01 1.685000e+01
      vertex   1.535089e+02 -6.177603e+01 1.685000e+01
    endloop
  endfacet
  facet normal 0.000000e+00 0.000000e+00 -1.000000e+00
    outer loop
      vertex   1.513476e+02 -6.177603e+01 1.685000e+01
      vertex   1.535089e+02 -6.177603e+01 1.685000e+01
      vertex   1.514323e+02 -6.195771e+01 1.685000e+01
    endloop
  endfacet
  facet normal 0.000000e+00 0.000000e+00 -1.000000e+00
    outer loop
      vertex   1.514323e+02 -6.195771e+01 1.685000e+01
      vertex   1.535089e+02 -6.177603e+01 1.685000e+01
      vertex   1.534242e+02 -6.195771e+01 1.685000e+01
    endloop
  endfacet
  facet normal 0.000000e+00 0.000000e+00 -1.000000e+00
    outer loop
      vertex   1.514323e+02 -6.195771e+01 1.685000e+01
      vertex   1.534242e+02 -6.195771e+01 1.685000e+01
      vertex   1.515473e+02 -6.212192e+01 1.685000e+01
    endloop
  endfacet
  facet normal 0.000000e+00 0.000000e+00 -1.000000e+00
    outer loop
      vertex   1.515473e+02 -6.212192e+01 1.685000e+01
      vertex   1.534242e+02 -6.195771e+01 1.685000e+01
      vertex   1.533092e+02 -6.212192e+01 1.685000e+01
    endloop
  endfacet
  facet normal 0.000000e+00 0.000000e+00 -1.000000e+00
    outer loop
      vertex   1.515473e+02 -6.212192e+01 1.685000e+01
      vertex   1.533092e+02 -6.212192e+01 1.685000e+01
      vertex   1.516890e+02 -6.226366e+01 1.685000e+01
    endloop
  endfacet
  facet normal 0.000000e+00 0.000000e+00 -1.000000e+00
    outer loop
      vertex   1.516890e+02 -6.226366e+01 1.685000e+01
      vertex   1.533092e+02 -6.212192e+01 1.685000e+01
      vertex   1.531675e+02 -6.226366e+01 1.685000e+01
    endloop
  endfacet
  facet normal 0.000000e+00 0.000000e+00 -1.000000e+00
    outer loop
      vertex   1.516890e+02 -6.226366e+01 1.685000e+01
      vertex   1.531675e+02 -6.226366e+01 1.685000e+01
      vertex   1.518532e+02 -6.237864e+01 1.685000e+01
    endloop
  endfacet
  facet normal 0.000000e+00 0.000000e+00 -1.000000e+00
    outer loop
      vertex   1.518532e+02 -6.237864e+01 1.685000e+01
      vertex   1.531675e+02 -6.226366e+01 1.685000e+01
      vertex   1.530032e+02 -6.237864e+01 1.685000e+01
    endloop
  endfacet
  facet normal 0.000000e+00 0.000000e+00 -1.000000e+00
    outer loop
      vertex   1.518532e+02 -6.237864e+01 1.685000e+01
      vertex   1.530032e+02 -6.237864e+01 1.685000e+01
      vertex   1.520349e+02 -6.246336e+01 1.685000e+01
    endloop
  endfacet
  facet normal 0.000000e+00 0.000000e+00 -1.000000e+00
    outer loop
      vertex   1.520349e+02 -6.246336e+01 1.685000e+01
      vertex   1.530032e+02 -6.237864e+01 1.685000e+01
      vertex   1.528216e+02 -6.246336e+01 1.685000e+01
    endloop
  endfacet
  facet normal 0.000000e+00 0.000000e+00 -1.000000e+00
    outer loop
      vertex   1.520349e+02 -6.246336e+01 1.685000e+01
      vertex   1.528216e+02 -6.246336e+01 1.685000e+01
      vertex   1.522285e+02 -6.251524e+01 1.685000e+01
    endloop
  endfacet
  facet normal 0.000000e+00 0.000000e+00 -1.000000e+00
    outer loop
      vertex   1.522285e+02 -6.251524e+01 1.685000e+01
      vertex   1.528216e+02 -6.246336e+01 1.685000e+01
      vertex   1.526279e+02 -6.251524e+01 1.685000e+01
    endloop
  endfacet
  facet normal 0.000000e+00 0.000000e+00 -1.000000e+00
    outer loop
      vertex   1.522285e+02 -6.251524e+01 1.685000e+01
      vertex   1.526279e+02 -6.251524e+01 1.685000e+01
      vertex   1.524282e+02 -6.253271e+01 1.685000e+01
    endloop
  endfacet
  facet normal -9.961947e-01 -8.715574e-02 -0.000000e+00
    outer loop
      vertex   1.529459e+02 -8.287697e+01 1.685000e+01
      vertex   1.529459e+02 -8.287697e+01 1.301667e+01
      vertex   1.529634e+02 -8.307667e+01 1.685000e+01
    endloop
  endfacet
  facet normal -9.961947e-01 -8.715574e-02 -0.000000e+00
    outer loop
      vertex   1.529634e+02 -8.307667e+01 1.685000e+01
      vertex   1.529459e+02 -8.287697e+01 1.301667e+01
      vertex   1.529634e+02 -8.307667e+01 1.301667e+01
    endloop
  endfacet
  facet normal -9.961947e-01 8.715574e-02 0.000000e+00
    outer loop
      vertex   1.529634e+02 -8.307667e+01 1.685000e+01
      vertex   1.529634e+02 -8.307667e+01 1.301667e+01
      vertex   1.529459e+02 -8.327636e+01 1.685000e+01
    endloop
  endfacet
  facet normal -9.961947e-01 8.715574e-02 0.000000e+00
    outer loop
      vertex   1.529459e+02 -8.327636e+01 1.685000e+01
      vertex   1.529634e+02 -8.307667e+01 1.301667e+01
      vertex   1.529459e+02 -8.327636e+01 1.301667e+01
    endloop
  endfacet
  facet normal -9.659258e-01 2.588190e-01 0.000000e+00
    outer loop
      vertex   1.529459e+02 -8.327636e+01 1.685000e+01
      vertex   1.529459e+02 -8.327636e+01 1.301667e+01
      vertex   1.528940e+02 -8.346999e+01 1.685000e+01
    endloop
  endfacet
  facet normal -9.659258e-01 2.588190e-01 0.000000e+00
    outer loop
      vertex   1.528940e+02 -8.346999e+01 1.685000e+01
      vertex   1.529459e+02 -8.327636e+01 1.301667e+01
      vertex   1.528940e+02 -8.346999e+01 1.301667e+01
    endloop
  endfacet
  facet normal -9.063078e-01 4.226183e-01 0.000000e+00
    outer loop
      vertex   1.528940e+02 -8.346999e+01 1.685000e+01
      vertex   1.528940e+02 -8.346999e+01 1.301667e+01
      vertex   1.528093e+02 -8.365167e+01 1.685000e+01
    endloop
  endfacet
  facet normal -9.063078e-01 4.226183e-01 0.000000e+00
    outer loop
      vertex   1.528093e+02 -8.365167e+01 1.685000e+01
      vertex   1.528940e+02 -8.346999e+01 1.301667e+01
      vertex   1.528093e+02 -8.365167e+01 1.301667e+01
    endloop
  endfacet
  facet normal -8.191520e-01 5.735764e-01 0.000000e+00
    outer loop
      vertex   1.528093e+02 -8.365167e+01 1.685000e+01
      vertex   1.528093e+02 -8.365167e+01 1.301667e+01
      vertex   1.526943e+02 -8.381587e+01 1.685000e+01
    endloop
  endfacet
  facet normal -8.191520e-01 5.735764e-01 0.000000e+00
    outer loop
      vertex   1.526943e+02 -8.381587e+01 1.685000e+01
      vertex   1.528093e+02 -8.365167e+01 1.301667e+01
      vertex   1.526943e+02 -8.381587e+01 1.301667e+01
    endloop
  endfacet
  facet normal -7.071068e-01 7.071068e-01 0.000000e+00
    outer loop
      vertex   1.526943e+02 -8.381587e+01 1.685000e+01
      vertex   1.526943e+02 -8.381587e+01 1.301667e+01
      vertex   1.525526e+02 -8.395762e+01 1.685000e+01
    endloop
  endfacet
  facet normal -7.071068e-01 7.071068e-01 0.000000e+00
    outer loop
      vertex   1.525526e+02 -8.395762e+01 1.685000e+01
      vertex   1.526943e+02 -8.381587e+01 1.301667e+01
      vertex   1.525526e+02 -8.395762e+01 1.301667e+01
    endloop
  endfacet
  facet normal -5.735764e-01 8.191520e-01 0.000000e+00
    outer loop
      vertex   1.525526e+02 -8.395762e+01 1.685000e+01
      vertex   1.525526e+02 -8.395762e+01 1.301667e+01
      vertex   1.523884e+02 -8.407260e+01 1.685000e+01
    endloop
  endfacet
  facet normal -5.735764e-01 8.191520e-01 0.000000e+00
    outer loop
      vertex   1.523884e+02 -8.407260e+01 1.685000e+01
      vertex   1.525526e+02 -8.395762e+01 1.301667e+01
      vertex   1.523884e+02 -8.407260e+01 1.301667e+01
    endloop
  endfacet
  facet normal -4.226183e-01 9.063078e-01 0.000000e+00
    outer loop
      vertex   1.523884e+02 -8.407260e+01 1.685000e+01
      vertex   1.523884e+02 -8.407260e+01 1.301667e+01
      vertex   1.522067e+02 -8.415731e+01 1.685000e+01
    endloop
  endfacet
  facet normal -4.226183e-01 9.063078e-01 0.000000e+00
    outer loop
      vertex   1.522067e+02 -8.415731e+01 1.685000e+01
      vertex   1.523884e+02 -8.407260e+01 1.301667e+01
      vertex   1.522067e+02 -8.415731e+01 1.301667e+01
    endloop
  endfacet
  facet normal -2.588190e-01 9.659258e-01 0.000000e+00
    outer loop
      vertex   1.522067e+02 -8.415731e+01 1.685000e+01
      vertex   1.522067e+02 -8.415731e+01 1.301667e+01
      vertex   1.520131e+02 -8.420920e+01 1.685000e+01
    endloop
  endfacet
  facet normal -2.588190e-01 9.659258e-01 0.000000e+00
    outer loop
      vertex   1.520131e+02 -8.420920e+01 1.685000e+01
      vertex   1.522067e+02 -8.415731e+01 1.301667e+01
      vertex   1.520131e+02 -8.420920e+01 1.301667e+01
    endloop
  endfacet
  facet normal -8.715574e-02 9.961947e-01 0.000000e+00
    outer loop
      vertex   1.520131e+02 -8.420920e+01 1.685000e+01
      vertex   1.520131e+02 -8.420920e+01 1.301667e+01
      vertex   1.518134e+02 -8.422667e+01 1.685000e+01
    endloop
  endfacet
  facet normal -8.715574e-02 9.961947e-01 0.000000e+00
    outer loop
      vertex   1.518134e+02 -8.422667e+01 1.685000e+01
      vertex   1.520131e+02 -8.420920e+01 1.301667e+01
      vertex   1.518134e+02 -8.422667e+01 1.301667e+01
    endloop
  endfacet
  facet normal 8.715574e-02 9.961947e-01 0.000000e+00
    outer loop
      vertex   1.518134e+02 -8.422667e+01 1.685000e+01
      vertex   1.518134e+02 -8.422667e+01 1.301667e+01
      vertex   1.516137e+02 -8.420920e+01 1.685000e+01
    endloop
  endfacet
  facet normal 8.715574e-02 9.961947e-01 0.000000e+00
    outer loop
      vertex   1.516137e+02 -8.420920e+01 1.685000e+01
      vertex   1.518134e+02 -8.422667e+01 1.301667e+01
      vertex   1.516137e+02 -8.420920e+01 1.301667e+01
    endloop
  endfacet
  facet normal 2.588190e-01 9.659258e-01 0.000000e+00
    outer loop
      vertex   1.516137e+02 -8.420920e+01 1.685000e+01
      vertex   1.516137e+02 -8.420920e+01 1.301667e+01
      vertex   1.514200e+02 -8.415731e+01 1.685000e+01
    endloop
  endfacet
  facet normal 2.588190e-01 9.659258e-01 0.000000e+00
    outer loop
      vertex   1.514200e+02 -8.415731e+01 1.685000e+01
      vertex   1.516137e+02 -8.420920e+01 1.301667e+01
      vertex   1.514200e+02 -8.415731e+01 1.301667e+01
    endloop
  endfacet
  facet normal 4.226183e-01 9.063078e-01 0.000000e+00
    outer loop
      vertex   1.514200e+02 -8.415731e+01 1.685000e+01
      vertex   1.514200e+02 -8.415731e+01 1.301667e+01
      vertex   1.512384e+02 -8.407260e+01 1.685000e+01
    endloop
  endfacet
  facet normal 4.226183e-01 9.063078e-01 0.000000e+00
    outer loop
      vertex   1.512384e+02 -8.407260e+01 1.685000e+01
      vertex   1.514200e+02 -8.415731e+01 1.301667e+01
      vertex   1.512384e+02 -8.407260e+01 1.301667e+01
    endloop
  endfacet
  facet normal 5.735764e-01 8.191520e-01 0.000000e+00
    outer loop
      vertex   1.512384e+02 -8.407260e+01 1.685000e+01
      vertex   1.512384e+02 -8.407260e+01 1.301667e+01
      vertex   1.510742e+02 -8.395762e+01 1.685000e+01
    endloop
  endfacet
  facet normal 5.735764e-01 8.191520e-01 0.000000e+00
    outer loop
      vertex   1.510742e+02 -8.395762e+01 1.685000e+01
      vertex   1.512384e+02 -8.407260e+01 1.301667e+01
      vertex   1.510742e+02 -8.395762e+01 1.301667e+01
    endloop
  endfacet
  facet normal 7.071068e-01 7.071068e-01 0.000000e+00
    outer loop
      vertex   1.510742e+02 -8.395762e+01 1.685000e+01
      vertex   1.510742e+02 -8.395762e+01 1.301667e+01
      vertex   1.509324e+02 -8.381587e+01 1.685000e+01
    endloop
  endfacet
  facet normal 7.071068e-01 7.071068e-01 0.000000e+00
    outer loop
      vertex   1.509324e+02 -8.381587e+01 1.685000e+01
      vertex   1.510742e+02 -8.395762e+01 1.301667e+01
      vertex   1.509324e+02 -8.381587e+01 1.301667e+01
    endloop
  endfacet
  facet normal 8.191520e-01 5.735764e-01 0.000000e+00
    outer loop
      vertex   1.509324e+02 -8.381587e+01 1.685000e+01
      vertex   1.509324e+02 -8.381587e+01 1.301667e+01
      vertex   1.508174e+02 -8.365167e+01 1.685000e+01
    endloop
  endfacet
  facet normal 8.191520e-01 5.735764e-01 0.000000e+00
    outer loop
      vertex   1.508174e+02 -8.365167e+01 1.685000e+01
      vertex   1.509324e+02 -8.381587e+01 1.301667e+01
      vertex   1.508174e+02 -8.365167e+01 1.301667e+01
    endloop
  endfacet
  facet normal 9.063078e-01 4.226183e-01 0.000000e+00
    outer loop
      vertex   1.508174e+02 -8.365167e+01 1.685000e+01
      vertex   1.508174e+02 -8.365167e+01 1.301667e+01
      vertex   1.507327e+02 -8.346999e+01 1.685000e+01
    endloop
  endfacet
  facet normal 9.063078e-01 4.226183e-01 0.000000e+00
    outer loop
      vertex   1.507327e+02 -8.346999e+01 1.685000e+01
      vertex   1.508174e+02 -8.365167e+01 1.301667e+01
      vertex   1.507327e+02 -8.346999e+01 1.301667e+01
    endloop
  endfacet
  facet normal 9.659258e-01 2.588190e-01 0.000000e+00
    outer loop
      vertex   1.507327e+02 -8.346999e+01 1.685000e+01
      vertex   1.507327e+02 -8.346999e+01 1.301667e+01
      vertex   1.506808e+02 -8.327636e+01 1.685000e+01
    endloop
  endfacet
  facet normal 9.659258e-01 2.588190e-01 0.000000e+00
    outer loop
      vertex   1.506808e+02 -8.327636e+01 1.685000e+01
      vertex   1.507327e+02 -8.346999e+01 1.301667e+01
      vertex   1.506808e+02 -8.327636e+01 1.301667e+01
    endloop
  endfacet
  facet normal 9.961947e-01 8.715574e-02 0.000000e+00
    outer loop
      vertex   1.506808e+02 -8.327636e+01 1.685000e+01
      vertex   1.506808e+02 -8.327636e+01 1.301667e+01
      vertex   1.506634e+02 -8.307667e+01 1.685000e+01
    endloop
  endfacet
  facet normal 9.961947e-01 8.715574e-02 0.000000e+00
    outer loop
      vertex   1.506634e+02 -8.307667e+01 1.685000e+01
      vertex   1.506808e+02 -8.327636e+01 1.301667e+01
      vertex   1.506634e+02 -8.307667e+01 1.301667e+01
    endloop
  endfacet
  facet normal 9.961947e-01 -8.715574e-02 0.000000e+00
    outer loop
      vertex   1.506634e+02 -8.307667e+01 1.685000e+01
      vertex   1.506634e+02 -8.307667e+01 1.301667e+01
      vertex   1.506808e+02 -8.287697e+01 1.685000e+01
    endloop
  endfacet
  facet normal 9.961947e-01 -8.715574e-02 0.000000e+00
    outer loop
      vertex   1.506808e+02 -8.287697e+01 1.685000e+01
      vertex   1.506634e+02 -8.307667e+01 1.301667e+01
      vertex   1.506808e+02 -8.287697e+01 1.301667e+01
    endloop
  endfacet
  facet normal 9.659258e-01 -2.588190e-01 0.000000e+00
    outer loop
      vertex   1.506808e+02 -8.287697e+01 1.685000e+01
      vertex   1.506808e+02 -8.287697e+01 1.301667e+01
      vertex   1.507327e+02 -8.268334e+01 1.685000e+01
    endloop
  endfacet
  facet normal 9.659258e-01 -2.588190e-01 0.000000e+00
    outer loop
      vertex   1.507327e+02 -8.268334e+01 1.685000e+01
      vertex   1.506808e+02 -8.287697e+01 1.301667e+01
      vertex   1.507327e+02 -8.268334e+01 1.301667e+01
    endloop
  endfacet
  facet normal 9.063078e-01 -4.226183e-01 0.000000e+00
    outer loop
      vertex   1.507327e+02 -8.268334e+01 1.685000e+01
      vertex   1.507327e+02 -8.268334e+01 1.301667e+01
      vertex   1.508174e+02 -8.250167e+01 1.685000e+01
    endloop
  endfacet
  facet normal 9.063078e-01 -4.226183e-01 0.000000e+00
    outer loop
      vertex   1.508174e+02 -8.250167e+01 1.685000e+01
      vertex   1.507327e+02 -8.268334e+01 1.301667e+01
      vertex   1.508174e+02 -8.250167e+01 1.301667e+01
    endloop
  endfacet
  facet normal 8.191520e-01 -5.735764e-01 0.000000e+00
    outer loop
      vertex   1.508174e+02 -8.250167e+01 1.685000e+01
      vertex   1.508174e+02 -8.250167e+01 1.301667e+01
      vertex   1.509324e+02 -8.233746e+01 1.685000e+01
    endloop
  endfacet
  facet normal 8.191520e-01 -5.735764e-01 0.000000e+00
    outer loop
      vertex   1.509324e+02 -8.233746e+01 1.685000e+01
      vertex   1.508174e+02 -8.250167e+01 1.301667e+01
      vertex   1.509324e+02 -8.233746e+01 1.301667e+01
    endloop
  endfacet
  facet normal 7.071068e-01 -7.071068e-01 0.000000e+00
    outer loop
      vertex   1.509324e+02 -8.233746e+01 1.685000e+01
      vertex   1.509324e+02 -8.233746e+01 1.301667e+01
      vertex   1.510742e+02 -8.219572e+01 1.685000e+01
    endloop
  endfacet
  facet normal 7.071068e-01 -7.071068e-01 0.000000e+00
    outer loop
      vertex   1.510742e+02 -8.219572e+01 1.685000e+01
      vertex   1.509324e+02 -8.233746e+01 1.301667e+01
      vertex   1.510742e+02 -8.219572e+01 1.301667e+01
    endloop
  endfacet
  facet normal 5.735764e-01 -8.191520e-01 0.000000e+00
    outer loop
      vertex   1.510742e+02 -8.219572e+01 1.685000e+01
      vertex   1.510742e+02 -8.219572e+01 1.301667e+01
      vertex   1.512384e+02 -8.208074e+01 1.685000e+01
    endloop
  endfacet
  facet normal 5.735764e-01 -8.191520e-01 0.000000e+00
    outer loop
      vertex   1.512384e+02 -8.208074e+01 1.685000e+01
      vertex   1.510742e+02 -8.219572e+01 1.301667e+01
      vertex   1.512384e+02 -8.208074e+01 1.301667e+01
    endloop
  endfacet
  facet normal 4.226183e-01 -9.063078e-01 0.000000e+00
    outer loop
      vertex   1.512384e+02 -8.208074e+01 1.685000e+01
      vertex   1.512384e+02 -8.208074e+01 1.301667e+01
      vertex   1.514200e+02 -8.199602e+01 1.685000e+01
    endloop
  endfacet
  facet normal 4.226183e-01 -9.063078e-01 0.000000e+00
    outer loop
      vertex   1.514200e+02 -8.199602e+01 1.685000e+01
      vertex   1.512384e+02 -8.208074e+01 1.301667e+01
      vertex   1.514200e+02 -8.199602e+01 1.301667e+01
    endloop
  endfacet
  facet normal 2.588190e-01 -9.659258e-01 0.000000e+00
    outer loop
      vertex   1.514200e+02 -8.199602e+01 1.685000e+01
      vertex   1.514200e+02 -8.199602e+01 1.301667e+01
      vertex   1.516137e+02 -8.194414e+01 1.685000e+01
    endloop
  endfacet
  facet normal 2.588190e-01 -9.659258e-01 0.000000e+00
    outer loop
      vertex   1.516137e+02 -8.194414e+01 1.685000e+01
      vertex   1.514200e+02 -8.199602e+01 1.301667e+01
      vertex   1.516137e+02 -8.194414e+01 1.301667e+01
    endloop
  endfacet
  facet normal 8.715574e-02 -9.961947e-01 0.000000e+00
    outer loop
      vertex   1.516137e+02 -8.194414e+01 1.685000e+01
      vertex   1.516137e+02 -8.194414e+01 1.301667e+01
      vertex   1.518134e+02 -8.192667e+01 1.685000e+01
    endloop
  endfacet
  facet normal 8.715574e-02 -9.961947e-01 0.000000e+00
    outer loop
      vertex   1.518134e+02 -8.192667e+01 1.685000e+01
      vertex   1.516137e+02 -8.194414e+01 1.301667e+01
      vertex   1.518134e+02 -8.192667e+01 1.301667e+01
    endloop
  endfacet
  facet normal -8.715574e-02 -9.961947e-01 -0.000000e+00
    outer loop
      vertex   1.518134e+02 -8.192667e+01 1.685000e+01
      vertex   1.518134e+02 -8.192667e+01 1.301667e+01
      vertex   1.520131e+02 -8.194414e+01 1.685000e+01
    endloop
  endfacet
  facet normal -8.715574e-02 -9.961947e-01 -0.000000e+00
    outer loop
      vertex   1.520131e+02 -8.194414e+01 1.685000e+01
      vertex   1.518134e+02 -8.192667e+01 1.301667e+01
      vertex   1.520131e+02 -8.194414e+01 1.301667e+01
    endloop
  endfacet
  facet normal -2.588190e-01 -9.659258e-01 -0.000000e+00
    outer loop
      vertex   1.520131e+02 -8.194414e+01 1.685000e+01
      vertex   1.520131e+02 -8.194414e+01 1.301667e+01
      vertex   1.522067e+02 -8.199602e+01 1.685000e+01
    endloop
  endfacet
  facet normal -2.588190e-01 -9.659258e-01 -0.000000e+00
    outer loop
      vertex   1.522067e+02 -8.199602e+01 1.685000e+01
      vertex   1.520131e+02 -8.194414e+01 1.301667e+01
      vertex   1.522067e+02 -8.199602e+01 1.301667e+01
    endloop
  endfacet
  facet normal -4.226183e-01 -9.063078e-01 -0.000000e+00
    outer loop
      vertex   1.522067e+02 -8.199602e+01 1.685000e+01
      vertex   1.522067e+02 -8.199602e+01 1.301667e+01
      vertex   1.523884e+02 -8.208074e+01 1.685000e+01
    endloop
  endfacet
  facet normal -4.226183e-01 -9.063078e-01 -0.000000e+00
    outer loop
      vertex   1.523884e+02 -8.208074e+01 1.685000e+01
      vertex   1.522067e+02 -8.199602e+01 1.301667e+01
      vertex   1.523884e+02 -8.208074e+01 1.301667e+01
    endloop
  endfacet
  facet normal -5.735764e-01 -8.191520e-01 -0.000000e+00
    outer loop
      vertex   1.523884e+02 -8.208074e+01 1.685000e+01
      vertex   1.523884e+02 -8.208074e+01 1.301667e+01
      vertex   1.525526e+02 -8.219572e+01 1.685000e+01
    endloop
  endfacet
  facet normal -5.735764e-01 -8.191520e-01 -0.000000e+00
    outer loop
      vertex   1.525526e+02 -8.219572e+01 1.685000e+01
      vertex   1.523884e+02 -8.208074e+01 1.301667e+01
      vertex   1.525526e+02 -8.219572e+01 1.301667e+01
    endloop
  endfacet
  facet normal -7.071068e-01 -7.071068e-01 -0.000000e+00
    outer loop
      vertex   1.525526e+02 -8.219572e+01 1.685000e+01
      vertex   1.525526e+02 -8.219572e+01 1.301667e+01
      vertex   1.526943e+02 -8.233746e+01 1.685000e+01
    endloop
  endfacet
  facet normal -7.071068e-01 -7.071068e-01 -0.000000e+00
    outer loop
      vertex   1.526943e+02 -8.233746e+01 1.685000e+01
      vertex   1.525526e+02 -8.219572e+01 1.301667e+01
      vertex   1.526943e+02 -8.233746e+01 1.301667e+01
    endloop
  endfacet
  facet normal -8.191520e-01 -5.735764e-01 -0.000000e+00
    outer loop
      vertex   1.526943e+02 -8.233746e+01 1.685000e+01
      vertex   1.526943e+02 -8.233746e+01 1.301667e+01
      vertex   1.528093e+02 -8.250167e+01 1.685000e+01
    endloop
  endfacet
  facet normal -8.191520e-01 -5.735764e-01 -0.000000e+00
    outer loop
      vertex   1.528093e+02 -8.250167e+01 1.685000e+01
      vertex   1.526943e+02 -8.233746e+01 1.301667e+01
      vertex   1.528093e+02 -8.250167e+01 1.301667e+01
    endloop
  endfacet
  facet normal -9.063078e-01 -4.226183e-01 -0.000000e+00
    outer loop
      vertex   1.528093e+02 -8.250167e+01 1.685000e+01
      vertex   1.528093e+02 -8.250167e+01 1.301667e+01
      vertex   1.528940e+02 -8.268334e+01 1.685000e+01
    endloop
  endfacet
  facet normal -9.063078e-01 -4.226183e-01 -0.000000e+00
    outer loop
      vertex   1.528940e+02 -8.268334e+01 1.685000e+01
      vertex   1.528093e+02 -8.250167e+01 1.301667e+01
      vertex   1.528940e+02 -8.268334e+01 1.301667e+01
    endloop
  endfacet
  facet normal -9.659258e-01 -2.588190e-01 -0.000000e+00
    outer loop
      vertex   1.528940e+02 -8.268334e+01 1.685000e+01
      vertex   1.528940e+02 -8.268334e+01 1.301667e+01
      vertex   1.529459e+02 -8.287697e+01 1.685000e+01
    endloop
  endfacet
  facet normal -9.659258e-01 -2.588190e-01 -0.000000e+00
    outer loop
      vertex   1.529459e+02 -8.287697e+01 1.685000e+01
      vertex   1.528940e+02 -8.268334e+01 1.301667e+01
      vertex   1.529459e+02 -8.287697e+01 1.301667e+01
    endloop
  endfacet
  facet normal -9.961947e-01 8.715574e-02 0.000000e+00
    outer loop
      vertex   1.529459e+02 -8.327636e+01 5.350000e+00
      vertex   1.529459e+02 -8.327636e+01 9.183333e+00
      vertex   1.529634e+02 -8.307667e+01 5.350000e+00
    endloop
  endfacet
  facet normal -9.961947e-01 8.715574e-02 0.000000e+00
    outer loop
      vertex   1.529634e+02 -8.307667e+01 5.350000e+00
      vertex   1.529459e+02 -8.327636e+01 9.183333e+00
      vertex   1.529634e+02 -8.307667e+01 9.183333e+00
    endloop
  endfacet
  facet normal -9.961947e-01 -8.715574e-02 0.000000e+00
    outer loop
      vertex   1.529634e+02 -8.307667e+01 5.350000e+00
      vertex   1.529634e+02 -8.307667e+01 9.183333e+00
      vertex   1.529459e+02 -8.287697e+01 5.350000e+00
    endloop
  endfacet
  facet normal -9.961947e-01 -8.715574e-02 0.000000e+00
    outer loop
      vertex   1.529459e+02 -8.287697e+01 5.350000e+00
      vertex   1.529634e+02 -8.307667e+01 9.183333e+00
      vertex   1.529459e+02 -8.287697e+01 9.183333e+00
    endloop
  endfacet
  facet normal -9.659258e-01 -2.588190e-01 0.000000e+00
    outer loop
      vertex   1.529459e+02 -8.287697e+01 5.350000e+00
      vertex   1.529459e+02 -8.287697e+01 9.183333e+00
      vertex   1.528940e+02 -8.268334e+01 5.350000e+00
    endloop
  endfacet
  facet normal -9.659258e-01 -2.588190e-01 0.000000e+00
    outer loop
      vertex   1.528940e+02 -8.268334e+01 5.350000e+00
      vertex   1.529459e+02 -8.287697e+01 9.183333e+00
      vertex   1.528940e+02 -8.268334e+01 9.183333e+00
    endloop
  endfacet
  facet normal -9.063078e-01 -4.226183e-01 0.000000e+00
    outer loop
      vertex   1.528940e+02 -8.268334e+01 5.350000e+00
      vertex   1.528940e+02 -8.268334e+01 9.183333e+00
      vertex   1.528093e+02 -8.250167e+01 5.350000e+00
    endloop
  endfacet
  facet normal -9.063078e-01 -4.226183e-01 0.000000e+00
    outer loop
      vertex   1.528093e+02 -8.250167e+01 5.350000e+00
      vertex   1.528940e+02 -8.268334e+01 9.183333e+00
      vertex   1.528093e+02 -8.250167e+01 9.183333e+00
    endloop
  endfacet
  facet normal -8.191520e-01 -5.735764e-01 0.000000e+00
    outer loop
      vertex   1.528093e+02 -8.250167e+01 5.350000e+00
      vertex   1.528093e+02 -8.250167e+01 9.183333e+00
      vertex   1.526943e+02 -8.233746e+01 5.350000e+00
    endloop
  endfacet
  facet normal -8.191520e-01 -5.735764e-01 0.000000e+00
    outer loop
      vertex   1.526943e+02 -8.233746e+01 5.350000e+00
      vertex   1.528093e+02 -8.250167e+01 9.183333e+00
      vertex   1.526943e+02 -8.233746e+01 9.183333e+00
    endloop
  endfacet
  facet normal -7.071068e-01 -7.071068e-01 0.000000e+00
    outer loop
      vertex   1.526943e+02 -8.233746e+01 5.350000e+00
      vertex   1.526943e+02 -8.233746e+01 9.183333e+00
      vertex   1.525526e+02 -8.219572e+01 5.350000e+00
    endloop
  endfacet
  facet normal -7.071068e-01 -7.071068e-01 0.000000e+00
    outer loop
      vertex   1.525526e+02 -8.219572e+01 5.350000e+00
      vertex   1.526943e+02 -8.233746e+01 9.183333e+00
      vertex   1.525526e+02 -8.219572e+01 9.183333e+00
    endloop
  endfacet
  facet normal -5.735764e-01 -8.191520e-01 0.000000e+00
    outer loop
      vertex   1.525526e+02 -8.219572e+01 5.350000e+00
      vertex   1.525526e+02 -8.219572e+01 9.183333e+00
      vertex   1.523884e+02 -8.208074e+01 5.350000e+00
    endloop
  endfacet
  facet normal -5.735764e-01 -8.191520e-01 0.000000e+00
    outer loop
      vertex   1.523884e+02 -8.208074e+01 5.350000e+00
      vertex   1.525526e+02 -8.219572e+01 9.183333e+00
      vertex   1.523884e+02 -8.208074e+01 9.183333e+00
    endloop
  endfacet
  facet normal -4.226183e-01 -9.063078e-01 0.000000e+00
    outer loop
      vertex   1.523884e+02 -8.208074e+01 5.350000e+00
      vertex   1.523884e+02 -8.208074e+01 9.183333e+00
      vertex   1.522067e+02 -8.199602e+01 5.350000e+00
    endloop
  endfacet
  facet normal -4.226183e-01 -9.063078e-01 0.000000e+00
    outer loop
      vertex   1.522067e+02 -8.199602e+01 5.350000e+00
      vertex   1.523884e+02 -8.208074e+01 9.183333e+00
      vertex   1.522067e+02 -8.199602e+01 9.183333e+00
    endloop
  endfacet
  facet normal -2.588190e-01 -9.659258e-01 0.000000e+00
    outer loop
      vertex   1.522067e+02 -8.199602e+01 5.350000e+00
      vertex   1.522067e+02 -8.199602e+01 9.183333e+00
      vertex   1.520131e+02 -8.194414e+01 5.350000e+00
    endloop
  endfacet
  facet normal -2.588190e-01 -9.659258e-01 0.000000e+00
    outer loop
      vertex   1.520131e+02 -8.194414e+01 5.350000e+00
      vertex   1.522067e+02 -8.199602e+01 9.183333e+00
      vertex   1.520131e+02 -8.194414e+01 9.183333e+00
    endloop
  endfacet
  facet normal -8.715574e-02 -9.961947e-01 0.000000e+00
    outer loop
      vertex   1.520131e+02 -8.194414e+01 5.350000e+00
      vertex   1.520131e+02 -8.194414e+01 9.183333e+00
      vertex   1.518134e+02 -8.192667e+01 5.350000e+00
    endloop
  endfacet
  facet normal -8.715574e-02 -9.961947e-01 0.000000e+00
    outer loop
      vertex   1.518134e+02 -8.192667e+01 5.350000e+00
      vertex   1.520131e+02 -8.194414e+01 9.183333e+00
      vertex   1.518134e+02 -8.192667e+01 9.183333e+00
    endloop
  endfacet
  facet normal 8.715574e-02 -9.961947e-01 0.000000e+00
    outer loop
      vertex   1.518134e+02 -8.192667e+01 5.350000e+00
      vertex   1.518134e+02 -8.192667e+01 9.183333e+00
      vertex   1.516137e+02 -8.194414e+01 5.350000e+00
    endloop
  endfacet
  facet normal 8.715574e-02 -9.961947e-01 0.000000e+00
    outer loop
      vertex   1.516137e+02 -8.194414e+01 5.350000e+00
      vertex   1.518134e+02 -8.192667e+01 9.183333e+00
      vertex   1.516137e+02 -8.194414e+01 9.183333e+00
    endloop
  endfacet
  facet normal 2.588190e-01 -9.659258e-01 0.000000e+00
    outer loop
      vertex   1.516137e+02 -8.194414e+01 5.350000e+00
      vertex   1.516137e+02 -8.194414e+01 9.183333e+00
      vertex   1.514200e+02 -8.199602e+01 5.350000e+00
    endloop
  endfacet
  facet normal 2.588190e-01 -9.659258e-01 0.000000e+00
    outer loop
      vertex   1.514200e+02 -8.199602e+01 5.350000e+00
      vertex   1.516137e+02 -8.194414e+01 9.183333e+00
      vertex   1.514200e+02 -8.199602e+01 9.183333e+00
    endloop
  endfacet
  facet normal 4.226183e-01 -9.063078e-01 0.000000e+00
    outer loop
      vertex   1.514200e+02 -8.199602e+01 5.350000e+00
      vertex   1.514200e+02 -8.199602e+01 9.183333e+00
      vertex   1.512384e+02 -8.208074e+01 5.350000e+00
    endloop
  endfacet
  facet normal 4.226183e-01 -9.063078e-01 0.000000e+00
    outer loop
      vertex   1.512384e+02 -8.208074e+01 5.350000e+00
      vertex   1.514200e+02 -8.199602e+01 9.183333e+00
      vertex   1.512384e+02 -8.208074e+01 9.183333e+00
    endloop
  endfacet
  facet normal 5.735764e-01 -8.191520e-01 0.000000e+00
    outer loop
      vertex   1.512384e+02 -8.208074e+01 5.350000e+00
      vertex   1.512384e+02 -8.208074e+01 9.183333e+00
      vertex   1.510742e+02 -8.219572e+01 5.350000e+00
    endloop
  endfacet
  facet normal 5.735764e-01 -8.191520e-01 0.000000e+00
    outer loop
      vertex   1.510742e+02 -8.219572e+01 5.350000e+00
      vertex   1.512384e+02 -8.208074e+01 9.183333e+00
      vertex   1.510742e+02 -8.219572e+01 9.183333e+00
    endloop
  endfacet
  facet normal 7.071068e-01 -7.071068e-01 0.000000e+00
    outer loop
      vertex   1.510742e+02 -8.219572e+01 5.350000e+00
      vertex   1.510742e+02 -8.219572e+01 9.183333e+00
      vertex   1.509324e+02 -8.233746e+01 5.350000e+00
    endloop
  endfacet
  facet normal 7.071068e-01 -7.071068e-01 0.000000e+00
    outer loop
      vertex   1.509324e+02 -8.233746e+01 5.350000e+00
      vertex   1.510742e+02 -8.219572e+01 9.183333e+00
      vertex   1.509324e+02 -8.233746e+01 9.183333e+00
    endloop
  endfacet
  facet normal 8.191520e-01 -5.735764e-01 0.000000e+00
    outer loop
      vertex   1.509324e+02 -8.233746e+01 5.350000e+00
      vertex   1.509324e+02 -8.233746e+01 9.183333e+00
      vertex   1.508174e+02 -8.250167e+01 5.350000e+00
    endloop
  endfacet
  facet normal 8.191520e-01 -5.735764e-01 0.000000e+00
    outer loop
      vertex   1.508174e+02 -8.250167e+01 5.350000e+00
      vertex   1.509324e+02 -8.233746e+01 9.183333e+00
      vertex   1.508174e+02 -8.250167e+01 9.183333e+00
    endloop
  endfacet
  facet normal 9.063078e-01 -4.226183e-01 0.000000e+00
    outer loop
      vertex   1.508174e+02 -8.250167e+01 5.350000e+00
      vertex   1.508174e+02 -8.250167e+01 9.183333e+00
      vertex   1.507327e+02 -8.268334e+01 5.350000e+00
    endloop
  endfacet
  facet normal 9.063078e-01 -4.226183e-01 0.000000e+00
    outer loop
      vertex   1.507327e+02 -8.268334e+01 5.350000e+00
      vertex   1.508174e+02 -8.250167e+01 9.183333e+00
      vertex   1.507327e+02 -8.268334e+01 9.183333e+00
    endloop
  endfacet
  facet normal 9.659258e-01 -2.588190e-01 0.000000e+00
    outer loop
      vertex   1.507327e+02 -8.268334e+01 5.350000e+00
      vertex   1.507327e+02 -8.268334e+01 9.183333e+00
      vertex   1.506808e+02 -8.287697e+01 5.350000e+00
    endloop
  endfacet
  facet normal 9.659258e-01 -2.588190e-01 0.000000e+00
    outer loop
      vertex   1.506808e+02 -8.287697e+01 5.350000e+00
      vertex   1.507327e+02 -8.268334e+01 9.183333e+00
      vertex   1.506808e+02 -8.287697e+01 9.183333e+00
    endloop
  endfacet
  facet normal 9.961947e-01 -8.715574e-02 0.000000e+00
    outer loop
      vertex   1.506808e+02 -8.287697e+01 5.350000e+00
      vertex   1.506808e+02 -8.287697e+01 9.183333e+00
      vertex   1.506634e+02 -8.307667e+01 5.350000e+00
    endloop
  endfacet
  facet normal 9.961947e-01 -8.715574e-02 0.000000e+00
    outer loop
      vertex   1.506634e+02 -8.307667e+01 5.350000e+00
      vertex   1.506808e+02 -8.287697e+01 9.183333e+00
      vertex   1.506634e+02 -8.307667e+01 9.183333e+00
    endloop
  endfacet
  facet normal 9.961947e-01 8.715574e-02 -0.000000e+00
    outer loop
      vertex   1.506634e+02 -8.307667e+01 5.350000e+00
      vertex   1.506634e+02 -8.307667e+01 9.183333e+00
      vertex   1.506808e+02 -8.327636e+01 5.350000e+00
    endloop
  endfacet
  facet normal 9.961947e-01 8.715574e-02 -0.000000e+00
    outer loop
      vertex   1.506808e+02 -8.327636e+01 5.350000e+00
      vertex   1.506634e+02 -8.307667e+01 9.183333e+00
      vertex   1.506808e+02 -8.327636e+01 9.183333e+00
    endloop
  endfacet
  facet normal 9.659258e-01 2.588190e-01 -0.000000e+00
    outer loop
      vertex   1.506808e+02 -8.327636e+01 5.350000e+00
      vertex   1.506808e+02 -8.327636e+01 9.183333e+00
      vertex   1.507327e+02 -8.346999e+01 5.350000e+00
    endloop
  endfacet
  facet normal 9.659258e-01 2.588190e-01 -0.000000e+00
    outer loop
      vertex   1.507327e+02 -8.346999e+01 5.350000e+00
      vertex   1.506808e+02 -8.327636e+01 9.183333e+00
      vertex   1.507327e+02 -8.346999e+01 9.183333e+00
    endloop
  endfacet
  facet normal 9.063078e-01 4.226183e-01 -0.000000e+00
    outer loop
      vertex   1.507327e+02 -8.346999e+01 5.350000e+00
      vertex   1.507327e+02 -8.346999e+01 9.183333e+00
      vertex   1.508174e+02 -8.365167e+01 5.350000e+00
    endloop
  endfacet
  facet normal 9.063078e-01 4.226183e-01 -0.000000e+00
    outer loop
      vertex   1.508174e+02 -8.365167e+01 5.350000e+00
      vertex   1.507327e+02 -8.346999e+01 9.183333e+00
      vertex   1.508174e+02 -8.365167e+01 9.183333e+00
    endloop
  endfacet
  facet normal 8.191520e-01 5.735764e-01 -0.000000e+00
    outer loop
      vertex   1.508174e+02 -8.365167e+01 5.350000e+00
      vertex   1.508174e+02 -8.365167e+01 9.183333e+00
      vertex   1.509324e+02 -8.381587e+01 5.350000e+00
    endloop
  endfacet
  facet normal 8.191520e-01 5.735764e-01 -0.000000e+00
    outer loop
      vertex   1.509324e+02 -8.381587e+01 5.350000e+00
      vertex   1.508174e+02 -8.365167e+01 9.183333e+00
      vertex   1.509324e+02 -8.381587e+01 9.183333e+00
    endloop
  endfacet
  facet normal 7.071068e-01 7.071068e-01 -0.000000e+00
    outer loop
      vertex   1.509324e+02 -8.381587e+01 5.350000e+00
      vertex   1.509324e+02 -8.381587e+01 9.183333e+00
      vertex   1.510742e+02 -8.395762e+01 5.350000e+00
    endloop
  endfacet
  facet normal 7.071068e-01 7.071068e-01 -0.000000e+00
    outer loop
      vertex   1.510742e+02 -8.395762e+01 5.350000e+00
      vertex   1.509324e+02 -8.381587e+01 9.183333e+00
      vertex   1.510742e+02 -8.395762e+01 9.183333e+00
    endloop
  endfacet
  facet normal 5.735764e-01 8.191520e-01 -0.000000e+00
    outer loop
      vertex   1.510742e+02 -8.395762e+01 5.350000e+00
      vertex   1.510742e+02 -8.395762e+01 9.183333e+00
      vertex   1.512384e+02 -8.407260e+01 5.350000e+00
    endloop
  endfacet
  facet normal 5.735764e-01 8.191520e-01 -0.000000e+00
    outer loop
      vertex   1.512384e+02 -8.407260e+01 5.350000e+00
      vertex   1.510742e+02 -8.395762e+01 9.183333e+00
      vertex   1.512384e+02 -8.407260e+01 9.183333e+00
    endloop
  endfacet
  facet normal 4.226183e-01 9.063078e-01 -0.000000e+00
    outer loop
      vertex   1.512384e+02 -8.407260e+01 5.350000e+00
      vertex   1.512384e+02 -8.407260e+01 9.183333e+00
      vertex   1.514200e+02 -8.415731e+01 5.350000e+00
    endloop
  endfacet
  facet normal 4.226183e-01 9.063078e-01 -0.000000e+00
    outer loop
      vertex   1.514200e+02 -8.415731e+01 5.350000e+00
      vertex   1.512384e+02 -8.407260e+01 9.183333e+00
      vertex   1.514200e+02 -8.415731e+01 9.183333e+00
    endloop
  endfacet
  facet normal 2.588190e-01 9.659258e-01 -0.000000e+00
    outer loop
      vertex   1.514200e+02 -8.415731e+01 5.350000e+00
      vertex   1.514200e+02 -8.415731e+01 9.183333e+00
      vertex   1.516137e+02 -8.420920e+01 5.350000e+00
    endloop
  endfacet
  facet normal 2.588190e-01 9.659258e-01 -0.000000e+00
    outer loop
      vertex   1.516137e+02 -8.420920e+01 5.350000e+00
      vertex   1.514200e+02 -8.415731e+01 9.183333e+00
      vertex   1.516137e+02 -8.420920e+01 9.183333e+00
    endloop
  endfacet
  facet normal 8.715574e-02 9.961947e-01 -0.000000e+00
    outer loop
      vertex   1.516137e+02 -8.420920e+01 5.350000e+00
      vertex   1.516137e+02 -8.420920e+01 9.183333e+00
      vertex   1.518134e+02 -8.422667e+01 5.350000e+00
    endloop
  endfacet
  facet normal 8.715574e-02 9.961947e-01 -0.000000e+00
    outer loop
      vertex   1.518134e+02 -8.422667e+01 5.350000e+00
      vertex   1.516137e+02 -8.420920e+01 9.183333e+00
      vertex   1.518134e+02 -8.422667e+01 9.183333e+00
    endloop
  endfacet
  facet normal -8.715574e-02 9.961947e-01 0.000000e+00
    outer loop
      vertex   1.518134e+02 -8.422667e+01 5.350000e+00
      vertex   1.518134e+02 -8.422667e+01 9.183333e+00
      vertex   1.520131e+02 -8.420920e+01 5.350000e+00
    endloop
  endfacet
  facet normal -8.715574e-02 9.961947e-01 0.000000e+00
    outer loop
      vertex   1.520131e+02 -8.420920e+01 5.350000e+00
      vertex   1.518134e+02 -8.422667e+01 9.183333e+00
      vertex   1.520131e+02 -8.420920e+01 9.183333e+00
    endloop
  endfacet
  facet normal -2.588190e-01 9.659258e-01 0.000000e+00
    outer loop
      vertex   1.520131e+02 -8.420920e+01 5.350000e+00
      vertex   1.520131e+02 -8.420920e+01 9.183333e+00
      vertex   1.522067e+02 -8.415731e+01 5.350000e+00
    endloop
  endfacet
  facet normal -2.588190e-01 9.659258e-01 0.000000e+00
    outer loop
      vertex   1.522067e+02 -8.415731e+01 5.350000e+00
      vertex   1.520131e+02 -8.420920e+01 9.183333e+00
      vertex   1.522067e+02 -8.415731e+01 9.183333e+00
    endloop
  endfacet
  facet normal -4.226183e-01 9.063078e-01 0.000000e+00
    outer loop
      vertex   1.522067e+02 -8.415731e+01 5.350000e+00
      vertex   1.522067e+02 -8.415731e+01 9.183333e+00
      vertex   1.523884e+02 -8.407260e+01 5.350000e+00
    endloop
  endfacet
  facet normal -4.226183e-01 9.063078e-01 0.000000e+00
    outer loop
      vertex   1.523884e+02 -8.407260e+01 5.350000e+00
      vertex   1.522067e+02 -8.415731e+01 9.183333e+00
      vertex   1.523884e+02 -8.407260e+01 9.183333e+00
    endloop
  endfacet
  facet normal -5.735764e-01 8.191520e-01 0.000000e+00
    outer loop
      vertex   1.523884e+02 -8.407260e+01 5.350000e+00
      vertex   1.523884e+02 -8.407260e+01 9.183333e+00
      vertex   1.525526e+02 -8.395762e+01 5.350000e+00
    endloop
  endfacet
  facet normal -5.735764e-01 8.191520e-01 0.000000e+00
    outer loop
      vertex   1.525526e+02 -8.395762e+01 5.350000e+00
      vertex   1.523884e+02 -8.407260e+01 9.183333e+00
      vertex   1.525526e+02 -8.395762e+01 9.183333e+00
    endloop
  endfacet
  facet normal -7.071068e-01 7.071068e-01 0.000000e+00
    outer loop
      vertex   1.525526e+02 -8.395762e+01 5.350000e+00
      vertex   1.525526e+02 -8.395762e+01 9.183333e+00
      vertex   1.526943e+02 -8.381587e+01 5.350000e+00
    endloop
  endfacet
  facet normal -7.071068e-01 7.071068e-01 0.000000e+00
    outer loop
      vertex   1.526943e+02 -8.381587e+01 5.350000e+00
      vertex   1.525526e+02 -8.395762e+01 9.183333e+00
      vertex   1.526943e+02 -8.381587e+01 9.183333e+00
    endloop
  endfacet
  facet normal -8.191520e-01 5.735764e-01 0.000000e+00
    outer loop
      vertex   1.526943e+02 -8.381587e+01 5.350000e+00
      vertex   1.526943e+02 -8.381587e+01 9.183333e+00
      vertex   1.528093e+02 -8.365167e+01 5.350000e+00
    endloop
  endfacet
  facet normal -8.191520e-01 5.735764e-01 0.000000e+00
    outer loop
      vertex   1.528093e+02 -8.365167e+01 5.350000e+00
      vertex   1.526943e+02 -8.381587e+01 9.183333e+00
      vertex   1.528093e+02 -8.365167e+01 9.183333e+00
    endloop
  endfacet
  facet normal -9.063078e-01 4.226183e-01 0.000000e+00
    outer loop
      vertex   1.528093e+02 -8.365167e+01 5.350000e+00
      vertex   1.528093e+02 -8.365167e+01 9.183333e+00
      vertex   1.528940e+02 -8.346999e+01 5.350000e+00
    endloop
  endfacet
  facet normal -9.063078e-01 4.226183e-01 0.000000e+00
    outer loop
      vertex   1.528940e+02 -8.346999e+01 5.350000e+00
      vertex   1.528093e+02 -8.365167e+01 9.183333e+00
      vertex   1.528940e+02 -8.346999e+01 9.183333e+00
    endloop
  endfacet
  facet normal -9.659258e-01 2.588190e-01 0.000000e+00
    outer loop
      vertex   1.528940e+02 -8.346999e+01 5.350000e+00
      vertex   1.528940e+02 -8.346999e+01 9.183333e+00
      vertex   1.529459e+02 -8.327636e+01 5.350000e+00
    endloop
  endfacet
  facet normal -9.659258e-01 2.588190e-01 0.000000e+00
    outer loop
      vertex   1.529459e+02 -8.327636e+01 5.350000e+00
      vertex   1.528940e+02 -8.346999e+01 9.183333e+00
      vertex   1.529459e+02 -8.327636e+01 9.183333e+00
    endloop
  endfacet
  facet normal -9.961947e-01 8.715574e-02 0.000000e+00
    outer loop
      vertex   1.529634e+02 -8.307667e+01 1.301667e+01
      vertex   1.529634e+02 -8.307667e+01 9.183333e+00
      vertex   1.529459e+02 -8.327636e+01 1.301667e+01
    endloop
  endfacet
  facet normal -9.961947e-01 8.715574e-02 0.000000e+00
    outer loop
      vertex   1.529459e+02 -8.327636e+01 1.301667e+01
      vertex   1.529634e+02 -8.307667e+01 9.183333e+00
      vertex   1.529459e+02 -8.327636e+01 9.183333e+00
    endloop
  endfacet
  facet normal -9.659258e-01 2.588190e-01 0.000000e+00
    outer loop
      vertex   1.529459e+02 -8.327636e+01 1.301667e+01
      vertex   1.529459e+02 -8.327636e+01 9.183333e+00
      vertex   1.528940e+02 -8.346999e+01 1.301667e+01
    endloop
  endfacet
  facet normal -9.659258e-01 2.588190e-01 0.000000e+00
    outer loop
      vertex   1.528940e+02 -8.346999e+01 1.301667e+01
      vertex   1.529459e+02 -8.327636e+01 9.183333e+00
      vertex   1.528940e+02 -8.346999e+01 9.183333e+00
    endloop
  endfacet
  facet normal -9.063078e-01 4.226183e-01 0.000000e+00
    outer loop
      vertex   1.528940e+02 -8.346999e+01 1.301667e+01
      vertex   1.528940e+02 -8.346999e+01 9.183333e+00
      vertex   1.528093e+02 -8.365167e+01 1.301667e+01
    endloop
  endfacet
  facet normal -9.063078e-01 4.226183e-01 0.000000e+00
    outer loop
      vertex   1.528093e+02 -8.365167e+01 1.301667e+01
      vertex   1.528940e+02 -8.346999e+01 9.183333e+00
      vertex   1.528093e+02 -8.365167e+01 9.183333e+00
    endloop
  endfacet
  facet normal -8.191520e-01 5.735764e-01 0.000000e+00
    outer loop
      vertex   1.528093e+02 -8.365167e+01 1.301667e+01
      vertex   1.528093e+02 -8.365167e+01 9.183333e+00
      vertex   1.526943e+02 -8.381587e+01 1.301667e+01
    endloop
  endfacet
  facet normal -8.191520e-01 5.735764e-01 0.000000e+00
    outer loop
      vertex   1.526943e+02 -8.381587e+01 1.301667e+01
      vertex   1.528093e+02 -8.365167e+01 9.183333e+00
      vertex   1.526943e+02 -8.381587e+01 9.183333e+00
    endloop
  endfacet
  facet normal -7.071068e-01 7.071068e-01 0.000000e+00
    outer loop
      vertex   1.526943e+02 -8.381587e+01 1.301667e+01
      vertex   1.526943e+02 -8.381587e+01 9.183333e+00
      vertex   1.525526e+02 -8.395762e+01 1.301667e+01
    endloop
  endfacet
  facet normal -7.071068e-01 7.071068e-01 0.000000e+00
    outer loop
      vertex   1.525526e+02 -8.395762e+01 1.301667e+01
      vertex   1.526943e+02 -8.381587e+01 9.183333e+00
      vertex   1.525526e+02 -8.395762e+01 9.183333e+00
    endloop
  endfacet
  facet normal -5.735764e-01 8.191520e-01 0.000000e+00
    outer loop
      vertex   1.525526e+02 -8.395762e+01 1.301667e+01
      vertex   1.525526e+02 -8.395762e+01 9.183333e+00
      vertex   1.523884e+02 -8.407260e+01 1.301667e+01
    endloop
  endfacet
  facet normal -5.735764e-01 8.191520e-01 0.000000e+00
    outer loop
      vertex   1.523884e+02 -8.407260e+01 1.301667e+01
      vertex   1.525526e+02 -8.395762e+01 9.183333e+00
      vertex   1.523884e+02 -8.407260e+01 9.183333e+00
    endloop
  endfacet
  facet normal -4.226183e-01 9.063078e-01 0.000000e+00
    outer loop
      vertex   1.523884e+02 -8.407260e+01 1.301667e+01
      vertex   1.523884e+02 -8.407260e+01 9.183333e+00
      vertex   1.522067e+02 -8.415731e+01 1.301667e+01
    endloop
  endfacet
  facet normal -4.226183e-01 9.063078e-01 0.000000e+00
    outer loop
      vertex   1.522067e+02 -8.415731e+01 1.301667e+01
      vertex   1.523884e+02 -8.407260e+01 9.183333e+00
      vertex   1.522067e+02 -8.415731e+01 9.183333e+00
    endloop
  endfacet
  facet normal -2.588190e-01 9.659258e-01 0.000000e+00
    outer loop
      vertex   1.522067e+02 -8.415731e+01 1.301667e+01
      vertex   1.522067e+02 -8.415731e+01 9.183333e+00
      vertex   1.520131e+02 -8.420920e+01 1.301667e+01
    endloop
  endfacet
  facet normal -2.588190e-01 9.659258e-01 0.000000e+00
    outer loop
      vertex   1.520131e+02 -8.420920e+01 1.301667e+01
      vertex   1.522067e+02 -8.415731e+01 9.183333e+00
      vertex   1.520131e+02 -8.420920e+01 9.183333e+00
    endloop
  endfacet
  facet normal -8.715574e-02 9.961947e-01 0.000000e+00
    outer loop
      vertex   1.520131e+02 -8.420920e+01 1.301667e+01
      vertex   1.520131e+02 -8.420920e+01 9.183333e+00
      vertex   1.518134e+02 -8.422667e+01 1.301667e+01
    endloop
  endfacet
  facet normal -8.715574e-02 9.961947e-01 0.000000e+00
    outer loop
      vertex   1.518134e+02 -8.422667e+01 1.301667e+01
      vertex   1.520131e+02 -8.420920e+01 9.183333e+00
      vertex   1.518134e+02 -8.422667e+01 9.183333e+00
    endloop
  endfacet
  facet normal 8.715574e-02 9.961947e-01 0.000000e+00
    outer loop
      vertex   1.518134e+02 -8.422667e+01 1.301667e+01
      vertex   1.518134e+02 -8.422667e+01 9.183333e+00
      vertex   1.516137e+02 -8.420920e+01 1.301667e+01
    endloop
  endfacet
  facet normal 8.715574e-02 9.961947e-01 0.000000e+00
    outer loop
      vertex   1.516137e+02 -8.420920e+01 1.301667e+01
      vertex   1.518134e+02 -8.422667e+01 9.183333e+00
      vertex   1.516137e+02 -8.420920e+01 9.183333e+00
    endloop
  endfacet
  facet normal 2.588190e-01 9.659258e-01 0.000000e+00
    outer loop
      vertex   1.516137e+02 -8.420920e+01 1.301667e+01
      vertex   1.516137e+02 -8.420920e+01 9.183333e+00
      vertex   1.514200e+02 -8.415731e+01 1.301667e+01
    endloop
  endfacet
  facet normal 2.588190e-01 9.659258e-01 0.000000e+00
    outer loop
      vertex   1.514200e+02 -8.415731e+01 1.301667e+01
      vertex   1.516137e+02 -8.420920e+01 9.183333e+00
      vertex   1.514200e+02 -8.415731e+01 9.183333e+00
    endloop
  endfacet
  facet normal 4.226183e-01 9.063078e-01 0.000000e+00
    outer loop
      vertex   1.514200e+02 -8.415731e+01 1.301667e+01
      vertex   1.514200e+02 -8.415731e+01 9.183333e+00
      vertex   1.512384e+02 -8.407260e+01 1.301667e+01
    endloop
  endfacet
  facet normal 4.226183e-01 9.063078e-01 0.000000e+00
    outer loop
      vertex   1.512384e+02 -8.407260e+01 1.301667e+01
      vertex   1.514200e+02 -8.415731e+01 9.183333e+00
      vertex   1.512384e+02 -8.407260e+01 9.183333e+00
    endloop
  endfacet
  facet normal 5.735764e-01 8.191520e-01 0.000000e+00
    outer loop
      vertex   1.512384e+02 -8.407260e+01 1.301667e+01
      vertex   1.512384e+02 -8.407260e+01 9.183333e+00
      vertex   1.510742e+02 -8.395762e+01 1.301667e+01
    endloop
  endfacet
  facet normal 5.735764e-01 8.191520e-01 0.000000e+00
    outer loop
      vertex   1.510742e+02 -8.395762e+01 1.301667e+01
      vertex   1.512384e+02 -8.407260e+01 9.183333e+00
      vertex   1.510742e+02 -8.395762e+01 9.183333e+00
    endloop
  endfacet
  facet normal 7.071068e-01 7.071068e-01 0.000000e+00
    outer loop
      vertex   1.510742e+02 -8.395762e+01 1.301667e+01
      vertex   1.510742e+02 -8.395762e+01 9.183333e+00
      vertex   1.509324e+02 -8.381587e+01 1.301667e+01
    endloop
  endfacet
  facet normal 7.071068e-01 7.071068e-01 0.000000e+00
    outer loop
      vertex   1.509324e+02 -8.381587e+01 1.301667e+01
      vertex   1.510742e+02 -8.395762e+01 9.183333e+00
      vertex   1.509324e+02 -8.381587e+01 9.183333e+00
    endloop
  endfacet
  facet normal 8.191520e-01 5.735764e-01 0.000000e+00
    outer loop
      vertex   1.509324e+02 -8.381587e+01 1.301667e+01
      vertex   1.509324e+02 -8.381587e+01 9.183333e+00
      vertex   1.508174e+02 -8.365167e+01 1.301667e+01
    endloop
  endfacet
  facet normal 8.191520e-01 5.735764e-01 0.000000e+00
    outer loop
      vertex   1.508174e+02 -8.365167e+01 1.301667e+01
      vertex   1.509324e+02 -8.381587e+01 9.183333e+00
      vertex   1.508174e+02 -8.365167e+01 9.183333e+00
    endloop
  endfacet
  facet normal 9.063078e-01 4.226183e-01 0.000000e+00
    outer loop
      vertex   1.508174e+02 -8.365167e+01 1.301667e+01
      vertex   1.508174e+02 -8.365167e+01 9.183333e+00
      vertex   1.507327e+02 -8.346999e+01 1.301667e+01
    endloop
  endfacet
  facet normal 9.063078e-01 4.226183e-01 0.000000e+00
    outer loop
      vertex   1.507327e+02 -8.346999e+01 1.301667e+01
      vertex   1.508174e+02 -8.365167e+01 9.183333e+00
      vertex   1.507327e+02 -8.346999e+01 9.183333e+00
    endloop
  endfacet
  facet normal 9.659258e-01 2.588190e-01 0.000000e+00
    outer loop
      vertex   1.507327e+02 -8.346999e+01 1.301667e+01
      vertex   1.507327e+02 -8.346999e+01 9.183333e+00
      vertex   1.506808e+02 -8.327636e+01 1.301667e+01
    endloop
  endfacet
  facet normal 9.659258e-01 2.588190e-01 0.000000e+00
    outer loop
      vertex   1.506808e+02 -8.327636e+01 1.301667e+01
      vertex   1.507327e+02 -8.346999e+01 9.183333e+00
      vertex   1.506808e+02 -8.327636e+01 9.183333e+00
    endloop
  endfacet
  facet normal 9.961947e-01 8.715574e-02 0.000000e+00
    outer loop
      vertex   1.506808e+02 -8.327636e+01 1.301667e+01
      vertex   1.506808e+02 -8.327636e+01 9.183333e+00
      vertex   1.506634e+02 -8.307667e+01 1.301667e+01
    endloop
  endfacet
  facet normal 9.961947e-01 8.715574e-02 0.000000e+00
    outer loop
      vertex   1.506634e+02 -8.307667e+01 1.301667e+01
      vertex   1.506808e+02 -8.327636e+01 9.183333e+00
      vertex   1.506634e+02 -8.307667e+01 9.183333e+00
    endloop
  endfacet
  facet normal 9.961947e-01 -8.715574e-02 0.000000e+00
    outer loop
      vertex   1.506634e+02 -8.307667e+01 1.301667e+01
      vertex   1.506634e+02 -8.307667e+01 9.183333e+00
      vertex   1.506808e+02 -8.287697e+01 1.301667e+01
    endloop
  endfacet
  facet normal 9.961947e-01 -8.715574e-02 0.000000e+00
    outer loop
      vertex   1.506808e+02 -8.287697e+01 1.301667e+01
      vertex   1.506634e+02 -8.307667e+01 9.183333e+00
      vertex   1.506808e+02 -8.287697e+01 9.183333e+00
    endloop
  endfacet
  facet normal 9.659258e-01 -2.588190e-01 0.000000e+00
    outer loop
      vertex   1.506808e+02 -8.287697e+01 1.301667e+01
      vertex   1.506808e+02 -8.287697e+01 9.183333e+00
      vertex   1.507327e+02 -8.268334e+01 1.301667e+01
    endloop
  endfacet
  facet normal 9.659258e-01 -2.588190e-01 0.000000e+00
    outer loop
      vertex   1.507327e+02 -8.268334e+01 1.301667e+01
      vertex   1.506808e+02 -8.287697e+01 9.183333e+00
      vertex   1.507327e+02 -8.268334e+01 9.183333e+00
    endloop
  endfacet
  facet normal 9.063078e-01 -4.226183e-01 0.000000e+00
    outer loop
      vertex   1.507327e+02 -8.268334e+01 1.301667e+01
      vertex   1.507327e+02 -8.268334e+01 9.183333e+00
      vertex   1.508174e+02 -8.250167e+01 1.301667e+01
    endloop
  endfacet
  facet normal 9.063078e-01 -4.226183e-01 0.000000e+00
    outer loop
      vertex   1.508174e+02 -8.250167e+01 1.301667e+01
      vertex   1.507327e+02 -8.268334e+01 9.183333e+00
      vertex   1.508174e+02 -8.250167e+01 9.183333e+00
    endloop
  endfacet
  facet normal 8.191520e-01 -5.735764e-01 0.000000e+00
    outer loop
      vertex   1.508174e+02 -8.250167e+01 1.301667e+01
      vertex   1.508174e+02 -8.250167e+01 9.183333e+00
      vertex   1.509324e+02 -8.233746e+01 1.301667e+01
    endloop
  endfacet
  facet normal 8.191520e-01 -5.735764e-01 0.000000e+00
    outer loop
      vertex   1.509324e+02 -8.233746e+01 1.301667e+01
      vertex   1.508174e+02 -8.250167e+01 9.183333e+00
      vertex   1.509324e+02 -8.233746e+01 9.183333e+00
    endloop
  endfacet
  facet normal 7.071068e-01 -7.071068e-01 0.000000e+00
    outer loop
      vertex   1.509324e+02 -8.233746e+01 1.301667e+01
      vertex   1.509324e+02 -8.233746e+01 9.183333e+00
      vertex   1.510742e+02 -8.219572e+01 1.301667e+01
    endloop
  endfacet
  facet normal 7.071068e-01 -7.071068e-01 0.000000e+00
    outer loop
      vertex   1.510742e+02 -8.219572e+01 1.301667e+01
      vertex   1.509324e+02 -8.233746e+01 9.183333e+00
      vertex   1.510742e+02 -8.219572e+01 9.183333e+00
    endloop
  endfacet
  facet normal 5.735764e-01 -8.191520e-01 0.000000e+00
    outer loop
      vertex   1.510742e+02 -8.219572e+01 1.301667e+01
      vertex   1.510742e+02 -8.219572e+01 9.183333e+00
      vertex   1.512384e+02 -8.208074e+01 1.301667e+01
    endloop
  endfacet
  facet normal 5.735764e-01 -8.191520e-01 0.000000e+00
    outer loop
      vertex   1.512384e+02 -8.208074e+01 1.301667e+01
      vertex   1.510742e+02 -8.219572e+01 9.183333e+00
      vertex   1.512384e+02 -8.208074e+01 9.183333e+00
    endloop
  endfacet
  facet normal 4.226183e-01 -9.063078e-01 0.000000e+00
    outer loop
      vertex   1.512384e+02 -8.208074e+01 1.301667e+01
      vertex   1.512384e+02 -8.208074e+01 9.183333e+00
      vertex   1.514200e+02 -8.199602e+01 1.301667e+01
    endloop
  endfacet
  facet normal 4.226183e-01 -9.063078e-01 0.000000e+00
    outer loop
      vertex   1.514200e+02 -8.199602e+01 1.301667e+01
      vertex   1.512384e+02 -8.208074e+01 9.183333e+00
      vertex   1.514200e+02 -8.199602e+01 9.183333e+00
    endloop
  endfacet
  facet normal 2.588190e-01 -9.659258e-01 0.000000e+00
    outer loop
      vertex   1.514200e+02 -8.199602e+01 1.301667e+01
      vertex   1.514200e+02 -8.199602e+01 9.183333e+00
      vertex   1.516137e+02 -8.194414e+01 1.301667e+01
    endloop
  endfacet
  facet normal 2.588190e-01 -9.659258e-01 0.000000e+00
    outer loop
      vertex   1.516137e+02 -8.194414e+01 1.301667e+01
      vertex   1.514200e+02 -8.199602e+01 9.183333e+00
      vertex   1.516137e+02 -8.194414e+01 9.183333e+00
    endloop
  endfacet
  facet normal 8.715574e-02 -9.961947e-01 0.000000e+00
    outer loop
      vertex   1.516137e+02 -8.194414e+01 1.301667e+01
      vertex   1.516137e+02 -8.194414e+01 9.183333e+00
      vertex   1.518134e+02 -8.192667e+01 1.301667e+01
    endloop
  endfacet
  facet normal 8.715574e-02 -9.961947e-01 0.000000e+00
    outer loop
      vertex   1.518134e+02 -8.192667e+01 1.301667e+01
      vertex   1.516137e+02 -8.194414e+01 9.183333e+00
      vertex   1.518134e+02 -8.192667e+01 9.183333e+00
    endloop
  endfacet
  facet normal -8.715574e-02 -9.961947e-01 -0.000000e+00
    outer loop
      vertex   1.518134e+02 -8.192667e+01 1.301667e+01
      vertex   1.518134e+02 -8.192667e+01 9.183333e+00
      vertex   1.520131e+02 -8.194414e+01 1.301667e+01
    endloop
  endfacet
  facet normal -8.715574e-02 -9.961947e-01 -0.000000e+00
    outer loop
      vertex   1.520131e+02 -8.194414e+01 1.301667e+01
      vertex   1.518134e+02 -8.192667e+01 9.183333e+00
      vertex   1.520131e+02 -8.194414e+01 9.183333e+00
    endloop
  endfacet
  facet normal -2.588190e-01 -9.659258e-01 -0.000000e+00
    outer loop
      vertex   1.520131e+02 -8.194414e+01 1.301667e+01
      vertex   1.520131e+02 -8.194414e+01 9.183333e+00
      vertex   1.522067e+02 -8.199602e+01 1.301667e+01
    endloop
  endfacet
  facet normal -2.588190e-01 -9.659258e-01 -0.000000e+00
    outer loop
      vertex   1.522067e+02 -8.199602e+01 1.301667e+01
      vertex   1.520131e+02 -8.194414e+01 9.183333e+00
      vertex   1.522067e+02 -8.199602e+01 9.183333e+00
    endloop
  endfacet
  facet normal -4.226183e-01 -9.063078e-01 -0.000000e+00
    outer loop
      vertex   1.522067e+02 -8.199602e+01 1.301667e+01
      vertex   1.522067e+02 -8.199602e+01 9.183333e+00
      vertex   1.523884e+02 -8.208074e+01 1.301667e+01
    endloop
  endfacet
  facet normal -4.226183e-01 -9.063078e-01 -0.000000e+00
    outer loop
      vertex   1.523884e+02 -8.208074e+01 1.301667e+01
      vertex   1.522067e+02 -8.199602e+01 9.183333e+00
      vertex   1.523884e+02 -8.208074e+01 9.183333e+00
    endloop
  endfacet
  facet normal -5.735764e-01 -8.191520e-01 -0.000000e+00
    outer loop
      vertex   1.523884e+02 -8.208074e+01 1.301667e+01
      vertex   1.523884e+02 -8.208074e+01 9.183333e+00
      vertex   1.525526e+02 -8.219572e+01 1.301667e+01
    endloop
  endfacet
  facet normal -5.735764e-01 -8.191520e-01 -0.000000e+00
    outer loop
      vertex   1.525526e+02 -8.219572e+01 1.301667e+01
      vertex   1.523884e+02 -8.208074e+01 9.183333e+00
      vertex   1.525526e+02 -8.219572e+01 9.183333e+00
    endloop
  endfacet
  facet normal -7.071068e-01 -7.071068e-01 -0.000000e+00
    outer loop
      vertex   1.525526e+02 -8.219572e+01 1.301667e+01
      vertex   1.525526e+02 -8.219572e+01 9.183333e+00
      vertex   1.526943e+02 -8.233746e+01 1.301667e+01
    endloop
  endfacet
  facet normal -7.071068e-01 -7.071068e-01 -0.000000e+00
    outer loop
      vertex   1.526943e+02 -8.233746e+01 1.301667e+01
      vertex   1.525526e+02 -8.219572e+01 9.183333e+00
      vertex   1.526943e+02 -8.233746e+01 9.183333e+00
    endloop
  endfacet
  facet normal -8.191520e-01 -5.735764e-01 -0.000000e+00
    outer loop
      vertex   1.526943e+02 -8.233746e+01 1.301667e+01
      vertex   1.526943e+02 -8.233746e+01 9.183333e+00
      vertex   1.528093e+02 -8.250167e+01 1.301667e+01
    endloop
  endfacet
  facet normal -8.191520e-01 -5.735764e-01 -0.000000e+00
    outer loop
      vertex   1.528093e+02 -8.250167e+01 1.301667e+01
      vertex   1.526943e+02 -8.233746e+01 9.183333e+00
      vertex   1.528093e+02 -8.250167e+01 9.183333e+00
    endloop
  endfacet
  facet normal -9.063078e-01 -4.226183e-01 -0.000000e+00
    outer loop
      vertex   1.528093e+02 -8.250167e+01 1.301667e+01
      vertex   1.528093e+02 -8.250167e+01 9.183333e+00
      vertex   1.528940e+02 -8.268334e+01 1.301667e+01
    endloop
  endfacet
  facet normal -9.063078e-01 -4.226183e-01 -0.000000e+00
    outer loop
      vertex   1.528940e+02 -8.268334e+01 1.301667e+01
      vertex   1.528093e+02 -8.250167e+01 9.183333e+00
      vertex   1.528940e+02 -8.268334e+01 9.183333e+00
    endloop
  endfacet
  facet normal -9.659258e-01 -2.588190e-01 -0.000000e+00
    outer loop
      vertex   1.528940e+02 -8.268334e+01 1.301667e+01
      vertex   1.528940e+02 -8.268334e+01 9.183333e+00
      vertex   1.529459e+02 -8.287697e+01 1.301667e+01
    endloop
  endfacet
  facet normal -9.659258e-01 -2.588190e-01 -0.000000e+00
    outer loop
      vertex   1.529459e+02 -8.287697e+01 1.301667e+01
      vertex   1.528940e+02 -8.268334e+01 9.183333e+00
      vertex   1.529459e+02 -8.287697e+01 9.183333e+00
    endloop
  endfacet
  facet normal -9.961947e-01 -8.715574e-02 -0.000000e+00
    outer loop
      vertex   1.529459e+02 -8.287697e+01 1.301667e+01
      vertex   1.529459e+02 -8.287697e+01 9.183333e+00
      vertex   1.529634e+02 -8.307667e+01 1.301667e+01
    endloop
  endfacet
  facet normal -9.961947e-01 -8.715574e-02 -0.000000e+00
    outer loop
      vertex   1.529634e+02 -8.307667e+01 1.301667e+01
      vertex   1.529459e+02 -8.287697e+01 9.183333e+00
      vertex   1.529634e+02 -8.307667e+01 9.183333e+00
    endloop
  endfacet
  facet normal 0.000000e+00 0.000000e+00 -1.000000e+00
    outer loop
      vertex   1.529459e+02 -8.327636e+01 1.685000e+01
      vertex   1.506808e+02 -8.327636e+01 1.685000e+01
      vertex   1.529634e+02 -8.307667e+01 1.685000e+01
    endloop
  endfacet
  facet normal -0.000000e+00 0.000000e+00 -1.000000e+00
    outer loop
      vertex   1.529634e+02 -8.307667e+01 1.685000e+01
      vertex   1.506808e+02 -8.327636e+01 1.685000e+01
      vertex   1.506634e+02 -8.307667e+01 1.685000e+01
    endloop
  endfacet
  facet normal 0.000000e+00 0.000000e+00 -1.000000e+00
    outer loop
      vertex   1.529634e+02 -8.307667e+01 1.685000e+01
      vertex   1.506634e+02 -8.307667e+01 1.685000e+01
      vertex   1.529459e+02 -8.287697e+01 1.685000e+01
    endloop
  endfacet
  facet normal -0.000000e+00 0.000000e+00 -1.000000e+00
    outer loop
      vertex   1.529459e+02 -8.287697e+01 1.685000e+01
      vertex   1.506634e+02 -8.307667e+01 1.685000e+01
      vertex   1.506808e+02 -8.287697e+01 1.685000e+01
    endloop
  endfacet
  facet normal 0.000000e+00 0.000000e+00 -1.000000e+00
    outer loop
      vertex   1.529459e+02 -8.287697e+01 1.685000e+01
      vertex   1.506808e+02 -8.287697e+01 1.685000e+01
      vertex   1.528940e+02 -8.268334e+01 1.685000e+01
    endloop
  endfacet
  facet normal -0.000000e+00 0.000000e+00 -1.000000e+00
    outer loop
      vertex   1.528940e+02 -8.268334e+01 1.685000e+01
      vertex   1.506808e+02 -8.287697e+01 1.685000e+01
      vertex   1.507327e+02 -8.268334e+01 1.685000e+01
    endloop
  endfacet
  facet normal 0.000000e+00 0.000000e+00 -1.000000e+00
    outer loop
      vertex   1.528940e+02 -8.268334e+01 1.685000e+01
      vertex   1.507327e+02 -8.268334e+01 1.685000e+01
      vertex   1.528093e+02 -8.250167e+01 1.685000e+01
    endloop
  endfacet
  facet normal -0.000000e+00 0.000000e+00 -1.000000e+00
    outer loop
      vertex   1.528093e+02 -8.250167e+01 1.685000e+01
      vertex   1.507327e+02 -8.268334e+01 1.685000e+01
      vertex   1.508174e+02 -8.250167e+01 1.685000e+01
    endloop
  endfacet
  facet normal 0.000000e+00 0.000000e+00 -1.000000e+00
    outer loop
      vertex   1.528093e+02 -8.250167e+01 1.685000e+01
      vertex   1.508174e+02 -8.250167e+01 1.685000e+01
      vertex   1.526943e+02 -8.233746e+01 1.685000e+01
    endloop
  endfacet
  facet normal -0.000000e+00 0.000000e+00 -1.000000e+00
    outer loop
      vertex   1.526943e+02 -8.233746e+01 1.685000e+01
      vertex   1.508174e+02 -8.250167e+01 1.685000e+01
      vertex   1.509324e+02 -8.233746e+01 1.685000e+01
    endloop
  endfacet
  facet normal 0.000000e+00 0.000000e+00 -1.000000e+00
    outer loop
      vertex   1.526943e+02 -8.233746e+01 1.685000e+01
      vertex   1.509324e+02 -8.233746e+01 1.685000e+01
      vertex   1.525526e+02 -8.219572e+01 1.685000e+01
    endloop
  endfacet
  facet normal -0.000000e+00 0.000000e+00 -1.000000e+00
    outer loop
      vertex   1.525526e+02 -8.219572e+01 1.685000e+01
      vertex   1.509324e+02 -8.233746e+01 1.685000e+01
      vertex   1.510742e+02 -8.219572e+01 1.685000e+01
    endloop
  endfacet
  facet normal 0.000000e+00 0.000000e+00 -1.000000e+00
    outer loop
      vertex   1.525526e+02 -8.219572e+01 1.685000e+01
      vertex   1.510742e+02 -8.219572e+01 1.685000e+01
      vertex   1.523884e+02 -8.208074e+01 1.685000e+01
    endloop
  endfacet
  facet normal -0.000000e+00 0.000000e+00 -1.000000e+00
    outer loop
      vertex   1.523884e+02 -8.208074e+01 1.685000e+01
      vertex   1.510742e+02 -8.219572e+01 1.685000e+01
      vertex   1.512384e+02 -8.208074e+01 1.685000e+01
    endloop
  endfacet
  facet normal 0.000000e+00 0.000000e+00 -1.000000e+00
    outer loop
      vertex   1.523884e+02 -8.208074e+01 1.685000e+01
      vertex   1.512384e+02 -8.208074e+01 1.685000e+01
      vertex   1.522067e+02 -8.199602e+01 1.685000e+01
    endloop
  endfacet
  facet normal -0.000000e+00 0.000000e+00 -1.000000e+00
    outer loop
      vertex   1.522067e+02 -8.199602e+01 1.685000e+01
      vertex   1.512384e+02 -8.208074e+01 1.685000e+01
      vertex   1.514200e+02 -8.199602e+01 1.685000e+01
    endloop
  endfacet
  facet normal 0.000000e+00 0.000000e+00 -1.000000e+00
    outer loop
      vertex   1.522067e+02 -8.199602e+01 1.685000e+01
      vertex   1.514200e+02 -8.199602e+01 1.685000e+01
      vertex   1.520131e+02 -8.194414e+01 1.685000e+01
    endloop
  endfacet
  facet normal -0.000000e+00 0.000000e+00 -1.000000e+00
    outer loop
      vertex   1.520131e+02 -8.194414e+01 1.685000e+01
      vertex   1.514200e+02 -8.199602e+01 1.685000e+01
      vertex   1.516137e+02 -8.194414e+01 1.685000e+01
    endloop
  endfacet
  facet normal 0.000000e+00 0.000000e+00 -1.000000e+00
    outer loop
      vertex   1.520131e+02 -8.194414e+01 1.685000e+01
      vertex   1.516137e+02 -8.194414e+01 1.685000e+01
      vertex   1.518134e+02 -8.192667e+01 1.685000e+01
    endloop
  endfacet
  facet normal 0.000000e+00 0.000000e+00 -1.000000e+00
    outer loop
      vertex   1.506808e+02 -8.327636e+01 1.685000e+01
      vertex   1.529459e+02 -8.327636e+01 1.685000e+01
      vertex   1.507327e+02 -8.346999e+01 1.685000e+01
    endloop
  endfacet
  facet normal 0.000000e+00 0.000000e+00 -1.000000e+00
    outer loop
      vertex   1.507327e+02 -8.346999e+01 1.685000e+01
      vertex   1.529459e+02 -8.327636e+01 1.685000e+01
      vertex   1.528940e+02 -8.346999e+01 1.685000e+01
    endloop
  endfacet
  facet normal 0.000000e+00 0.000000e+00 -1.000000e+00
    outer loop
      vertex   1.507327e+02 -8.346999e+01 1.685000e+01
      vertex   1.528940e+02 -8.346999e+01 1.685000e+01
      vertex   1.508174e+02 -8.365167e+01 1.685000e+01
    endloop
  endfacet
  facet normal 0.000000e+00 0.000000e+00 -1.000000e+00
    outer loop
      vertex   1.508174e+02 -8.365167e+01 1.685000e+01
      vertex   1.528940e+02 -8.346999e+01 1.685000e+01
      vertex   1.528093e+02 -8.365167e+01 1.685000e+01
    endloop
  endfacet
  facet normal 0.000000e+00 0.000000e+00 -1.000000e+00
    outer loop
      vertex   1.508174e+02 -8.365167e+01 1.685000e+01
      vertex   1.528093e+02 -8.365167e+01 1.685000e+01
      vertex   1.509324e+02 -8.381587e+01 1.685000e+01
    endloop
  endfacet
  facet normal 0.000000e+00 0.000000e+00 -1.000000e+00
    outer loop
      vertex   1.509324e+02 -8.381587e+01 1.685000e+01
      vertex   1.528093e+02 -8.365167e+01 1.685000e+01
      vertex   1.526943e+02 -8.381587e+01 1.685000e+01
    endloop
  endfacet
  facet normal 0.000000e+00 0.000000e+00 -1.000000e+00
    outer loop
      vertex   1.509324e+02 -8.381587e+01 1.685000e+01
      vertex   1.526943e+02 -8.381587e+01 1.685000e+01
      vertex   1.510742e+02 -8.395762e+01 1.685000e+01
    endloop
  endfacet
  facet normal 0.000000e+00 0.000000e+00 -1.000000e+00
    outer loop
      vertex   1.510742e+02 -8.395762e+01 1.685000e+01
      vertex   1.526943e+02 -8.381587e+01 1.685000e+01
      vertex   1.525526e+02 -8.395762e+01 1.685000e+01
    endloop
  endfacet
  facet normal 0.000000e+00 0.000000e+00 -1.000000e+00
    outer loop
      vertex   1.510742e+02 -8.395762e+01 1.685000e+01
      vertex   1.525526e+02 -8.395762e+01 1.685000e+01
      vertex   1.512384e+02 -8.407260e+01 1.685000e+01
    endloop
  endfacet
  facet normal 0.000000e+00 0.000000e+00 -1.000000e+00
    outer loop
      vertex   1.512384e+02 -8.407260e+01 1.685000e+01
      vertex   1.525526e+02 -8.395762e+01 1.685000e+01
      vertex   1.523884e+02 -8.407260e+01 1.685000e+01
    endloop
  endfacet
  facet normal 0.000000e+00 0.000000e+00 -1.000000e+00
    outer loop
      vertex   1.512384e+02 -8.407260e+01 1.685000e+01
      vertex   1.523884e+02 -8.407260e+01 1.685000e+01
      vertex   1.514200e+02 -8.415731e+01 1.685000e+01
    endloop
  endfacet
  facet normal 0.000000e+00 0.000000e+00 -1.000000e+00
    outer loop
      vertex   1.514200e+02 -8.415731e+01 1.685000e+01
      vertex   1.523884e+02 -8.407260e+01 1.685000e+01
      vertex   1.522067e+02 -8.415731e+01 1.685000e+01
    endloop
  endfacet
  facet normal 0.000000e+00 0.000000e+00 -1.000000e+00
    outer loop
      vertex   1.514200e+02 -8.415731e+01 1.685000e+01
      vertex   1.522067e+02 -8.415731e+01 1.685000e+01
      vertex   1.516137e+02 -8.420920e+01 1.685000e+01
    endloop
  endfacet
  facet normal 0.000000e+00 0.000000e+00 -1.000000e+00
    outer loop
      vertex   1.516137e+02 -8.420920e+01 1.685000e+01
      vertex   1.522067e+02 -8.415731e+01 1.685000e+01
      vertex   1.520131e+02 -8.420920e+01 1.685000e+01
    endloop
  endfacet
  facet normal 0.000000e+00 0.000000e+00 -1.000000e+00
    outer loop
      vertex   1.516137e+02 -8.420920e+01 1.685000e+01
      vertex   1.520131e+02 -8.420920e+01 1.685000e+01
      vertex   1.518134e+02 -8.422667e+01 1.685000e+01
    endloop
  endfacet
  facet normal 8.661856e-01 -4.997225e-01 0.000000e+00
    outer loop
      vertex   1.562000e+02 -8.309939e+01 1.885000e+01
      vertex   1.510650e+02 -9.200000e+01 1.885000e+01
      vertex   1.562000e+02 -8.309939e+01 5.350000e+00
    endloop
  endfacet
  facet normal 8.661856e-01 -4.997225e-01 3.021876e-18
    outer loop
      vertex   1.562000e+02 -8.309939e+01 5.350000e+00
      vertex   1.510650e+02 -9.200000e+01 1.885000e+01
      vertex   1.510650e+02 -9.200000e+01 5.350000e+00
    endloop
  endfacet
  facet normal -0.000000e+00 -1.000000e+00 -0.000000e+00
    outer loop
      vertex   1.510650e+02 -9.200000e+01 1.885000e+01
      vertex   1.494828e+02 -9.200000e+01 1.885000e+01
      vertex   1.510650e+02 -9.200000e+01 5.350000e+00
    endloop
  endfacet
  facet normal 0.000000e+00 -1.000000e+00 0.000000e+00
    outer loop
      vertex   1.510650e+02 -9.200000e+01 5.350000e+00
      vertex   1.494828e+02 -9.200000e+01 1.885000e+01
      vertex   1.494828e+02 -9.200000e+01 5.350000e+00
    endloop
  endfacet
  facet normal -7.071068e-01 -7.071068e-01 -0.000000e+00
    outer loop
      vertex   1.494828e+02 -9.200000e+01 1.885000e+01
      vertex   1.484000e+02 -9.091716e+01 1.885000e+01
      vertex   1.494828e+02 -9.200000e+01 5.350000e+00
    endloop
  endfacet
  facet normal -7.071068e-01 -7.071068e-01 -3.004688e-19
    outer loop
      vertex   1.494828e+02 -9.200000e+01 5.350000e+00
      vertex   1.484000e+02 -9.091716e+01 1.885000e+01
      vertex   1.484000e+02 -9.091716e+01 5.350000e+00
    endloop
  endfacet
  facet normal -1.000000e+00 0.000000e+00 0.000000e+00
    outer loop
      vertex   1.484000e+02 -9.091716e+01 1.885000e+01
      vertex   1.484000e+02 -5.788084e+01 1.885000e+01
      vertex   1.484000e+02 -9.091716e+01 5.350000e+00
    endloop
  endfacet
  facet normal -1.000000e+00 0.000000e+00 0.000000e+00
    outer loop
      vertex   1.484000e+02 -9.091716e+01 5.350000e+00
      vertex   1.484000e+02 -5.788084e+01 1.885000e+01
      vertex   1.484000e+02 -5.788084e+01 5.350000e+00
    endloop
  endfacet
  facet normal -7.191035e-01 6.949029e-01 0.000000e+00
    outer loop
      vertex   1.484000e+02 -5.788084e+01 1.885000e+01
      vertex   1.489130e+02 -5.735000e+01 1.885000e+01
      vertex   1.484000e+02 -5.788084e+01 5.350000e+00
    endloop
  endfacet
  facet normal -7.191035e-01 6.949029e-01 7.322425e-19
    outer loop
      vertex   1.484000e+02 -5.788084e+01 5.350000e+00
      vertex   1.489130e+02 -5.735000e+01 1.885000e+01
      vertex   1.489130e+02 -5.735000e+01 5.350000e+00
    endloop
  endfacet
  facet normal -0.000000e+00 1.000000e+00 0.000000e+00
    outer loop
      vertex   1.489130e+02 -5.735000e+01 1.885000e+01
      vertex   1.655797e+02 -5.735000e+01 1.885000e+01
      vertex   1.489130e+02 -5.735000e+01 5.350000e+00
    endloop
  endfacet
  facet normal 0.000000e+00 1.000000e+00 0.000000e+00
    outer loop
      vertex   1.489130e+02 -5.735000e+01 5.350000e+00
      vertex   1.655797e+02 -5.735000e+01 1.885000e+01
      vertex   1.655797e+02 -5.735000e+01 5.350000e+00
    endloop
  endfacet
  facet normal -7.071068e-01 7.071068e-01 0.000000e+00
    outer loop
      vertex   1.655797e+02 -5.735000e+01 1.885000e+01
      vertex   1.668875e+02 -5.604222e+01 1.885000e+01
      vertex   1.655797e+02 -5.735000e+01 5.350000e+00
    endloop
  endfacet
  facet normal -7.071068e-01 7.071068e-01 -2.560553e-19
    outer loop
      vertex   1.655797e+02 -5.735000e+01 5.350000e+00
      vertex   1.668875e+02 -5.604222e+01 1.885000e+01
      vertex   1.668875e+02 -5.604222e+01 5.350000e+00
    endloop
  endfacet
  facet normal -1.000000e+00 0.000000e+00 0.000000e+00
    outer loop
      vertex   1.668875e+02 -5.604222e+01 1.885000e+01
      vertex   1.668875e+02 -3.206403e+01 1.885000e+01
      vertex   1.668875e+02 -5.604222e+01 5.350000e+00
    endloop
  endfacet
  facet normal -1.000000e+00 0.000000e+00 0.000000e+00
    outer loop
      vertex   1.668875e+02 -5.604222e+01 5.350000e+00
      vertex   1.668875e+02 -3.206403e+01 1.885000e+01
      vertex   1.668875e+02 -3.206403e+01 5.350000e+00
    endloop
  endfacet
  facet normal 0.000000e+00 0.000000e+00 -1.000000e+00
    outer loop
      vertex   1.562000e+02 -8.309939e+01 5.350000e+00
      vertex   1.528093e+02 -8.250167e+01 5.350000e+00
      vertex   1.562000e+02 -6.565000e+01 5.350000e+00
    endloop
  endfacet
  facet normal 0.000000e+00 0.000000e+00 -1.000000e+00
    outer loop
      vertex   1.562000e+02 -6.565000e+01 5.350000e+00
      vertex   1.528093e+02 -8.250167e+01 5.350000e+00
      vertex   1.526943e+02 -8.233746e+01 5.350000e+00
    endloop
  endfacet
  facet normal 0.000000e+00 0.000000e+00 -1.000000e+00
    outer loop
      vertex   1.562000e+02 -6.565000e+01 5.350000e+00
      vertex   1.526943e+02 -8.233746e+01 5.350000e+00
      vertex   1.525526e+02 -8.219572e+01 5.350000e+00
    endloop
  endfacet
  facet normal 0.000000e+00 0.000000e+00 -1.000000e+00
    outer loop
      vertex   1.510650e+02 -9.200000e+01 5.350000e+00
      vertex   1.528093e+02 -8.365167e+01 5.350000e+00
      vertex   1.562000e+02 -8.309939e+01 5.350000e+00
    endloop
  endfacet
  facet normal 0.000000e+00 0.000000e+00 -1.000000e+00
    outer loop
      vertex   1.562000e+02 -8.309939e+01 5.350000e+00
      vertex   1.528093e+02 -8.365167e+01 5.350000e+00
      vertex   1.528940e+02 -8.346999e+01 5.350000e+00
    endloop
  endfacet
  facet normal 0.000000e+00 0.000000e+00 -1.000000e+00
    outer loop
      vertex   1.562000e+02 -8.309939e+01 5.350000e+00
      vertex   1.528940e+02 -8.346999e+01 5.350000e+00
      vertex   1.529459e+02 -8.327636e+01 5.350000e+00
    endloop
  endfacet
  facet normal 0.000000e+00 0.000000e+00 -1.000000e+00
    outer loop
      vertex   1.494828e+02 -9.200000e+01 5.350000e+00
      vertex   1.509324e+02 -8.381587e+01 5.350000e+00
      vertex   1.510650e+02 -9.200000e+01 5.350000e+00
    endloop
  endfacet
  facet normal 0.000000e+00 0.000000e+00 -1.000000e+00
    outer loop
      vertex   1.510650e+02 -9.200000e+01 5.350000e+00
      vertex   1.509324e+02 -8.381587e+01 5.350000e+00
      vertex   1.510742e+02 -8.395762e+01 5.350000e+00
    endloop
  endfacet
  facet normal 0.000000e+00 0.000000e+00 -1.000000e+00
    outer loop
      vertex   1.510650e+02 -9.200000e+01 5.350000e+00
      vertex   1.510742e+02 -8.395762e+01 5.350000e+00
      vertex   1.512384e+02 -8.407260e+01 5.350000e+00
    endloop
  endfacet
  facet normal 0.000000e+00 0.000000e+00 -1.000000e+00
    outer loop
      vertex   1.484000e+02 -9.091716e+01 5.350000e+00
      vertex   1.507327e+02 -8.346999e+01 5.350000e+00
      vertex   1.494828e+02 -9.200000e+01 5.350000e+00
    endloop
  endfacet
  facet normal 0.000000e+00 0.000000e+00 -1.000000e+00
    outer loop
      vertex   1.494828e+02 -9.200000e+01 5.350000e+00
      vertex   1.507327e+02 -8.346999e+01 5.350000e+00
      vertex   1.508174e+02 -8.365167e+01 5.350000e+00
    endloop
  endfacet
  facet normal 0.000000e+00 0.000000e+00 -1.000000e+00
    outer loop
      vertex   1.494828e+02 -9.200000e+01 5.350000e+00
      vertex   1.508174e+02 -8.365167e+01 5.350000e+00
      vertex   1.509324e+02 -8.381587e+01 5.350000e+00
    endloop
  endfacet
  facet normal 0.000000e+00 0.000000e+00 -1.000000e+00
    outer loop
      vertex   1.484000e+02 -5.788084e+01 5.350000e+00
      vertex   1.506808e+02 -8.287697e+01 5.350000e+00
      vertex   1.484000e+02 -9.091716e+01 5.350000e+00
    endloop
  endfacet
  facet normal 0.000000e+00 0.000000e+00 -1.000000e+00
    outer loop
      vertex   1.484000e+02 -9.091716e+01 5.350000e+00
      vertex   1.506808e+02 -8.287697e+01 5.350000e+00
      vertex   1.506634e+02 -8.307667e+01 5.350000e+00
    endloop
  endfacet
  facet normal 0.000000e+00 0.000000e+00 -1.000000e+00
    outer loop
      vertex   1.484000e+02 -9.091716e+01 5.350000e+00
      vertex   1.506634e+02 -8.307667e+01 5.350000e+00
      vertex   1.506808e+02 -8.327636e+01 5.350000e+00
    endloop
  endfacet
  facet normal 0.000000e+00 -0.000000e+00 -1.000000e+00
    outer loop
      vertex   1.489130e+02 -5.735000e+01 5.350000e+00
      vertex   1.512782e+02 -6.138271e+01 5.350000e+00
      vertex   1.484000e+02 -5.788084e+01 5.350000e+00
    endloop
  endfacet
  facet normal 0.000000e+00 0.000000e+00 -1.000000e+00
    outer loop
      vertex   1.484000e+02 -5.788084e+01 5.350000e+00
      vertex   1.512782e+02 -6.138271e+01 5.350000e+00
      vertex   1.512957e+02 -6.158241e+01 5.350000e+00
    endloop
  endfacet
  facet normal 0.000000e+00 0.000000e+00 -1.000000e+00
    outer loop
      vertex   1.484000e+02 -5.788084e+01 5.350000e+00
      vertex   1.512957e+02 -6.158241e+01 5.350000e+00
      vertex   1.513476e+02 -6.177603e+01 5.350000e+00
    endloop
  endfacet
  facet normal -0.000000e+00 0.000000e+00 -1.000000e+00
    outer loop
      vertex   1.655797e+02 -5.735000e+01 5.350000e+00
      vertex   1.530032e+02 -6.038678e+01 5.350000e+00
      vertex   1.489130e+02 -5.735000e+01 5.350000e+00
    endloop
  endfacet
  facet normal 0.000000e+00 0.000000e+00 -1.000000e+00
    outer loop
      vertex   1.489130e+02 -5.735000e+01 5.350000e+00
      vertex   1.530032e+02 -6.038678e+01 5.350000e+00
      vertex   1.528216e+02 -6.030206e+01 5.350000e+00
    endloop
  endfacet
  facet normal 0.000000e+00 0.000000e+00 -1.000000e+00
    outer loop
      vertex   1.489130e+02 -5.735000e+01 5.350000e+00
      vertex   1.528216e+02 -6.030206e+01 5.350000e+00
      vertex   1.526279e+02 -6.025018e+01 5.350000e+00
    endloop
  endfacet
  facet normal 0.000000e+00 -0.000000e+00 -1.000000e+00
    outer loop
      vertex   1.668875e+02 -5.604222e+01 5.350000e+00
      vertex   1.688106e+02 -6.515000e+01 5.350000e+00
      vertex   1.655797e+02 -5.735000e+01 5.350000e+00
    endloop
  endfacet
  facet normal 0.000000e+00 -0.000000e+00 -1.000000e+00
    outer loop
      vertex   1.655797e+02 -5.735000e+01 5.350000e+00
      vertex   1.688106e+02 -6.515000e+01 5.350000e+00
      vertex   1.567000e+02 -6.515000e+01 5.350000e+00
    endloop
  endfacet
  facet normal 0.000000e+00 0.000000e+00 -1.000000e+00
    outer loop
      vertex   1.655797e+02 -5.735000e+01 5.350000e+00
      vertex   1.567000e+02 -6.515000e+01 5.350000e+00
      vertex   1.534242e+02 -6.080771e+01 5.350000e+00
    endloop
  endfacet
  facet normal 0.000000e+00 0.000000e+00 -1.000000e+00
    outer loop
      vertex   1.534242e+02 -6.080771e+01 5.350000e+00
      vertex   1.567000e+02 -6.515000e+01 5.350000e+00
      vertex   1.535089e+02 -6.098939e+01 5.350000e+00
    endloop
  endfacet
  facet normal 0.000000e+00 0.000000e+00 -1.000000e+00
    outer loop
      vertex   1.535089e+02 -6.098939e+01 5.350000e+00
      vertex   1.567000e+02 -6.515000e+01 5.350000e+00
      vertex   1.566132e+02 -6.515760e+01 5.350000e+00
    endloop
  endfacet
  facet normal 0.000000e+00 0.000000e+00 -1.000000e+00
    outer loop
      vertex   1.535089e+02 -6.098939e+01 5.350000e+00
      vertex   1.566132e+02 -6.515760e+01 5.350000e+00
      vertex   1.535608e+02 -6.118302e+01 5.350000e+00
    endloop
  endfacet
  facet normal 0.000000e+00 0.000000e+00 -1.000000e+00
    outer loop
      vertex   1.535608e+02 -6.118302e+01 5.350000e+00
      vertex   1.566132e+02 -6.515760e+01 5.350000e+00
      vertex   1.565290e+02 -6.518015e+01 5.350000e+00
    endloop
  endfacet
  facet normal 0.000000e+00 0.000000e+00 -1.000000e+00
    outer loop
      vertex   1.535608e+02 -6.118302e+01 5.350000e+00
      vertex   1.565290e+02 -6.518015e+01 5.350000e+00
      vertex   1.564500e+02 -6.521699e+01 5.350000e+00
    endloop
  endfacet
  facet normal 0.000000e+00 0.000000e+00 -1.000000e+00
    outer loop
      vertex   1.668875e+02 -3.206403e+01 5.350000e+00
      vertex   1.693846e+02 -2.973307e+01 5.350000e+00
      vertex   1.668875e+02 -5.604222e+01 5.350000e+00
    endloop
  endfacet
  facet normal 0.000000e+00 0.000000e+00 -1.000000e+00
    outer loop
      vertex   1.668875e+02 -5.604222e+01 5.350000e+00
      vertex   1.693846e+02 -2.973307e+01 5.350000e+00
      vertex   1.695663e+02 -2.964835e+01 5.350000e+00
    endloop
  endfacet
  facet normal 0.000000e+00 0.000000e+00 -1.000000e+00
    outer loop
      vertex   1.668875e+02 -5.604222e+01 5.350000e+00
      vertex   1.695663e+02 -2.964835e+01 5.350000e+00
      vertex   1.697305e+02 -2.953338e+01 5.350000e+00
    endloop
  endfacet
  facet normal 0.000000e+00 0.000000e+00 -1.000000e+00
    outer loop
      vertex   1.655797e+02 -3.075625e+01 5.350000e+00
      vertex   1.678413e+02 -2.865242e+01 5.350000e+00
      vertex   1.668875e+02 -3.206403e+01 5.350000e+00
    endloop
  endfacet
  facet normal 0.000000e+00 0.000000e+00 -1.000000e+00
    outer loop
      vertex   1.668875e+02 -3.206403e+01 5.350000e+00
      vertex   1.678413e+02 -2.865242e+01 5.350000e+00
      vertex   1.678588e+02 -2.885212e+01 5.350000e+00
    endloop
  endfacet
  facet normal 0.000000e+00 0.000000e+00 -1.000000e+00
    outer loop
      vertex   1.668875e+02 -3.206403e+01 5.350000e+00
      vertex   1.678588e+02 -2.885212e+01 5.350000e+00
      vertex   1.679107e+02 -2.904575e+01 5.350000e+00
    endloop
  endfacet
  facet normal 0.000000e+00 0.000000e+00 -1.000000e+00
    outer loop
      vertex   1.650827e+02 -3.075625e+01 5.350000e+00
      vertex   1.650827e+02 -2.295625e+01 5.350000e+00
      vertex   1.655797e+02 -3.075625e+01 5.350000e+00
    endloop
  endfacet
  facet normal 0.000000e+00 0.000000e+00 -1.000000e+00
    outer loop
      vertex   1.655797e+02 -3.075625e+01 5.350000e+00
      vertex   1.650827e+02 -2.295625e+01 5.350000e+00
      vertex   1.678588e+02 -2.845273e+01 5.350000e+00
    endloop
  endfacet
  facet normal 0.000000e+00 0.000000e+00 -1.000000e+00
    outer loop
      vertex   1.655797e+02 -3.075625e+01 5.350000e+00
      vertex   1.678588e+02 -2.845273e+01 5.350000e+00
      vertex   1.678413e+02 -2.865242e+01 5.350000e+00
    endloop
  endfacet
  facet normal -0.000000e+00 0.000000e+00 -1.000000e+00
    outer loop
      vertex   1.688106e+02 -2.295625e+01 5.350000e+00
      vertex   1.679954e+02 -2.807742e+01 5.350000e+00
      vertex   1.650827e+02 -2.295625e+01 5.350000e+00
    endloop
  endfacet
  facet normal 0.000000e+00 0.000000e+00 -1.000000e+00
    outer loop
      vertex   1.650827e+02 -2.295625e+01 5.350000e+00
      vertex   1.679954e+02 -2.807742e+01 5.350000e+00
      vertex   1.679107e+02 -2.825910e+01 5.350000e+00
    endloop
  endfacet
  facet normal 0.000000e+00 0.000000e+00 -1.000000e+00
    outer loop
      vertex   1.650827e+02 -2.295625e+01 5.350000e+00
      vertex   1.679107e+02 -2.825910e+01 5.350000e+00
      vertex   1.678588e+02 -2.845273e+01 5.350000e+00
    endloop
  endfacet
  facet normal 0.000000e+00 0.000000e+00 -1.000000e+00
    outer loop
      vertex   1.746875e+02 -2.883317e+01 5.350000e+00
      vertex   1.700720e+02 -2.825910e+01 5.350000e+00
      vertex   1.688106e+02 -2.295625e+01 5.350000e+00
    endloop
  endfacet
  facet normal 0.000000e+00 0.000000e+00 -1.000000e+00
    outer loop
      vertex   1.688106e+02 -2.295625e+01 5.350000e+00
      vertex   1.700720e+02 -2.825910e+01 5.350000e+00
      vertex   1.699873e+02 -2.807742e+01 5.350000e+00
    endloop
  endfacet
  facet normal 0.000000e+00 0.000000e+00 -1.000000e+00
    outer loop
      vertex   1.688106e+02 -2.295625e+01 5.350000e+00
      vertex   1.699873e+02 -2.807742e+01 5.350000e+00
      vertex   1.698723e+02 -2.791322e+01 5.350000e+00
    endloop
  endfacet
  facet normal 0.000000e+00 0.000000e+00 -1.000000e+00
    outer loop
      vertex   1.746875e+02 -5.927308e+01 5.350000e+00
      vertex   1.698723e+02 -2.939163e+01 5.350000e+00
      vertex   1.746875e+02 -2.883317e+01 5.350000e+00
    endloop
  endfacet
  facet normal 0.000000e+00 0.000000e+00 -1.000000e+00
    outer loop
      vertex   1.746875e+02 -2.883317e+01 5.350000e+00
      vertex   1.698723e+02 -2.939163e+01 5.350000e+00
      vertex   1.699873e+02 -2.922742e+01 5.350000e+00
    endloop
  endfacet
  facet normal 0.000000e+00 0.000000e+00 -1.000000e+00
    outer loop
      vertex   1.746875e+02 -2.883317e+01 5.350000e+00
      vertex   1.699873e+02 -2.922742e+01 5.350000e+00
      vertex   1.700720e+02 -2.904575e+01 5.350000e+00
    endloop
  endfacet
  facet normal 0.000000e+00 0.000000e+00 -1.000000e+00
    outer loop
      vertex   1.688106e+02 -6.515000e+01 5.350000e+00
      vertex   1.668875e+02 -5.604222e+01 5.350000e+00
      vertex   1.746875e+02 -5.927308e+01 5.350000e+00
    endloop
  endfacet
  facet normal 0.000000e+00 0.000000e+00 -1.000000e+00
    outer loop
      vertex   1.746875e+02 -5.927308e+01 5.350000e+00
      vertex   1.668875e+02 -5.604222e+01 5.350000e+00
      vertex   1.697305e+02 -2.953338e+01 5.350000e+00
    endloop
  endfacet
  facet normal 0.000000e+00 0.000000e+00 -1.000000e+00
    outer loop
      vertex   1.746875e+02 -5.927308e+01 5.350000e+00
      vertex   1.697305e+02 -2.953338e+01 5.350000e+00
      vertex   1.698723e+02 -2.939163e+01 5.350000e+00
    endloop
  endfacet
  facet normal -0.000000e+00 0.000000e+00 -1.000000e+00
    outer loop
      vertex   1.564500e+02 -6.521699e+01 5.350000e+00
      vertex   1.563786e+02 -6.526698e+01 5.350000e+00
      vertex   1.535608e+02 -6.118302e+01 5.350000e+00
    endloop
  endfacet
  facet normal 0.000000e+00 0.000000e+00 -1.000000e+00
    outer loop
      vertex   1.535608e+02 -6.118302e+01 5.350000e+00
      vertex   1.563786e+02 -6.526698e+01 5.350000e+00
      vertex   1.535782e+02 -6.138271e+01 5.350000e+00
    endloop
  endfacet
  facet normal 0.000000e+00 0.000000e+00 -1.000000e+00
    outer loop
      vertex   1.535782e+02 -6.138271e+01 5.350000e+00
      vertex   1.563786e+02 -6.526698e+01 5.350000e+00
      vertex   1.563170e+02 -6.532861e+01 5.350000e+00
    endloop
  endfacet
  facet normal 0.000000e+00 0.000000e+00 -1.000000e+00
    outer loop
      vertex   1.535782e+02 -6.138271e+01 5.350000e+00
      vertex   1.563170e+02 -6.532861e+01 5.350000e+00
      vertex   1.562670e+02 -6.540000e+01 5.350000e+00
    endloop
  endfacet
  facet normal -0.000000e+00 0.000000e+00 -1.000000e+00
    outer loop
      vertex   1.562670e+02 -6.540000e+01 5.350000e+00
      vertex   1.562302e+02 -6.547899e+01 5.350000e+00
      vertex   1.535782e+02 -6.138271e+01 5.350000e+00
    endloop
  endfacet
  facet normal 0.000000e+00 -0.000000e+00 -1.000000e+00
    outer loop
      vertex   1.535782e+02 -6.138271e+01 5.350000e+00
      vertex   1.562302e+02 -6.547899e+01 5.350000e+00
      vertex   1.535608e+02 -6.158241e+01 5.350000e+00
    endloop
  endfacet
  facet normal 0.000000e+00 0.000000e+00 -1.000000e+00
    outer loop
      vertex   1.535608e+02 -6.158241e+01 5.350000e+00
      vertex   1.562302e+02 -6.547899e+01 5.350000e+00
      vertex   1.562076e+02 -6.556318e+01 5.350000e+00
    endloop
  endfacet
  facet normal 0.000000e+00 -0.000000e+00 -1.000000e+00
    outer loop
      vertex   1.535608e+02 -6.158241e+01 5.350000e+00
      vertex   1.562076e+02 -6.556318e+01 5.350000e+00
      vertex   1.535089e+02 -6.177603e+01 5.350000e+00
    endloop
  endfacet
  facet normal 0.000000e+00 0.000000e+00 -1.000000e+00
    outer loop
      vertex   1.535089e+02 -6.177603e+01 5.350000e+00
      vertex   1.562076e+02 -6.556318e+01 5.350000e+00
      vertex   1.562000e+02 -6.565000e+01 5.350000e+00
    endloop
  endfacet
  facet normal 0.000000e+00 -0.000000e+00 -1.000000e+00
    outer loop
      vertex   1.535089e+02 -6.177603e+01 5.350000e+00
      vertex   1.562000e+02 -6.565000e+01 5.350000e+00
      vertex   1.534242e+02 -6.195771e+01 5.350000e+00
    endloop
  endfacet
  facet normal 0.000000e+00 -0.000000e+00 -1.000000e+00
    outer loop
      vertex   1.534242e+02 -6.195771e+01 5.350000e+00
      vertex   1.562000e+02 -6.565000e+01 5.350000e+00
      vertex   1.533092e+02 -6.212192e+01 5.350000e+00
    endloop
  endfacet
  facet normal 0.000000e+00 -0.000000e+00 -1.000000e+00
    outer loop
      vertex   1.533092e+02 -6.212192e+01 5.350000e+00
      vertex   1.562000e+02 -6.565000e+01 5.350000e+00
      vertex   1.531675e+02 -6.226366e+01 5.350000e+00
    endloop
  endfacet
  facet normal 0.000000e+00 -0.000000e+00 -1.000000e+00
    outer loop
      vertex   1.531675e+02 -6.226366e+01 5.350000e+00
      vertex   1.562000e+02 -6.565000e+01 5.350000e+00
      vertex   1.530032e+02 -6.237864e+01 5.350000e+00
    endloop
  endfacet
  facet normal 0.000000e+00 -0.000000e+00 -1.000000e+00
    outer loop
      vertex   1.530032e+02 -6.237864e+01 5.350000e+00
      vertex   1.562000e+02 -6.565000e+01 5.350000e+00
      vertex   1.528216e+02 -6.246336e+01 5.350000e+00
    endloop
  endfacet
  facet normal 0.000000e+00 -0.000000e+00 -1.000000e+00
    outer loop
      vertex   1.528216e+02 -6.246336e+01 5.350000e+00
      vertex   1.562000e+02 -6.565000e+01 5.350000e+00
      vertex   1.523884e+02 -8.208074e+01 5.350000e+00
    endloop
  endfacet
  facet normal 0.000000e+00 0.000000e+00 -1.000000e+00
    outer loop
      vertex   1.528216e+02 -6.246336e+01 5.350000e+00
      vertex   1.523884e+02 -8.208074e+01 5.350000e+00
      vertex   1.526279e+02 -6.251524e+01 5.350000e+00
    endloop
  endfacet
  facet normal 0.000000e+00 0.000000e+00 -1.000000e+00
    outer loop
      vertex   1.526279e+02 -6.251524e+01 5.350000e+00
      vertex   1.523884e+02 -8.208074e+01 5.350000e+00
      vertex   1.522067e+02 -8.199602e+01 5.350000e+00
    endloop
  endfacet
  facet normal 0.000000e+00 0.000000e+00 -1.000000e+00
    outer loop
      vertex   1.526279e+02 -6.251524e+01 5.350000e+00
      vertex   1.522067e+02 -8.199602e+01 5.350000e+00
      vertex   1.524282e+02 -6.253271e+01 5.350000e+00
    endloop
  endfacet
  facet normal 0.000000e+00 0.000000e+00 -1.000000e+00
    outer loop
      vertex   1.524282e+02 -6.253271e+01 5.350000e+00
      vertex   1.522067e+02 -8.199602e+01 5.350000e+00
      vertex   1.520131e+02 -8.194414e+01 5.350000e+00
    endloop
  endfacet
  facet normal -0.000000e+00 0.000000e+00 -1.000000e+00
    outer loop
      vertex   1.524282e+02 -6.253271e+01 5.350000e+00
      vertex   1.520131e+02 -8.194414e+01 5.350000e+00
      vertex   1.522285e+02 -6.251524e+01 5.350000e+00
    endloop
  endfacet
  facet normal 0.000000e+00 0.000000e+00 -1.000000e+00
    outer loop
      vertex   1.522285e+02 -6.251524e+01 5.350000e+00
      vertex   1.520131e+02 -8.194414e+01 5.350000e+00
      vertex   1.518134e+02 -8.192667e+01 5.350000e+00
    endloop
  endfacet
  facet normal -0.000000e+00 0.000000e+00 -1.000000e+00
    outer loop
      vertex   1.522285e+02 -6.251524e+01 5.350000e+00
      vertex   1.518134e+02 -8.192667e+01 5.350000e+00
      vertex   1.520349e+02 -6.246336e+01 5.350000e+00
    endloop
  endfacet
  facet normal 0.000000e+00 0.000000e+00 -1.000000e+00
    outer loop
      vertex   1.520349e+02 -6.246336e+01 5.350000e+00
      vertex   1.518134e+02 -8.192667e+01 5.350000e+00
      vertex   1.516137e+02 -8.194414e+01 5.350000e+00
    endloop
  endfacet
  facet normal -0.000000e+00 0.000000e+00 -1.000000e+00
    outer loop
      vertex   1.520349e+02 -6.246336e+01 5.350000e+00
      vertex   1.516137e+02 -8.194414e+01 5.350000e+00
      vertex   1.518532e+02 -6.237864e+01 5.350000e+00
    endloop
  endfacet
  facet normal 0.000000e+00 0.000000e+00 -1.000000e+00
    outer loop
      vertex   1.518532e+02 -6.237864e+01 5.350000e+00
      vertex   1.516137e+02 -8.194414e+01 5.350000e+00
      vertex   1.514200e+02 -8.199602e+01 5.350000e+00
    endloop
  endfacet
  facet normal -0.000000e+00 0.000000e+00 -1.000000e+00
    outer loop
      vertex   1.518532e+02 -6.237864e+01 5.350000e+00
      vertex   1.514200e+02 -8.199602e+01 5.350000e+00
      vertex   1.516890e+02 -6.226366e+01 5.350000e+00
    endloop
  endfacet
  facet normal 0.000000e+00 0.000000e+00 -1.000000e+00
    outer loop
      vertex   1.516890e+02 -6.226366e+01 5.350000e+00
      vertex   1.514200e+02 -8.199602e+01 5.350000e+00
      vertex   1.512384e+02 -8.208074e+01 5.350000e+00
    endloop
  endfacet
  facet normal -0.000000e+00 0.000000e+00 -1.000000e+00
    outer loop
      vertex   1.516890e+02 -6.226366e+01 5.350000e+00
      vertex   1.512384e+02 -8.208074e+01 5.350000e+00
      vertex   1.515473e+02 -6.212192e+01 5.350000e+00
    endloop
  endfacet
  facet normal 0.000000e+00 0.000000e+00 -1.000000e+00
    outer loop
      vertex   1.515473e+02 -6.212192e+01 5.350000e+00
      vertex   1.512384e+02 -8.208074e+01 5.350000e+00
      vertex   1.510742e+02 -8.219572e+01 5.350000e+00
    endloop
  endfacet
  facet normal 0.000000e+00 0.000000e+00 -1.000000e+00
    outer loop
      vertex   1.515473e+02 -6.212192e+01 5.350000e+00
      vertex   1.510742e+02 -8.219572e+01 5.350000e+00
      vertex   1.509324e+02 -8.233746e+01 5.350000e+00
    endloop
  endfacet
  facet normal 0.000000e+00 0.000000e+00 -1.000000e+00
    outer loop
      vertex   1.701239e+02 -2.885212e+01 5.350000e+00
      vertex   1.701413e+02 -2.865242e+01 5.350000e+00
      vertex   1.746875e+02 -2.883317e+01 5.350000e+00
    endloop
  endfacet
  facet normal 0.000000e+00 0.000000e+00 -1.000000e+00
    outer loop
      vertex   1.746875e+02 -2.883317e+01 5.350000e+00
      vertex   1.701413e+02 -2.865242e+01 5.350000e+00
      vertex   1.701239e+02 -2.845273e+01 5.350000e+00
    endloop
  endfacet
  facet normal 0.000000e+00 0.000000e+00 -1.000000e+00
    outer loop
      vertex   1.746875e+02 -2.883317e+01 5.350000e+00
      vertex   1.701239e+02 -2.845273e+01 5.350000e+00
      vertex   1.700720e+02 -2.825910e+01 5.350000e+00
    endloop
  endfacet
  facet normal 0.000000e+00 0.000000e+00 -1.000000e+00
    outer loop
      vertex   1.698723e+02 -2.791322e+01 5.350000e+00
      vertex   1.697305e+02 -2.777147e+01 5.350000e+00
      vertex   1.688106e+02 -2.295625e+01 5.350000e+00
    endloop
  endfacet
  facet normal 0.000000e+00 0.000000e+00 -1.000000e+00
    outer loop
      vertex   1.688106e+02 -2.295625e+01 5.350000e+00
      vertex   1.697305e+02 -2.777147e+01 5.350000e+00
      vertex   1.695663e+02 -2.765650e+01 5.350000e+00
    endloop
  endfacet
  facet normal 0.000000e+00 0.000000e+00 -1.000000e+00
    outer loop
      vertex   1.688106e+02 -2.295625e+01 5.350000e+00
      vertex   1.695663e+02 -2.765650e+01 5.350000e+00
      vertex   1.693846e+02 -2.757178e+01 5.350000e+00
    endloop
  endfacet
  facet normal 0.000000e+00 0.000000e+00 -1.000000e+00
    outer loop
      vertex   1.693846e+02 -2.757178e+01 5.350000e+00
      vertex   1.691910e+02 -2.751990e+01 5.350000e+00
      vertex   1.688106e+02 -2.295625e+01 5.350000e+00
    endloop
  endfacet
  facet normal 0.000000e+00 0.000000e+00 -1.000000e+00
    outer loop
      vertex   1.688106e+02 -2.295625e+01 5.350000e+00
      vertex   1.691910e+02 -2.751990e+01 5.350000e+00
      vertex   1.689913e+02 -2.750242e+01 5.350000e+00
    endloop
  endfacet
  facet normal 0.000000e+00 -0.000000e+00 -1.000000e+00
    outer loop
      vertex   1.688106e+02 -2.295625e+01 5.350000e+00
      vertex   1.689913e+02 -2.750242e+01 5.350000e+00
      vertex   1.687916e+02 -2.751990e+01 5.350000e+00
    endloop
  endfacet
  facet normal -0.000000e+00 0.000000e+00 -1.000000e+00
    outer loop
      vertex   1.687916e+02 -2.751990e+01 5.350000e+00
      vertex   1.685980e+02 -2.757178e+01 5.350000e+00
      vertex   1.688106e+02 -2.295625e+01 5.350000e+00
    endloop
  endfacet
  facet normal 0.000000e+00 0.000000e+00 -1.000000e+00
    outer loop
      vertex   1.688106e+02 -2.295625e+01 5.350000e+00
      vertex   1.685980e+02 -2.757178e+01 5.350000e+00
      vertex   1.684163e+02 -2.765650e+01 5.350000e+00
    endloop
  endfacet
  facet normal 0.000000e+00 0.000000e+00 -1.000000e+00
    outer loop
      vertex   1.688106e+02 -2.295625e+01 5.350000e+00
      vertex   1.684163e+02 -2.765650e+01 5.350000e+00
      vertex   1.682521e+02 -2.777147e+01 5.350000e+00
    endloop
  endfacet
  facet normal -0.000000e+00 0.000000e+00 -1.000000e+00
    outer loop
      vertex   1.682521e+02 -2.777147e+01 5.350000e+00
      vertex   1.681104e+02 -2.791322e+01 5.350000e+00
      vertex   1.688106e+02 -2.295625e+01 5.350000e+00
    endloop
  endfacet
  facet normal 0.000000e+00 0.000000e+00 -1.000000e+00
    outer loop
      vertex   1.688106e+02 -2.295625e+01 5.350000e+00
      vertex   1.681104e+02 -2.791322e+01 5.350000e+00
      vertex   1.679954e+02 -2.807742e+01 5.350000e+00
    endloop
  endfacet
  facet normal 0.000000e+00 -0.000000e+00 -1.000000e+00
    outer loop
      vertex   1.679107e+02 -2.904575e+01 5.350000e+00
      vertex   1.679954e+02 -2.922742e+01 5.350000e+00
      vertex   1.668875e+02 -3.206403e+01 5.350000e+00
    endloop
  endfacet
  facet normal 0.000000e+00 0.000000e+00 -1.000000e+00
    outer loop
      vertex   1.668875e+02 -3.206403e+01 5.350000e+00
      vertex   1.679954e+02 -2.922742e+01 5.350000e+00
      vertex   1.681104e+02 -2.939163e+01 5.350000e+00
    endloop
  endfacet
  facet normal 0.000000e+00 0.000000e+00 -1.000000e+00
    outer loop
      vertex   1.668875e+02 -3.206403e+01 5.350000e+00
      vertex   1.681104e+02 -2.939163e+01 5.350000e+00
      vertex   1.682521e+02 -2.953338e+01 5.350000e+00
    endloop
  endfacet
  facet normal 0.000000e+00 -0.000000e+00 -1.000000e+00
    outer loop
      vertex   1.682521e+02 -2.953338e+01 5.350000e+00
      vertex   1.684163e+02 -2.964835e+01 5.350000e+00
      vertex   1.668875e+02 -3.206403e+01 5.350000e+00
    endloop
  endfacet
  facet normal 0.000000e+00 0.000000e+00 -1.000000e+00
    outer loop
      vertex   1.668875e+02 -3.206403e+01 5.350000e+00
      vertex   1.684163e+02 -2.964835e+01 5.350000e+00
      vertex   1.685980e+02 -2.973307e+01 5.350000e+00
    endloop
  endfacet
  facet normal 0.000000e+00 0.000000e+00 -1.000000e+00
    outer loop
      vertex   1.668875e+02 -3.206403e+01 5.350000e+00
      vertex   1.685980e+02 -2.973307e+01 5.350000e+00
      vertex   1.687916e+02 -2.978495e+01 5.350000e+00
    endloop
  endfacet
  facet normal 0.000000e+00 -0.000000e+00 -1.000000e+00
    outer loop
      vertex   1.687916e+02 -2.978495e+01 5.350000e+00
      vertex   1.689913e+02 -2.980242e+01 5.350000e+00
      vertex   1.668875e+02 -3.206403e+01 5.350000e+00
    endloop
  endfacet
  facet normal 0.000000e+00 0.000000e+00 -1.000000e+00
    outer loop
      vertex   1.668875e+02 -3.206403e+01 5.350000e+00
      vertex   1.689913e+02 -2.980242e+01 5.350000e+00
      vertex   1.691910e+02 -2.978495e+01 5.350000e+00
    endloop
  endfacet
  facet normal 0.000000e+00 0.000000e+00 -1.000000e+00
    outer loop
      vertex   1.668875e+02 -3.206403e+01 5.350000e+00
      vertex   1.691910e+02 -2.978495e+01 5.350000e+00
      vertex   1.693846e+02 -2.973307e+01 5.350000e+00
    endloop
  endfacet
  facet normal 0.000000e+00 0.000000e+00 -1.000000e+00
    outer loop
      vertex   1.700720e+02 -2.904575e+01 5.350000e+00
      vertex   1.701239e+02 -2.885212e+01 5.350000e+00
      vertex   1.746875e+02 -2.883317e+01 5.350000e+00
    endloop
  endfacet
  facet normal 0.000000e+00 0.000000e+00 -1.000000e+00
    outer loop
      vertex   1.534242e+02 -6.080771e+01 5.350000e+00
      vertex   1.533092e+02 -6.064351e+01 5.350000e+00
      vertex   1.655797e+02 -5.735000e+01 5.350000e+00
    endloop
  endfacet
  facet normal 0.000000e+00 0.000000e+00 -1.000000e+00
    outer loop
      vertex   1.655797e+02 -5.735000e+01 5.350000e+00
      vertex   1.533092e+02 -6.064351e+01 5.350000e+00
      vertex   1.531675e+02 -6.050176e+01 5.350000e+00
    endloop
  endfacet
  facet normal 0.000000e+00 0.000000e+00 -1.000000e+00
    outer loop
      vertex   1.655797e+02 -5.735000e+01 5.350000e+00
      vertex   1.531675e+02 -6.050176e+01 5.350000e+00
      vertex   1.530032e+02 -6.038678e+01 5.350000e+00
    endloop
  endfacet
  facet normal 0.000000e+00 0.000000e+00 -1.000000e+00
    outer loop
      vertex   1.526279e+02 -6.025018e+01 5.350000e+00
      vertex   1.524282e+02 -6.023271e+01 5.350000e+00
      vertex   1.489130e+02 -5.735000e+01 5.350000e+00
    endloop
  endfacet
  facet normal 0.000000e+00 0.000000e+00 -1.000000e+00
    outer loop
      vertex   1.489130e+02 -5.735000e+01 5.350000e+00
      vertex   1.524282e+02 -6.023271e+01 5.350000e+00
      vertex   1.522285e+02 -6.025018e+01 5.350000e+00
    endloop
  endfacet
  facet normal 0.000000e+00 0.000000e+00 -1.000000e+00
    outer loop
      vertex   1.489130e+02 -5.735000e+01 5.350000e+00
      vertex   1.522285e+02 -6.025018e+01 5.350000e+00
      vertex   1.520349e+02 -6.030206e+01 5.350000e+00
    endloop
  endfacet
  facet normal -0.000000e+00 0.000000e+00 -1.000000e+00
    outer loop
      vertex   1.520349e+02 -6.030206e+01 5.350000e+00
      vertex   1.518532e+02 -6.038678e+01 5.350000e+00
      vertex   1.489130e+02 -5.735000e+01 5.350000e+00
    endloop
  endfacet
  facet normal 0.000000e+00 0.000000e+00 -1.000000e+00
    outer loop
      vertex   1.489130e+02 -5.735000e+01 5.350000e+00
      vertex   1.518532e+02 -6.038678e+01 5.350000e+00
      vertex   1.516890e+02 -6.050176e+01 5.350000e+00
    endloop
  endfacet
  facet normal 0.000000e+00 0.000000e+00 -1.000000e+00
    outer loop
      vertex   1.489130e+02 -5.735000e+01 5.350000e+00
      vertex   1.516890e+02 -6.050176e+01 5.350000e+00
      vertex   1.515473e+02 -6.064351e+01 5.350000e+00
    endloop
  endfacet
  facet normal -0.000000e+00 0.000000e+00 -1.000000e+00
    outer loop
      vertex   1.515473e+02 -6.064351e+01 5.350000e+00
      vertex   1.514323e+02 -6.080771e+01 5.350000e+00
      vertex   1.489130e+02 -5.735000e+01 5.350000e+00
    endloop
  endfacet
  facet normal 0.000000e+00 0.000000e+00 -1.000000e+00
    outer loop
      vertex   1.489130e+02 -5.735000e+01 5.350000e+00
      vertex   1.514323e+02 -6.080771e+01 5.350000e+00
      vertex   1.513476e+02 -6.098939e+01 5.350000e+00
    endloop
  endfacet
  facet normal 0.000000e+00 0.000000e+00 -1.000000e+00
    outer loop
      vertex   1.489130e+02 -5.735000e+01 5.350000e+00
      vertex   1.513476e+02 -6.098939e+01 5.350000e+00
      vertex   1.512957e+02 -6.118302e+01 5.350000e+00
    endloop
  endfacet
  facet normal -0.000000e+00 0.000000e+00 -1.000000e+00
    outer loop
      vertex   1.512957e+02 -6.118302e+01 5.350000e+00
      vertex   1.512782e+02 -6.138271e+01 5.350000e+00
      vertex   1.489130e+02 -5.735000e+01 5.350000e+00
    endloop
  endfacet
  facet normal 0.000000e+00 0.000000e+00 -1.000000e+00
    outer loop
      vertex   1.484000e+02 -5.788084e+01 5.350000e+00
      vertex   1.513476e+02 -6.177603e+01 5.350000e+00
      vertex   1.508174e+02 -8.250167e+01 5.350000e+00
    endloop
  endfacet
  facet normal 0.000000e+00 0.000000e+00 -1.000000e+00
    outer loop
      vertex   1.508174e+02 -8.250167e+01 5.350000e+00
      vertex   1.513476e+02 -6.177603e+01 5.350000e+00
      vertex   1.514323e+02 -6.195771e+01 5.350000e+00
    endloop
  endfacet
  facet normal 0.000000e+00 0.000000e+00 -1.000000e+00
    outer loop
      vertex   1.508174e+02 -8.250167e+01 5.350000e+00
      vertex   1.514323e+02 -6.195771e+01 5.350000e+00
      vertex   1.509324e+02 -8.233746e+01 5.350000e+00
    endloop
  endfacet
  facet normal 0.000000e+00 0.000000e+00 -1.000000e+00
    outer loop
      vertex   1.509324e+02 -8.233746e+01 5.350000e+00
      vertex   1.514323e+02 -6.195771e+01 5.350000e+00
      vertex   1.515473e+02 -6.212192e+01 5.350000e+00
    endloop
  endfacet
  facet normal 0.000000e+00 0.000000e+00 -1.000000e+00
    outer loop
      vertex   1.529459e+02 -8.327636e+01 5.350000e+00
      vertex   1.529634e+02 -8.307667e+01 5.350000e+00
      vertex   1.562000e+02 -8.309939e+01 5.350000e+00
    endloop
  endfacet
  facet normal 0.000000e+00 0.000000e+00 -1.000000e+00
    outer loop
      vertex   1.562000e+02 -8.309939e+01 5.350000e+00
      vertex   1.529634e+02 -8.307667e+01 5.350000e+00
      vertex   1.529459e+02 -8.287697e+01 5.350000e+00
    endloop
  endfacet
  facet normal 0.000000e+00 0.000000e+00 -1.000000e+00
    outer loop
      vertex   1.562000e+02 -8.309939e+01 5.350000e+00
      vertex   1.529459e+02 -8.287697e+01 5.350000e+00
      vertex   1.528940e+02 -8.268334e+01 5.350000e+00
    endloop
  endfacet
  facet normal 0.000000e+00 0.000000e+00 -1.000000e+00
    outer loop
      vertex   1.528940e+02 -8.268334e+01 5.350000e+00
      vertex   1.528093e+02 -8.250167e+01 5.350000e+00
      vertex   1.562000e+02 -8.309939e+01 5.350000e+00
    endloop
  endfacet
  facet normal 0.000000e+00 0.000000e+00 -1.000000e+00
    outer loop
      vertex   1.525526e+02 -8.219572e+01 5.350000e+00
      vertex   1.523884e+02 -8.208074e+01 5.350000e+00
      vertex   1.562000e+02 -6.565000e+01 5.350000e+00
    endloop
  endfacet
  facet normal -0.000000e+00 0.000000e+00 -1.000000e+00
    outer loop
      vertex   1.508174e+02 -8.250167e+01 5.350000e+00
      vertex   1.507327e+02 -8.268334e+01 5.350000e+00
      vertex   1.484000e+02 -5.788084e+01 5.350000e+00
    endloop
  endfacet
  facet normal 0.000000e+00 0.000000e+00 -1.000000e+00
    outer loop
      vertex   1.484000e+02 -5.788084e+01 5.350000e+00
      vertex   1.507327e+02 -8.268334e+01 5.350000e+00
      vertex   1.506808e+02 -8.287697e+01 5.350000e+00
    endloop
  endfacet
  facet normal 0.000000e+00 -0.000000e+00 -1.000000e+00
    outer loop
      vertex   1.506808e+02 -8.327636e+01 5.350000e+00
      vertex   1.507327e+02 -8.346999e+01 5.350000e+00
      vertex   1.484000e+02 -9.091716e+01 5.350000e+00
    endloop
  endfacet
  facet normal 0.000000e+00 -0.000000e+00 -1.000000e+00
    outer loop
      vertex   1.512384e+02 -8.407260e+01 5.350000e+00
      vertex   1.514200e+02 -8.415731e+01 5.350000e+00
      vertex   1.510650e+02 -9.200000e+01 5.350000e+00
    endloop
  endfacet
  facet normal 0.000000e+00 0.000000e+00 -1.000000e+00
    outer loop
      vertex   1.510650e+02 -9.200000e+01 5.350000e+00
      vertex   1.514200e+02 -8.415731e+01 5.350000e+00
      vertex   1.516137e+02 -8.420920e+01 5.350000e+00
    endloop
  endfacet
  facet normal 0.000000e+00 0.000000e+00 -1.000000e+00
    outer loop
      vertex   1.510650e+02 -9.200000e+01 5.350000e+00
      vertex   1.516137e+02 -8.420920e+01 5.350000e+00
      vertex   1.518134e+02 -8.422667e+01 5.350000e+00
    endloop
  endfacet
  facet normal 0.000000e+00 -0.000000e+00 -1.000000e+00
    outer loop
      vertex   1.518134e+02 -8.422667e+01 5.350000e+00
      vertex   1.520131e+02 -8.420920e+01 5.350000e+00
      vertex   1.510650e+02 -9.200000e+01 5.350000e+00
    endloop
  endfacet
  facet normal 0.000000e+00 0.000000e+00 -1.000000e+00
    outer loop
      vertex   1.510650e+02 -9.200000e+01 5.350000e+00
      vertex   1.520131e+02 -8.420920e+01 5.350000e+00
      vertex   1.522067e+02 -8.415731e+01 5.350000e+00
    endloop
  endfacet
  facet normal 0.000000e+00 0.000000e+00 -1.000000e+00
    outer loop
      vertex   1.510650e+02 -9.200000e+01 5.350000e+00
      vertex   1.522067e+02 -8.415731e+01 5.350000e+00
      vertex   1.523884e+02 -8.407260e+01 5.350000e+00
    endloop
  endfacet
  facet normal 0.000000e+00 -0.000000e+00 -1.000000e+00
    outer loop
      vertex   1.523884e+02 -8.407260e+01 5.350000e+00
      vertex   1.525526e+02 -8.395762e+01 5.350000e+00
      vertex   1.510650e+02 -9.200000e+01 5.350000e+00
    endloop
  endfacet
  facet normal 0.000000e+00 0.000000e+00 -1.000000e+00
    outer loop
      vertex   1.510650e+02 -9.200000e+01 5.350000e+00
      vertex   1.525526e+02 -8.395762e+01 5.350000e+00
      vertex   1.526943e+02 -8.381587e+01 5.350000e+00
    endloop
  endfacet
  facet normal 0.000000e+00 0.000000e+00 -1.000000e+00
    outer loop
      vertex   1.510650e+02 -9.200000e+01 5.350000e+00
      vertex   1.526943e+02 -8.381587e+01 5.350000e+00
      vertex   1.528093e+02 -8.365167e+01 5.350000e+00
    endloop
  endfacet
endsolid
