solid ASCII
  facet normal 7.071068e-01 -7.071068e-01 0.000000e+00
    outer loop
      vertex   1.465705e+02 -2.907500e+01 6.850000e+00
      vertex   1.465705e+02 -2.907500e+01 7.650000e+00
      vertex   1.460705e+02 -2.957500e+01 6.850000e+00
    endloop
  endfacet
  facet normal 7.071068e-01 -7.071068e-01 -1.570092e-14
    outer loop
      vertex   1.460705e+02 -2.957500e+01 6.850000e+00
      vertex   1.465705e+02 -2.907500e+01 7.650000e+00
      vertex   1.460705e+02 -2.957500e+01 7.650000e+00
    endloop
  endfacet
  facet normal -8.114494e-16 -1.000000e+00 -2.220446e-14
    outer loop
      vertex   1.460705e+02 -2.957500e+01 7.650000e+00
      vertex   1.329358e+02 -2.957500e+01 7.650000e+00
      vertex   1.460705e+02 -2.957500e+01 6.850000e+00
    endloop
  endfacet
  facet normal 5.409663e-16 -1.000000e+00 0.000000e+00
    outer loop
      vertex   1.460705e+02 -2.957500e+01 6.850000e+00
      vertex   1.329358e+02 -2.957500e+01 7.650000e+00
      vertex   1.329358e+02 -2.957500e+01 6.850000e+00
    endloop
  endfacet
  facet normal 0.000000e+00 -0.000000e+00 1.000000e+00
    outer loop
      vertex   1.465705e+02 -2.907500e+01 7.650000e+00
      vertex   1.465705e+02 -2.837500e+01 7.650000e+00
      vertex   1.460705e+02 -2.957500e+01 7.650000e+00
    endloop
  endfacet
  facet normal 0.000000e+00 -0.000000e+00 1.000000e+00
    outer loop
      vertex   1.460705e+02 -2.957500e+01 7.650000e+00
      vertex   1.465705e+02 -2.837500e+01 7.650000e+00
      vertex   1.334328e+02 -2.837500e+01 7.650000e+00
    endloop
  endfacet
  facet normal 0.000000e+00 0.000000e+00 1.000000e+00
    outer loop
      vertex   1.460705e+02 -2.957500e+01 7.650000e+00
      vertex   1.334328e+02 -2.837500e+01 7.650000e+00
      vertex   1.329358e+02 -2.957500e+01 7.650000e+00
    endloop
  endfacet
  facet normal 0.000000e+00 -0.000000e+00 1.000000e+00
    outer loop
      vertex   1.329358e+02 -2.957500e+01 7.650000e+00
      vertex   1.334328e+02 -2.837500e+01 7.650000e+00
      vertex   1.305545e+02 -2.719375e+01 7.650000e+00
    endloop
  endfacet
  facet normal -0.000000e+00 0.000000e+00 1.000000e+00
    outer loop
      vertex   1.305545e+02 -2.719375e+01 7.650000e+00
      vertex   1.334328e+02 -2.837500e+01 7.650000e+00
      vertex   1.310516e+02 -2.599375e+01 7.650000e+00
    endloop
  endfacet
  facet normal 0.000000e+00 -0.000000e+00 1.000000e+00
    outer loop
      vertex   1.305545e+02 -2.719375e+01 7.650000e+00
      vertex   1.310516e+02 -2.599375e+01 7.650000e+00
      vertex   1.096203e+02 -2.599375e+01 7.650000e+00
    endloop
  endfacet
  facet normal 0.000000e+00 0.000000e+00 1.000000e+00
    outer loop
      vertex   1.084297e+02 -2.480313e+01 7.650000e+00
      vertex   1.079327e+02 -2.600313e+01 7.650000e+00
      vertex   1.096203e+02 -2.599375e+01 7.650000e+00
    endloop
  endfacet
  facet normal 0.000000e+00 0.000000e+00 1.000000e+00
    outer loop
      vertex   1.096203e+02 -2.599375e+01 7.650000e+00
      vertex   1.079327e+02 -2.600313e+01 7.650000e+00
      vertex   1.091233e+02 -2.719375e+01 7.650000e+00
    endloop
  endfacet
  facet normal 0.000000e+00 0.000000e+00 1.000000e+00
    outer loop
      vertex   1.096203e+02 -2.599375e+01 7.650000e+00
      vertex   1.091233e+02 -2.719375e+01 7.650000e+00
      vertex   1.305545e+02 -2.719375e+01 7.650000e+00
    endloop
  endfacet
  facet normal 0.000000e+00 -0.000000e+00 1.000000e+00
    outer loop
      vertex   1.079327e+02 -2.600313e+01 7.650000e+00
      vertex   1.084297e+02 -2.480313e+01 7.650000e+00
      vertex   7.899546e+01 -2.600313e+01 7.650000e+00
    endloop
  endfacet
  facet normal 0.000000e+00 -0.000000e+00 1.000000e+00
    outer loop
      vertex   7.899546e+01 -2.600313e+01 7.650000e+00
      vertex   1.084297e+02 -2.480313e+01 7.650000e+00
      vertex   7.849841e+01 -2.480313e+01 7.650000e+00
    endloop
  endfacet
  facet normal 0.000000e+00 0.000000e+00 1.000000e+00
    outer loop
      vertex   7.899546e+01 -2.600313e+01 7.650000e+00
      vertex   7.849841e+01 -2.480313e+01 7.650000e+00
      vertex   7.611716e+01 -2.718438e+01 7.650000e+00
    endloop
  endfacet
  facet normal -0.000000e+00 0.000000e+00 1.000000e+00
    outer loop
      vertex   6.778278e+01 -2.718438e+01 7.650000e+00
      vertex   6.827984e+01 -2.838437e+01 7.650000e+00
      vertex   7.611716e+01 -2.718438e+01 7.650000e+00
    endloop
  endfacet
  facet normal 0.000000e+00 0.000000e+00 1.000000e+00
    outer loop
      vertex   7.611716e+01 -2.718438e+01 7.650000e+00
      vertex   6.827984e+01 -2.838437e+01 7.650000e+00
      vertex   7.661421e+01 -2.838437e+01 7.650000e+00
    endloop
  endfacet
  facet normal -0.000000e+00 0.000000e+00 1.000000e+00
    outer loop
      vertex   7.611716e+01 -2.718438e+01 7.650000e+00
      vertex   7.661421e+01 -2.838437e+01 7.650000e+00
      vertex   7.899546e+01 -2.600313e+01 7.650000e+00
    endloop
  endfacet
  facet normal 0.000000e+00 0.000000e+00 1.000000e+00
    outer loop
      vertex   6.778278e+01 -2.718438e+01 7.650000e+00
      vertex   6.659216e+01 -2.837500e+01 7.650000e+00
      vertex   6.827984e+01 -2.838437e+01 7.650000e+00
    endloop
  endfacet
  facet normal 0.000000e+00 0.000000e+00 1.000000e+00
    outer loop
      vertex   6.827984e+01 -2.838437e+01 7.650000e+00
      vertex   6.659216e+01 -2.837500e+01 7.650000e+00
      vertex   6.708921e+01 -2.957500e+01 7.650000e+00
    endloop
  endfacet
  facet normal 0.000000e+00 0.000000e+00 1.000000e+00
    outer loop
      vertex   6.708921e+01 -2.957500e+01 7.650000e+00
      vertex   6.659216e+01 -2.837500e+01 7.650000e+00
      vertex   3.256109e+01 -2.957500e+01 7.650000e+00
    endloop
  endfacet
  facet normal 0.000000e+00 -0.000000e+00 1.000000e+00
    outer loop
      vertex   3.256109e+01 -2.957500e+01 7.650000e+00
      vertex   6.659216e+01 -2.837500e+01 7.650000e+00
      vertex   3.206403e+01 -2.837500e+01 7.650000e+00
    endloop
  endfacet
  facet normal 0.000000e+00 0.000000e+00 1.000000e+00
    outer loop
      vertex   3.256109e+01 -2.957500e+01 7.650000e+00
      vertex   3.206403e+01 -2.837500e+01 7.650000e+00
      vertex   2.837500e+01 -3.206403e+01 7.650000e+00
    endloop
  endfacet
  facet normal 0.000000e+00 0.000000e+00 1.000000e+00
    outer loop
      vertex   3.256109e+01 -2.957500e+01 7.650000e+00
      vertex   2.837500e+01 -3.206403e+01 7.650000e+00
      vertex   2.957500e+01 -3.256109e+01 7.650000e+00
    endloop
  endfacet
  facet normal 0.000000e+00 0.000000e+00 1.000000e+00
    outer loop
      vertex   2.957500e+01 -3.256109e+01 7.650000e+00
      vertex   2.837500e+01 -3.206403e+01 7.650000e+00
      vertex   2.837500e+01 -1.072391e+02 7.650000e+00
    endloop
  endfacet
  facet normal 0.000000e+00 0.000000e+00 1.000000e+00
    outer loop
      vertex   2.957500e+01 -3.256109e+01 7.650000e+00
      vertex   2.837500e+01 -1.072391e+02 7.650000e+00
      vertex   2.957500e+01 -1.067420e+02 7.650000e+00
    endloop
  endfacet
  facet normal 0.000000e+00 0.000000e+00 1.000000e+00
    outer loop
      vertex   2.957500e+01 -1.067420e+02 7.650000e+00
      vertex   2.837500e+01 -1.072391e+02 7.650000e+00
      vertex   3.256109e+01 -1.097281e+02 7.650000e+00
    endloop
  endfacet
  facet normal 0.000000e+00 0.000000e+00 1.000000e+00
    outer loop
      vertex   3.256109e+01 -1.097281e+02 7.650000e+00
      vertex   2.837500e+01 -1.072391e+02 7.650000e+00
      vertex   3.206403e+01 -1.109281e+02 7.650000e+00
    endloop
  endfacet
  facet normal 0.000000e+00 0.000000e+00 1.000000e+00
    outer loop
      vertex   3.256109e+01 -1.097281e+02 7.650000e+00
      vertex   3.206403e+01 -1.109281e+02 7.650000e+00
      vertex   6.556722e+01 -1.109281e+02 7.650000e+00
    endloop
  endfacet
  facet normal -0.000000e+00 0.000000e+00 1.000000e+00
    outer loop
      vertex   3.256109e+01 -1.097281e+02 7.650000e+00
      vertex   6.556722e+01 -1.109281e+02 7.650000e+00
      vertex   6.507016e+01 -1.097281e+02 7.650000e+00
    endloop
  endfacet
  facet normal -0.000000e+00 0.000000e+00 1.000000e+00
    outer loop
      vertex   6.507016e+01 -1.097281e+02 7.650000e+00
      vertex   6.556722e+01 -1.109281e+02 7.650000e+00
      vertex   6.794847e+01 -1.085469e+02 7.650000e+00
    endloop
  endfacet
  facet normal 0.000000e+00 0.000000e+00 1.000000e+00
    outer loop
      vertex   6.507016e+01 -1.097281e+02 7.650000e+00
      vertex   6.794847e+01 -1.085469e+02 7.650000e+00
      vertex   6.745141e+01 -1.073469e+02 7.650000e+00
    endloop
  endfacet
  facet normal -0.000000e+00 0.000000e+00 1.000000e+00
    outer loop
      vertex   6.745141e+01 -1.073469e+02 7.650000e+00
      vertex   6.794847e+01 -1.085469e+02 7.650000e+00
      vertex   7.769340e+01 -1.073469e+02 7.650000e+00
    endloop
  endfacet
  facet normal 0.000000e+00 0.000000e+00 1.000000e+00
    outer loop
      vertex   7.769340e+01 -1.073469e+02 7.650000e+00
      vertex   6.794847e+01 -1.085469e+02 7.650000e+00
      vertex   7.733007e+01 -1.085469e+02 7.650000e+00
    endloop
  endfacet
  facet normal 0.000000e+00 0.000000e+00 1.000000e+00
    outer loop
      vertex   7.769340e+01 -1.073469e+02 7.650000e+00
      vertex   7.733007e+01 -1.085469e+02 7.650000e+00
      vertex   8.126528e+01 -1.097281e+02 7.650000e+00
    endloop
  endfacet
  facet normal 0.000000e+00 0.000000e+00 1.000000e+00
    outer loop
      vertex   8.126528e+01 -1.097281e+02 7.650000e+00
      vertex   7.733007e+01 -1.085469e+02 7.650000e+00
      vertex   8.090194e+01 -1.109281e+02 7.650000e+00
    endloop
  endfacet
  facet normal 0.000000e+00 0.000000e+00 1.000000e+00
    outer loop
      vertex   8.126528e+01 -1.097281e+02 7.650000e+00
      vertex   8.090194e+01 -1.109281e+02 7.650000e+00
      vertex   8.683278e+01 -1.109281e+02 7.650000e+00
    endloop
  endfacet
  facet normal 0.000000e+00 -0.000000e+00 1.000000e+00
    outer loop
      vertex   8.790625e+01 -1.120016e+02 7.650000e+00
      vertex   8.910625e+01 -1.115045e+02 7.650000e+00
      vertex   8.683278e+01 -1.109281e+02 7.650000e+00
    endloop
  endfacet
  facet normal -0.000000e+00 0.000000e+00 1.000000e+00
    outer loop
      vertex   8.683278e+01 -1.109281e+02 7.650000e+00
      vertex   8.910625e+01 -1.115045e+02 7.650000e+00
      vertex   8.732984e+01 -1.097281e+02 7.650000e+00
    endloop
  endfacet
  facet normal 0.000000e+00 -0.000000e+00 1.000000e+00
    outer loop
      vertex   8.683278e+01 -1.109281e+02 7.650000e+00
      vertex   8.732984e+01 -1.097281e+02 7.650000e+00
      vertex   8.126528e+01 -1.097281e+02 7.650000e+00
    endloop
  endfacet
  facet normal 0.000000e+00 0.000000e+00 1.000000e+00
    outer loop
      vertex   8.910625e+01 -1.115045e+02 7.650000e+00
      vertex   8.790625e+01 -1.120016e+02 7.650000e+00
      vertex   8.910625e+01 -1.246014e+02 7.650000e+00
    endloop
  endfacet
  facet normal 0.000000e+00 0.000000e+00 1.000000e+00
    outer loop
      vertex   8.910625e+01 -1.246014e+02 7.650000e+00
      vertex   8.790625e+01 -1.120016e+02 7.650000e+00
      vertex   8.790625e+01 -1.250985e+02 7.650000e+00
    endloop
  endfacet
  facet normal 0.000000e+00 0.000000e+00 1.000000e+00
    outer loop
      vertex   8.910625e+01 -1.246014e+02 7.650000e+00
      vertex   8.790625e+01 -1.250985e+02 7.650000e+00
      vertex   8.971109e+01 -1.252063e+02 7.650000e+00
    endloop
  endfacet
  facet normal 0.000000e+00 0.000000e+00 1.000000e+00
    outer loop
      vertex   8.971109e+01 -1.252063e+02 7.650000e+00
      vertex   8.790625e+01 -1.250985e+02 7.650000e+00
      vertex   8.921403e+01 -1.264062e+02 7.650000e+00
    endloop
  endfacet
  facet normal 0.000000e+00 0.000000e+00 1.000000e+00
    outer loop
      vertex   8.971109e+01 -1.252063e+02 7.650000e+00
      vertex   8.921403e+01 -1.264062e+02 7.650000e+00
      vertex   1.071295e+02 -1.264062e+02 7.650000e+00
    endloop
  endfacet
  facet normal 0.000000e+00 -0.000000e+00 1.000000e+00
    outer loop
      vertex   1.202263e+02 -1.299781e+02 7.650000e+00
      vertex   1.203870e+02 -1.287781e+02 7.650000e+00
      vertex   1.071295e+02 -1.264062e+02 7.650000e+00
    endloop
  endfacet
  facet normal -0.000000e+00 0.000000e+00 1.000000e+00
    outer loop
      vertex   1.071295e+02 -1.264062e+02 7.650000e+00
      vertex   1.203870e+02 -1.287781e+02 7.650000e+00
      vertex   1.072902e+02 -1.252063e+02 7.650000e+00
    endloop
  endfacet
  facet normal 0.000000e+00 -0.000000e+00 1.000000e+00
    outer loop
      vertex   1.071295e+02 -1.264062e+02 7.650000e+00
      vertex   1.072902e+02 -1.252063e+02 7.650000e+00
      vertex   8.971109e+01 -1.252063e+02 7.650000e+00
    endloop
  endfacet
  facet normal 0.000000e+00 0.000000e+00 1.000000e+00
    outer loop
      vertex   1.202263e+02 -1.299781e+02 7.650000e+00
      vertex   1.261531e+02 -1.299781e+02 7.650000e+00
      vertex   1.203870e+02 -1.287781e+02 7.650000e+00
    endloop
  endfacet
  facet normal -0.000000e+00 0.000000e+00 1.000000e+00
    outer loop
      vertex   1.203870e+02 -1.287781e+02 7.650000e+00
      vertex   1.261531e+02 -1.299781e+02 7.650000e+00
      vertex   1.264718e+02 -1.287781e+02 7.650000e+00
    endloop
  endfacet
  facet normal 0.000000e+00 0.000000e+00 1.000000e+00
    outer loop
      vertex   1.264718e+02 -1.287781e+02 7.650000e+00
      vertex   1.261531e+02 -1.299781e+02 7.650000e+00
      vertex   1.431406e+02 -1.383031e+02 7.650000e+00
    endloop
  endfacet
  facet normal 0.000000e+00 0.000000e+00 1.000000e+00
    outer loop
      vertex   1.431406e+02 -1.383031e+02 7.650000e+00
      vertex   1.261531e+02 -1.299781e+02 7.650000e+00
      vertex   1.428219e+02 -1.395031e+02 7.650000e+00
    endloop
  endfacet
  facet normal -0.000000e+00 0.000000e+00 1.000000e+00
    outer loop
      vertex   1.431406e+02 -1.383031e+02 7.650000e+00
      vertex   1.428219e+02 -1.395031e+02 7.650000e+00
      vertex   1.448420e+02 -1.383031e+02 7.650000e+00
    endloop
  endfacet
  facet normal 0.000000e+00 0.000000e+00 1.000000e+00
    outer loop
      vertex   1.448420e+02 -1.383031e+02 7.650000e+00
      vertex   1.428219e+02 -1.395031e+02 7.650000e+00
      vertex   1.453391e+02 -1.395031e+02 7.650000e+00
    endloop
  endfacet
  facet normal -0.000000e+00 0.000000e+00 1.000000e+00
    outer loop
      vertex   1.448420e+02 -1.383031e+02 7.650000e+00
      vertex   1.453391e+02 -1.395031e+02 7.650000e+00
      vertex   1.466077e+02 -1.382345e+02 7.650000e+00
    endloop
  endfacet
  facet normal 0.000000e+00 0.000000e+00 1.000000e+00
    outer loop
      vertex   1.448420e+02 -1.383031e+02 7.650000e+00
      vertex   1.466077e+02 -1.382345e+02 7.650000e+00
      vertex   1.456426e+02 -1.375025e+02 7.650000e+00
    endloop
  endfacet
  facet normal -0.000000e+00 0.000000e+00 1.000000e+00
    outer loop
      vertex   1.456426e+02 -1.375025e+02 7.650000e+00
      vertex   1.466077e+02 -1.382345e+02 7.650000e+00
      vertex   1.573068e+02 -1.192140e+02 7.650000e+00
    endloop
  endfacet
  facet normal 0.000000e+00 0.000000e+00 1.000000e+00
    outer loop
      vertex   1.456426e+02 -1.375025e+02 7.650000e+00
      vertex   1.573068e+02 -1.192140e+02 7.650000e+00
      vertex   1.564412e+02 -1.183051e+02 7.650000e+00
    endloop
  endfacet
  facet normal -0.000000e+00 0.000000e+00 1.000000e+00
    outer loop
      vertex   1.564412e+02 -1.183051e+02 7.650000e+00
      vertex   1.573068e+02 -1.192140e+02 7.650000e+00
      vertex   1.585453e+02 -1.172531e+02 7.650000e+00
    endloop
  endfacet
  facet normal 0.000000e+00 0.000000e+00 1.000000e+00
    outer loop
      vertex   1.585453e+02 -1.172531e+02 7.650000e+00
      vertex   1.573068e+02 -1.192140e+02 7.650000e+00
      vertex   1.597434e+02 -1.179956e+02 7.650000e+00
    endloop
  endfacet
  facet normal -0.000000e+00 0.000000e+00 1.000000e+00
    outer loop
      vertex   1.585453e+02 -1.172531e+02 7.650000e+00
      vertex   1.597434e+02 -1.179956e+02 7.650000e+00
      vertex   1.585807e+02 -1.029809e+02 7.650000e+00
    endloop
  endfacet
  facet normal -0.000000e+00 0.000000e+00 1.000000e+00
    outer loop
      vertex   1.585807e+02 -1.029809e+02 7.650000e+00
      vertex   1.597434e+02 -1.179956e+02 7.650000e+00
      vertex   1.597859e+02 -1.008919e+02 7.650000e+00
    endloop
  endfacet
  facet normal -0.000000e+00 -1.000000e+00 -0.000000e+00
    outer loop
      vertex   1.465705e+02 -2.837500e+01 1.985000e+01
      vertex   1.334328e+02 -2.837500e+01 1.985000e+01
      vertex   1.465705e+02 -2.837500e+01 7.650000e+00
    endloop
  endfacet
  facet normal 0.000000e+00 -1.000000e+00 0.000000e+00
    outer loop
      vertex   1.465705e+02 -2.837500e+01 7.650000e+00
      vertex   1.334328e+02 -2.837500e+01 1.985000e+01
      vertex   1.334328e+02 -2.837500e+01 7.650000e+00
    endloop
  endfacet
  facet normal 1.000000e+00 -0.000000e+00 0.000000e+00
    outer loop
      vertex   1.465705e+02 -2.907500e+01 7.650000e+00
      vertex   1.465705e+02 -2.907500e+01 6.850000e+00
      vertex   1.465705e+02 -2.837500e+01 7.650000e+00
    endloop
  endfacet
  facet normal 1.000000e+00 0.000000e+00 0.000000e+00
    outer loop
      vertex   1.465705e+02 -2.837500e+01 7.650000e+00
      vertex   1.465705e+02 -2.907500e+01 6.850000e+00
      vertex   1.465705e+02 -2.057500e+01 6.850000e+00
    endloop
  endfacet
  facet normal 1.000000e+00 -0.000000e+00 0.000000e+00
    outer loop
      vertex   1.465705e+02 -2.837500e+01 7.650000e+00
      vertex   1.465705e+02 -2.057500e+01 6.850000e+00
      vertex   1.465705e+02 -2.057500e+01 1.985000e+01
    endloop
  endfacet
  facet normal 1.000000e+00 0.000000e+00 0.000000e+00
    outer loop
      vertex   1.465705e+02 -2.057500e+01 1.985000e+01
      vertex   1.465705e+02 -2.837500e+01 1.985000e+01
      vertex   1.465705e+02 -2.837500e+01 7.650000e+00
    endloop
  endfacet
  facet normal -6.716270e-01 -7.408895e-01 -1.367283e-04
    outer loop
      vertex   7.992345e+01 -1.188416e+02 1.973651e+01
      vertex   7.992764e+01 -1.188451e+02 1.799286e+01
      vertex   7.995980e+01 -1.188746e+02 1.970355e+01
    endloop
  endfacet
  facet normal -7.071063e-01 -7.071063e-01 1.112208e-03
    outer loop
      vertex   7.995980e+01 -1.188746e+02 1.970355e+01
      vertex   7.992764e+01 -1.188451e+02 1.799286e+01
      vertex   7.998927e+01 -1.189067e+02 1.799286e+01
    endloop
  endfacet
  facet normal -7.408895e-01 -6.716270e-01 -1.367283e-04
    outer loop
      vertex   7.995980e+01 -1.188746e+02 1.970355e+01
      vertex   7.998927e+01 -1.189067e+02 1.799286e+01
      vertex   7.999276e+01 -1.189109e+02 1.973651e+01
    endloop
  endfacet
  facet normal -8.032681e-01 -5.956176e-01 1.708391e-04
    outer loop
      vertex   7.999276e+01 -1.189109e+02 1.973651e+01
      vertex   7.998927e+01 -1.189067e+02 1.799286e+01
      vertex   8.002198e+01 -1.189503e+02 1.976573e+01
    endloop
  endfacet
  facet normal -8.191516e-01 -5.735761e-01 1.006084e-03
    outer loop
      vertex   8.002198e+01 -1.189503e+02 1.976573e+01
      vertex   7.998927e+01 -1.189067e+02 1.799286e+01
      vertex   8.003926e+01 -1.189781e+02 1.799286e+01
    endloop
  endfacet
  facet normal -8.576495e-01 -5.142346e-01 -2.991238e-04
    outer loop
      vertex   8.002198e+01 -1.189503e+02 1.976573e+01
      vertex   8.003926e+01 -1.189781e+02 1.799286e+01
      vertex   8.004721e+01 -1.189924e+02 1.979096e+01
    endloop
  endfacet
  facet normal -9.040983e-01 -4.273241e-01 5.974510e-04
    outer loop
      vertex   8.004721e+01 -1.189924e+02 1.979096e+01
      vertex   8.003926e+01 -1.189781e+02 1.799286e+01
      vertex   8.006819e+01 -1.190368e+02 1.981194e+01
    endloop
  endfacet
  facet normal -9.063075e-01 -4.226181e-01 7.843301e-04
    outer loop
      vertex   8.006819e+01 -1.190368e+02 1.981194e+01
      vertex   8.003926e+01 -1.189781e+02 1.799286e+01
      vertex   8.007610e+01 -1.190571e+02 1.799286e+01
    endloop
  endfacet
  facet normal -9.415070e-01 -3.369931e-01 -3.256819e-04
    outer loop
      vertex   8.006819e+01 -1.190368e+02 1.981194e+01
      vertex   8.007610e+01 -1.190571e+02 1.799286e+01
      vertex   8.008472e+01 -1.190830e+02 1.982847e+01
    endloop
  endfacet
  facet normal -9.659254e-01 -2.588189e-01 8.906801e-04
    outer loop
      vertex   8.008472e+01 -1.190830e+02 1.982847e+01
      vertex   8.007610e+01 -1.190571e+02 1.799286e+01
      vertex   8.009865e+01 -1.191413e+02 1.799286e+01
    endloop
  endfacet
  facet normal -9.700521e-01 -2.428968e-01 3.535037e-04
    outer loop
      vertex   8.008472e+01 -1.190830e+02 1.982847e+01
      vertex   8.009865e+01 -1.191413e+02 1.799286e+01
      vertex   8.009664e+01 -1.191306e+02 1.984039e+01
    endloop
  endfacet
  facet normal -9.891716e-01 -1.467632e-01 -2.251646e-04
    outer loop
      vertex   8.009664e+01 -1.191306e+02 1.984039e+01
      vertex   8.009865e+01 -1.191413e+02 1.799286e+01
      vertex   8.010384e+01 -1.191791e+02 1.984759e+01
    endloop
  endfacet
  facet normal -9.987982e-01 -4.897960e-02 1.795438e-03
    outer loop
      vertex   8.010384e+01 -1.191791e+02 1.984759e+01
      vertex   8.009865e+01 -1.191413e+02 1.799286e+01
      vertex   8.010625e+01 -1.192281e+02 1.985000e+01
    endloop
  endfacet
  facet normal -9.961947e-01 -8.715574e-02 -2.135611e-19
    outer loop
      vertex   8.010625e+01 -1.192281e+02 1.985000e+01
      vertex   8.009865e+01 -1.191413e+02 1.799286e+01
      vertex   8.009865e+01 -1.191413e+02 1.613571e+01
    endloop
  endfacet
  facet normal -9.961947e-01 -8.715574e-02 -2.135611e-19
    outer loop
      vertex   8.010625e+01 -1.192281e+02 1.985000e+01
      vertex   8.009865e+01 -1.191413e+02 1.613571e+01
      vertex   8.009865e+01 -1.191413e+02 1.427857e+01
    endloop
  endfacet
  facet normal -9.659258e-01 -2.588190e-01 0.000000e+00
    outer loop
      vertex   8.009865e+01 -1.191413e+02 1.427857e+01
      vertex   8.009865e+01 -1.191413e+02 1.613571e+01
      vertex   8.007610e+01 -1.190571e+02 1.427857e+01
    endloop
  endfacet
  facet normal -9.659258e-01 -2.588190e-01 -2.684737e-19
    outer loop
      vertex   8.009865e+01 -1.191413e+02 1.427857e+01
      vertex   8.007610e+01 -1.190571e+02 1.427857e+01
      vertex   8.007610e+01 -1.190571e+02 1.242143e+01
    endloop
  endfacet
  facet normal -9.063078e-01 -4.226183e-01 0.000000e+00
    outer loop
      vertex   8.007610e+01 -1.190571e+02 1.242143e+01
      vertex   8.007610e+01 -1.190571e+02 1.427857e+01
      vertex   8.003926e+01 -1.189781e+02 1.242143e+01
    endloop
  endfacet
  facet normal -9.063078e-01 -4.226183e-01 -3.981275e-19
    outer loop
      vertex   8.007610e+01 -1.190571e+02 1.242143e+01
      vertex   8.003926e+01 -1.189781e+02 1.242143e+01
      vertex   8.003926e+01 -1.189781e+02 1.056429e+01
    endloop
  endfacet
  facet normal -8.191520e-01 -5.735764e-01 0.000000e+00
    outer loop
      vertex   8.003926e+01 -1.189781e+02 1.056429e+01
      vertex   8.003926e+01 -1.189781e+02 1.242143e+01
      vertex   7.998927e+01 -1.189067e+02 1.056429e+01
    endloop
  endfacet
  facet normal -8.191520e-01 -5.735764e-01 2.334016e-19
    outer loop
      vertex   8.003926e+01 -1.189781e+02 1.056429e+01
      vertex   7.998927e+01 -1.189067e+02 1.056429e+01
      vertex   7.998927e+01 -1.189067e+02 8.707143e+00
    endloop
  endfacet
  facet normal -7.071068e-01 -7.071068e-01 0.000000e+00
    outer loop
      vertex   7.998927e+01 -1.189067e+02 8.707143e+00
      vertex   7.998927e+01 -1.189067e+02 1.056429e+01
      vertex   7.992764e+01 -1.188451e+02 8.707143e+00
    endloop
  endfacet
  facet normal -7.071068e-01 -7.071068e-01 -1.191484e-18
    outer loop
      vertex   7.998927e+01 -1.189067e+02 8.707143e+00
      vertex   7.992764e+01 -1.188451e+02 8.707143e+00
      vertex   7.992764e+01 -1.188451e+02 6.850000e+00
    endloop
  endfacet
  facet normal -5.735764e-01 -8.191520e-01 0.000000e+00
    outer loop
      vertex   7.992764e+01 -1.188451e+02 6.850000e+00
      vertex   7.992764e+01 -1.188451e+02 8.707143e+00
      vertex   7.985625e+01 -1.187951e+02 6.850000e+00
    endloop
  endfacet
  facet normal -5.735764e-01 -8.191520e-01 0.000000e+00
    outer loop
      vertex   7.985625e+01 -1.187951e+02 6.850000e+00
      vertex   7.992764e+01 -1.188451e+02 8.707143e+00
      vertex   7.985625e+01 -1.187951e+02 8.707143e+00
    endloop
  endfacet
  facet normal -4.226183e-01 -9.063078e-01 0.000000e+00
    outer loop
      vertex   7.985625e+01 -1.187951e+02 6.850000e+00
      vertex   7.985625e+01 -1.187951e+02 8.707143e+00
      vertex   7.977726e+01 -1.187583e+02 6.850000e+00
    endloop
  endfacet
  facet normal -4.226183e-01 -9.063078e-01 0.000000e+00
    outer loop
      vertex   7.977726e+01 -1.187583e+02 6.850000e+00
      vertex   7.985625e+01 -1.187951e+02 8.707143e+00
      vertex   7.977726e+01 -1.187583e+02 8.707143e+00
    endloop
  endfacet
  facet normal -2.588190e-01 -9.659258e-01 0.000000e+00
    outer loop
      vertex   7.977726e+01 -1.187583e+02 6.850000e+00
      vertex   7.977726e+01 -1.187583e+02 8.707143e+00
      vertex   7.969307e+01 -1.187357e+02 6.850000e+00
    endloop
  endfacet
  facet normal -2.588190e-01 -9.659258e-01 0.000000e+00
    outer loop
      vertex   7.969307e+01 -1.187357e+02 6.850000e+00
      vertex   7.977726e+01 -1.187583e+02 8.707143e+00
      vertex   7.969307e+01 -1.187357e+02 8.707143e+00
    endloop
  endfacet
  facet normal -8.715574e-02 -9.961947e-01 0.000000e+00
    outer loop
      vertex   7.969307e+01 -1.187357e+02 6.850000e+00
      vertex   7.969307e+01 -1.187357e+02 8.707143e+00
      vertex   7.960625e+01 -1.187281e+02 6.850000e+00
    endloop
  endfacet
  facet normal -8.715574e-02 -9.961947e-01 -1.658516e-19
    outer loop
      vertex   7.960625e+01 -1.187281e+02 6.850000e+00
      vertex   7.969307e+01 -1.187357e+02 8.707143e+00
      vertex   7.969307e+01 -1.187357e+02 1.056429e+01
    endloop
  endfacet
  facet normal -8.715574e-02 -9.961947e-01 -1.658516e-19
    outer loop
      vertex   7.960625e+01 -1.187281e+02 6.850000e+00
      vertex   7.969307e+01 -1.187357e+02 1.056429e+01
      vertex   7.969307e+01 -1.187357e+02 1.242143e+01
    endloop
  endfacet
  facet normal -2.588190e-01 -9.659258e-01 -0.000000e+00
    outer loop
      vertex   7.969307e+01 -1.187357e+02 1.242143e+01
      vertex   7.969307e+01 -1.187357e+02 1.056429e+01
      vertex   7.977726e+01 -1.187583e+02 1.242143e+01
    endloop
  endfacet
  facet normal -2.588190e-01 -9.659258e-01 3.010769e-19
    outer loop
      vertex   7.969307e+01 -1.187357e+02 1.242143e+01
      vertex   7.977726e+01 -1.187583e+02 1.242143e+01
      vertex   7.977726e+01 -1.187583e+02 1.427857e+01
    endloop
  endfacet
  facet normal -4.226183e-01 -9.063078e-01 -0.000000e+00
    outer loop
      vertex   7.977726e+01 -1.187583e+02 1.427857e+01
      vertex   7.977726e+01 -1.187583e+02 1.242143e+01
      vertex   7.985625e+01 -1.187951e+02 1.427857e+01
    endloop
  endfacet
  facet normal -4.226183e-01 -9.063078e-01 4.486975e-19
    outer loop
      vertex   7.977726e+01 -1.187583e+02 1.427857e+01
      vertex   7.985625e+01 -1.187951e+02 1.427857e+01
      vertex   7.985625e+01 -1.187951e+02 1.613571e+01
    endloop
  endfacet
  facet normal -5.735764e-01 -8.191520e-01 -0.000000e+00
    outer loop
      vertex   7.985625e+01 -1.187951e+02 1.613571e+01
      vertex   7.985625e+01 -1.187951e+02 1.427857e+01
      vertex   7.992764e+01 -1.188451e+02 1.613571e+01
    endloop
  endfacet
  facet normal -5.735764e-01 -8.191520e-01 -2.384825e-19
    outer loop
      vertex   7.985625e+01 -1.187951e+02 1.613571e+01
      vertex   7.992764e+01 -1.188451e+02 1.613571e+01
      vertex   7.992764e+01 -1.188451e+02 1.799286e+01
    endloop
  endfacet
  facet normal -7.071068e-01 -7.071068e-01 -0.000000e+00
    outer loop
      vertex   7.992764e+01 -1.188451e+02 1.799286e+01
      vertex   7.992764e+01 -1.188451e+02 1.613571e+01
      vertex   7.998927e+01 -1.189067e+02 1.799286e+01
    endloop
  endfacet
  facet normal -5.956176e-01 -8.032681e-01 1.708391e-04
    outer loop
      vertex   7.992345e+01 -1.188416e+02 1.973651e+01
      vertex   7.988404e+01 -1.188124e+02 1.976573e+01
      vertex   7.992764e+01 -1.188451e+02 1.799286e+01
    endloop
  endfacet
  facet normal -5.735761e-01 -8.191516e-01 1.006084e-03
    outer loop
      vertex   7.992764e+01 -1.188451e+02 1.799286e+01
      vertex   7.988404e+01 -1.188124e+02 1.976573e+01
      vertex   7.985625e+01 -1.187951e+02 1.799286e+01
    endloop
  endfacet
  facet normal -5.735764e-01 -8.191520e-01 4.388768e-15
    outer loop
      vertex   7.992764e+01 -1.188451e+02 1.799286e+01
      vertex   7.985625e+01 -1.187951e+02 1.799286e+01
      vertex   7.985625e+01 -1.187951e+02 1.613571e+01
    endloop
  endfacet
  facet normal -4.226183e-01 -9.063078e-01 3.233874e-15
    outer loop
      vertex   7.985625e+01 -1.187951e+02 1.613571e+01
      vertex   7.985625e+01 -1.187951e+02 1.799286e+01
      vertex   7.977726e+01 -1.187583e+02 1.613571e+01
    endloop
  endfacet
  facet normal -4.226183e-01 -9.063078e-01 4.486975e-19
    outer loop
      vertex   7.985625e+01 -1.187951e+02 1.613571e+01
      vertex   7.977726e+01 -1.187583e+02 1.613571e+01
      vertex   7.977726e+01 -1.187583e+02 1.427857e+01
    endloop
  endfacet
  facet normal -2.588190e-01 -9.659258e-01 0.000000e+00
    outer loop
      vertex   7.977726e+01 -1.187583e+02 1.427857e+01
      vertex   7.977726e+01 -1.187583e+02 1.613571e+01
      vertex   7.969307e+01 -1.187357e+02 1.427857e+01
    endloop
  endfacet
  facet normal -2.588190e-01 -9.659258e-01 3.010769e-19
    outer loop
      vertex   7.977726e+01 -1.187583e+02 1.427857e+01
      vertex   7.969307e+01 -1.187357e+02 1.427857e+01
      vertex   7.969307e+01 -1.187357e+02 1.242143e+01
    endloop
  endfacet
  facet normal -8.715574e-02 -9.961947e-01 0.000000e+00
    outer loop
      vertex   7.969307e+01 -1.187357e+02 1.242143e+01
      vertex   7.969307e+01 -1.187357e+02 1.427857e+01
      vertex   7.960625e+01 -1.187281e+02 6.850000e+00
    endloop
  endfacet
  facet normal -5.142346e-01 -8.576495e-01 -2.991238e-04
    outer loop
      vertex   7.988404e+01 -1.188124e+02 1.976573e+01
      vertex   7.984195e+01 -1.187872e+02 1.979096e+01
      vertex   7.985625e+01 -1.187951e+02 1.799286e+01
    endloop
  endfacet
  facet normal -4.273241e-01 -9.040983e-01 5.974510e-04
    outer loop
      vertex   7.985625e+01 -1.187951e+02 1.799286e+01
      vertex   7.984195e+01 -1.187872e+02 1.979096e+01
      vertex   7.979759e+01 -1.187662e+02 1.981194e+01
    endloop
  endfacet
  facet normal -4.226181e-01 -9.063075e-01 7.843301e-04
    outer loop
      vertex   7.985625e+01 -1.187951e+02 1.799286e+01
      vertex   7.979759e+01 -1.187662e+02 1.981194e+01
      vertex   7.977726e+01 -1.187583e+02 1.799286e+01
    endloop
  endfacet
  facet normal -3.369931e-01 -9.415070e-01 -3.256819e-04
    outer loop
      vertex   7.977726e+01 -1.187583e+02 1.799286e+01
      vertex   7.979759e+01 -1.187662e+02 1.981194e+01
      vertex   7.975139e+01 -1.187497e+02 1.982847e+01
    endloop
  endfacet
  facet normal -2.588189e-01 -9.659254e-01 8.906801e-04
    outer loop
      vertex   7.977726e+01 -1.187583e+02 1.799286e+01
      vertex   7.975139e+01 -1.187497e+02 1.982847e+01
      vertex   7.969307e+01 -1.187357e+02 1.799286e+01
    endloop
  endfacet
  facet normal -2.428968e-01 -9.700521e-01 3.535037e-04
    outer loop
      vertex   7.969307e+01 -1.187357e+02 1.799286e+01
      vertex   7.975139e+01 -1.187497e+02 1.982847e+01
      vertex   7.970380e+01 -1.187377e+02 1.984039e+01
    endloop
  endfacet
  facet normal -1.467632e-01 -9.891716e-01 -2.251646e-04
    outer loop
      vertex   7.969307e+01 -1.187357e+02 1.799286e+01
      vertex   7.970380e+01 -1.187377e+02 1.984039e+01
      vertex   7.965526e+01 -1.187305e+02 1.984759e+01
    endloop
  endfacet
  facet normal -4.906767e-02 -9.987955e-01 -0.000000e+00
    outer loop
      vertex   7.960625e+01 -1.187281e+02 1.985000e+01
      vertex   7.960625e+01 -1.187281e+02 6.850000e+00
      vertex   7.965526e+01 -1.187305e+02 1.984759e+01
    endloop
  endfacet
  facet normal -1.051719e-01 -9.944540e-01 2.123501e-04
    outer loop
      vertex   7.965526e+01 -1.187305e+02 1.984759e+01
      vertex   7.960625e+01 -1.187281e+02 6.850000e+00
      vertex   7.969307e+01 -1.187357e+02 1.427857e+01
    endloop
  endfacet
  facet normal -1.359317e-01 -9.907182e-01 4.821028e-20
    outer loop
      vertex   7.965526e+01 -1.187305e+02 1.984759e+01
      vertex   7.969307e+01 -1.187357e+02 1.427857e+01
      vertex   7.969307e+01 -1.187357e+02 1.613571e+01
    endloop
  endfacet
  facet normal -2.588190e-01 -9.659258e-01 -0.000000e+00
    outer loop
      vertex   7.969307e+01 -1.187357e+02 1.613571e+01
      vertex   7.969307e+01 -1.187357e+02 1.427857e+01
      vertex   7.977726e+01 -1.187583e+02 1.613571e+01
    endloop
  endfacet
  facet normal -2.588190e-01 -9.659258e-01 3.010769e-19
    outer loop
      vertex   7.969307e+01 -1.187357e+02 1.613571e+01
      vertex   7.977726e+01 -1.187583e+02 1.613571e+01
      vertex   7.977726e+01 -1.187583e+02 1.799286e+01
    endloop
  endfacet
  facet normal -4.226183e-01 -9.063078e-01 -0.000000e+00
    outer loop
      vertex   7.977726e+01 -1.187583e+02 1.799286e+01
      vertex   7.977726e+01 -1.187583e+02 1.613571e+01
      vertex   7.985625e+01 -1.187951e+02 1.799286e+01
    endloop
  endfacet
  facet normal -7.071068e-01 -7.071068e-01 -1.191484e-18
    outer loop
      vertex   7.992764e+01 -1.188451e+02 6.850000e+00
      vertex   7.998927e+01 -1.189067e+02 6.850000e+00
      vertex   7.998927e+01 -1.189067e+02 8.707143e+00
    endloop
  endfacet
  facet normal -8.191520e-01 -5.735764e-01 -0.000000e+00
    outer loop
      vertex   7.998927e+01 -1.189067e+02 8.707143e+00
      vertex   7.998927e+01 -1.189067e+02 6.850000e+00
      vertex   8.003926e+01 -1.189781e+02 8.707143e+00
    endloop
  endfacet
  facet normal -8.191520e-01 -5.735764e-01 2.334016e-19
    outer loop
      vertex   7.998927e+01 -1.189067e+02 8.707143e+00
      vertex   8.003926e+01 -1.189781e+02 8.707143e+00
      vertex   8.003926e+01 -1.189781e+02 1.056429e+01
    endloop
  endfacet
  facet normal -9.063078e-01 -4.226183e-01 -0.000000e+00
    outer loop
      vertex   8.003926e+01 -1.189781e+02 1.056429e+01
      vertex   8.003926e+01 -1.189781e+02 8.707143e+00
      vertex   8.007610e+01 -1.190571e+02 1.056429e+01
    endloop
  endfacet
  facet normal -9.063078e-01 -4.226183e-01 -3.981275e-19
    outer loop
      vertex   8.003926e+01 -1.189781e+02 1.056429e+01
      vertex   8.007610e+01 -1.190571e+02 1.056429e+01
      vertex   8.007610e+01 -1.190571e+02 1.242143e+01
    endloop
  endfacet
  facet normal -9.659258e-01 -2.588190e-01 -0.000000e+00
    outer loop
      vertex   8.007610e+01 -1.190571e+02 1.242143e+01
      vertex   8.007610e+01 -1.190571e+02 1.056429e+01
      vertex   8.009865e+01 -1.191413e+02 1.242143e+01
    endloop
  endfacet
  facet normal -9.659258e-01 -2.588190e-01 -2.684737e-19
    outer loop
      vertex   8.007610e+01 -1.190571e+02 1.242143e+01
      vertex   8.009865e+01 -1.191413e+02 1.242143e+01
      vertex   8.009865e+01 -1.191413e+02 1.427857e+01
    endloop
  endfacet
  facet normal -9.961947e-01 -8.715574e-02 -0.000000e+00
    outer loop
      vertex   8.009865e+01 -1.191413e+02 1.427857e+01
      vertex   8.009865e+01 -1.191413e+02 1.242143e+01
      vertex   8.010625e+01 -1.192281e+02 1.985000e+01
    endloop
  endfacet
  facet normal -8.191520e-01 -5.735764e-01 2.334016e-19
    outer loop
      vertex   7.998927e+01 -1.189067e+02 6.850000e+00
      vertex   8.003926e+01 -1.189781e+02 6.850000e+00
      vertex   8.003926e+01 -1.189781e+02 8.707143e+00
    endloop
  endfacet
  facet normal -9.063078e-01 -4.226183e-01 -0.000000e+00
    outer loop
      vertex   8.003926e+01 -1.189781e+02 8.707143e+00
      vertex   8.003926e+01 -1.189781e+02 6.850000e+00
      vertex   8.007610e+01 -1.190571e+02 8.707143e+00
    endloop
  endfacet
  facet normal -9.063078e-01 -4.226183e-01 -3.981275e-19
    outer loop
      vertex   8.003926e+01 -1.189781e+02 8.707143e+00
      vertex   8.007610e+01 -1.190571e+02 8.707143e+00
      vertex   8.007610e+01 -1.190571e+02 1.056429e+01
    endloop
  endfacet
  facet normal -9.659258e-01 -2.588190e-01 -0.000000e+00
    outer loop
      vertex   8.007610e+01 -1.190571e+02 1.056429e+01
      vertex   8.007610e+01 -1.190571e+02 8.707143e+00
      vertex   8.009865e+01 -1.191413e+02 1.056429e+01
    endloop
  endfacet
  facet normal -9.659258e-01 -2.588190e-01 -2.684737e-19
    outer loop
      vertex   8.007610e+01 -1.190571e+02 1.056429e+01
      vertex   8.009865e+01 -1.191413e+02 1.056429e+01
      vertex   8.009865e+01 -1.191413e+02 1.242143e+01
    endloop
  endfacet
  facet normal -9.961947e-01 -8.715574e-02 -0.000000e+00
    outer loop
      vertex   8.009865e+01 -1.191413e+02 1.242143e+01
      vertex   8.009865e+01 -1.191413e+02 1.056429e+01
      vertex   8.010625e+01 -1.192281e+02 6.850000e+00
    endloop
  endfacet
  facet normal -9.961947e-01 -8.715574e-02 -3.050873e-20
    outer loop
      vertex   8.009865e+01 -1.191413e+02 1.242143e+01
      vertex   8.010625e+01 -1.192281e+02 6.850000e+00
      vertex   8.010625e+01 -1.192281e+02 1.985000e+01
    endloop
  endfacet
  facet normal -9.063078e-01 -4.226183e-01 -1.387053e-14
    outer loop
      vertex   8.003926e+01 -1.189781e+02 6.850000e+00
      vertex   8.007610e+01 -1.190571e+02 6.850000e+00
      vertex   8.007610e+01 -1.190571e+02 8.707143e+00
    endloop
  endfacet
  facet normal -9.659258e-01 -2.588190e-01 -1.478253e-14
    outer loop
      vertex   8.007610e+01 -1.190571e+02 8.707143e+00
      vertex   8.007610e+01 -1.190571e+02 6.850000e+00
      vertex   8.009865e+01 -1.191413e+02 8.707143e+00
    endloop
  endfacet
  facet normal -9.659258e-01 -2.588190e-01 -2.684737e-19
    outer loop
      vertex   8.007610e+01 -1.190571e+02 8.707143e+00
      vertex   8.009865e+01 -1.191413e+02 8.707143e+00
      vertex   8.009865e+01 -1.191413e+02 1.056429e+01
    endloop
  endfacet
  facet normal -9.961947e-01 -8.715574e-02 -0.000000e+00
    outer loop
      vertex   8.009865e+01 -1.191413e+02 1.056429e+01
      vertex   8.009865e+01 -1.191413e+02 8.707143e+00
      vertex   8.010625e+01 -1.192281e+02 6.850000e+00
    endloop
  endfacet
  facet normal -9.659258e-01 -2.588190e-01 3.010769e-19
    outer loop
      vertex   8.007610e+01 -1.190571e+02 6.850000e+00
      vertex   8.009865e+01 -1.191413e+02 6.850000e+00
      vertex   8.009865e+01 -1.191413e+02 8.707143e+00
    endloop
  endfacet
  facet normal -9.961947e-01 -8.715574e-02 -0.000000e+00
    outer loop
      vertex   8.009865e+01 -1.191413e+02 8.707143e+00
      vertex   8.009865e+01 -1.191413e+02 6.850000e+00
      vertex   8.010625e+01 -1.192281e+02 6.850000e+00
    endloop
  endfacet
  facet normal -7.071068e-01 -7.071068e-01 -0.000000e+00
    outer loop
      vertex   7.992764e+01 -1.188451e+02 1.613571e+01
      vertex   7.992764e+01 -1.188451e+02 1.427857e+01
      vertex   7.998927e+01 -1.189067e+02 1.613571e+01
    endloop
  endfacet
  facet normal -7.071068e-01 -7.071068e-01 -0.000000e+00
    outer loop
      vertex   7.998927e+01 -1.189067e+02 1.613571e+01
      vertex   7.992764e+01 -1.188451e+02 1.427857e+01
      vertex   7.998927e+01 -1.189067e+02 1.427857e+01
    endloop
  endfacet
  facet normal -8.191520e-01 -5.735764e-01 -0.000000e+00
    outer loop
      vertex   7.998927e+01 -1.189067e+02 1.613571e+01
      vertex   7.998927e+01 -1.189067e+02 1.427857e+01
      vertex   8.003926e+01 -1.189781e+02 1.613571e+01
    endloop
  endfacet
  facet normal -8.191520e-01 -5.735764e-01 -0.000000e+00
    outer loop
      vertex   8.003926e+01 -1.189781e+02 1.613571e+01
      vertex   7.998927e+01 -1.189067e+02 1.427857e+01
      vertex   8.003926e+01 -1.189781e+02 1.427857e+01
    endloop
  endfacet
  facet normal -9.063078e-01 -4.226183e-01 -0.000000e+00
    outer loop
      vertex   8.003926e+01 -1.189781e+02 1.613571e+01
      vertex   8.003926e+01 -1.189781e+02 1.427857e+01
      vertex   8.007610e+01 -1.190571e+02 1.613571e+01
    endloop
  endfacet
  facet normal -9.063078e-01 -4.226183e-01 -0.000000e+00
    outer loop
      vertex   8.007610e+01 -1.190571e+02 1.613571e+01
      vertex   8.003926e+01 -1.189781e+02 1.427857e+01
      vertex   8.007610e+01 -1.190571e+02 1.427857e+01
    endloop
  endfacet
  facet normal -9.659258e-01 -2.588190e-01 -0.000000e+00
    outer loop
      vertex   8.007610e+01 -1.190571e+02 1.613571e+01
      vertex   8.007610e+01 -1.190571e+02 1.427857e+01
      vertex   8.009865e+01 -1.191413e+02 1.613571e+01
    endloop
  endfacet
  facet normal -7.071068e-01 -7.071068e-01 -0.000000e+00
    outer loop
      vertex   7.992764e+01 -1.188451e+02 1.427857e+01
      vertex   7.992764e+01 -1.188451e+02 1.242143e+01
      vertex   7.998927e+01 -1.189067e+02 1.427857e+01
    endloop
  endfacet
  facet normal -7.071068e-01 -7.071068e-01 -0.000000e+00
    outer loop
      vertex   7.998927e+01 -1.189067e+02 1.427857e+01
      vertex   7.992764e+01 -1.188451e+02 1.242143e+01
      vertex   7.998927e+01 -1.189067e+02 1.242143e+01
    endloop
  endfacet
  facet normal -8.191520e-01 -5.735764e-01 -0.000000e+00
    outer loop
      vertex   7.998927e+01 -1.189067e+02 1.427857e+01
      vertex   7.998927e+01 -1.189067e+02 1.242143e+01
      vertex   8.003926e+01 -1.189781e+02 1.427857e+01
    endloop
  endfacet
  facet normal -8.191520e-01 -5.735764e-01 -0.000000e+00
    outer loop
      vertex   8.003926e+01 -1.189781e+02 1.427857e+01
      vertex   7.998927e+01 -1.189067e+02 1.242143e+01
      vertex   8.003926e+01 -1.189781e+02 1.242143e+01
    endloop
  endfacet
  facet normal -9.063078e-01 -4.226183e-01 -0.000000e+00
    outer loop
      vertex   8.003926e+01 -1.189781e+02 1.427857e+01
      vertex   8.003926e+01 -1.189781e+02 1.242143e+01
      vertex   8.007610e+01 -1.190571e+02 1.427857e+01
    endloop
  endfacet
  facet normal -5.735764e-01 -8.191520e-01 -0.000000e+00
    outer loop
      vertex   7.992764e+01 -1.188451e+02 1.613571e+01
      vertex   7.985625e+01 -1.187951e+02 1.427857e+01
      vertex   7.992764e+01 -1.188451e+02 1.427857e+01
    endloop
  endfacet
  facet normal -5.735764e-01 -8.191520e-01 -2.384825e-19
    outer loop
      vertex   7.992764e+01 -1.188451e+02 1.427857e+01
      vertex   7.985625e+01 -1.187951e+02 1.427857e+01
      vertex   7.985625e+01 -1.187951e+02 1.242143e+01
    endloop
  endfacet
  facet normal -5.735764e-01 -8.191520e-01 -0.000000e+00
    outer loop
      vertex   7.992764e+01 -1.188451e+02 1.427857e+01
      vertex   7.985625e+01 -1.187951e+02 1.242143e+01
      vertex   7.992764e+01 -1.188451e+02 1.242143e+01
    endloop
  endfacet
  facet normal -5.735764e-01 -8.191520e-01 -2.384825e-19
    outer loop
      vertex   7.992764e+01 -1.188451e+02 1.242143e+01
      vertex   7.985625e+01 -1.187951e+02 1.242143e+01
      vertex   7.985625e+01 -1.187951e+02 1.056429e+01
    endloop
  endfacet
  facet normal -5.735764e-01 -8.191520e-01 -0.000000e+00
    outer loop
      vertex   7.992764e+01 -1.188451e+02 1.242143e+01
      vertex   7.985625e+01 -1.187951e+02 1.056429e+01
      vertex   7.992764e+01 -1.188451e+02 1.056429e+01
    endloop
  endfacet
  facet normal -5.735764e-01 -8.191520e-01 -2.384825e-19
    outer loop
      vertex   7.992764e+01 -1.188451e+02 1.056429e+01
      vertex   7.985625e+01 -1.187951e+02 1.056429e+01
      vertex   7.985625e+01 -1.187951e+02 8.707143e+00
    endloop
  endfacet
  facet normal -5.735764e-01 -8.191520e-01 -0.000000e+00
    outer loop
      vertex   7.992764e+01 -1.188451e+02 1.056429e+01
      vertex   7.985625e+01 -1.187951e+02 8.707143e+00
      vertex   7.992764e+01 -1.188451e+02 8.707143e+00
    endloop
  endfacet
  facet normal -7.071068e-01 -7.071068e-01 -0.000000e+00
    outer loop
      vertex   7.992764e+01 -1.188451e+02 1.242143e+01
      vertex   7.992764e+01 -1.188451e+02 1.056429e+01
      vertex   7.998927e+01 -1.189067e+02 1.242143e+01
    endloop
  endfacet
  facet normal -7.071068e-01 -7.071068e-01 5.410780e-15
    outer loop
      vertex   7.998927e+01 -1.189067e+02 1.242143e+01
      vertex   7.992764e+01 -1.188451e+02 1.056429e+01
      vertex   7.998927e+01 -1.189067e+02 1.056429e+01
    endloop
  endfacet
  facet normal -8.191520e-01 -5.735764e-01 4.389006e-15
    outer loop
      vertex   7.998927e+01 -1.189067e+02 1.242143e+01
      vertex   7.998927e+01 -1.189067e+02 1.056429e+01
      vertex   8.003926e+01 -1.189781e+02 1.242143e+01
    endloop
  endfacet
  facet normal -7.071068e-01 -7.071068e-01 -0.000000e+00
    outer loop
      vertex   7.992764e+01 -1.188451e+02 1.056429e+01
      vertex   7.992764e+01 -1.188451e+02 8.707143e+00
      vertex   7.998927e+01 -1.189067e+02 1.056429e+01
    endloop
  endfacet
  facet normal -8.191520e-01 -5.735764e-01 -2.540449e-21
    outer loop
      vertex   8.003926e+01 -1.189781e+02 1.799286e+01
      vertex   7.998927e+01 -1.189067e+02 1.799286e+01
      vertex   7.998927e+01 -1.189067e+02 1.613571e+01
    endloop
  endfacet
  facet normal -7.071068e-01 -7.071068e-01 0.000000e+00
    outer loop
      vertex   7.998927e+01 -1.189067e+02 1.613571e+01
      vertex   7.998927e+01 -1.189067e+02 1.799286e+01
      vertex   7.992764e+01 -1.188451e+02 1.613571e+01
    endloop
  endfacet
  facet normal -8.191520e-01 -5.735764e-01 -0.000000e+00
    outer loop
      vertex   8.003926e+01 -1.189781e+02 1.799286e+01
      vertex   7.998927e+01 -1.189067e+02 1.613571e+01
      vertex   8.003926e+01 -1.189781e+02 1.613571e+01
    endloop
  endfacet
  facet normal -4.226183e-01 -9.063078e-01 -0.000000e+00
    outer loop
      vertex   7.985625e+01 -1.187951e+02 1.427857e+01
      vertex   7.977726e+01 -1.187583e+02 1.242143e+01
      vertex   7.985625e+01 -1.187951e+02 1.242143e+01
    endloop
  endfacet
  facet normal -4.226183e-01 -9.063078e-01 4.486975e-19
    outer loop
      vertex   7.985625e+01 -1.187951e+02 1.242143e+01
      vertex   7.977726e+01 -1.187583e+02 1.242143e+01
      vertex   7.977726e+01 -1.187583e+02 1.056429e+01
    endloop
  endfacet
  facet normal -4.226183e-01 -9.063078e-01 -0.000000e+00
    outer loop
      vertex   7.985625e+01 -1.187951e+02 1.242143e+01
      vertex   7.977726e+01 -1.187583e+02 1.056429e+01
      vertex   7.985625e+01 -1.187951e+02 1.056429e+01
    endloop
  endfacet
  facet normal -4.226183e-01 -9.063078e-01 4.486975e-19
    outer loop
      vertex   7.985625e+01 -1.187951e+02 1.056429e+01
      vertex   7.977726e+01 -1.187583e+02 1.056429e+01
      vertex   7.977726e+01 -1.187583e+02 8.707143e+00
    endloop
  endfacet
  facet normal -4.226183e-01 -9.063078e-01 -0.000000e+00
    outer loop
      vertex   7.985625e+01 -1.187951e+02 1.056429e+01
      vertex   7.977726e+01 -1.187583e+02 8.707143e+00
      vertex   7.985625e+01 -1.187951e+02 8.707143e+00
    endloop
  endfacet
  facet normal -2.588190e-01 -9.659258e-01 3.010769e-19
    outer loop
      vertex   7.969307e+01 -1.187357e+02 8.707143e+00
      vertex   7.977726e+01 -1.187583e+02 8.707143e+00
      vertex   7.977726e+01 -1.187583e+02 1.056429e+01
    endloop
  endfacet
  facet normal -2.588190e-01 -9.659258e-01 0.000000e+00
    outer loop
      vertex   7.969307e+01 -1.187357e+02 8.707143e+00
      vertex   7.977726e+01 -1.187583e+02 1.056429e+01
      vertex   7.969307e+01 -1.187357e+02 1.056429e+01
    endloop
  endfacet
  facet normal -2.588190e-01 -9.659258e-01 3.010769e-19
    outer loop
      vertex   7.969307e+01 -1.187357e+02 1.056429e+01
      vertex   7.977726e+01 -1.187583e+02 1.056429e+01
      vertex   7.977726e+01 -1.187583e+02 1.242143e+01
    endloop
  endfacet
  facet normal -1.359317e-01 -9.907182e-01 4.821028e-20
    outer loop
      vertex   7.965526e+01 -1.187305e+02 1.984759e+01
      vertex   7.969307e+01 -1.187357e+02 1.613571e+01
      vertex   7.969307e+01 -1.187357e+02 1.799286e+01
    endloop
  endfacet
  facet normal -2.588190e-01 -9.659258e-01 -0.000000e+00
    outer loop
      vertex   7.969307e+01 -1.187357e+02 1.799286e+01
      vertex   7.969307e+01 -1.187357e+02 1.613571e+01
      vertex   7.977726e+01 -1.187583e+02 1.799286e+01
    endloop
  endfacet
  facet normal -9.063078e-01 -4.226183e-01 -3.981275e-19
    outer loop
      vertex   8.007610e+01 -1.190571e+02 1.799286e+01
      vertex   8.003926e+01 -1.189781e+02 1.799286e+01
      vertex   8.003926e+01 -1.189781e+02 1.613571e+01
    endloop
  endfacet
  facet normal -9.063078e-01 -4.226183e-01 -0.000000e+00
    outer loop
      vertex   8.007610e+01 -1.190571e+02 1.799286e+01
      vertex   8.003926e+01 -1.189781e+02 1.613571e+01
      vertex   8.007610e+01 -1.190571e+02 1.613571e+01
    endloop
  endfacet
  facet normal -9.659258e-01 -2.588190e-01 -2.684737e-19
    outer loop
      vertex   8.009865e+01 -1.191413e+02 1.799286e+01
      vertex   8.007610e+01 -1.190571e+02 1.799286e+01
      vertex   8.007610e+01 -1.190571e+02 1.613571e+01
    endloop
  endfacet
  facet normal -9.659258e-01 -2.588190e-01 -0.000000e+00
    outer loop
      vertex   8.009865e+01 -1.191413e+02 1.799286e+01
      vertex   8.007610e+01 -1.190571e+02 1.613571e+01
      vertex   8.009865e+01 -1.191413e+02 1.613571e+01
    endloop
  endfacet
  facet normal -1.000000e+00 0.000000e+00 0.000000e+00
    outer loop
      vertex   8.010625e+01 -1.192281e+02 6.850000e+00
      vertex   8.010625e+01 -1.283293e+02 6.850000e+00
      vertex   8.010625e+01 -1.192281e+02 1.985000e+01
    endloop
  endfacet
  facet normal -1.000000e+00 -0.000000e+00 0.000000e+00
    outer loop
      vertex   8.010625e+01 -1.192281e+02 1.985000e+01
      vertex   8.010625e+01 -1.283293e+02 6.850000e+00
      vertex   8.010625e+01 -1.283293e+02 1.985000e+01
    endloop
  endfacet
  facet normal 0.000000e+00 -7.071068e-01 7.071068e-01
    outer loop
      vertex   1.338471e+02 -2.737500e+01 2.085000e+01
      vertex   1.334328e+02 -2.837500e+01 1.985000e+01
      vertex   1.455705e+02 -2.737500e+01 2.085000e+01
    endloop
  endfacet
  facet normal 0.000000e+00 -7.071068e-01 7.071068e-01
    outer loop
      vertex   1.455705e+02 -2.737500e+01 2.085000e+01
      vertex   1.334328e+02 -2.837500e+01 1.985000e+01
      vertex   1.465705e+02 -2.837500e+01 1.985000e+01
    endloop
  endfacet
  facet normal -5.000000e-01 -5.000000e-01 7.071068e-01
    outer loop
      vertex   1.338471e+02 -2.737500e+01 2.085000e+01
      vertex   1.314658e+02 -2.499375e+01 2.085000e+01
      vertex   1.334328e+02 -2.837500e+01 1.985000e+01
    endloop
  endfacet
  facet normal -5.000000e-01 -5.000000e-01 7.071068e-01
    outer loop
      vertex   1.334328e+02 -2.837500e+01 1.985000e+01
      vertex   1.314658e+02 -2.499375e+01 2.085000e+01
      vertex   1.310516e+02 -2.599375e+01 1.985000e+01
    endloop
  endfacet
  facet normal 0.000000e+00 -7.071068e-01 7.071068e-01
    outer loop
      vertex   1.314658e+02 -2.499375e+01 2.085000e+01
      vertex   1.100346e+02 -2.499375e+01 2.085000e+01
      vertex   1.310516e+02 -2.599375e+01 1.985000e+01
    endloop
  endfacet
  facet normal 0.000000e+00 -7.071068e-01 7.071068e-01
    outer loop
      vertex   1.310516e+02 -2.599375e+01 1.985000e+01
      vertex   1.100346e+02 -2.499375e+01 2.085000e+01
      vertex   1.096203e+02 -2.599375e+01 1.985000e+01
    endloop
  endfacet
  facet normal -5.000000e-01 -5.000000e-01 7.071068e-01
    outer loop
      vertex   1.100346e+02 -2.499375e+01 2.085000e+01
      vertex   1.088439e+02 -2.380313e+01 2.085000e+01
      vertex   1.096203e+02 -2.599375e+01 1.985000e+01
    endloop
  endfacet
  facet normal -5.000000e-01 -5.000000e-01 7.071068e-01
    outer loop
      vertex   1.096203e+02 -2.599375e+01 1.985000e+01
      vertex   1.088439e+02 -2.380313e+01 2.085000e+01
      vertex   1.084297e+02 -2.480313e+01 1.985000e+01
    endloop
  endfacet
  facet normal 0.000000e+00 -7.071068e-01 7.071068e-01
    outer loop
      vertex   1.088439e+02 -2.380313e+01 2.085000e+01
      vertex   7.808419e+01 -2.380313e+01 2.085000e+01
      vertex   1.084297e+02 -2.480313e+01 1.985000e+01
    endloop
  endfacet
  facet normal 0.000000e+00 -7.071068e-01 7.071068e-01
    outer loop
      vertex   1.084297e+02 -2.480313e+01 1.985000e+01
      vertex   7.808419e+01 -2.380313e+01 2.085000e+01
      vertex   7.849841e+01 -2.480313e+01 1.985000e+01
    endloop
  endfacet
  facet normal 5.000000e-01 -5.000000e-01 7.071068e-01
    outer loop
      vertex   7.570294e+01 -2.618438e+01 2.085000e+01
      vertex   7.611716e+01 -2.718438e+01 1.985000e+01
      vertex   7.808419e+01 -2.380313e+01 2.085000e+01
    endloop
  endfacet
  facet normal 5.000000e-01 -5.000000e-01 7.071068e-01
    outer loop
      vertex   7.808419e+01 -2.380313e+01 2.085000e+01
      vertex   7.611716e+01 -2.718438e+01 1.985000e+01
      vertex   7.849841e+01 -2.480313e+01 1.985000e+01
    endloop
  endfacet
  facet normal 0.000000e+00 -7.071068e-01 7.071068e-01
    outer loop
      vertex   6.736857e+01 -2.618438e+01 2.085000e+01
      vertex   6.778278e+01 -2.718438e+01 1.985000e+01
      vertex   7.570294e+01 -2.618438e+01 2.085000e+01
    endloop
  endfacet
  facet normal 0.000000e+00 -7.071068e-01 7.071068e-01
    outer loop
      vertex   7.570294e+01 -2.618438e+01 2.085000e+01
      vertex   6.778278e+01 -2.718438e+01 1.985000e+01
      vertex   7.611716e+01 -2.718438e+01 1.985000e+01
    endloop
  endfacet
  facet normal 5.000000e-01 -5.000000e-01 7.071068e-01
    outer loop
      vertex   6.617794e+01 -2.737500e+01 2.085000e+01
      vertex   6.659216e+01 -2.837500e+01 1.985000e+01
      vertex   6.736857e+01 -2.618438e+01 2.085000e+01
    endloop
  endfacet
  facet normal 5.000000e-01 -5.000000e-01 7.071068e-01
    outer loop
      vertex   6.736857e+01 -2.618438e+01 2.085000e+01
      vertex   6.659216e+01 -2.837500e+01 1.985000e+01
      vertex   6.778278e+01 -2.718438e+01 1.985000e+01
    endloop
  endfacet
  facet normal 0.000000e+00 -7.071068e-01 7.071068e-01
    outer loop
      vertex   3.164982e+01 -2.737500e+01 2.085000e+01
      vertex   3.206403e+01 -2.837500e+01 1.985000e+01
      vertex   6.617794e+01 -2.737500e+01 2.085000e+01
    endloop
  endfacet
  facet normal 0.000000e+00 -7.071068e-01 7.071068e-01
    outer loop
      vertex   6.617794e+01 -2.737500e+01 2.085000e+01
      vertex   3.206403e+01 -2.837500e+01 1.985000e+01
      vertex   6.659216e+01 -2.837500e+01 1.985000e+01
    endloop
  endfacet
  facet normal 5.000000e-01 -5.000000e-01 7.071068e-01
    outer loop
      vertex   2.737500e+01 -3.164982e+01 2.085000e+01
      vertex   2.837500e+01 -3.206403e+01 1.985000e+01
      vertex   3.164982e+01 -2.737500e+01 2.085000e+01
    endloop
  endfacet
  facet normal 5.000000e-01 -5.000000e-01 7.071068e-01
    outer loop
      vertex   3.164982e+01 -2.737500e+01 2.085000e+01
      vertex   2.837500e+01 -3.206403e+01 1.985000e+01
      vertex   3.206403e+01 -2.837500e+01 1.985000e+01
    endloop
  endfacet
  facet normal 7.071068e-01 0.000000e+00 7.071068e-01
    outer loop
      vertex   2.737500e+01 -3.164982e+01 2.085000e+01
      vertex   2.737500e+01 -1.076533e+02 2.085000e+01
      vertex   2.837500e+01 -3.206403e+01 1.985000e+01
    endloop
  endfacet
  facet normal 7.071068e-01 0.000000e+00 7.071068e-01
    outer loop
      vertex   2.837500e+01 -3.206403e+01 1.985000e+01
      vertex   2.737500e+01 -1.076533e+02 2.085000e+01
      vertex   2.837500e+01 -1.072391e+02 1.985000e+01
    endloop
  endfacet
  facet normal 5.000000e-01 5.000000e-01 7.071068e-01
    outer loop
      vertex   2.737500e+01 -1.076533e+02 2.085000e+01
      vertex   3.164982e+01 -1.119281e+02 2.085000e+01
      vertex   2.837500e+01 -1.072391e+02 1.985000e+01
    endloop
  endfacet
  facet normal 5.000000e-01 5.000000e-01 7.071068e-01
    outer loop
      vertex   2.837500e+01 -1.072391e+02 1.985000e+01
      vertex   3.164982e+01 -1.119281e+02 2.085000e+01
      vertex   3.206403e+01 -1.109281e+02 1.985000e+01
    endloop
  endfacet
  facet normal -0.000000e+00 7.071068e-01 7.071068e-01
    outer loop
      vertex   3.164982e+01 -1.119281e+02 2.085000e+01
      vertex   6.598143e+01 -1.119281e+02 2.085000e+01
      vertex   3.206403e+01 -1.109281e+02 1.985000e+01
    endloop
  endfacet
  facet normal -0.000000e+00 7.071068e-01 7.071068e-01
    outer loop
      vertex   3.206403e+01 -1.109281e+02 1.985000e+01
      vertex   6.598143e+01 -1.119281e+02 2.085000e+01
      vertex   6.556722e+01 -1.109281e+02 1.985000e+01
    endloop
  endfacet
  facet normal -5.000000e-01 5.000000e-01 7.071068e-01
    outer loop
      vertex   6.836268e+01 -1.095469e+02 2.085000e+01
      vertex   6.794847e+01 -1.085469e+02 1.985000e+01
      vertex   6.598143e+01 -1.119281e+02 2.085000e+01
    endloop
  endfacet
  facet normal -5.000000e-01 5.000000e-01 7.071068e-01
    outer loop
      vertex   6.598143e+01 -1.119281e+02 2.085000e+01
      vertex   6.794847e+01 -1.085469e+02 1.985000e+01
      vertex   6.556722e+01 -1.109281e+02 1.985000e+01
    endloop
  endfacet
  facet normal 0.000000e+00 7.071068e-01 7.071068e-01
    outer loop
      vertex   7.702729e+01 -1.095469e+02 2.085000e+01
      vertex   7.733007e+01 -1.085469e+02 1.985000e+01
      vertex   6.836268e+01 -1.095469e+02 2.085000e+01
    endloop
  endfacet
  facet normal 0.000000e+00 7.071068e-01 7.071068e-01
    outer loop
      vertex   6.836268e+01 -1.095469e+02 2.085000e+01
      vertex   7.733007e+01 -1.085469e+02 1.985000e+01
      vertex   6.794847e+01 -1.085469e+02 1.985000e+01
    endloop
  endfacet
  facet normal 3.922323e-01 5.883484e-01 7.071068e-01
    outer loop
      vertex   8.059917e+01 -1.119281e+02 2.085000e+01
      vertex   8.090194e+01 -1.109281e+02 1.985000e+01
      vertex   7.702729e+01 -1.095469e+02 2.085000e+01
    endloop
  endfacet
  facet normal 3.922323e-01 5.883484e-01 7.071068e-01
    outer loop
      vertex   7.702729e+01 -1.095469e+02 2.085000e+01
      vertex   8.090194e+01 -1.109281e+02 1.985000e+01
      vertex   7.733007e+01 -1.085469e+02 1.985000e+01
    endloop
  endfacet
  facet normal -0.000000e+00 7.071068e-01 7.071068e-01
    outer loop
      vertex   8.059917e+01 -1.119281e+02 2.085000e+01
      vertex   8.641857e+01 -1.119281e+02 2.085000e+01
      vertex   8.090194e+01 -1.109281e+02 1.985000e+01
    endloop
  endfacet
  facet normal -0.000000e+00 7.071068e-01 7.071068e-01
    outer loop
      vertex   8.090194e+01 -1.109281e+02 1.985000e+01
      vertex   8.641857e+01 -1.119281e+02 2.085000e+01
      vertex   8.683278e+01 -1.109281e+02 1.985000e+01
    endloop
  endfacet
  facet normal 5.000000e-01 5.000000e-01 7.071068e-01
    outer loop
      vertex   8.690625e+01 -1.124158e+02 2.085000e+01
      vertex   8.790625e+01 -1.120016e+02 1.985000e+01
      vertex   8.641857e+01 -1.119281e+02 2.085000e+01
    endloop
  endfacet
  facet normal 5.000000e-01 5.000000e-01 7.071068e-01
    outer loop
      vertex   8.641857e+01 -1.119281e+02 2.085000e+01
      vertex   8.790625e+01 -1.120016e+02 1.985000e+01
      vertex   8.683278e+01 -1.109281e+02 1.985000e+01
    endloop
  endfacet
  facet normal 7.071068e-01 -0.000000e+00 7.071068e-01
    outer loop
      vertex   8.690625e+01 -1.255127e+02 2.085000e+01
      vertex   8.790625e+01 -1.250985e+02 1.985000e+01
      vertex   8.690625e+01 -1.124158e+02 2.085000e+01
    endloop
  endfacet
  facet normal 7.071068e-01 0.000000e+00 7.071068e-01
    outer loop
      vertex   8.690625e+01 -1.124158e+02 2.085000e+01
      vertex   8.790625e+01 -1.250985e+02 1.985000e+01
      vertex   8.790625e+01 -1.120016e+02 1.985000e+01
    endloop
  endfacet
  facet normal 5.000000e-01 5.000000e-01 7.071068e-01
    outer loop
      vertex   8.690625e+01 -1.255127e+02 2.085000e+01
      vertex   8.879982e+01 -1.274063e+02 2.085000e+01
      vertex   8.790625e+01 -1.250985e+02 1.985000e+01
    endloop
  endfacet
  facet normal 5.000000e-01 5.000000e-01 7.071068e-01
    outer loop
      vertex   8.790625e+01 -1.250985e+02 1.985000e+01
      vertex   8.879982e+01 -1.274063e+02 2.085000e+01
      vertex   8.921403e+01 -1.264062e+02 1.985000e+01
    endloop
  endfacet
  facet normal -0.000000e+00 7.071068e-01 7.071068e-01
    outer loop
      vertex   8.879982e+01 -1.274063e+02 2.085000e+01
      vertex   1.069955e+02 -1.274063e+02 2.085000e+01
      vertex   8.921403e+01 -1.264062e+02 1.985000e+01
    endloop
  endfacet
  facet normal -0.000000e+00 7.071068e-01 7.071068e-01
    outer loop
      vertex   8.921403e+01 -1.264062e+02 1.985000e+01
      vertex   1.069955e+02 -1.274063e+02 2.085000e+01
      vertex   1.071295e+02 -1.264062e+02 1.985000e+01
    endloop
  endfacet
  facet normal 1.860521e-01 6.821910e-01 7.071068e-01
    outer loop
      vertex   1.200924e+02 -1.309781e+02 2.085000e+01
      vertex   1.202263e+02 -1.299781e+02 1.985000e+01
      vertex   1.069955e+02 -1.274063e+02 2.085000e+01
    endloop
  endfacet
  facet normal 1.860521e-01 6.821910e-01 7.071068e-01
    outer loop
      vertex   1.069955e+02 -1.274063e+02 2.085000e+01
      vertex   1.202263e+02 -1.299781e+02 1.985000e+01
      vertex   1.071295e+02 -1.264062e+02 1.985000e+01
    endloop
  endfacet
  facet normal -0.000000e+00 7.071068e-01 7.071068e-01
    outer loop
      vertex   1.200924e+02 -1.309781e+02 2.085000e+01
      vertex   1.258876e+02 -1.309781e+02 2.085000e+01
      vertex   1.202263e+02 -1.299781e+02 1.985000e+01
    endloop
  endfacet
  facet normal -0.000000e+00 7.071068e-01 7.071068e-01
    outer loop
      vertex   1.202263e+02 -1.299781e+02 1.985000e+01
      vertex   1.258876e+02 -1.309781e+02 2.085000e+01
      vertex   1.261531e+02 -1.299781e+02 1.985000e+01
    endloop
  endfacet
  facet normal 3.508232e-01 6.139406e-01 7.071068e-01
    outer loop
      vertex   1.425563e+02 -1.405031e+02 2.085000e+01
      vertex   1.428219e+02 -1.395031e+02 1.985000e+01
      vertex   1.258876e+02 -1.309781e+02 2.085000e+01
    endloop
  endfacet
  facet normal 3.508232e-01 6.139406e-01 7.071068e-01
    outer loop
      vertex   1.258876e+02 -1.309781e+02 2.085000e+01
      vertex   1.428219e+02 -1.395031e+02 1.985000e+01
      vertex   1.261531e+02 -1.299781e+02 1.985000e+01
    endloop
  endfacet
  facet normal 0.000000e+00 7.071068e-01 7.071068e-01
    outer loop
      vertex   1.457533e+02 -1.405031e+02 2.085000e+01
      vertex   1.453391e+02 -1.395031e+02 1.985000e+01
      vertex   1.425563e+02 -1.405031e+02 2.085000e+01
    endloop
  endfacet
  facet normal 0.000000e+00 7.071068e-01 7.071068e-01
    outer loop
      vertex   1.425563e+02 -1.405031e+02 2.085000e+01
      vertex   1.453391e+02 -1.395031e+02 1.985000e+01
      vertex   1.428219e+02 -1.395031e+02 1.985000e+01
    endloop
  endfacet
  facet normal -5.000000e-01 5.000000e-01 7.071068e-01
    outer loop
      vertex   1.474120e+02 -1.388445e+02 2.085000e+01
      vertex   1.466077e+02 -1.382345e+02 1.985000e+01
      vertex   1.457533e+02 -1.405031e+02 2.085000e+01
    endloop
  endfacet
  facet normal -5.000000e-01 5.000000e-01 7.071068e-01
    outer loop
      vertex   1.457533e+02 -1.405031e+02 2.085000e+01
      vertex   1.466077e+02 -1.382345e+02 1.985000e+01
      vertex   1.453391e+02 -1.395031e+02 1.985000e+01
    endloop
  endfacet
  facet normal -6.162970e-01 3.466670e-01 7.071068e-01
    outer loop
      vertex   1.580281e+02 -1.199713e+02 2.085000e+01
      vertex   1.573068e+02 -1.192140e+02 1.985000e+01
      vertex   1.474120e+02 -1.388445e+02 2.085000e+01
    endloop
  endfacet
  facet normal -6.162970e-01 3.466670e-01 7.071068e-01
    outer loop
      vertex   1.474120e+02 -1.388445e+02 2.085000e+01
      vertex   1.573068e+02 -1.192140e+02 1.985000e+01
      vertex   1.466077e+02 -1.382345e+02 1.985000e+01
    endloop
  endfacet
  facet normal -3.162278e-01 6.324555e-01 7.071068e-01
    outer loop
      vertex   1.580281e+02 -1.199713e+02 2.085000e+01
      vertex   1.607419e+02 -1.186144e+02 2.085000e+01
      vertex   1.573068e+02 -1.192140e+02 1.985000e+01
    endloop
  endfacet
  facet normal -3.162278e-01 6.324555e-01 7.071068e-01
    outer loop
      vertex   1.573068e+02 -1.192140e+02 1.985000e+01
      vertex   1.607419e+02 -1.186144e+02 2.085000e+01
      vertex   1.597434e+02 -1.179956e+02 1.985000e+01
    endloop
  endfacet
  facet normal -7.071046e-01 1.754360e-03 7.071068e-01
    outer loop
      vertex   1.607419e+02 -1.186144e+02 2.085000e+01
      vertex   1.607852e+02 -1.011608e+02 2.085000e+01
      vertex   1.597434e+02 -1.179956e+02 1.985000e+01
    endloop
  endfacet
  facet normal -7.071046e-01 1.754360e-03 7.071068e-01
    outer loop
      vertex   1.597434e+02 -1.179956e+02 1.985000e+01
      vertex   1.607852e+02 -1.011608e+02 2.085000e+01
      vertex   1.597859e+02 -1.008919e+02 1.985000e+01
    endloop
  endfacet
  facet normal -6.124857e-01 3.533571e-01 7.071068e-01
    outer loop
      vertex   1.665674e+02 -9.113827e+01 2.085000e+01
      vertex   1.662010e+02 -8.977236e+01 1.985000e+01
      vertex   1.607852e+02 -1.011608e+02 2.085000e+01
    endloop
  endfacet
  facet normal -6.124857e-01 3.533571e-01 7.071068e-01
    outer loop
      vertex   1.607852e+02 -1.011608e+02 2.085000e+01
      vertex   1.662010e+02 -8.977236e+01 1.985000e+01
      vertex   1.597859e+02 -1.008919e+02 1.985000e+01
    endloop
  endfacet
  facet normal 3.533571e-01 6.124857e-01 7.071068e-01
    outer loop
      vertex   1.665674e+02 -9.113827e+01 2.085000e+01
      vertex   1.666100e+02 -9.116284e+01 2.085000e+01
      vertex   1.662010e+02 -8.977236e+01 1.985000e+01
    endloop
  endfacet
  facet normal 3.533571e-01 6.124857e-01 7.071068e-01
    outer loop
      vertex   1.662010e+02 -8.977236e+01 1.985000e+01
      vertex   1.666100e+02 -9.116284e+01 2.085000e+01
      vertex   1.676115e+02 -9.058611e+01 1.985000e+01
    endloop
  endfacet
  facet normal 7.071046e-01 -1.754360e-03 7.071068e-01
    outer loop
      vertex   1.665330e+02 -1.222035e+02 2.085000e+01
      vertex   1.675315e+02 -1.228223e+02 1.985000e+01
      vertex   1.666100e+02 -9.116284e+01 2.085000e+01
    endloop
  endfacet
  facet normal 7.071046e-01 -1.754360e-03 7.071068e-01
    outer loop
      vertex   1.666100e+02 -9.116284e+01 2.085000e+01
      vertex   1.675315e+02 -1.228223e+02 1.985000e+01
      vertex   1.676115e+02 -9.058611e+01 1.985000e+01
    endloop
  endfacet
  facet normal 3.162278e-01 -6.324555e-01 7.071068e-01
    outer loop
      vertex   1.665330e+02 -1.222035e+02 2.085000e+01
      vertex   1.622118e+02 -1.243641e+02 2.085000e+01
      vertex   1.675315e+02 -1.228223e+02 1.985000e+01
    endloop
  endfacet
  facet normal 3.162278e-01 -6.324555e-01 7.071068e-01
    outer loop
      vertex   1.675315e+02 -1.228223e+02 1.985000e+01
      vertex   1.622118e+02 -1.243641e+02 2.085000e+01
      vertex   1.629331e+02 -1.251215e+02 1.985000e+01
    endloop
  endfacet
  facet normal 6.162970e-01 -3.466670e-01 7.071068e-01
    outer loop
      vertex   1.520765e+02 -1.423824e+02 2.085000e+01
      vertex   1.528807e+02 -1.429923e+02 1.985000e+01
      vertex   1.622118e+02 -1.243641e+02 2.085000e+01
    endloop
  endfacet
  facet normal 6.162970e-01 -3.466670e-01 7.071068e-01
    outer loop
      vertex   1.622118e+02 -1.243641e+02 2.085000e+01
      vertex   1.528807e+02 -1.429923e+02 1.985000e+01
      vertex   1.629331e+02 -1.251215e+02 1.985000e+01
    endloop
  endfacet
  facet normal 5.000000e-01 -5.000000e-01 7.071068e-01
    outer loop
      vertex   1.481557e+02 -1.463031e+02 2.085000e+01
      vertex   1.485700e+02 -1.473031e+02 1.985000e+01
      vertex   1.520765e+02 -1.423824e+02 2.085000e+01
    endloop
  endfacet
  facet normal 5.000000e-01 -5.000000e-01 7.071068e-01
    outer loop
      vertex   1.520765e+02 -1.423824e+02 2.085000e+01
      vertex   1.485700e+02 -1.473031e+02 1.985000e+01
      vertex   1.528807e+02 -1.429923e+02 1.985000e+01
    endloop
  endfacet
  facet normal 0.000000e+00 -7.071068e-01 7.071068e-01
    outer loop
      vertex   1.410160e+02 -1.463031e+02 2.085000e+01
      vertex   1.407505e+02 -1.473031e+02 1.985000e+01
      vertex   1.481557e+02 -1.463031e+02 2.085000e+01
    endloop
  endfacet
  facet normal 0.000000e+00 -7.071068e-01 7.071068e-01
    outer loop
      vertex   1.481557e+02 -1.463031e+02 2.085000e+01
      vertex   1.407505e+02 -1.473031e+02 1.985000e+01
      vertex   1.485700e+02 -1.473031e+02 1.985000e+01
    endloop
  endfacet
  facet normal -3.508232e-01 -6.139406e-01 7.071068e-01
    outer loop
      vertex   1.243473e+02 -1.367781e+02 2.085000e+01
      vertex   1.240817e+02 -1.377781e+02 1.985000e+01
      vertex   1.410160e+02 -1.463031e+02 2.085000e+01
    endloop
  endfacet
  facet normal -3.508232e-01 -6.139406e-01 7.071068e-01
    outer loop
      vertex   1.410160e+02 -1.463031e+02 2.085000e+01
      vertex   1.240817e+02 -1.377781e+02 1.985000e+01
      vertex   1.407505e+02 -1.473031e+02 1.985000e+01
    endloop
  endfacet
  facet normal 0.000000e+00 -7.071068e-01 7.071068e-01
    outer loop
      vertex   1.243473e+02 -1.367781e+02 2.085000e+01
      vertex   1.193157e+02 -1.367781e+02 2.085000e+01
      vertex   1.240817e+02 -1.377781e+02 1.985000e+01
    endloop
  endfacet
  facet normal 0.000000e+00 -7.071068e-01 7.071068e-01
    outer loop
      vertex   1.240817e+02 -1.377781e+02 1.985000e+01
      vertex   1.193157e+02 -1.367781e+02 2.085000e+01
      vertex   1.191818e+02 -1.377781e+02 1.985000e+01
    endloop
  endfacet
  facet normal -1.860521e-01 -6.821910e-01 7.071068e-01
    outer loop
      vertex   1.062188e+02 -1.332063e+02 2.085000e+01
      vertex   1.060849e+02 -1.342063e+02 1.985000e+01
      vertex   1.193157e+02 -1.367781e+02 2.085000e+01
    endloop
  endfacet
  facet normal -1.860521e-01 -6.821910e-01 7.071068e-01
    outer loop
      vertex   1.193157e+02 -1.367781e+02 2.085000e+01
      vertex   1.060849e+02 -1.342063e+02 1.985000e+01
      vertex   1.191818e+02 -1.377781e+02 1.985000e+01
    endloop
  endfacet
  facet normal 0.000000e+00 -7.071068e-01 7.071068e-01
    outer loop
      vertex   1.062188e+02 -1.332063e+02 2.085000e+01
      vertex   8.639738e+01 -1.332063e+02 2.085000e+01
      vertex   1.060849e+02 -1.342063e+02 1.985000e+01
    endloop
  endfacet
  facet normal 0.000000e+00 -7.071068e-01 7.071068e-01
    outer loop
      vertex   1.060849e+02 -1.342063e+02 1.985000e+01
      vertex   8.639738e+01 -1.332063e+02 2.085000e+01
      vertex   8.598317e+01 -1.342063e+02 1.985000e+01
    endloop
  endfacet
  facet normal -5.000000e-01 -5.000000e-01 7.071068e-01
    outer loop
      vertex   8.639738e+01 -1.332063e+02 2.085000e+01
      vertex   8.110625e+01 -1.279151e+02 2.085000e+01
      vertex   8.598317e+01 -1.342063e+02 1.985000e+01
    endloop
  endfacet
  facet normal -5.000000e-01 -5.000000e-01 7.071068e-01
    outer loop
      vertex   8.598317e+01 -1.342063e+02 1.985000e+01
      vertex   8.110625e+01 -1.279151e+02 2.085000e+01
      vertex   8.010625e+01 -1.283293e+02 1.985000e+01
    endloop
  endfacet
  facet normal -7.071068e-01 0.000000e+00 7.071068e-01
    outer loop
      vertex   8.010625e+01 -1.283293e+02 1.985000e+01
      vertex   8.110625e+01 -1.279151e+02 2.085000e+01
      vertex   8.010625e+01 -1.192281e+02 1.985000e+01
    endloop
  endfacet
  facet normal -7.071068e-01 -3.504446e-30 7.071068e-01
    outer loop
      vertex   8.010625e+01 -1.192281e+02 1.985000e+01
      vertex   8.110625e+01 -1.279151e+02 2.085000e+01
      vertex   8.110625e+01 -1.177281e+02 2.085000e+01
    endloop
  endfacet
  facet normal -7.071068e-01 -3.825057e-13 7.071068e-01
    outer loop
      vertex   8.010625e+01 -1.192281e+02 1.985000e+01
      vertex   8.110625e+01 -1.177281e+02 2.085000e+01
      vertex   8.010384e+01 -1.191791e+02 1.984759e+01
    endloop
  endfacet
  facet normal -7.071068e-01 1.287420e-13 7.071068e-01
    outer loop
      vertex   8.010384e+01 -1.191791e+02 1.984759e+01
      vertex   8.110625e+01 -1.177281e+02 2.085000e+01
      vertex   8.009664e+01 -1.191306e+02 1.984039e+01
    endloop
  endfacet
  facet normal -7.071068e-01 7.932936e-18 7.071068e-01
    outer loop
      vertex   8.009664e+01 -1.191306e+02 1.984039e+01
      vertex   8.110625e+01 -1.177281e+02 2.085000e+01
      vertex   8.008472e+01 -1.190830e+02 1.982847e+01
    endloop
  endfacet
  facet normal -7.071068e-01 7.375320e-14 7.071068e-01
    outer loop
      vertex   8.008472e+01 -1.190830e+02 1.982847e+01
      vertex   8.110625e+01 -1.177281e+02 2.085000e+01
      vertex   8.006819e+01 -1.190368e+02 1.981194e+01
    endloop
  endfacet
  facet normal -7.071068e-01 -3.691035e-14 7.071068e-01
    outer loop
      vertex   8.006819e+01 -1.190368e+02 1.981194e+01
      vertex   8.110625e+01 -1.177281e+02 2.085000e+01
      vertex   8.004721e+01 -1.189924e+02 1.979096e+01
    endloop
  endfacet
  facet normal -7.071068e-01 6.874564e-14 7.071068e-01
    outer loop
      vertex   8.004721e+01 -1.189924e+02 1.979096e+01
      vertex   8.110625e+01 -1.177281e+02 2.085000e+01
      vertex   8.002198e+01 -1.189503e+02 1.976573e+01
    endloop
  endfacet
  facet normal -7.071068e-01 -7.221574e-14 7.071068e-01
    outer loop
      vertex   8.002198e+01 -1.189503e+02 1.976573e+01
      vertex   8.110625e+01 -1.177281e+02 2.085000e+01
      vertex   7.999276e+01 -1.189109e+02 1.973651e+01
    endloop
  endfacet
  facet normal -7.071068e-01 6.935137e-14 7.071068e-01
    outer loop
      vertex   7.999276e+01 -1.189109e+02 1.973651e+01
      vertex   8.110625e+01 -1.177281e+02 2.085000e+01
      vertex   7.995980e+01 -1.188746e+02 1.970355e+01
    endloop
  endfacet
  facet normal 0.000000e+00 -7.071068e-01 7.071068e-01
    outer loop
      vertex   7.884307e+01 -1.177281e+02 2.085000e+01
      vertex   7.965526e+01 -1.187305e+02 1.984759e+01
      vertex   8.110625e+01 -1.177281e+02 2.085000e+01
    endloop
  endfacet
  facet normal -8.447472e-14 -7.071068e-01 7.071068e-01
    outer loop
      vertex   8.110625e+01 -1.177281e+02 2.085000e+01
      vertex   7.965526e+01 -1.187305e+02 1.984759e+01
      vertex   7.970380e+01 -1.187377e+02 1.984039e+01
    endloop
  endfacet
  facet normal -3.819136e-14 -7.071068e-01 7.071068e-01
    outer loop
      vertex   8.110625e+01 -1.177281e+02 2.085000e+01
      vertex   7.970380e+01 -1.187377e+02 1.984039e+01
      vertex   7.975139e+01 -1.187497e+02 1.982847e+01
    endloop
  endfacet
  facet normal 0.000000e+00 -7.071068e-01 7.071068e-01
    outer loop
      vertex   7.854029e+01 -1.187281e+02 1.985000e+01
      vertex   7.960625e+01 -1.187281e+02 1.985000e+01
      vertex   7.884307e+01 -1.177281e+02 2.085000e+01
    endloop
  endfacet
  facet normal 2.135372e-13 -7.071068e-01 7.071068e-01
    outer loop
      vertex   7.884307e+01 -1.177281e+02 2.085000e+01
      vertex   7.960625e+01 -1.187281e+02 1.985000e+01
      vertex   7.965526e+01 -1.187305e+02 1.984759e+01
    endloop
  endfacet
  facet normal 7.493196e-14 -7.071068e-01 7.071068e-01
    outer loop
      vertex   7.975139e+01 -1.187497e+02 1.982847e+01
      vertex   7.979759e+01 -1.187662e+02 1.981194e+01
      vertex   8.110625e+01 -1.177281e+02 2.085000e+01
    endloop
  endfacet
  facet normal 3.624040e-14 -7.071068e-01 7.071068e-01
    outer loop
      vertex   8.110625e+01 -1.177281e+02 2.085000e+01
      vertex   7.979759e+01 -1.187662e+02 1.981194e+01
      vertex   7.984195e+01 -1.187872e+02 1.979096e+01
    endloop
  endfacet
  facet normal -1.400496e-13 -7.071068e-01 7.071068e-01
    outer loop
      vertex   8.110625e+01 -1.177281e+02 2.085000e+01
      vertex   7.984195e+01 -1.187872e+02 1.979096e+01
      vertex   7.988404e+01 -1.188124e+02 1.976573e+01
    endloop
  endfacet
  facet normal 1.763851e-13 -7.071068e-01 7.071068e-01
    outer loop
      vertex   7.988404e+01 -1.188124e+02 1.976573e+01
      vertex   7.992345e+01 -1.188416e+02 1.973651e+01
      vertex   8.110625e+01 -1.177281e+02 2.085000e+01
    endloop
  endfacet
  facet normal 3.239110e-14 -7.071068e-01 7.071068e-01
    outer loop
      vertex   8.110625e+01 -1.177281e+02 2.085000e+01
      vertex   7.992345e+01 -1.188416e+02 1.973651e+01
      vertex   7.995980e+01 -1.188746e+02 1.970355e+01
    endloop
  endfacet
  facet normal -3.922323e-01 -5.883484e-01 7.071068e-01
    outer loop
      vertex   7.527120e+01 -1.153469e+02 2.085000e+01
      vertex   7.496842e+01 -1.163469e+02 1.985000e+01
      vertex   7.884307e+01 -1.177281e+02 2.085000e+01
    endloop
  endfacet
  facet normal -3.922323e-01 -5.883484e-01 7.071068e-01
    outer loop
      vertex   7.884307e+01 -1.177281e+02 2.085000e+01
      vertex   7.496842e+01 -1.163469e+02 1.985000e+01
      vertex   7.854029e+01 -1.187281e+02 1.985000e+01
    endloop
  endfacet
  facet normal 0.000000e+00 -7.071068e-01 7.071068e-01
    outer loop
      vertex   7.076512e+01 -1.153469e+02 2.085000e+01
      vertex   7.117933e+01 -1.163469e+02 1.985000e+01
      vertex   7.527120e+01 -1.153469e+02 2.085000e+01
    endloop
  endfacet
  facet normal -9.421735e-30 -7.071068e-01 7.071068e-01
    outer loop
      vertex   7.527120e+01 -1.153469e+02 2.085000e+01
      vertex   7.117933e+01 -1.163469e+02 1.985000e+01
      vertex   7.496842e+01 -1.163469e+02 1.985000e+01
    endloop
  endfacet
  facet normal 5.000000e-01 -5.000000e-01 7.071068e-01
    outer loop
      vertex   6.838387e+01 -1.177281e+02 2.085000e+01
      vertex   6.879808e+01 -1.187281e+02 1.985000e+01
      vertex   7.076512e+01 -1.153469e+02 2.085000e+01
    endloop
  endfacet
  facet normal 5.000000e-01 -5.000000e-01 7.071068e-01
    outer loop
      vertex   7.076512e+01 -1.153469e+02 2.085000e+01
      vertex   6.879808e+01 -1.187281e+02 1.985000e+01
      vertex   7.117933e+01 -1.163469e+02 1.985000e+01
    endloop
  endfacet
  facet normal 0.000000e+00 -7.071068e-01 7.071068e-01
    outer loop
      vertex   6.838387e+01 -1.177281e+02 2.085000e+01
      vertex   2.924738e+01 -1.177281e+02 2.085000e+01
      vertex   6.879808e+01 -1.187281e+02 1.985000e+01
    endloop
  endfacet
  facet normal 0.000000e+00 -7.071068e-01 7.071068e-01
    outer loop
      vertex   6.879808e+01 -1.187281e+02 1.985000e+01
      vertex   2.924738e+01 -1.177281e+02 2.085000e+01
      vertex   2.883317e+01 -1.187281e+02 1.985000e+01
    endloop
  endfacet
  facet normal -5.000000e-01 -5.000000e-01 7.071068e-01
    outer loop
      vertex   2.924738e+01 -1.177281e+02 2.085000e+01
      vertex   2.157500e+01 -1.100557e+02 2.085000e+01
      vertex   2.883317e+01 -1.187281e+02 1.985000e+01
    endloop
  endfacet
  facet normal -5.000000e-01 -5.000000e-01 7.071068e-01
    outer loop
      vertex   2.883317e+01 -1.187281e+02 1.985000e+01
      vertex   2.157500e+01 -1.100557e+02 2.085000e+01
      vertex   2.057500e+01 -1.104700e+02 1.985000e+01
    endloop
  endfacet
  facet normal -7.071068e-01 0.000000e+00 7.071068e-01
    outer loop
      vertex   2.157500e+01 -1.100557e+02 2.085000e+01
      vertex   2.157500e+01 -2.924738e+01 2.085000e+01
      vertex   2.057500e+01 -1.104700e+02 1.985000e+01
    endloop
  endfacet
  facet normal -7.071068e-01 0.000000e+00 7.071068e-01
    outer loop
      vertex   2.057500e+01 -1.104700e+02 1.985000e+01
      vertex   2.157500e+01 -2.924738e+01 2.085000e+01
      vertex   2.057500e+01 -2.883317e+01 1.985000e+01
    endloop
  endfacet
  facet normal -5.000000e-01 5.000000e-01 7.071068e-01
    outer loop
      vertex   2.924738e+01 -2.157500e+01 2.085000e+01
      vertex   2.883317e+01 -2.057500e+01 1.985000e+01
      vertex   2.157500e+01 -2.924738e+01 2.085000e+01
    endloop
  endfacet
  facet normal -5.000000e-01 5.000000e-01 7.071068e-01
    outer loop
      vertex   2.157500e+01 -2.924738e+01 2.085000e+01
      vertex   2.883317e+01 -2.057500e+01 1.985000e+01
      vertex   2.057500e+01 -2.883317e+01 1.985000e+01
    endloop
  endfacet
  facet normal 0.000000e+00 7.071068e-01 7.071068e-01
    outer loop
      vertex   6.377551e+01 -2.157500e+01 2.085000e+01
      vertex   6.336129e+01 -2.057500e+01 1.985000e+01
      vertex   2.924738e+01 -2.157500e+01 2.085000e+01
    endloop
  endfacet
  facet normal 0.000000e+00 7.071068e-01 7.071068e-01
    outer loop
      vertex   2.924738e+01 -2.157500e+01 2.085000e+01
      vertex   6.336129e+01 -2.057500e+01 1.985000e+01
      vertex   2.883317e+01 -2.057500e+01 1.985000e+01
    endloop
  endfacet
  facet normal -5.000000e-01 5.000000e-01 7.071068e-01
    outer loop
      vertex   6.496613e+01 -2.038438e+01 2.085000e+01
      vertex   6.455192e+01 -1.938437e+01 1.985000e+01
      vertex   6.377551e+01 -2.157500e+01 2.085000e+01
    endloop
  endfacet
  facet normal -5.000000e-01 5.000000e-01 7.071068e-01
    outer loop
      vertex   6.377551e+01 -2.157500e+01 2.085000e+01
      vertex   6.455192e+01 -1.938437e+01 1.985000e+01
      vertex   6.336129e+01 -2.057500e+01 1.985000e+01
    endloop
  endfacet
  facet normal 0.000000e+00 7.071068e-01 7.071068e-01
    outer loop
      vertex   7.330051e+01 -2.038438e+01 2.085000e+01
      vertex   7.288629e+01 -1.938437e+01 1.985000e+01
      vertex   6.496613e+01 -2.038438e+01 2.085000e+01
    endloop
  endfacet
  facet normal -1.070859e-30 7.071068e-01 7.071068e-01
    outer loop
      vertex   6.496613e+01 -2.038438e+01 2.085000e+01
      vertex   7.288629e+01 -1.938437e+01 1.985000e+01
      vertex   6.455192e+01 -1.938437e+01 1.985000e+01
    endloop
  endfacet
  facet normal -5.000000e-01 5.000000e-01 7.071068e-01
    outer loop
      vertex   7.568176e+01 -1.800313e+01 2.085000e+01
      vertex   7.526754e+01 -1.700313e+01 1.985000e+01
      vertex   7.330051e+01 -2.038438e+01 2.085000e+01
    endloop
  endfacet
  facet normal -5.000000e-01 5.000000e-01 7.071068e-01
    outer loop
      vertex   7.330051e+01 -2.038438e+01 2.085000e+01
      vertex   7.526754e+01 -1.700313e+01 1.985000e+01
      vertex   7.288629e+01 -1.938437e+01 1.985000e+01
    endloop
  endfacet
  facet normal -0.000000e+00 7.071068e-01 7.071068e-01
    outer loop
      vertex   7.568176e+01 -1.800313e+01 2.085000e+01
      vertex   1.112464e+02 -1.800313e+01 2.085000e+01
      vertex   7.526754e+01 -1.700313e+01 1.985000e+01
    endloop
  endfacet
  facet normal -0.000000e+00 7.071068e-01 7.071068e-01
    outer loop
      vertex   7.526754e+01 -1.700313e+01 1.985000e+01
      vertex   1.112464e+02 -1.800313e+01 2.085000e+01
      vertex   1.116606e+02 -1.700313e+01 1.985000e+01
    endloop
  endfacet
  facet normal 5.000000e-01 5.000000e-01 7.071068e-01
    outer loop
      vertex   1.112464e+02 -1.800313e+01 2.085000e+01
      vertex   1.124370e+02 -1.919375e+01 2.085000e+01
      vertex   1.116606e+02 -1.700313e+01 1.985000e+01
    endloop
  endfacet
  facet normal 5.000000e-01 5.000000e-01 7.071068e-01
    outer loop
      vertex   1.116606e+02 -1.700313e+01 1.985000e+01
      vertex   1.124370e+02 -1.919375e+01 2.085000e+01
      vertex   1.128512e+02 -1.819375e+01 1.985000e+01
    endloop
  endfacet
  facet normal -0.000000e+00 7.071068e-01 7.071068e-01
    outer loop
      vertex   1.124370e+02 -1.919375e+01 2.085000e+01
      vertex   1.338682e+02 -1.919375e+01 2.085000e+01
      vertex   1.128512e+02 -1.819375e+01 1.985000e+01
    endloop
  endfacet
  facet normal -0.000000e+00 7.071068e-01 7.071068e-01
    outer loop
      vertex   1.128512e+02 -1.819375e+01 1.985000e+01
      vertex   1.338682e+02 -1.919375e+01 2.085000e+01
      vertex   1.342825e+02 -1.819375e+01 1.985000e+01
    endloop
  endfacet
  facet normal 5.000000e-01 5.000000e-01 7.071068e-01
    outer loop
      vertex   1.338682e+02 -1.919375e+01 2.085000e+01
      vertex   1.362495e+02 -2.157500e+01 2.085000e+01
      vertex   1.342825e+02 -1.819375e+01 1.985000e+01
    endloop
  endfacet
  facet normal 5.000000e-01 5.000000e-01 7.071068e-01
    outer loop
      vertex   1.342825e+02 -1.819375e+01 1.985000e+01
      vertex   1.362495e+02 -2.157500e+01 2.085000e+01
      vertex   1.366637e+02 -2.057500e+01 1.985000e+01
    endloop
  endfacet
  facet normal -0.000000e+00 7.071068e-01 7.071068e-01
    outer loop
      vertex   1.362495e+02 -2.157500e+01 2.085000e+01
      vertex   1.455705e+02 -2.157500e+01 2.085000e+01
      vertex   1.366637e+02 -2.057500e+01 1.985000e+01
    endloop
  endfacet
  facet normal -0.000000e+00 7.071068e-01 7.071068e-01
    outer loop
      vertex   1.366637e+02 -2.057500e+01 1.985000e+01
      vertex   1.455705e+02 -2.157500e+01 2.085000e+01
      vertex   1.465705e+02 -2.057500e+01 1.985000e+01
    endloop
  endfacet
  facet normal 7.071068e-01 -0.000000e+00 7.071068e-01
    outer loop
      vertex   1.455705e+02 -2.737500e+01 2.085000e+01
      vertex   1.465705e+02 -2.837500e+01 1.985000e+01
      vertex   1.455705e+02 -2.157500e+01 2.085000e+01
    endloop
  endfacet
  facet normal 7.071068e-01 0.000000e+00 7.071068e-01
    outer loop
      vertex   1.455705e+02 -2.157500e+01 2.085000e+01
      vertex   1.465705e+02 -2.837500e+01 1.985000e+01
      vertex   1.465705e+02 -2.057500e+01 1.985000e+01
    endloop
  endfacet
  facet normal 4.997225e-01 8.661856e-01 0.000000e+00
    outer loop
      vertex   1.662010e+02 -8.977236e+01 1.985000e+01
      vertex   1.676115e+02 -9.058611e+01 1.985000e+01
      vertex   1.662010e+02 -8.977236e+01 6.850000e+00
    endloop
  endfacet
  facet normal 4.997225e-01 8.661856e-01 -1.832910e-18
    outer loop
      vertex   1.662010e+02 -8.977236e+01 6.850000e+00
      vertex   1.676115e+02 -9.058611e+01 1.985000e+01
      vertex   1.676115e+02 -9.058611e+01 6.850000e+00
    endloop
  endfacet
  facet normal 9.999969e-01 -2.481040e-03 0.000000e+00
    outer loop
      vertex   1.676115e+02 -9.058611e+01 1.985000e+01
      vertex   1.675315e+02 -1.228223e+02 1.985000e+01
      vertex   1.676115e+02 -9.058611e+01 6.850000e+00
    endloop
  endfacet
  facet normal 9.999969e-01 -2.481040e-03 -4.850294e-19
    outer loop
      vertex   1.676115e+02 -9.058611e+01 6.850000e+00
      vertex   1.675315e+02 -1.228223e+02 1.985000e+01
      vertex   1.675315e+02 -1.228223e+02 6.850000e+00
    endloop
  endfacet
  facet normal 4.472136e-01 -8.944272e-01 0.000000e+00
    outer loop
      vertex   1.675315e+02 -1.228223e+02 1.985000e+01
      vertex   1.629331e+02 -1.251215e+02 1.985000e+01
      vertex   1.675315e+02 -1.228223e+02 6.850000e+00
    endloop
  endfacet
  facet normal 4.472136e-01 -8.944272e-01 4.302824e-18
    outer loop
      vertex   1.675315e+02 -1.228223e+02 6.850000e+00
      vertex   1.629331e+02 -1.251215e+02 1.985000e+01
      vertex   1.629331e+02 -1.251215e+02 6.850000e+00
    endloop
  endfacet
  facet normal 8.715755e-01 -4.902612e-01 0.000000e+00
    outer loop
      vertex   1.629331e+02 -1.251215e+02 1.985000e+01
      vertex   1.528807e+02 -1.429923e+02 1.985000e+01
      vertex   1.629331e+02 -1.251215e+02 6.850000e+00
    endloop
  endfacet
  facet normal 8.715755e-01 -4.902612e-01 5.142635e-17
    outer loop
      vertex   1.629331e+02 -1.251215e+02 6.850000e+00
      vertex   1.528807e+02 -1.429923e+02 1.985000e+01
      vertex   1.528807e+02 -1.429923e+02 6.850000e+00
    endloop
  endfacet
  facet normal 7.071068e-01 -7.071068e-01 0.000000e+00
    outer loop
      vertex   1.528807e+02 -1.429923e+02 1.985000e+01
      vertex   1.485700e+02 -1.473031e+02 1.985000e+01
      vertex   1.528807e+02 -1.429923e+02 6.850000e+00
    endloop
  endfacet
  facet normal 7.071068e-01 -7.071068e-01 1.159772e-17
    outer loop
      vertex   1.528807e+02 -1.429923e+02 6.850000e+00
      vertex   1.485700e+02 -1.473031e+02 1.985000e+01
      vertex   1.485700e+02 -1.473031e+02 6.850000e+00
    endloop
  endfacet
  facet normal -0.000000e+00 -1.000000e+00 -0.000000e+00
    outer loop
      vertex   1.485700e+02 -1.473031e+02 1.985000e+01
      vertex   1.407505e+02 -1.473031e+02 1.985000e+01
      vertex   1.485700e+02 -1.473031e+02 6.850000e+00
    endloop
  endfacet
  facet normal 0.000000e+00 -1.000000e+00 0.000000e+00
    outer loop
      vertex   1.485700e+02 -1.473031e+02 6.850000e+00
      vertex   1.407505e+02 -1.473031e+02 1.985000e+01
      vertex   1.407505e+02 -1.473031e+02 6.850000e+00
    endloop
  endfacet
  facet normal -4.961389e-01 -8.682431e-01 -0.000000e+00
    outer loop
      vertex   1.407505e+02 -1.473031e+02 1.985000e+01
      vertex   1.240817e+02 -1.377781e+02 1.985000e+01
      vertex   1.407505e+02 -1.473031e+02 6.850000e+00
    endloop
  endfacet
  facet normal -4.961389e-01 -8.682431e-01 -3.231328e-17
    outer loop
      vertex   1.407505e+02 -1.473031e+02 6.850000e+00
      vertex   1.240817e+02 -1.377781e+02 1.985000e+01
      vertex   1.240817e+02 -1.377781e+02 6.850000e+00
    endloop
  endfacet
  facet normal -0.000000e+00 -1.000000e+00 -0.000000e+00
    outer loop
      vertex   1.240817e+02 -1.377781e+02 1.985000e+01
      vertex   1.191818e+02 -1.377781e+02 1.985000e+01
      vertex   1.240817e+02 -1.377781e+02 6.850000e+00
    endloop
  endfacet
  facet normal 0.000000e+00 -1.000000e+00 0.000000e+00
    outer loop
      vertex   1.240817e+02 -1.377781e+02 6.850000e+00
      vertex   1.191818e+02 -1.377781e+02 1.985000e+01
      vertex   1.191818e+02 -1.377781e+02 6.850000e+00
    endloop
  endfacet
  facet normal -2.631174e-01 -9.647638e-01 -0.000000e+00
    outer loop
      vertex   1.191818e+02 -1.377781e+02 1.985000e+01
      vertex   1.060849e+02 -1.342063e+02 1.985000e+01
      vertex   1.191818e+02 -1.377781e+02 6.850000e+00
    endloop
  endfacet
  facet normal -2.631174e-01 -9.647638e-01 1.323628e-17
    outer loop
      vertex   1.191818e+02 -1.377781e+02 6.850000e+00
      vertex   1.060849e+02 -1.342063e+02 1.985000e+01
      vertex   1.060849e+02 -1.342063e+02 6.850000e+00
    endloop
  endfacet
  facet normal -0.000000e+00 -1.000000e+00 -0.000000e+00
    outer loop
      vertex   1.060849e+02 -1.342063e+02 1.985000e+01
      vertex   8.598317e+01 -1.342063e+02 1.985000e+01
      vertex   1.060849e+02 -1.342063e+02 6.850000e+00
    endloop
  endfacet
  facet normal 0.000000e+00 -1.000000e+00 0.000000e+00
    outer loop
      vertex   1.060849e+02 -1.342063e+02 6.850000e+00
      vertex   8.598317e+01 -1.342063e+02 1.985000e+01
      vertex   8.598317e+01 -1.342063e+02 6.850000e+00
    endloop
  endfacet
  facet normal -7.071068e-01 -7.071068e-01 -0.000000e+00
    outer loop
      vertex   8.598317e+01 -1.342063e+02 1.985000e+01
      vertex   8.010625e+01 -1.283293e+02 1.985000e+01
      vertex   8.598317e+01 -1.342063e+02 6.850000e+00
    endloop
  endfacet
  facet normal -7.071068e-01 -7.071068e-01 -8.860010e-18
    outer loop
      vertex   8.598317e+01 -1.342063e+02 6.850000e+00
      vertex   8.010625e+01 -1.283293e+02 1.985000e+01
      vertex   8.010625e+01 -1.283293e+02 6.850000e+00
    endloop
  endfacet
  facet normal -0.000000e+00 -1.000000e+00 -0.000000e+00
    outer loop
      vertex   7.960625e+01 -1.187281e+02 1.985000e+01
      vertex   7.854029e+01 -1.187281e+02 1.985000e+01
      vertex   7.960625e+01 -1.187281e+02 6.850000e+00
    endloop
  endfacet
  facet normal 0.000000e+00 -1.000000e+00 0.000000e+00
    outer loop
      vertex   7.960625e+01 -1.187281e+02 6.850000e+00
      vertex   7.854029e+01 -1.187281e+02 1.985000e+01
      vertex   7.854029e+01 -1.187281e+02 6.850000e+00
    endloop
  endfacet
  facet normal -5.547002e-01 -8.320503e-01 -0.000000e+00
    outer loop
      vertex   7.854029e+01 -1.187281e+02 1.985000e+01
      vertex   7.496842e+01 -1.163469e+02 1.985000e+01
      vertex   7.854029e+01 -1.187281e+02 6.850000e+00
    endloop
  endfacet
  facet normal -5.547002e-01 -8.320503e-01 -1.177720e-17
    outer loop
      vertex   7.854029e+01 -1.187281e+02 6.850000e+00
      vertex   7.496842e+01 -1.163469e+02 1.985000e+01
      vertex   7.496842e+01 -1.163469e+02 6.850000e+00
    endloop
  endfacet
  facet normal -0.000000e+00 -1.000000e+00 -0.000000e+00
    outer loop
      vertex   7.496842e+01 -1.163469e+02 1.985000e+01
      vertex   7.117933e+01 -1.163469e+02 1.985000e+01
      vertex   7.496842e+01 -1.163469e+02 6.850000e+00
    endloop
  endfacet
  facet normal 0.000000e+00 -1.000000e+00 0.000000e+00
    outer loop
      vertex   7.496842e+01 -1.163469e+02 6.850000e+00
      vertex   7.117933e+01 -1.163469e+02 1.985000e+01
      vertex   7.117933e+01 -1.163469e+02 6.850000e+00
    endloop
  endfacet
  facet normal 7.071068e-01 -7.071068e-01 0.000000e+00
    outer loop
      vertex   7.117933e+01 -1.163469e+02 1.985000e+01
      vertex   6.879808e+01 -1.187281e+02 1.985000e+01
      vertex   7.117933e+01 -1.163469e+02 6.850000e+00
    endloop
  endfacet
  facet normal 7.071068e-01 -7.071068e-01 5.274851e-18
    outer loop
      vertex   7.117933e+01 -1.163469e+02 6.850000e+00
      vertex   6.879808e+01 -1.187281e+02 1.985000e+01
      vertex   6.879808e+01 -1.187281e+02 6.850000e+00
    endloop
  endfacet
  facet normal -0.000000e+00 -1.000000e+00 -0.000000e+00
    outer loop
      vertex   6.879808e+01 -1.187281e+02 1.985000e+01
      vertex   2.883317e+01 -1.187281e+02 1.985000e+01
      vertex   6.879808e+01 -1.187281e+02 6.850000e+00
    endloop
  endfacet
  facet normal 0.000000e+00 -1.000000e+00 0.000000e+00
    outer loop
      vertex   6.879808e+01 -1.187281e+02 6.850000e+00
      vertex   2.883317e+01 -1.187281e+02 1.985000e+01
      vertex   2.883317e+01 -1.187281e+02 6.850000e+00
    endloop
  endfacet
  facet normal -7.071068e-01 -7.071068e-01 -0.000000e+00
    outer loop
      vertex   2.883317e+01 -1.187281e+02 1.985000e+01
      vertex   2.057500e+01 -1.104700e+02 1.985000e+01
      vertex   2.883317e+01 -1.187281e+02 6.850000e+00
    endloop
  endfacet
  facet normal -7.071068e-01 -7.071068e-01 2.615377e-17
    outer loop
      vertex   2.883317e+01 -1.187281e+02 6.850000e+00
      vertex   2.057500e+01 -1.104700e+02 1.985000e+01
      vertex   2.057500e+01 -1.104700e+02 6.850000e+00
    endloop
  endfacet
  facet normal -1.000000e+00 0.000000e+00 0.000000e+00
    outer loop
      vertex   2.057500e+01 -1.104700e+02 1.985000e+01
      vertex   2.057500e+01 -2.883317e+01 1.985000e+01
      vertex   2.057500e+01 -1.104700e+02 6.850000e+00
    endloop
  endfacet
  facet normal -1.000000e+00 0.000000e+00 0.000000e+00
    outer loop
      vertex   2.057500e+01 -1.104700e+02 6.850000e+00
      vertex   2.057500e+01 -2.883317e+01 1.985000e+01
      vertex   2.057500e+01 -2.883317e+01 6.850000e+00
    endloop
  endfacet
  facet normal -7.071068e-01 7.071068e-01 0.000000e+00
    outer loop
      vertex   2.057500e+01 -2.883317e+01 1.985000e+01
      vertex   2.883317e+01 -2.057500e+01 1.985000e+01
      vertex   2.057500e+01 -2.883317e+01 6.850000e+00
    endloop
  endfacet
  facet normal -7.071068e-01 7.071068e-01 -4.824871e-18
    outer loop
      vertex   2.057500e+01 -2.883317e+01 6.850000e+00
      vertex   2.883317e+01 -2.057500e+01 1.985000e+01
      vertex   2.883317e+01 -2.057500e+01 6.850000e+00
    endloop
  endfacet
  facet normal -0.000000e+00 1.000000e+00 0.000000e+00
    outer loop
      vertex   2.883317e+01 -2.057500e+01 1.985000e+01
      vertex   6.336129e+01 -2.057500e+01 1.985000e+01
      vertex   2.883317e+01 -2.057500e+01 6.850000e+00
    endloop
  endfacet
  facet normal 0.000000e+00 1.000000e+00 0.000000e+00
    outer loop
      vertex   2.883317e+01 -2.057500e+01 6.850000e+00
      vertex   6.336129e+01 -2.057500e+01 1.985000e+01
      vertex   6.336129e+01 -2.057500e+01 6.850000e+00
    endloop
  endfacet
  facet normal -7.071068e-01 7.071068e-01 0.000000e+00
    outer loop
      vertex   6.336129e+01 -2.057500e+01 1.985000e+01
      vertex   6.455192e+01 -1.938437e+01 1.985000e+01
      vertex   6.336129e+01 -2.057500e+01 6.850000e+00
    endloop
  endfacet
  facet normal -7.071068e-01 7.071068e-01 4.666215e-18
    outer loop
      vertex   6.336129e+01 -2.057500e+01 6.850000e+00
      vertex   6.455192e+01 -1.938437e+01 1.985000e+01
      vertex   6.455192e+01 -1.938437e+01 6.850000e+00
    endloop
  endfacet
  facet normal -0.000000e+00 1.000000e+00 0.000000e+00
    outer loop
      vertex   6.455192e+01 -1.938437e+01 1.985000e+01
      vertex   7.288629e+01 -1.938437e+01 1.985000e+01
      vertex   6.455192e+01 -1.938437e+01 6.850000e+00
    endloop
  endfacet
  facet normal 0.000000e+00 1.000000e+00 0.000000e+00
    outer loop
      vertex   6.455192e+01 -1.938437e+01 6.850000e+00
      vertex   7.288629e+01 -1.938437e+01 1.985000e+01
      vertex   7.288629e+01 -1.938437e+01 6.850000e+00
    endloop
  endfacet
  facet normal -7.071068e-01 7.071068e-01 0.000000e+00
    outer loop
      vertex   7.288629e+01 -1.938437e+01 1.985000e+01
      vertex   7.526754e+01 -1.700313e+01 1.985000e+01
      vertex   7.288629e+01 -1.938437e+01 6.850000e+00
    endloop
  endfacet
  facet normal -7.071068e-01 7.071068e-01 -8.419474e-18
    outer loop
      vertex   7.288629e+01 -1.938437e+01 6.850000e+00
      vertex   7.526754e+01 -1.700313e+01 1.985000e+01
      vertex   7.526754e+01 -1.700313e+01 6.850000e+00
    endloop
  endfacet
  facet normal -0.000000e+00 1.000000e+00 0.000000e+00
    outer loop
      vertex   7.526754e+01 -1.700313e+01 1.985000e+01
      vertex   1.116606e+02 -1.700313e+01 1.985000e+01
      vertex   7.526754e+01 -1.700313e+01 6.850000e+00
    endloop
  endfacet
  facet normal 0.000000e+00 1.000000e+00 0.000000e+00
    outer loop
      vertex   7.526754e+01 -1.700313e+01 6.850000e+00
      vertex   1.116606e+02 -1.700313e+01 1.985000e+01
      vertex   1.116606e+02 -1.700313e+01 6.850000e+00
    endloop
  endfacet
  facet normal 7.071068e-01 7.071068e-01 0.000000e+00
    outer loop
      vertex   1.116606e+02 -1.700313e+01 1.985000e+01
      vertex   1.128512e+02 -1.819375e+01 1.985000e+01
      vertex   1.116606e+02 -1.700313e+01 6.850000e+00
    endloop
  endfacet
  facet normal 7.071068e-01 7.071068e-01 -2.130228e-18
    outer loop
      vertex   1.116606e+02 -1.700313e+01 6.850000e+00
      vertex   1.128512e+02 -1.819375e+01 1.985000e+01
      vertex   1.128512e+02 -1.819375e+01 6.850000e+00
    endloop
  endfacet
  facet normal -0.000000e+00 1.000000e+00 0.000000e+00
    outer loop
      vertex   1.128512e+02 -1.819375e+01 1.985000e+01
      vertex   1.342825e+02 -1.819375e+01 1.985000e+01
      vertex   1.128512e+02 -1.819375e+01 6.850000e+00
    endloop
  endfacet
  facet normal 0.000000e+00 1.000000e+00 0.000000e+00
    outer loop
      vertex   1.128512e+02 -1.819375e+01 6.850000e+00
      vertex   1.342825e+02 -1.819375e+01 1.985000e+01
      vertex   1.342825e+02 -1.819375e+01 6.850000e+00
    endloop
  endfacet
  facet normal 7.071068e-01 7.071068e-01 0.000000e+00
    outer loop
      vertex   1.342825e+02 -1.819375e+01 1.985000e+01
      vertex   1.366637e+02 -2.057500e+01 1.985000e+01
      vertex   1.342825e+02 -1.819375e+01 6.850000e+00
    endloop
  endfacet
  facet normal 7.071068e-01 7.071068e-01 -2.028789e-19
    outer loop
      vertex   1.342825e+02 -1.819375e+01 6.850000e+00
      vertex   1.366637e+02 -2.057500e+01 1.985000e+01
      vertex   1.366637e+02 -2.057500e+01 6.850000e+00
    endloop
  endfacet
  facet normal -0.000000e+00 1.000000e+00 0.000000e+00
    outer loop
      vertex   1.366637e+02 -2.057500e+01 1.985000e+01
      vertex   1.465705e+02 -2.057500e+01 1.985000e+01
      vertex   1.366637e+02 -2.057500e+01 6.850000e+00
    endloop
  endfacet
  facet normal 0.000000e+00 1.000000e+00 0.000000e+00
    outer loop
      vertex   1.366637e+02 -2.057500e+01 6.850000e+00
      vertex   1.465705e+02 -2.057500e+01 1.985000e+01
      vertex   1.465705e+02 -2.057500e+01 6.850000e+00
    endloop
  endfacet
  facet normal -0.000000e+00 0.000000e+00 1.000000e+00
    outer loop
      vertex   1.314658e+02 -2.499375e+01 2.085000e+01
      vertex   1.338471e+02 -2.737500e+01 2.085000e+01
      vertex   1.362495e+02 -2.157500e+01 2.085000e+01
    endloop
  endfacet
  facet normal 0.000000e+00 0.000000e+00 1.000000e+00
    outer loop
      vertex   1.362495e+02 -2.157500e+01 2.085000e+01
      vertex   1.338471e+02 -2.737500e+01 2.085000e+01
      vertex   1.455705e+02 -2.737500e+01 2.085000e+01
    endloop
  endfacet
  facet normal -0.000000e+00 0.000000e+00 1.000000e+00
    outer loop
      vertex   1.362495e+02 -2.157500e+01 2.085000e+01
      vertex   1.455705e+02 -2.737500e+01 2.085000e+01
      vertex   1.455705e+02 -2.157500e+01 2.085000e+01
    endloop
  endfacet
  facet normal 0.000000e+00 0.000000e+00 1.000000e+00
    outer loop
      vertex   1.362495e+02 -2.157500e+01 2.085000e+01
      vertex   1.338682e+02 -1.919375e+01 2.085000e+01
      vertex   1.314658e+02 -2.499375e+01 2.085000e+01
    endloop
  endfacet
  facet normal 0.000000e+00 -0.000000e+00 1.000000e+00
    outer loop
      vertex   1.314658e+02 -2.499375e+01 2.085000e+01
      vertex   1.338682e+02 -1.919375e+01 2.085000e+01
      vertex   1.124370e+02 -1.919375e+01 2.085000e+01
    endloop
  endfacet
  facet normal 0.000000e+00 0.000000e+00 1.000000e+00
    outer loop
      vertex   1.314658e+02 -2.499375e+01 2.085000e+01
      vertex   1.124370e+02 -1.919375e+01 2.085000e+01
      vertex   1.100346e+02 -2.499375e+01 2.085000e+01
    endloop
  endfacet
  facet normal 0.000000e+00 -0.000000e+00 1.000000e+00
    outer loop
      vertex   1.100346e+02 -2.499375e+01 2.085000e+01
      vertex   1.124370e+02 -1.919375e+01 2.085000e+01
      vertex   1.088439e+02 -2.380313e+01 2.085000e+01
    endloop
  endfacet
  facet normal 0.000000e+00 0.000000e+00 1.000000e+00
    outer loop
      vertex   1.088439e+02 -2.380313e+01 2.085000e+01
      vertex   1.124370e+02 -1.919375e+01 2.085000e+01
      vertex   1.112464e+02 -1.800313e+01 2.085000e+01
    endloop
  endfacet
  facet normal 0.000000e+00 -0.000000e+00 1.000000e+00
    outer loop
      vertex   1.088439e+02 -2.380313e+01 2.085000e+01
      vertex   1.112464e+02 -1.800313e+01 2.085000e+01
      vertex   7.568176e+01 -1.800313e+01 2.085000e+01
    endloop
  endfacet
  facet normal 0.000000e+00 0.000000e+00 1.000000e+00
    outer loop
      vertex   1.088439e+02 -2.380313e+01 2.085000e+01
      vertex   7.568176e+01 -1.800313e+01 2.085000e+01
      vertex   7.808419e+01 -2.380313e+01 2.085000e+01
    endloop
  endfacet
  facet normal 0.000000e+00 0.000000e+00 1.000000e+00
    outer loop
      vertex   7.808419e+01 -2.380313e+01 2.085000e+01
      vertex   7.568176e+01 -1.800313e+01 2.085000e+01
      vertex   7.330051e+01 -2.038438e+01 2.085000e+01
    endloop
  endfacet
  facet normal 0.000000e+00 0.000000e+00 1.000000e+00
    outer loop
      vertex   7.808419e+01 -2.380313e+01 2.085000e+01
      vertex   7.330051e+01 -2.038438e+01 2.085000e+01
      vertex   7.570294e+01 -2.618438e+01 2.085000e+01
    endloop
  endfacet
  facet normal 0.000000e+00 0.000000e+00 1.000000e+00
    outer loop
      vertex   7.570294e+01 -2.618438e+01 2.085000e+01
      vertex   7.330051e+01 -2.038438e+01 2.085000e+01
      vertex   6.736857e+01 -2.618438e+01 2.085000e+01
    endloop
  endfacet
  facet normal 0.000000e+00 -0.000000e+00 1.000000e+00
    outer loop
      vertex   6.736857e+01 -2.618438e+01 2.085000e+01
      vertex   7.330051e+01 -2.038438e+01 2.085000e+01
      vertex   6.496613e+01 -2.038438e+01 2.085000e+01
    endloop
  endfacet
  facet normal 0.000000e+00 0.000000e+00 1.000000e+00
    outer loop
      vertex   6.736857e+01 -2.618438e+01 2.085000e+01
      vertex   6.496613e+01 -2.038438e+01 2.085000e+01
      vertex   6.377551e+01 -2.157500e+01 2.085000e+01
    endloop
  endfacet
  facet normal -0.000000e+00 0.000000e+00 1.000000e+00
    outer loop
      vertex   2.924738e+01 -2.157500e+01 2.085000e+01
      vertex   3.164982e+01 -2.737500e+01 2.085000e+01
      vertex   6.377551e+01 -2.157500e+01 2.085000e+01
    endloop
  endfacet
  facet normal 0.000000e+00 0.000000e+00 1.000000e+00
    outer loop
      vertex   6.377551e+01 -2.157500e+01 2.085000e+01
      vertex   3.164982e+01 -2.737500e+01 2.085000e+01
      vertex   6.617794e+01 -2.737500e+01 2.085000e+01
    endloop
  endfacet
  facet normal 0.000000e+00 0.000000e+00 1.000000e+00
    outer loop
      vertex   6.377551e+01 -2.157500e+01 2.085000e+01
      vertex   6.617794e+01 -2.737500e+01 2.085000e+01
      vertex   6.736857e+01 -2.618438e+01 2.085000e+01
    endloop
  endfacet
  facet normal 0.000000e+00 0.000000e+00 1.000000e+00
    outer loop
      vertex   2.924738e+01 -2.157500e+01 2.085000e+01
      vertex   2.157500e+01 -2.924738e+01 2.085000e+01
      vertex   3.164982e+01 -2.737500e+01 2.085000e+01
    endloop
  endfacet
  facet normal 0.000000e+00 0.000000e+00 1.000000e+00
    outer loop
      vertex   3.164982e+01 -2.737500e+01 2.085000e+01
      vertex   2.157500e+01 -2.924738e+01 2.085000e+01
      vertex   2.737500e+01 -3.164982e+01 2.085000e+01
    endloop
  endfacet
  facet normal 0.000000e+00 0.000000e+00 1.000000e+00
    outer loop
      vertex   2.737500e+01 -3.164982e+01 2.085000e+01
      vertex   2.157500e+01 -2.924738e+01 2.085000e+01
      vertex   2.157500e+01 -1.100557e+02 2.085000e+01
    endloop
  endfacet
  facet normal 0.000000e+00 0.000000e+00 1.000000e+00
    outer loop
      vertex   2.737500e+01 -3.164982e+01 2.085000e+01
      vertex   2.157500e+01 -1.100557e+02 2.085000e+01
      vertex   2.737500e+01 -1.076533e+02 2.085000e+01
    endloop
  endfacet
  facet normal 0.000000e+00 0.000000e+00 1.000000e+00
    outer loop
      vertex   2.737500e+01 -1.076533e+02 2.085000e+01
      vertex   2.157500e+01 -1.100557e+02 2.085000e+01
      vertex   3.164982e+01 -1.119281e+02 2.085000e+01
    endloop
  endfacet
  facet normal 0.000000e+00 0.000000e+00 1.000000e+00
    outer loop
      vertex   3.164982e+01 -1.119281e+02 2.085000e+01
      vertex   2.157500e+01 -1.100557e+02 2.085000e+01
      vertex   2.924738e+01 -1.177281e+02 2.085000e+01
    endloop
  endfacet
  facet normal 0.000000e+00 0.000000e+00 1.000000e+00
    outer loop
      vertex   3.164982e+01 -1.119281e+02 2.085000e+01
      vertex   2.924738e+01 -1.177281e+02 2.085000e+01
      vertex   6.838387e+01 -1.177281e+02 2.085000e+01
    endloop
  endfacet
  facet normal -0.000000e+00 0.000000e+00 1.000000e+00
    outer loop
      vertex   3.164982e+01 -1.119281e+02 2.085000e+01
      vertex   6.838387e+01 -1.177281e+02 2.085000e+01
      vertex   6.598143e+01 -1.119281e+02 2.085000e+01
    endloop
  endfacet
  facet normal 0.000000e+00 0.000000e+00 1.000000e+00
    outer loop
      vertex   6.598143e+01 -1.119281e+02 2.085000e+01
      vertex   6.838387e+01 -1.177281e+02 2.085000e+01
      vertex   7.076512e+01 -1.153469e+02 2.085000e+01
    endloop
  endfacet
  facet normal -0.000000e+00 0.000000e+00 1.000000e+00
    outer loop
      vertex   6.598143e+01 -1.119281e+02 2.085000e+01
      vertex   7.076512e+01 -1.153469e+02 2.085000e+01
      vertex   6.836268e+01 -1.095469e+02 2.085000e+01
    endloop
  endfacet
  facet normal -0.000000e+00 0.000000e+00 1.000000e+00
    outer loop
      vertex   6.836268e+01 -1.095469e+02 2.085000e+01
      vertex   7.076512e+01 -1.153469e+02 2.085000e+01
      vertex   7.702729e+01 -1.095469e+02 2.085000e+01
    endloop
  endfacet
  facet normal 0.000000e+00 0.000000e+00 1.000000e+00
    outer loop
      vertex   7.702729e+01 -1.095469e+02 2.085000e+01
      vertex   7.076512e+01 -1.153469e+02 2.085000e+01
      vertex   7.527120e+01 -1.153469e+02 2.085000e+01
    endloop
  endfacet
  facet normal 0.000000e+00 0.000000e+00 1.000000e+00
    outer loop
      vertex   7.702729e+01 -1.095469e+02 2.085000e+01
      vertex   7.527120e+01 -1.153469e+02 2.085000e+01
      vertex   8.059917e+01 -1.119281e+02 2.085000e+01
    endloop
  endfacet
  facet normal 0.000000e+00 0.000000e+00 1.000000e+00
    outer loop
      vertex   8.059917e+01 -1.119281e+02 2.085000e+01
      vertex   7.527120e+01 -1.153469e+02 2.085000e+01
      vertex   7.884307e+01 -1.177281e+02 2.085000e+01
    endloop
  endfacet
  facet normal 0.000000e+00 0.000000e+00 1.000000e+00
    outer loop
      vertex   8.059917e+01 -1.119281e+02 2.085000e+01
      vertex   7.884307e+01 -1.177281e+02 2.085000e+01
      vertex   8.110625e+01 -1.177281e+02 2.085000e+01
    endloop
  endfacet
  facet normal 0.000000e+00 0.000000e+00 1.000000e+00
    outer loop
      vertex   8.110625e+01 -1.279151e+02 2.085000e+01
      vertex   8.690625e+01 -1.255127e+02 2.085000e+01
      vertex   8.110625e+01 -1.177281e+02 2.085000e+01
    endloop
  endfacet
  facet normal -0.000000e+00 0.000000e+00 1.000000e+00
    outer loop
      vertex   8.110625e+01 -1.177281e+02 2.085000e+01
      vertex   8.690625e+01 -1.255127e+02 2.085000e+01
      vertex   8.690625e+01 -1.124158e+02 2.085000e+01
    endloop
  endfacet
  facet normal 0.000000e+00 0.000000e+00 1.000000e+00
    outer loop
      vertex   8.110625e+01 -1.177281e+02 2.085000e+01
      vertex   8.690625e+01 -1.124158e+02 2.085000e+01
      vertex   8.641857e+01 -1.119281e+02 2.085000e+01
    endloop
  endfacet
  facet normal 0.000000e+00 0.000000e+00 1.000000e+00
    outer loop
      vertex   8.690625e+01 -1.255127e+02 2.085000e+01
      vertex   8.110625e+01 -1.279151e+02 2.085000e+01
      vertex   8.879982e+01 -1.274063e+02 2.085000e+01
    endloop
  endfacet
  facet normal 0.000000e+00 0.000000e+00 1.000000e+00
    outer loop
      vertex   8.879982e+01 -1.274063e+02 2.085000e+01
      vertex   8.110625e+01 -1.279151e+02 2.085000e+01
      vertex   8.639738e+01 -1.332063e+02 2.085000e+01
    endloop
  endfacet
  facet normal 0.000000e+00 0.000000e+00 1.000000e+00
    outer loop
      vertex   8.879982e+01 -1.274063e+02 2.085000e+01
      vertex   8.639738e+01 -1.332063e+02 2.085000e+01
      vertex   1.062188e+02 -1.332063e+02 2.085000e+01
    endloop
  endfacet
  facet normal 0.000000e+00 -0.000000e+00 1.000000e+00
    outer loop
      vertex   1.193157e+02 -1.367781e+02 2.085000e+01
      vertex   1.200924e+02 -1.309781e+02 2.085000e+01
      vertex   1.062188e+02 -1.332063e+02 2.085000e+01
    endloop
  endfacet
  facet normal 0.000000e+00 0.000000e+00 1.000000e+00
    outer loop
      vertex   1.062188e+02 -1.332063e+02 2.085000e+01
      vertex   1.200924e+02 -1.309781e+02 2.085000e+01
      vertex   1.069955e+02 -1.274063e+02 2.085000e+01
    endloop
  endfacet
  facet normal 0.000000e+00 -0.000000e+00 1.000000e+00
    outer loop
      vertex   1.062188e+02 -1.332063e+02 2.085000e+01
      vertex   1.069955e+02 -1.274063e+02 2.085000e+01
      vertex   8.879982e+01 -1.274063e+02 2.085000e+01
    endloop
  endfacet
  facet normal 0.000000e+00 0.000000e+00 1.000000e+00
    outer loop
      vertex   1.193157e+02 -1.367781e+02 2.085000e+01
      vertex   1.243473e+02 -1.367781e+02 2.085000e+01
      vertex   1.200924e+02 -1.309781e+02 2.085000e+01
    endloop
  endfacet
  facet normal -0.000000e+00 0.000000e+00 1.000000e+00
    outer loop
      vertex   1.200924e+02 -1.309781e+02 2.085000e+01
      vertex   1.243473e+02 -1.367781e+02 2.085000e+01
      vertex   1.258876e+02 -1.309781e+02 2.085000e+01
    endloop
  endfacet
  facet normal 0.000000e+00 0.000000e+00 1.000000e+00
    outer loop
      vertex   1.258876e+02 -1.309781e+02 2.085000e+01
      vertex   1.243473e+02 -1.367781e+02 2.085000e+01
      vertex   1.425563e+02 -1.405031e+02 2.085000e+01
    endloop
  endfacet
  facet normal 0.000000e+00 0.000000e+00 1.000000e+00
    outer loop
      vertex   1.425563e+02 -1.405031e+02 2.085000e+01
      vertex   1.243473e+02 -1.367781e+02 2.085000e+01
      vertex   1.410160e+02 -1.463031e+02 2.085000e+01
    endloop
  endfacet
  facet normal -0.000000e+00 0.000000e+00 1.000000e+00
    outer loop
      vertex   1.425563e+02 -1.405031e+02 2.085000e+01
      vertex   1.410160e+02 -1.463031e+02 2.085000e+01
      vertex   1.457533e+02 -1.405031e+02 2.085000e+01
    endloop
  endfacet
  facet normal 0.000000e+00 0.000000e+00 1.000000e+00
    outer loop
      vertex   1.457533e+02 -1.405031e+02 2.085000e+01
      vertex   1.410160e+02 -1.463031e+02 2.085000e+01
      vertex   1.481557e+02 -1.463031e+02 2.085000e+01
    endloop
  endfacet
  facet normal 0.000000e+00 0.000000e+00 1.000000e+00
    outer loop
      vertex   1.457533e+02 -1.405031e+02 2.085000e+01
      vertex   1.481557e+02 -1.463031e+02 2.085000e+01
      vertex   1.520765e+02 -1.423824e+02 2.085000e+01
    endloop
  endfacet
  facet normal -0.000000e+00 0.000000e+00 1.000000e+00
    outer loop
      vertex   1.457533e+02 -1.405031e+02 2.085000e+01
      vertex   1.520765e+02 -1.423824e+02 2.085000e+01
      vertex   1.474120e+02 -1.388445e+02 2.085000e+01
    endloop
  endfacet
  facet normal -0.000000e+00 0.000000e+00 1.000000e+00
    outer loop
      vertex   1.474120e+02 -1.388445e+02 2.085000e+01
      vertex   1.520765e+02 -1.423824e+02 2.085000e+01
      vertex   1.622118e+02 -1.243641e+02 2.085000e+01
    endloop
  endfacet
  facet normal 0.000000e+00 0.000000e+00 1.000000e+00
    outer loop
      vertex   1.474120e+02 -1.388445e+02 2.085000e+01
      vertex   1.622118e+02 -1.243641e+02 2.085000e+01
      vertex   1.580281e+02 -1.199713e+02 2.085000e+01
    endloop
  endfacet
  facet normal -0.000000e+00 0.000000e+00 1.000000e+00
    outer loop
      vertex   1.580281e+02 -1.199713e+02 2.085000e+01
      vertex   1.622118e+02 -1.243641e+02 2.085000e+01
      vertex   1.607419e+02 -1.186144e+02 2.085000e+01
    endloop
  endfacet
  facet normal 0.000000e+00 0.000000e+00 1.000000e+00
    outer loop
      vertex   1.607419e+02 -1.186144e+02 2.085000e+01
      vertex   1.622118e+02 -1.243641e+02 2.085000e+01
      vertex   1.665330e+02 -1.222035e+02 2.085000e+01
    endloop
  endfacet
  facet normal -0.000000e+00 0.000000e+00 1.000000e+00
    outer loop
      vertex   1.607419e+02 -1.186144e+02 2.085000e+01
      vertex   1.665330e+02 -1.222035e+02 2.085000e+01
      vertex   1.607852e+02 -1.011608e+02 2.085000e+01
    endloop
  endfacet
  facet normal -0.000000e+00 0.000000e+00 1.000000e+00
    outer loop
      vertex   1.607852e+02 -1.011608e+02 2.085000e+01
      vertex   1.665330e+02 -1.222035e+02 2.085000e+01
      vertex   1.666100e+02 -9.116284e+01 2.085000e+01
    endloop
  endfacet
  facet normal 0.000000e+00 0.000000e+00 1.000000e+00
    outer loop
      vertex   1.607852e+02 -1.011608e+02 2.085000e+01
      vertex   1.666100e+02 -9.116284e+01 2.085000e+01
      vertex   1.665674e+02 -9.113827e+01 2.085000e+01
    endloop
  endfacet
  facet normal 0.000000e+00 0.000000e+00 1.000000e+00
    outer loop
      vertex   8.641857e+01 -1.119281e+02 2.085000e+01
      vertex   8.059917e+01 -1.119281e+02 2.085000e+01
      vertex   8.110625e+01 -1.177281e+02 2.085000e+01
    endloop
  endfacet
  facet normal -9.999969e-01 2.481040e-03 0.000000e+00
    outer loop
      vertex   1.597434e+02 -1.179956e+02 1.985000e+01
      vertex   1.597859e+02 -1.008919e+02 1.985000e+01
      vertex   1.597434e+02 -1.179956e+02 7.650000e+00
    endloop
  endfacet
  facet normal -9.999969e-01 2.481040e-03 2.218403e-19
    outer loop
      vertex   1.597434e+02 -1.179956e+02 7.650000e+00
      vertex   1.597859e+02 -1.008919e+02 1.985000e+01
      vertex   1.597859e+02 -1.008919e+02 7.650000e+00
    endloop
  endfacet
  facet normal -4.472136e-01 8.944272e-01 0.000000e+00
    outer loop
      vertex   1.573068e+02 -1.192140e+02 1.985000e+01
      vertex   1.597434e+02 -1.179956e+02 1.985000e+01
      vertex   1.573068e+02 -1.192140e+02 7.650000e+00
    endloop
  endfacet
  facet normal -4.472136e-01 8.944272e-01 2.081665e-18
    outer loop
      vertex   1.573068e+02 -1.192140e+02 7.650000e+00
      vertex   1.597434e+02 -1.179956e+02 1.985000e+01
      vertex   1.597434e+02 -1.179956e+02 7.650000e+00
    endloop
  endfacet
  facet normal -8.715755e-01 4.902612e-01 0.000000e+00
    outer loop
      vertex   1.466077e+02 -1.382345e+02 1.985000e+01
      vertex   1.573068e+02 -1.192140e+02 1.985000e+01
      vertex   1.466077e+02 -1.382345e+02 7.650000e+00
    endloop
  endfacet
  facet normal -8.715755e-01 4.902612e-01 -2.650069e-17
    outer loop
      vertex   1.466077e+02 -1.382345e+02 7.650000e+00
      vertex   1.573068e+02 -1.192140e+02 1.985000e+01
      vertex   1.573068e+02 -1.192140e+02 7.650000e+00
    endloop
  endfacet
  facet normal -7.071068e-01 7.071068e-01 0.000000e+00
    outer loop
      vertex   1.453391e+02 -1.395031e+02 1.985000e+01
      vertex   1.466077e+02 -1.382345e+02 1.985000e+01
      vertex   1.453391e+02 -1.395031e+02 7.650000e+00
    endloop
  endfacet
  facet normal -7.071068e-01 7.071068e-01 9.145981e-19
    outer loop
      vertex   1.453391e+02 -1.395031e+02 7.650000e+00
      vertex   1.466077e+02 -1.382345e+02 1.985000e+01
      vertex   1.466077e+02 -1.382345e+02 7.650000e+00
    endloop
  endfacet
  facet normal -0.000000e+00 1.000000e+00 0.000000e+00
    outer loop
      vertex   1.428219e+02 -1.395031e+02 1.985000e+01
      vertex   1.453391e+02 -1.395031e+02 1.985000e+01
      vertex   1.428219e+02 -1.395031e+02 7.650000e+00
    endloop
  endfacet
  facet normal 0.000000e+00 1.000000e+00 0.000000e+00
    outer loop
      vertex   1.428219e+02 -1.395031e+02 7.650000e+00
      vertex   1.453391e+02 -1.395031e+02 1.985000e+01
      vertex   1.453391e+02 -1.395031e+02 7.650000e+00
    endloop
  endfacet
  facet normal 4.961389e-01 8.682431e-01 0.000000e+00
    outer loop
      vertex   1.261531e+02 -1.299781e+02 1.985000e+01
      vertex   1.428219e+02 -1.395031e+02 1.985000e+01
      vertex   1.261531e+02 -1.299781e+02 7.650000e+00
    endloop
  endfacet
  facet normal 4.961389e-01 8.682431e-01 1.789867e-17
    outer loop
      vertex   1.261531e+02 -1.299781e+02 7.650000e+00
      vertex   1.428219e+02 -1.395031e+02 1.985000e+01
      vertex   1.428219e+02 -1.395031e+02 7.650000e+00
    endloop
  endfacet
  facet normal -0.000000e+00 1.000000e+00 0.000000e+00
    outer loop
      vertex   1.202263e+02 -1.299781e+02 1.985000e+01
      vertex   1.261531e+02 -1.299781e+02 1.985000e+01
      vertex   1.202263e+02 -1.299781e+02 7.650000e+00
    endloop
  endfacet
  facet normal 0.000000e+00 1.000000e+00 0.000000e+00
    outer loop
      vertex   1.202263e+02 -1.299781e+02 7.650000e+00
      vertex   1.261531e+02 -1.299781e+02 1.985000e+01
      vertex   1.261531e+02 -1.299781e+02 7.650000e+00
    endloop
  endfacet
  facet normal 2.631174e-01 9.647638e-01 0.000000e+00
    outer loop
      vertex   1.071295e+02 -1.264062e+02 1.985000e+01
      vertex   1.202263e+02 -1.299781e+02 1.985000e+01
      vertex   1.071295e+02 -1.264062e+02 7.650000e+00
    endloop
  endfacet
  facet normal 2.631174e-01 9.647638e-01 1.410423e-17
    outer loop
      vertex   1.071295e+02 -1.264062e+02 7.650000e+00
      vertex   1.202263e+02 -1.299781e+02 1.985000e+01
      vertex   1.202263e+02 -1.299781e+02 7.650000e+00
    endloop
  endfacet
  facet normal -0.000000e+00 1.000000e+00 0.000000e+00
    outer loop
      vertex   8.921403e+01 -1.264062e+02 1.985000e+01
      vertex   1.071295e+02 -1.264062e+02 1.985000e+01
      vertex   8.921403e+01 -1.264062e+02 7.650000e+00
    endloop
  endfacet
  facet normal 0.000000e+00 1.000000e+00 0.000000e+00
    outer loop
      vertex   8.921403e+01 -1.264062e+02 7.650000e+00
      vertex   1.071295e+02 -1.264062e+02 1.985000e+01
      vertex   1.071295e+02 -1.264062e+02 7.650000e+00
    endloop
  endfacet
  facet normal 7.071068e-01 7.071068e-01 0.000000e+00
    outer loop
      vertex   8.790625e+01 -1.250985e+02 1.985000e+01
      vertex   8.921403e+01 -1.264062e+02 1.985000e+01
      vertex   8.790625e+01 -1.250985e+02 7.650000e+00
    endloop
  endfacet
  facet normal 7.071068e-01 7.071068e-01 8.419778e-19
    outer loop
      vertex   8.790625e+01 -1.250985e+02 7.650000e+00
      vertex   8.921403e+01 -1.264062e+02 1.985000e+01
      vertex   8.921403e+01 -1.264062e+02 7.650000e+00
    endloop
  endfacet
  facet normal 1.000000e+00 0.000000e+00 0.000000e+00
    outer loop
      vertex   8.790625e+01 -1.120016e+02 1.985000e+01
      vertex   8.790625e+01 -1.250985e+02 1.985000e+01
      vertex   8.790625e+01 -1.120016e+02 7.650000e+00
    endloop
  endfacet
  facet normal 1.000000e+00 0.000000e+00 0.000000e+00
    outer loop
      vertex   8.790625e+01 -1.120016e+02 7.650000e+00
      vertex   8.790625e+01 -1.250985e+02 1.985000e+01
      vertex   8.790625e+01 -1.250985e+02 7.650000e+00
    endloop
  endfacet
  facet normal 7.071068e-01 7.071068e-01 0.000000e+00
    outer loop
      vertex   8.683278e+01 -1.109281e+02 1.985000e+01
      vertex   8.790625e+01 -1.120016e+02 1.985000e+01
      vertex   8.683278e+01 -1.109281e+02 7.650000e+00
    endloop
  endfacet
  facet normal 7.071068e-01 7.071068e-01 -3.168444e-19
    outer loop
      vertex   8.683278e+01 -1.109281e+02 7.650000e+00
      vertex   8.790625e+01 -1.120016e+02 1.985000e+01
      vertex   8.790625e+01 -1.120016e+02 7.650000e+00
    endloop
  endfacet
  facet normal -0.000000e+00 1.000000e+00 0.000000e+00
    outer loop
      vertex   8.090194e+01 -1.109281e+02 1.985000e+01
      vertex   8.683278e+01 -1.109281e+02 1.985000e+01
      vertex   8.090194e+01 -1.109281e+02 7.650000e+00
    endloop
  endfacet
  facet normal 0.000000e+00 1.000000e+00 0.000000e+00
    outer loop
      vertex   8.090194e+01 -1.109281e+02 7.650000e+00
      vertex   8.683278e+01 -1.109281e+02 1.985000e+01
      vertex   8.683278e+01 -1.109281e+02 7.650000e+00
    endloop
  endfacet
  facet normal 5.547002e-01 8.320503e-01 0.000000e+00
    outer loop
      vertex   7.733007e+01 -1.085469e+02 1.985000e+01
      vertex   8.090194e+01 -1.109281e+02 1.985000e+01
      vertex   7.733007e+01 -1.085469e+02 7.650000e+00
    endloop
  endfacet
  facet normal 5.547002e-01 8.320503e-01 -3.222162e-18
    outer loop
      vertex   7.733007e+01 -1.085469e+02 7.650000e+00
      vertex   8.090194e+01 -1.109281e+02 1.985000e+01
      vertex   8.090194e+01 -1.109281e+02 7.650000e+00
    endloop
  endfacet
  facet normal -0.000000e+00 1.000000e+00 0.000000e+00
    outer loop
      vertex   6.794847e+01 -1.085469e+02 1.985000e+01
      vertex   7.733007e+01 -1.085469e+02 1.985000e+01
      vertex   6.794847e+01 -1.085469e+02 7.650000e+00
    endloop
  endfacet
  facet normal 0.000000e+00 1.000000e+00 0.000000e+00
    outer loop
      vertex   6.794847e+01 -1.085469e+02 7.650000e+00
      vertex   7.733007e+01 -1.085469e+02 1.985000e+01
      vertex   7.733007e+01 -1.085469e+02 7.650000e+00
    endloop
  endfacet
  facet normal -7.071068e-01 7.071068e-01 0.000000e+00
    outer loop
      vertex   6.556722e+01 -1.109281e+02 1.985000e+01
      vertex   6.794847e+01 -1.085469e+02 1.985000e+01
      vertex   6.556722e+01 -1.109281e+02 7.650000e+00
    endloop
  endfacet
  facet normal -7.071068e-01 7.071068e-01 3.458919e-18
    outer loop
      vertex   6.556722e+01 -1.109281e+02 7.650000e+00
      vertex   6.794847e+01 -1.085469e+02 1.985000e+01
      vertex   6.794847e+01 -1.085469e+02 7.650000e+00
    endloop
  endfacet
  facet normal -0.000000e+00 1.000000e+00 0.000000e+00
    outer loop
      vertex   3.206403e+01 -1.109281e+02 1.985000e+01
      vertex   6.556722e+01 -1.109281e+02 1.985000e+01
      vertex   3.206403e+01 -1.109281e+02 7.650000e+00
    endloop
  endfacet
  facet normal 0.000000e+00 1.000000e+00 0.000000e+00
    outer loop
      vertex   3.206403e+01 -1.109281e+02 7.650000e+00
      vertex   6.556722e+01 -1.109281e+02 1.985000e+01
      vertex   6.556722e+01 -1.109281e+02 7.650000e+00
    endloop
  endfacet
  facet normal 7.071068e-01 7.071068e-01 0.000000e+00
    outer loop
      vertex   2.837500e+01 -1.072391e+02 1.985000e+01
      vertex   3.206403e+01 -1.109281e+02 1.985000e+01
      vertex   2.837500e+01 -1.072391e+02 7.650000e+00
    endloop
  endfacet
  facet normal 7.071068e-01 7.071068e-01 1.214537e-17
    outer loop
      vertex   2.837500e+01 -1.072391e+02 7.650000e+00
      vertex   3.206403e+01 -1.109281e+02 1.985000e+01
      vertex   3.206403e+01 -1.109281e+02 7.650000e+00
    endloop
  endfacet
  facet normal 1.000000e+00 0.000000e+00 0.000000e+00
    outer loop
      vertex   2.837500e+01 -3.206403e+01 1.985000e+01
      vertex   2.837500e+01 -1.072391e+02 1.985000e+01
      vertex   2.837500e+01 -3.206403e+01 7.650000e+00
    endloop
  endfacet
  facet normal 1.000000e+00 0.000000e+00 0.000000e+00
    outer loop
      vertex   2.837500e+01 -3.206403e+01 7.650000e+00
      vertex   2.837500e+01 -1.072391e+02 1.985000e+01
      vertex   2.837500e+01 -1.072391e+02 7.650000e+00
    endloop
  endfacet
  facet normal 7.071068e-01 -7.071068e-01 0.000000e+00
    outer loop
      vertex   3.206403e+01 -2.837500e+01 1.985000e+01
      vertex   2.837500e+01 -3.206403e+01 1.985000e+01
      vertex   3.206403e+01 -2.837500e+01 7.650000e+00
    endloop
  endfacet
  facet normal 7.071068e-01 -7.071068e-01 -8.364019e-18
    outer loop
      vertex   3.206403e+01 -2.837500e+01 7.650000e+00
      vertex   2.837500e+01 -3.206403e+01 1.985000e+01
      vertex   2.837500e+01 -3.206403e+01 7.650000e+00
    endloop
  endfacet
  facet normal -0.000000e+00 -1.000000e+00 -0.000000e+00
    outer loop
      vertex   6.659216e+01 -2.837500e+01 1.985000e+01
      vertex   3.206403e+01 -2.837500e+01 1.985000e+01
      vertex   6.659216e+01 -2.837500e+01 7.650000e+00
    endloop
  endfacet
  facet normal 0.000000e+00 -1.000000e+00 0.000000e+00
    outer loop
      vertex   6.659216e+01 -2.837500e+01 7.650000e+00
      vertex   3.206403e+01 -2.837500e+01 1.985000e+01
      vertex   3.206403e+01 -2.837500e+01 7.650000e+00
    endloop
  endfacet
  facet normal 7.071068e-01 -7.071068e-01 0.000000e+00
    outer loop
      vertex   6.778278e+01 -2.718438e+01 1.985000e+01
      vertex   6.659216e+01 -2.837500e+01 1.985000e+01
      vertex   6.778278e+01 -2.718438e+01 7.650000e+00
    endloop
  endfacet
  facet normal 7.071068e-01 -7.071068e-01 4.431740e-18
    outer loop
      vertex   6.778278e+01 -2.718438e+01 7.650000e+00
      vertex   6.659216e+01 -2.837500e+01 1.985000e+01
      vertex   6.659216e+01 -2.837500e+01 7.650000e+00
    endloop
  endfacet
  facet normal -0.000000e+00 -1.000000e+00 -0.000000e+00
    outer loop
      vertex   7.611716e+01 -2.718438e+01 1.985000e+01
      vertex   6.778278e+01 -2.718438e+01 1.985000e+01
      vertex   7.611716e+01 -2.718438e+01 7.650000e+00
    endloop
  endfacet
  facet normal 0.000000e+00 -1.000000e+00 0.000000e+00
    outer loop
      vertex   7.611716e+01 -2.718438e+01 7.650000e+00
      vertex   6.778278e+01 -2.718438e+01 1.985000e+01
      vertex   6.778278e+01 -2.718438e+01 7.650000e+00
    endloop
  endfacet
  facet normal 7.071068e-01 -7.071068e-01 0.000000e+00
    outer loop
      vertex   7.849841e+01 -2.480313e+01 1.985000e+01
      vertex   7.611716e+01 -2.718438e+01 1.985000e+01
      vertex   7.849841e+01 -2.480313e+01 7.650000e+00
    endloop
  endfacet
  facet normal 7.071068e-01 -7.071068e-01 2.161824e-19
    outer loop
      vertex   7.849841e+01 -2.480313e+01 7.650000e+00
      vertex   7.611716e+01 -2.718438e+01 1.985000e+01
      vertex   7.611716e+01 -2.718438e+01 7.650000e+00
    endloop
  endfacet
  facet normal -0.000000e+00 -1.000000e+00 -0.000000e+00
    outer loop
      vertex   1.084297e+02 -2.480313e+01 1.985000e+01
      vertex   7.849841e+01 -2.480313e+01 1.985000e+01
      vertex   1.084297e+02 -2.480313e+01 7.650000e+00
    endloop
  endfacet
  facet normal 0.000000e+00 -1.000000e+00 0.000000e+00
    outer loop
      vertex   1.084297e+02 -2.480313e+01 7.650000e+00
      vertex   7.849841e+01 -2.480313e+01 1.985000e+01
      vertex   7.849841e+01 -2.480313e+01 7.650000e+00
    endloop
  endfacet
  facet normal -7.071068e-01 -7.071068e-01 -0.000000e+00
    outer loop
      vertex   1.096203e+02 -2.599375e+01 1.985000e+01
      vertex   1.084297e+02 -2.480313e+01 1.985000e+01
      vertex   1.096203e+02 -2.599375e+01 7.650000e+00
    endloop
  endfacet
  facet normal -7.071068e-01 -7.071068e-01 -2.269916e-18
    outer loop
      vertex   1.096203e+02 -2.599375e+01 7.650000e+00
      vertex   1.084297e+02 -2.480313e+01 1.985000e+01
      vertex   1.084297e+02 -2.480313e+01 7.650000e+00
    endloop
  endfacet
  facet normal -0.000000e+00 -1.000000e+00 -0.000000e+00
    outer loop
      vertex   1.310516e+02 -2.599375e+01 1.985000e+01
      vertex   1.096203e+02 -2.599375e+01 1.985000e+01
      vertex   1.310516e+02 -2.599375e+01 7.650000e+00
    endloop
  endfacet
  facet normal 0.000000e+00 -1.000000e+00 0.000000e+00
    outer loop
      vertex   1.310516e+02 -2.599375e+01 7.650000e+00
      vertex   1.096203e+02 -2.599375e+01 1.985000e+01
      vertex   1.096203e+02 -2.599375e+01 7.650000e+00
    endloop
  endfacet
  facet normal -7.071068e-01 -7.071068e-01 -0.000000e+00
    outer loop
      vertex   1.334328e+02 -2.837500e+01 1.985000e+01
      vertex   1.310516e+02 -2.599375e+01 1.985000e+01
      vertex   1.334328e+02 -2.837500e+01 7.650000e+00
    endloop
  endfacet
  facet normal -7.071068e-01 -7.071068e-01 -2.161824e-19
    outer loop
      vertex   1.334328e+02 -2.837500e+01 7.650000e+00
      vertex   1.310516e+02 -2.599375e+01 1.985000e+01
      vertex   1.310516e+02 -2.599375e+01 7.650000e+00
    endloop
  endfacet
  facet normal -9.961947e-01 -8.715574e-02 -0.000000e+00
    outer loop
      vertex   2.859433e+01 -1.116416e+02 1.685000e+01
      vertex   2.859433e+01 -1.116416e+02 1.351667e+01
      vertex   2.861180e+01 -1.118413e+02 1.685000e+01
    endloop
  endfacet
  facet normal -9.961947e-01 -8.715574e-02 -0.000000e+00
    outer loop
      vertex   2.861180e+01 -1.118413e+02 1.685000e+01
      vertex   2.859433e+01 -1.116416e+02 1.351667e+01
      vertex   2.861180e+01 -1.118413e+02 1.351667e+01
    endloop
  endfacet
  facet normal -9.961947e-01 8.715574e-02 0.000000e+00
    outer loop
      vertex   2.861180e+01 -1.118413e+02 1.685000e+01
      vertex   2.861180e+01 -1.118413e+02 1.351667e+01
      vertex   2.859433e+01 -1.120410e+02 1.685000e+01
    endloop
  endfacet
  facet normal -9.961947e-01 8.715574e-02 0.000000e+00
    outer loop
      vertex   2.859433e+01 -1.120410e+02 1.685000e+01
      vertex   2.861180e+01 -1.118413e+02 1.351667e+01
      vertex   2.859433e+01 -1.120410e+02 1.351667e+01
    endloop
  endfacet
  facet normal -9.659258e-01 2.588190e-01 0.000000e+00
    outer loop
      vertex   2.859433e+01 -1.120410e+02 1.685000e+01
      vertex   2.859433e+01 -1.120410e+02 1.351667e+01
      vertex   2.854245e+01 -1.122346e+02 1.685000e+01
    endloop
  endfacet
  facet normal -9.659258e-01 2.588190e-01 1.029497e-15
    outer loop
      vertex   2.854245e+01 -1.122346e+02 1.685000e+01
      vertex   2.859433e+01 -1.120410e+02 1.351667e+01
      vertex   2.854245e+01 -1.122346e+02 1.351667e+01
    endloop
  endfacet
  facet normal -9.063078e-01 4.226183e-01 9.659556e-16
    outer loop
      vertex   2.854245e+01 -1.122346e+02 1.685000e+01
      vertex   2.854245e+01 -1.122346e+02 1.351667e+01
      vertex   2.845773e+01 -1.124163e+02 1.685000e+01
    endloop
  endfacet
  facet normal -9.063078e-01 4.226183e-01 -9.659556e-16
    outer loop
      vertex   2.845773e+01 -1.124163e+02 1.685000e+01
      vertex   2.854245e+01 -1.122346e+02 1.351667e+01
      vertex   2.845773e+01 -1.124163e+02 1.351667e+01
    endloop
  endfacet
  facet normal -8.191520e-01 5.735764e-01 -8.730638e-16
    outer loop
      vertex   2.845773e+01 -1.124163e+02 1.685000e+01
      vertex   2.845773e+01 -1.124163e+02 1.351667e+01
      vertex   2.834275e+01 -1.125805e+02 1.685000e+01
    endloop
  endfacet
  facet normal -8.191520e-01 5.735764e-01 0.000000e+00
    outer loop
      vertex   2.834275e+01 -1.125805e+02 1.685000e+01
      vertex   2.845773e+01 -1.124163e+02 1.351667e+01
      vertex   2.834275e+01 -1.125805e+02 1.351667e+01
    endloop
  endfacet
  facet normal -7.071068e-01 7.071068e-01 0.000000e+00
    outer loop
      vertex   2.834275e+01 -1.125805e+02 1.685000e+01
      vertex   2.834275e+01 -1.125805e+02 1.351667e+01
      vertex   2.820101e+01 -1.127223e+02 1.685000e+01
    endloop
  endfacet
  facet normal -7.071068e-01 7.071068e-01 7.536444e-16
    outer loop
      vertex   2.820101e+01 -1.127223e+02 1.685000e+01
      vertex   2.834275e+01 -1.125805e+02 1.351667e+01
      vertex   2.820101e+01 -1.127223e+02 1.351667e+01
    endloop
  endfacet
  facet normal -5.735764e-01 8.191520e-01 6.113259e-16
    outer loop
      vertex   2.820101e+01 -1.127223e+02 1.685000e+01
      vertex   2.820101e+01 -1.127223e+02 1.351667e+01
      vertex   2.803680e+01 -1.128373e+02 1.685000e+01
    endloop
  endfacet
  facet normal -5.735764e-01 8.191520e-01 0.000000e+00
    outer loop
      vertex   2.803680e+01 -1.128373e+02 1.685000e+01
      vertex   2.820101e+01 -1.127223e+02 1.351667e+01
      vertex   2.803680e+01 -1.128373e+02 1.351667e+01
    endloop
  endfacet
  facet normal -4.226183e-01 9.063078e-01 0.000000e+00
    outer loop
      vertex   2.803680e+01 -1.128373e+02 1.685000e+01
      vertex   2.803680e+01 -1.128373e+02 1.351667e+01
      vertex   2.785512e+01 -1.129220e+02 1.685000e+01
    endloop
  endfacet
  facet normal -4.226183e-01 9.063078e-01 -9.008650e-16
    outer loop
      vertex   2.785512e+01 -1.129220e+02 1.685000e+01
      vertex   2.803680e+01 -1.128373e+02 1.351667e+01
      vertex   2.785512e+01 -1.129220e+02 1.351667e+01
    endloop
  endfacet
  facet normal -2.588190e-01 9.659258e-01 -5.517060e-16
    outer loop
      vertex   2.785512e+01 -1.129220e+02 1.685000e+01
      vertex   2.785512e+01 -1.129220e+02 1.351667e+01
      vertex   2.766150e+01 -1.129739e+02 1.685000e+01
    endloop
  endfacet
  facet normal -2.588190e-01 9.659258e-01 0.000000e+00
    outer loop
      vertex   2.766150e+01 -1.129739e+02 1.685000e+01
      vertex   2.785512e+01 -1.129220e+02 1.351667e+01
      vertex   2.766150e+01 -1.129739e+02 1.351667e+01
    endloop
  endfacet
  facet normal -8.715574e-02 9.961947e-01 0.000000e+00
    outer loop
      vertex   2.766150e+01 -1.129739e+02 1.685000e+01
      vertex   2.766150e+01 -1.129739e+02 1.351667e+01
      vertex   2.746180e+01 -1.129913e+02 1.685000e+01
    endloop
  endfacet
  facet normal -8.715574e-02 9.961947e-01 0.000000e+00
    outer loop
      vertex   2.746180e+01 -1.129913e+02 1.685000e+01
      vertex   2.766150e+01 -1.129739e+02 1.351667e+01
      vertex   2.746180e+01 -1.129913e+02 1.351667e+01
    endloop
  endfacet
  facet normal 8.715574e-02 9.961947e-01 0.000000e+00
    outer loop
      vertex   2.746180e+01 -1.129913e+02 1.685000e+01
      vertex   2.746180e+01 -1.129913e+02 1.351667e+01
      vertex   2.726210e+01 -1.129739e+02 1.685000e+01
    endloop
  endfacet
  facet normal 8.715574e-02 9.961947e-01 0.000000e+00
    outer loop
      vertex   2.726210e+01 -1.129739e+02 1.685000e+01
      vertex   2.746180e+01 -1.129913e+02 1.351667e+01
      vertex   2.726210e+01 -1.129739e+02 1.351667e+01
    endloop
  endfacet
  facet normal 2.588190e-01 9.659258e-01 0.000000e+00
    outer loop
      vertex   2.726210e+01 -1.129739e+02 1.685000e+01
      vertex   2.726210e+01 -1.129739e+02 1.351667e+01
      vertex   2.706848e+01 -1.129220e+02 1.685000e+01
    endloop
  endfacet
  facet normal 2.588190e-01 9.659258e-01 -2.758530e-16
    outer loop
      vertex   2.706848e+01 -1.129220e+02 1.685000e+01
      vertex   2.726210e+01 -1.129739e+02 1.351667e+01
      vertex   2.706848e+01 -1.129220e+02 1.351667e+01
    endloop
  endfacet
  facet normal 4.226183e-01 9.063078e-01 -4.504325e-16
    outer loop
      vertex   2.706848e+01 -1.129220e+02 1.685000e+01
      vertex   2.706848e+01 -1.129220e+02 1.351667e+01
      vertex   2.688680e+01 -1.128373e+02 1.685000e+01
    endloop
  endfacet
  facet normal 4.226183e-01 9.063078e-01 0.000000e+00
    outer loop
      vertex   2.688680e+01 -1.128373e+02 1.685000e+01
      vertex   2.706848e+01 -1.129220e+02 1.351667e+01
      vertex   2.688680e+01 -1.128373e+02 1.351667e+01
    endloop
  endfacet
  facet normal 5.735764e-01 8.191520e-01 0.000000e+00
    outer loop
      vertex   2.688680e+01 -1.128373e+02 1.685000e+01
      vertex   2.688680e+01 -1.128373e+02 1.351667e+01
      vertex   2.672259e+01 -1.127223e+02 1.685000e+01
    endloop
  endfacet
  facet normal 5.735764e-01 8.191520e-01 6.113259e-16
    outer loop
      vertex   2.672259e+01 -1.127223e+02 1.685000e+01
      vertex   2.688680e+01 -1.128373e+02 1.351667e+01
      vertex   2.672259e+01 -1.127223e+02 1.351667e+01
    endloop
  endfacet
  facet normal 7.071068e-01 7.071068e-01 7.536444e-16
    outer loop
      vertex   2.672259e+01 -1.127223e+02 1.685000e+01
      vertex   2.672259e+01 -1.127223e+02 1.351667e+01
      vertex   2.658085e+01 -1.125805e+02 1.685000e+01
    endloop
  endfacet
  facet normal 7.071068e-01 7.071068e-01 0.000000e+00
    outer loop
      vertex   2.658085e+01 -1.125805e+02 1.685000e+01
      vertex   2.672259e+01 -1.127223e+02 1.351667e+01
      vertex   2.658085e+01 -1.125805e+02 1.351667e+01
    endloop
  endfacet
  facet normal 8.191520e-01 5.735764e-01 0.000000e+00
    outer loop
      vertex   2.658085e+01 -1.125805e+02 1.685000e+01
      vertex   2.658085e+01 -1.125805e+02 1.351667e+01
      vertex   2.646587e+01 -1.124163e+02 1.685000e+01
    endloop
  endfacet
  facet normal 8.191520e-01 5.735764e-01 -8.730638e-16
    outer loop
      vertex   2.646587e+01 -1.124163e+02 1.685000e+01
      vertex   2.658085e+01 -1.125805e+02 1.351667e+01
      vertex   2.646587e+01 -1.124163e+02 1.351667e+01
    endloop
  endfacet
  facet normal 9.063078e-01 4.226183e-01 -9.659556e-16
    outer loop
      vertex   2.646587e+01 -1.124163e+02 1.685000e+01
      vertex   2.646587e+01 -1.124163e+02 1.351667e+01
      vertex   2.638115e+01 -1.122346e+02 1.685000e+01
    endloop
  endfacet
  facet normal 9.063078e-01 4.226183e-01 9.659556e-16
    outer loop
      vertex   2.638115e+01 -1.122346e+02 1.685000e+01
      vertex   2.646587e+01 -1.124163e+02 1.351667e+01
      vertex   2.638115e+01 -1.122346e+02 1.351667e+01
    endloop
  endfacet
  facet normal 9.659258e-01 2.588190e-01 1.029497e-15
    outer loop
      vertex   2.638115e+01 -1.122346e+02 1.685000e+01
      vertex   2.638115e+01 -1.122346e+02 1.351667e+01
      vertex   2.632927e+01 -1.120410e+02 1.685000e+01
    endloop
  endfacet
  facet normal 9.659258e-01 2.588190e-01 0.000000e+00
    outer loop
      vertex   2.632927e+01 -1.120410e+02 1.685000e+01
      vertex   2.638115e+01 -1.122346e+02 1.351667e+01
      vertex   2.632927e+01 -1.120410e+02 1.351667e+01
    endloop
  endfacet
  facet normal 9.961947e-01 8.715574e-02 0.000000e+00
    outer loop
      vertex   2.632927e+01 -1.120410e+02 1.685000e+01
      vertex   2.632927e+01 -1.120410e+02 1.351667e+01
      vertex   2.631180e+01 -1.118413e+02 1.685000e+01
    endloop
  endfacet
  facet normal 9.961947e-01 8.715574e-02 0.000000e+00
    outer loop
      vertex   2.631180e+01 -1.118413e+02 1.685000e+01
      vertex   2.632927e+01 -1.120410e+02 1.351667e+01
      vertex   2.631180e+01 -1.118413e+02 1.351667e+01
    endloop
  endfacet
  facet normal 9.961947e-01 -8.715574e-02 0.000000e+00
    outer loop
      vertex   2.631180e+01 -1.118413e+02 1.685000e+01
      vertex   2.631180e+01 -1.118413e+02 1.351667e+01
      vertex   2.632927e+01 -1.116416e+02 1.685000e+01
    endloop
  endfacet
  facet normal 9.961947e-01 -8.715574e-02 0.000000e+00
    outer loop
      vertex   2.632927e+01 -1.116416e+02 1.685000e+01
      vertex   2.631180e+01 -1.118413e+02 1.351667e+01
      vertex   2.632927e+01 -1.116416e+02 1.351667e+01
    endloop
  endfacet
  facet normal 9.659258e-01 -2.588190e-01 0.000000e+00
    outer loop
      vertex   2.632927e+01 -1.116416e+02 1.685000e+01
      vertex   2.632927e+01 -1.116416e+02 1.351667e+01
      vertex   2.638115e+01 -1.114480e+02 1.685000e+01
    endloop
  endfacet
  facet normal 9.659258e-01 -2.588190e-01 1.029497e-15
    outer loop
      vertex   2.638115e+01 -1.114480e+02 1.685000e+01
      vertex   2.632927e+01 -1.116416e+02 1.351667e+01
      vertex   2.638115e+01 -1.114480e+02 1.351667e+01
    endloop
  endfacet
  facet normal 9.063078e-01 -4.226183e-01 9.659556e-16
    outer loop
      vertex   2.638115e+01 -1.114480e+02 1.685000e+01
      vertex   2.638115e+01 -1.114480e+02 1.351667e+01
      vertex   2.646587e+01 -1.112663e+02 1.685000e+01
    endloop
  endfacet
  facet normal 9.063078e-01 -4.226183e-01 -9.659556e-16
    outer loop
      vertex   2.646587e+01 -1.112663e+02 1.685000e+01
      vertex   2.638115e+01 -1.114480e+02 1.351667e+01
      vertex   2.646587e+01 -1.112663e+02 1.351667e+01
    endloop
  endfacet
  facet normal 8.191520e-01 -5.735764e-01 -8.730638e-16
    outer loop
      vertex   2.646587e+01 -1.112663e+02 1.685000e+01
      vertex   2.646587e+01 -1.112663e+02 1.351667e+01
      vertex   2.658085e+01 -1.111021e+02 1.685000e+01
    endloop
  endfacet
  facet normal 8.191520e-01 -5.735764e-01 0.000000e+00
    outer loop
      vertex   2.658085e+01 -1.111021e+02 1.685000e+01
      vertex   2.646587e+01 -1.112663e+02 1.351667e+01
      vertex   2.658085e+01 -1.111021e+02 1.351667e+01
    endloop
  endfacet
  facet normal 7.071068e-01 -7.071068e-01 0.000000e+00
    outer loop
      vertex   2.658085e+01 -1.111021e+02 1.685000e+01
      vertex   2.658085e+01 -1.111021e+02 1.351667e+01
      vertex   2.672259e+01 -1.109604e+02 1.685000e+01
    endloop
  endfacet
  facet normal 7.071068e-01 -7.071068e-01 7.536444e-16
    outer loop
      vertex   2.672259e+01 -1.109604e+02 1.685000e+01
      vertex   2.658085e+01 -1.111021e+02 1.351667e+01
      vertex   2.672259e+01 -1.109604e+02 1.351667e+01
    endloop
  endfacet
  facet normal 5.735764e-01 -8.191520e-01 6.113259e-16
    outer loop
      vertex   2.672259e+01 -1.109604e+02 1.685000e+01
      vertex   2.672259e+01 -1.109604e+02 1.351667e+01
      vertex   2.688680e+01 -1.108454e+02 1.685000e+01
    endloop
  endfacet
  facet normal 5.735764e-01 -8.191520e-01 0.000000e+00
    outer loop
      vertex   2.688680e+01 -1.108454e+02 1.685000e+01
      vertex   2.672259e+01 -1.109604e+02 1.351667e+01
      vertex   2.688680e+01 -1.108454e+02 1.351667e+01
    endloop
  endfacet
  facet normal 4.226183e-01 -9.063078e-01 0.000000e+00
    outer loop
      vertex   2.688680e+01 -1.108454e+02 1.685000e+01
      vertex   2.688680e+01 -1.108454e+02 1.351667e+01
      vertex   2.706848e+01 -1.107607e+02 1.685000e+01
    endloop
  endfacet
  facet normal 4.226183e-01 -9.063078e-01 -9.008650e-16
    outer loop
      vertex   2.706848e+01 -1.107607e+02 1.685000e+01
      vertex   2.688680e+01 -1.108454e+02 1.351667e+01
      vertex   2.706848e+01 -1.107607e+02 1.351667e+01
    endloop
  endfacet
  facet normal 2.588190e-01 -9.659258e-01 -5.517060e-16
    outer loop
      vertex   2.706848e+01 -1.107607e+02 1.685000e+01
      vertex   2.706848e+01 -1.107607e+02 1.351667e+01
      vertex   2.726210e+01 -1.107088e+02 1.685000e+01
    endloop
  endfacet
  facet normal 2.588190e-01 -9.659258e-01 0.000000e+00
    outer loop
      vertex   2.726210e+01 -1.107088e+02 1.685000e+01
      vertex   2.706848e+01 -1.107607e+02 1.351667e+01
      vertex   2.726210e+01 -1.107088e+02 1.351667e+01
    endloop
  endfacet
  facet normal 8.715574e-02 -9.961947e-01 0.000000e+00
    outer loop
      vertex   2.726210e+01 -1.107088e+02 1.685000e+01
      vertex   2.726210e+01 -1.107088e+02 1.351667e+01
      vertex   2.746180e+01 -1.106913e+02 1.685000e+01
    endloop
  endfacet
  facet normal 8.715574e-02 -9.961947e-01 0.000000e+00
    outer loop
      vertex   2.746180e+01 -1.106913e+02 1.685000e+01
      vertex   2.726210e+01 -1.107088e+02 1.351667e+01
      vertex   2.746180e+01 -1.106913e+02 1.351667e+01
    endloop
  endfacet
  facet normal -8.715574e-02 -9.961947e-01 -0.000000e+00
    outer loop
      vertex   2.746180e+01 -1.106913e+02 1.685000e+01
      vertex   2.746180e+01 -1.106913e+02 1.351667e+01
      vertex   2.766150e+01 -1.107088e+02 1.685000e+01
    endloop
  endfacet
  facet normal -8.715574e-02 -9.961947e-01 -0.000000e+00
    outer loop
      vertex   2.766150e+01 -1.107088e+02 1.685000e+01
      vertex   2.746180e+01 -1.106913e+02 1.351667e+01
      vertex   2.766150e+01 -1.107088e+02 1.351667e+01
    endloop
  endfacet
  facet normal -2.588190e-01 -9.659258e-01 -0.000000e+00
    outer loop
      vertex   2.766150e+01 -1.107088e+02 1.685000e+01
      vertex   2.766150e+01 -1.107088e+02 1.351667e+01
      vertex   2.785512e+01 -1.107607e+02 1.685000e+01
    endloop
  endfacet
  facet normal -2.588190e-01 -9.659258e-01 -5.517060e-16
    outer loop
      vertex   2.785512e+01 -1.107607e+02 1.685000e+01
      vertex   2.766150e+01 -1.107088e+02 1.351667e+01
      vertex   2.785512e+01 -1.107607e+02 1.351667e+01
    endloop
  endfacet
  facet normal -4.226183e-01 -9.063078e-01 -9.008650e-16
    outer loop
      vertex   2.785512e+01 -1.107607e+02 1.685000e+01
      vertex   2.785512e+01 -1.107607e+02 1.351667e+01
      vertex   2.803680e+01 -1.108454e+02 1.685000e+01
    endloop
  endfacet
  facet normal -4.226183e-01 -9.063078e-01 -0.000000e+00
    outer loop
      vertex   2.803680e+01 -1.108454e+02 1.685000e+01
      vertex   2.785512e+01 -1.107607e+02 1.351667e+01
      vertex   2.803680e+01 -1.108454e+02 1.351667e+01
    endloop
  endfacet
  facet normal -5.735764e-01 -8.191520e-01 -0.000000e+00
    outer loop
      vertex   2.803680e+01 -1.108454e+02 1.685000e+01
      vertex   2.803680e+01 -1.108454e+02 1.351667e+01
      vertex   2.820101e+01 -1.109604e+02 1.685000e+01
    endloop
  endfacet
  facet normal -5.735764e-01 -8.191520e-01 6.113259e-16
    outer loop
      vertex   2.820101e+01 -1.109604e+02 1.685000e+01
      vertex   2.803680e+01 -1.108454e+02 1.351667e+01
      vertex   2.820101e+01 -1.109604e+02 1.351667e+01
    endloop
  endfacet
  facet normal -7.071068e-01 -7.071068e-01 7.536444e-16
    outer loop
      vertex   2.820101e+01 -1.109604e+02 1.685000e+01
      vertex   2.820101e+01 -1.109604e+02 1.351667e+01
      vertex   2.834275e+01 -1.111021e+02 1.685000e+01
    endloop
  endfacet
  facet normal -7.071068e-01 -7.071068e-01 -0.000000e+00
    outer loop
      vertex   2.834275e+01 -1.111021e+02 1.685000e+01
      vertex   2.820101e+01 -1.109604e+02 1.351667e+01
      vertex   2.834275e+01 -1.111021e+02 1.351667e+01
    endloop
  endfacet
  facet normal -8.191520e-01 -5.735764e-01 -0.000000e+00
    outer loop
      vertex   2.834275e+01 -1.111021e+02 1.685000e+01
      vertex   2.834275e+01 -1.111021e+02 1.351667e+01
      vertex   2.845773e+01 -1.112663e+02 1.685000e+01
    endloop
  endfacet
  facet normal -8.191520e-01 -5.735764e-01 -8.730638e-16
    outer loop
      vertex   2.845773e+01 -1.112663e+02 1.685000e+01
      vertex   2.834275e+01 -1.111021e+02 1.351667e+01
      vertex   2.845773e+01 -1.112663e+02 1.351667e+01
    endloop
  endfacet
  facet normal -9.063078e-01 -4.226183e-01 -9.659556e-16
    outer loop
      vertex   2.845773e+01 -1.112663e+02 1.685000e+01
      vertex   2.845773e+01 -1.112663e+02 1.351667e+01
      vertex   2.854245e+01 -1.114480e+02 1.685000e+01
    endloop
  endfacet
  facet normal -9.063078e-01 -4.226183e-01 9.659556e-16
    outer loop
      vertex   2.854245e+01 -1.114480e+02 1.685000e+01
      vertex   2.845773e+01 -1.112663e+02 1.351667e+01
      vertex   2.854245e+01 -1.114480e+02 1.351667e+01
    endloop
  endfacet
  facet normal -9.659258e-01 -2.588190e-01 1.029497e-15
    outer loop
      vertex   2.854245e+01 -1.114480e+02 1.685000e+01
      vertex   2.854245e+01 -1.114480e+02 1.351667e+01
      vertex   2.859433e+01 -1.116416e+02 1.685000e+01
    endloop
  endfacet
  facet normal -9.659258e-01 -2.588190e-01 -0.000000e+00
    outer loop
      vertex   2.859433e+01 -1.116416e+02 1.685000e+01
      vertex   2.854245e+01 -1.114480e+02 1.351667e+01
      vertex   2.859433e+01 -1.116416e+02 1.351667e+01
    endloop
  endfacet
  facet normal -9.961947e-01 8.715574e-02 0.000000e+00
    outer loop
      vertex   2.859433e+01 -1.120410e+02 6.850000e+00
      vertex   2.859433e+01 -1.120410e+02 1.018333e+01
      vertex   2.861180e+01 -1.118413e+02 6.850000e+00
    endloop
  endfacet
  facet normal -9.961947e-01 8.715574e-02 0.000000e+00
    outer loop
      vertex   2.861180e+01 -1.118413e+02 6.850000e+00
      vertex   2.859433e+01 -1.120410e+02 1.018333e+01
      vertex   2.861180e+01 -1.118413e+02 1.018333e+01
    endloop
  endfacet
  facet normal -9.961947e-01 -8.715574e-02 0.000000e+00
    outer loop
      vertex   2.861180e+01 -1.118413e+02 6.850000e+00
      vertex   2.861180e+01 -1.118413e+02 1.018333e+01
      vertex   2.859433e+01 -1.116416e+02 6.850000e+00
    endloop
  endfacet
  facet normal -9.961947e-01 -8.715574e-02 0.000000e+00
    outer loop
      vertex   2.859433e+01 -1.116416e+02 6.850000e+00
      vertex   2.861180e+01 -1.118413e+02 1.018333e+01
      vertex   2.859433e+01 -1.116416e+02 1.018333e+01
    endloop
  endfacet
  facet normal -9.659258e-01 -2.588190e-01 0.000000e+00
    outer loop
      vertex   2.859433e+01 -1.116416e+02 6.850000e+00
      vertex   2.859433e+01 -1.116416e+02 1.018333e+01
      vertex   2.854245e+01 -1.114480e+02 6.850000e+00
    endloop
  endfacet
  facet normal -9.659258e-01 -2.588190e-01 -1.029497e-15
    outer loop
      vertex   2.854245e+01 -1.114480e+02 6.850000e+00
      vertex   2.859433e+01 -1.116416e+02 1.018333e+01
      vertex   2.854245e+01 -1.114480e+02 1.018333e+01
    endloop
  endfacet
  facet normal -9.063078e-01 -4.226183e-01 -9.659556e-16
    outer loop
      vertex   2.854245e+01 -1.114480e+02 6.850000e+00
      vertex   2.854245e+01 -1.114480e+02 1.018333e+01
      vertex   2.845773e+01 -1.112663e+02 6.850000e+00
    endloop
  endfacet
  facet normal -9.063078e-01 -4.226183e-01 9.659556e-16
    outer loop
      vertex   2.845773e+01 -1.112663e+02 6.850000e+00
      vertex   2.854245e+01 -1.114480e+02 1.018333e+01
      vertex   2.845773e+01 -1.112663e+02 1.018333e+01
    endloop
  endfacet
  facet normal -8.191520e-01 -5.735764e-01 8.730638e-16
    outer loop
      vertex   2.845773e+01 -1.112663e+02 6.850000e+00
      vertex   2.845773e+01 -1.112663e+02 1.018333e+01
      vertex   2.834275e+01 -1.111021e+02 6.850000e+00
    endloop
  endfacet
  facet normal -8.191520e-01 -5.735764e-01 0.000000e+00
    outer loop
      vertex   2.834275e+01 -1.111021e+02 6.850000e+00
      vertex   2.845773e+01 -1.112663e+02 1.018333e+01
      vertex   2.834275e+01 -1.111021e+02 1.018333e+01
    endloop
  endfacet
  facet normal -7.071068e-01 -7.071068e-01 0.000000e+00
    outer loop
      vertex   2.834275e+01 -1.111021e+02 6.850000e+00
      vertex   2.834275e+01 -1.111021e+02 1.018333e+01
      vertex   2.820101e+01 -1.109604e+02 6.850000e+00
    endloop
  endfacet
  facet normal -7.071068e-01 -7.071068e-01 -7.536444e-16
    outer loop
      vertex   2.820101e+01 -1.109604e+02 6.850000e+00
      vertex   2.834275e+01 -1.111021e+02 1.018333e+01
      vertex   2.820101e+01 -1.109604e+02 1.018333e+01
    endloop
  endfacet
  facet normal -5.735764e-01 -8.191520e-01 -6.113259e-16
    outer loop
      vertex   2.820101e+01 -1.109604e+02 6.850000e+00
      vertex   2.820101e+01 -1.109604e+02 1.018333e+01
      vertex   2.803680e+01 -1.108454e+02 6.850000e+00
    endloop
  endfacet
  facet normal -5.735764e-01 -8.191520e-01 0.000000e+00
    outer loop
      vertex   2.803680e+01 -1.108454e+02 6.850000e+00
      vertex   2.820101e+01 -1.109604e+02 1.018333e+01
      vertex   2.803680e+01 -1.108454e+02 1.018333e+01
    endloop
  endfacet
  facet normal -4.226183e-01 -9.063078e-01 0.000000e+00
    outer loop
      vertex   2.803680e+01 -1.108454e+02 6.850000e+00
      vertex   2.803680e+01 -1.108454e+02 1.018333e+01
      vertex   2.785512e+01 -1.107607e+02 6.850000e+00
    endloop
  endfacet
  facet normal -4.226183e-01 -9.063078e-01 9.008650e-16
    outer loop
      vertex   2.785512e+01 -1.107607e+02 6.850000e+00
      vertex   2.803680e+01 -1.108454e+02 1.018333e+01
      vertex   2.785512e+01 -1.107607e+02 1.018333e+01
    endloop
  endfacet
  facet normal -2.588190e-01 -9.659258e-01 5.517060e-16
    outer loop
      vertex   2.785512e+01 -1.107607e+02 6.850000e+00
      vertex   2.785512e+01 -1.107607e+02 1.018333e+01
      vertex   2.766150e+01 -1.107088e+02 6.850000e+00
    endloop
  endfacet
  facet normal -2.588190e-01 -9.659258e-01 0.000000e+00
    outer loop
      vertex   2.766150e+01 -1.107088e+02 6.850000e+00
      vertex   2.785512e+01 -1.107607e+02 1.018333e+01
      vertex   2.766150e+01 -1.107088e+02 1.018333e+01
    endloop
  endfacet
  facet normal -8.715574e-02 -9.961947e-01 0.000000e+00
    outer loop
      vertex   2.766150e+01 -1.107088e+02 6.850000e+00
      vertex   2.766150e+01 -1.107088e+02 1.018333e+01
      vertex   2.746180e+01 -1.106913e+02 6.850000e+00
    endloop
  endfacet
  facet normal -8.715574e-02 -9.961947e-01 0.000000e+00
    outer loop
      vertex   2.746180e+01 -1.106913e+02 6.850000e+00
      vertex   2.766150e+01 -1.107088e+02 1.018333e+01
      vertex   2.746180e+01 -1.106913e+02 1.018333e+01
    endloop
  endfacet
  facet normal 8.715574e-02 -9.961947e-01 0.000000e+00
    outer loop
      vertex   2.746180e+01 -1.106913e+02 6.850000e+00
      vertex   2.746180e+01 -1.106913e+02 1.018333e+01
      vertex   2.726210e+01 -1.107088e+02 6.850000e+00
    endloop
  endfacet
  facet normal 8.715574e-02 -9.961947e-01 0.000000e+00
    outer loop
      vertex   2.726210e+01 -1.107088e+02 6.850000e+00
      vertex   2.746180e+01 -1.106913e+02 1.018333e+01
      vertex   2.726210e+01 -1.107088e+02 1.018333e+01
    endloop
  endfacet
  facet normal 2.588190e-01 -9.659258e-01 0.000000e+00
    outer loop
      vertex   2.726210e+01 -1.107088e+02 6.850000e+00
      vertex   2.726210e+01 -1.107088e+02 1.018333e+01
      vertex   2.706848e+01 -1.107607e+02 6.850000e+00
    endloop
  endfacet
  facet normal 2.588190e-01 -9.659258e-01 5.517060e-16
    outer loop
      vertex   2.706848e+01 -1.107607e+02 6.850000e+00
      vertex   2.726210e+01 -1.107088e+02 1.018333e+01
      vertex   2.706848e+01 -1.107607e+02 1.018333e+01
    endloop
  endfacet
  facet normal 4.226183e-01 -9.063078e-01 9.008650e-16
    outer loop
      vertex   2.706848e+01 -1.107607e+02 6.850000e+00
      vertex   2.706848e+01 -1.107607e+02 1.018333e+01
      vertex   2.688680e+01 -1.108454e+02 6.850000e+00
    endloop
  endfacet
  facet normal 4.226183e-01 -9.063078e-01 0.000000e+00
    outer loop
      vertex   2.688680e+01 -1.108454e+02 6.850000e+00
      vertex   2.706848e+01 -1.107607e+02 1.018333e+01
      vertex   2.688680e+01 -1.108454e+02 1.018333e+01
    endloop
  endfacet
  facet normal 5.735764e-01 -8.191520e-01 0.000000e+00
    outer loop
      vertex   2.688680e+01 -1.108454e+02 6.850000e+00
      vertex   2.688680e+01 -1.108454e+02 1.018333e+01
      vertex   2.672259e+01 -1.109604e+02 6.850000e+00
    endloop
  endfacet
  facet normal 5.735764e-01 -8.191520e-01 -6.113259e-16
    outer loop
      vertex   2.672259e+01 -1.109604e+02 6.850000e+00
      vertex   2.688680e+01 -1.108454e+02 1.018333e+01
      vertex   2.672259e+01 -1.109604e+02 1.018333e+01
    endloop
  endfacet
  facet normal 7.071068e-01 -7.071068e-01 -7.536444e-16
    outer loop
      vertex   2.672259e+01 -1.109604e+02 6.850000e+00
      vertex   2.672259e+01 -1.109604e+02 1.018333e+01
      vertex   2.658085e+01 -1.111021e+02 6.850000e+00
    endloop
  endfacet
  facet normal 7.071068e-01 -7.071068e-01 0.000000e+00
    outer loop
      vertex   2.658085e+01 -1.111021e+02 6.850000e+00
      vertex   2.672259e+01 -1.109604e+02 1.018333e+01
      vertex   2.658085e+01 -1.111021e+02 1.018333e+01
    endloop
  endfacet
  facet normal 8.191520e-01 -5.735764e-01 0.000000e+00
    outer loop
      vertex   2.658085e+01 -1.111021e+02 6.850000e+00
      vertex   2.658085e+01 -1.111021e+02 1.018333e+01
      vertex   2.646587e+01 -1.112663e+02 6.850000e+00
    endloop
  endfacet
  facet normal 8.191520e-01 -5.735764e-01 8.730638e-16
    outer loop
      vertex   2.646587e+01 -1.112663e+02 6.850000e+00
      vertex   2.658085e+01 -1.111021e+02 1.018333e+01
      vertex   2.646587e+01 -1.112663e+02 1.018333e+01
    endloop
  endfacet
  facet normal 9.063078e-01 -4.226183e-01 9.659556e-16
    outer loop
      vertex   2.646587e+01 -1.112663e+02 6.850000e+00
      vertex   2.646587e+01 -1.112663e+02 1.018333e+01
      vertex   2.638115e+01 -1.114480e+02 6.850000e+00
    endloop
  endfacet
  facet normal 9.063078e-01 -4.226183e-01 -9.659556e-16
    outer loop
      vertex   2.638115e+01 -1.114480e+02 6.850000e+00
      vertex   2.646587e+01 -1.112663e+02 1.018333e+01
      vertex   2.638115e+01 -1.114480e+02 1.018333e+01
    endloop
  endfacet
  facet normal 9.659258e-01 -2.588190e-01 -1.029497e-15
    outer loop
      vertex   2.638115e+01 -1.114480e+02 6.850000e+00
      vertex   2.638115e+01 -1.114480e+02 1.018333e+01
      vertex   2.632927e+01 -1.116416e+02 6.850000e+00
    endloop
  endfacet
  facet normal 9.659258e-01 -2.588190e-01 0.000000e+00
    outer loop
      vertex   2.632927e+01 -1.116416e+02 6.850000e+00
      vertex   2.638115e+01 -1.114480e+02 1.018333e+01
      vertex   2.632927e+01 -1.116416e+02 1.018333e+01
    endloop
  endfacet
  facet normal 9.961947e-01 -8.715574e-02 0.000000e+00
    outer loop
      vertex   2.632927e+01 -1.116416e+02 6.850000e+00
      vertex   2.632927e+01 -1.116416e+02 1.018333e+01
      vertex   2.631180e+01 -1.118413e+02 6.850000e+00
    endloop
  endfacet
  facet normal 9.961947e-01 -8.715574e-02 0.000000e+00
    outer loop
      vertex   2.631180e+01 -1.118413e+02 6.850000e+00
      vertex   2.632927e+01 -1.116416e+02 1.018333e+01
      vertex   2.631180e+01 -1.118413e+02 1.018333e+01
    endloop
  endfacet
  facet normal 9.961947e-01 8.715574e-02 -0.000000e+00
    outer loop
      vertex   2.631180e+01 -1.118413e+02 6.850000e+00
      vertex   2.631180e+01 -1.118413e+02 1.018333e+01
      vertex   2.632927e+01 -1.120410e+02 6.850000e+00
    endloop
  endfacet
  facet normal 9.961947e-01 8.715574e-02 -0.000000e+00
    outer loop
      vertex   2.632927e+01 -1.120410e+02 6.850000e+00
      vertex   2.631180e+01 -1.118413e+02 1.018333e+01
      vertex   2.632927e+01 -1.120410e+02 1.018333e+01
    endloop
  endfacet
  facet normal 9.659258e-01 2.588190e-01 -0.000000e+00
    outer loop
      vertex   2.632927e+01 -1.120410e+02 6.850000e+00
      vertex   2.632927e+01 -1.120410e+02 1.018333e+01
      vertex   2.638115e+01 -1.122346e+02 6.850000e+00
    endloop
  endfacet
  facet normal 9.659258e-01 2.588190e-01 -1.029497e-15
    outer loop
      vertex   2.638115e+01 -1.122346e+02 6.850000e+00
      vertex   2.632927e+01 -1.120410e+02 1.018333e+01
      vertex   2.638115e+01 -1.122346e+02 1.018333e+01
    endloop
  endfacet
  facet normal 9.063078e-01 4.226183e-01 -9.659556e-16
    outer loop
      vertex   2.638115e+01 -1.122346e+02 6.850000e+00
      vertex   2.638115e+01 -1.122346e+02 1.018333e+01
      vertex   2.646587e+01 -1.124163e+02 6.850000e+00
    endloop
  endfacet
  facet normal 9.063078e-01 4.226183e-01 9.659556e-16
    outer loop
      vertex   2.646587e+01 -1.124163e+02 6.850000e+00
      vertex   2.638115e+01 -1.122346e+02 1.018333e+01
      vertex   2.646587e+01 -1.124163e+02 1.018333e+01
    endloop
  endfacet
  facet normal 8.191520e-01 5.735764e-01 8.730638e-16
    outer loop
      vertex   2.646587e+01 -1.124163e+02 6.850000e+00
      vertex   2.646587e+01 -1.124163e+02 1.018333e+01
      vertex   2.658085e+01 -1.125805e+02 6.850000e+00
    endloop
  endfacet
  facet normal 8.191520e-01 5.735764e-01 -0.000000e+00
    outer loop
      vertex   2.658085e+01 -1.125805e+02 6.850000e+00
      vertex   2.646587e+01 -1.124163e+02 1.018333e+01
      vertex   2.658085e+01 -1.125805e+02 1.018333e+01
    endloop
  endfacet
  facet normal 7.071068e-01 7.071068e-01 -0.000000e+00
    outer loop
      vertex   2.658085e+01 -1.125805e+02 6.850000e+00
      vertex   2.658085e+01 -1.125805e+02 1.018333e+01
      vertex   2.672259e+01 -1.127223e+02 6.850000e+00
    endloop
  endfacet
  facet normal 7.071068e-01 7.071068e-01 -7.536444e-16
    outer loop
      vertex   2.672259e+01 -1.127223e+02 6.850000e+00
      vertex   2.658085e+01 -1.125805e+02 1.018333e+01
      vertex   2.672259e+01 -1.127223e+02 1.018333e+01
    endloop
  endfacet
  facet normal 5.735764e-01 8.191520e-01 -6.113259e-16
    outer loop
      vertex   2.672259e+01 -1.127223e+02 6.850000e+00
      vertex   2.672259e+01 -1.127223e+02 1.018333e+01
      vertex   2.688680e+01 -1.128373e+02 6.850000e+00
    endloop
  endfacet
  facet normal 5.735764e-01 8.191520e-01 -0.000000e+00
    outer loop
      vertex   2.688680e+01 -1.128373e+02 6.850000e+00
      vertex   2.672259e+01 -1.127223e+02 1.018333e+01
      vertex   2.688680e+01 -1.128373e+02 1.018333e+01
    endloop
  endfacet
  facet normal 4.226183e-01 9.063078e-01 -0.000000e+00
    outer loop
      vertex   2.688680e+01 -1.128373e+02 6.850000e+00
      vertex   2.688680e+01 -1.128373e+02 1.018333e+01
      vertex   2.706848e+01 -1.129220e+02 6.850000e+00
    endloop
  endfacet
  facet normal 4.226183e-01 9.063078e-01 4.504325e-16
    outer loop
      vertex   2.706848e+01 -1.129220e+02 6.850000e+00
      vertex   2.688680e+01 -1.128373e+02 1.018333e+01
      vertex   2.706848e+01 -1.129220e+02 1.018333e+01
    endloop
  endfacet
  facet normal 2.588190e-01 9.659258e-01 2.758530e-16
    outer loop
      vertex   2.706848e+01 -1.129220e+02 6.850000e+00
      vertex   2.706848e+01 -1.129220e+02 1.018333e+01
      vertex   2.726210e+01 -1.129739e+02 6.850000e+00
    endloop
  endfacet
  facet normal 2.588190e-01 9.659258e-01 -0.000000e+00
    outer loop
      vertex   2.726210e+01 -1.129739e+02 6.850000e+00
      vertex   2.706848e+01 -1.129220e+02 1.018333e+01
      vertex   2.726210e+01 -1.129739e+02 1.018333e+01
    endloop
  endfacet
  facet normal 8.715574e-02 9.961947e-01 -0.000000e+00
    outer loop
      vertex   2.726210e+01 -1.129739e+02 6.850000e+00
      vertex   2.726210e+01 -1.129739e+02 1.018333e+01
      vertex   2.746180e+01 -1.129913e+02 6.850000e+00
    endloop
  endfacet
  facet normal 8.715574e-02 9.961947e-01 -0.000000e+00
    outer loop
      vertex   2.746180e+01 -1.129913e+02 6.850000e+00
      vertex   2.726210e+01 -1.129739e+02 1.018333e+01
      vertex   2.746180e+01 -1.129913e+02 1.018333e+01
    endloop
  endfacet
  facet normal -8.715574e-02 9.961947e-01 0.000000e+00
    outer loop
      vertex   2.746180e+01 -1.129913e+02 6.850000e+00
      vertex   2.746180e+01 -1.129913e+02 1.018333e+01
      vertex   2.766150e+01 -1.129739e+02 6.850000e+00
    endloop
  endfacet
  facet normal -8.715574e-02 9.961947e-01 0.000000e+00
    outer loop
      vertex   2.766150e+01 -1.129739e+02 6.850000e+00
      vertex   2.746180e+01 -1.129913e+02 1.018333e+01
      vertex   2.766150e+01 -1.129739e+02 1.018333e+01
    endloop
  endfacet
  facet normal -2.588190e-01 9.659258e-01 0.000000e+00
    outer loop
      vertex   2.766150e+01 -1.129739e+02 6.850000e+00
      vertex   2.766150e+01 -1.129739e+02 1.018333e+01
      vertex   2.785512e+01 -1.129220e+02 6.850000e+00
    endloop
  endfacet
  facet normal -2.588190e-01 9.659258e-01 5.517060e-16
    outer loop
      vertex   2.785512e+01 -1.129220e+02 6.850000e+00
      vertex   2.766150e+01 -1.129739e+02 1.018333e+01
      vertex   2.785512e+01 -1.129220e+02 1.018333e+01
    endloop
  endfacet
  facet normal -4.226183e-01 9.063078e-01 9.008650e-16
    outer loop
      vertex   2.785512e+01 -1.129220e+02 6.850000e+00
      vertex   2.785512e+01 -1.129220e+02 1.018333e+01
      vertex   2.803680e+01 -1.128373e+02 6.850000e+00
    endloop
  endfacet
  facet normal -4.226183e-01 9.063078e-01 0.000000e+00
    outer loop
      vertex   2.803680e+01 -1.128373e+02 6.850000e+00
      vertex   2.785512e+01 -1.129220e+02 1.018333e+01
      vertex   2.803680e+01 -1.128373e+02 1.018333e+01
    endloop
  endfacet
  facet normal -5.735764e-01 8.191520e-01 0.000000e+00
    outer loop
      vertex   2.803680e+01 -1.128373e+02 6.850000e+00
      vertex   2.803680e+01 -1.128373e+02 1.018333e+01
      vertex   2.820101e+01 -1.127223e+02 6.850000e+00
    endloop
  endfacet
  facet normal -5.735764e-01 8.191520e-01 -6.113259e-16
    outer loop
      vertex   2.820101e+01 -1.127223e+02 6.850000e+00
      vertex   2.803680e+01 -1.128373e+02 1.018333e+01
      vertex   2.820101e+01 -1.127223e+02 1.018333e+01
    endloop
  endfacet
  facet normal -7.071068e-01 7.071068e-01 -7.536444e-16
    outer loop
      vertex   2.820101e+01 -1.127223e+02 6.850000e+00
      vertex   2.820101e+01 -1.127223e+02 1.018333e+01
      vertex   2.834275e+01 -1.125805e+02 6.850000e+00
    endloop
  endfacet
  facet normal -7.071068e-01 7.071068e-01 0.000000e+00
    outer loop
      vertex   2.834275e+01 -1.125805e+02 6.850000e+00
      vertex   2.820101e+01 -1.127223e+02 1.018333e+01
      vertex   2.834275e+01 -1.125805e+02 1.018333e+01
    endloop
  endfacet
  facet normal -8.191520e-01 5.735764e-01 0.000000e+00
    outer loop
      vertex   2.834275e+01 -1.125805e+02 6.850000e+00
      vertex   2.834275e+01 -1.125805e+02 1.018333e+01
      vertex   2.845773e+01 -1.124163e+02 6.850000e+00
    endloop
  endfacet
  facet normal -8.191520e-01 5.735764e-01 8.730638e-16
    outer loop
      vertex   2.845773e+01 -1.124163e+02 6.850000e+00
      vertex   2.834275e+01 -1.125805e+02 1.018333e+01
      vertex   2.845773e+01 -1.124163e+02 1.018333e+01
    endloop
  endfacet
  facet normal -9.063078e-01 4.226183e-01 9.659556e-16
    outer loop
      vertex   2.845773e+01 -1.124163e+02 6.850000e+00
      vertex   2.845773e+01 -1.124163e+02 1.018333e+01
      vertex   2.854245e+01 -1.122346e+02 6.850000e+00
    endloop
  endfacet
  facet normal -9.063078e-01 4.226183e-01 -9.659556e-16
    outer loop
      vertex   2.854245e+01 -1.122346e+02 6.850000e+00
      vertex   2.845773e+01 -1.124163e+02 1.018333e+01
      vertex   2.854245e+01 -1.122346e+02 1.018333e+01
    endloop
  endfacet
  facet normal -9.659258e-01 2.588190e-01 -1.029497e-15
    outer loop
      vertex   2.854245e+01 -1.122346e+02 6.850000e+00
      vertex   2.854245e+01 -1.122346e+02 1.018333e+01
      vertex   2.859433e+01 -1.120410e+02 6.850000e+00
    endloop
  endfacet
  facet normal -9.659258e-01 2.588190e-01 0.000000e+00
    outer loop
      vertex   2.859433e+01 -1.120410e+02 6.850000e+00
      vertex   2.854245e+01 -1.122346e+02 1.018333e+01
      vertex   2.859433e+01 -1.120410e+02 1.018333e+01
    endloop
  endfacet
  facet normal -9.961947e-01 8.715574e-02 0.000000e+00
    outer loop
      vertex   2.861180e+01 -1.118413e+02 1.351667e+01
      vertex   2.861180e+01 -1.118413e+02 1.018333e+01
      vertex   2.859433e+01 -1.120410e+02 1.351667e+01
    endloop
  endfacet
  facet normal -9.961947e-01 8.715574e-02 0.000000e+00
    outer loop
      vertex   2.859433e+01 -1.120410e+02 1.351667e+01
      vertex   2.861180e+01 -1.118413e+02 1.018333e+01
      vertex   2.859433e+01 -1.120410e+02 1.018333e+01
    endloop
  endfacet
  facet normal -9.659258e-01 2.588190e-01 0.000000e+00
    outer loop
      vertex   2.859433e+01 -1.120410e+02 1.351667e+01
      vertex   2.859433e+01 -1.120410e+02 1.018333e+01
      vertex   2.854245e+01 -1.122346e+02 1.351667e+01
    endloop
  endfacet
  facet normal -9.659258e-01 2.588190e-01 0.000000e+00
    outer loop
      vertex   2.854245e+01 -1.122346e+02 1.351667e+01
      vertex   2.859433e+01 -1.120410e+02 1.018333e+01
      vertex   2.854245e+01 -1.122346e+02 1.018333e+01
    endloop
  endfacet
  facet normal -9.063078e-01 4.226183e-01 0.000000e+00
    outer loop
      vertex   2.854245e+01 -1.122346e+02 1.351667e+01
      vertex   2.854245e+01 -1.122346e+02 1.018333e+01
      vertex   2.845773e+01 -1.124163e+02 1.351667e+01
    endloop
  endfacet
  facet normal -9.063078e-01 4.226183e-01 0.000000e+00
    outer loop
      vertex   2.845773e+01 -1.124163e+02 1.351667e+01
      vertex   2.854245e+01 -1.122346e+02 1.018333e+01
      vertex   2.845773e+01 -1.124163e+02 1.018333e+01
    endloop
  endfacet
  facet normal -8.191520e-01 5.735764e-01 0.000000e+00
    outer loop
      vertex   2.845773e+01 -1.124163e+02 1.351667e+01
      vertex   2.845773e+01 -1.124163e+02 1.018333e+01
      vertex   2.834275e+01 -1.125805e+02 1.351667e+01
    endloop
  endfacet
  facet normal -8.191520e-01 5.735764e-01 0.000000e+00
    outer loop
      vertex   2.834275e+01 -1.125805e+02 1.351667e+01
      vertex   2.845773e+01 -1.124163e+02 1.018333e+01
      vertex   2.834275e+01 -1.125805e+02 1.018333e+01
    endloop
  endfacet
  facet normal -7.071068e-01 7.071068e-01 0.000000e+00
    outer loop
      vertex   2.834275e+01 -1.125805e+02 1.351667e+01
      vertex   2.834275e+01 -1.125805e+02 1.018333e+01
      vertex   2.820101e+01 -1.127223e+02 1.351667e+01
    endloop
  endfacet
  facet normal -7.071068e-01 7.071068e-01 0.000000e+00
    outer loop
      vertex   2.820101e+01 -1.127223e+02 1.351667e+01
      vertex   2.834275e+01 -1.125805e+02 1.018333e+01
      vertex   2.820101e+01 -1.127223e+02 1.018333e+01
    endloop
  endfacet
  facet normal -5.735764e-01 8.191520e-01 0.000000e+00
    outer loop
      vertex   2.820101e+01 -1.127223e+02 1.351667e+01
      vertex   2.820101e+01 -1.127223e+02 1.018333e+01
      vertex   2.803680e+01 -1.128373e+02 1.351667e+01
    endloop
  endfacet
  facet normal -5.735764e-01 8.191520e-01 0.000000e+00
    outer loop
      vertex   2.803680e+01 -1.128373e+02 1.351667e+01
      vertex   2.820101e+01 -1.127223e+02 1.018333e+01
      vertex   2.803680e+01 -1.128373e+02 1.018333e+01
    endloop
  endfacet
  facet normal -4.226183e-01 9.063078e-01 0.000000e+00
    outer loop
      vertex   2.803680e+01 -1.128373e+02 1.351667e+01
      vertex   2.803680e+01 -1.128373e+02 1.018333e+01
      vertex   2.785512e+01 -1.129220e+02 1.351667e+01
    endloop
  endfacet
  facet normal -4.226183e-01 9.063078e-01 0.000000e+00
    outer loop
      vertex   2.785512e+01 -1.129220e+02 1.351667e+01
      vertex   2.803680e+01 -1.128373e+02 1.018333e+01
      vertex   2.785512e+01 -1.129220e+02 1.018333e+01
    endloop
  endfacet
  facet normal -2.588190e-01 9.659258e-01 0.000000e+00
    outer loop
      vertex   2.785512e+01 -1.129220e+02 1.351667e+01
      vertex   2.785512e+01 -1.129220e+02 1.018333e+01
      vertex   2.766150e+01 -1.129739e+02 1.351667e+01
    endloop
  endfacet
  facet normal -2.588190e-01 9.659258e-01 0.000000e+00
    outer loop
      vertex   2.766150e+01 -1.129739e+02 1.351667e+01
      vertex   2.785512e+01 -1.129220e+02 1.018333e+01
      vertex   2.766150e+01 -1.129739e+02 1.018333e+01
    endloop
  endfacet
  facet normal -8.715574e-02 9.961947e-01 0.000000e+00
    outer loop
      vertex   2.766150e+01 -1.129739e+02 1.351667e+01
      vertex   2.766150e+01 -1.129739e+02 1.018333e+01
      vertex   2.746180e+01 -1.129913e+02 1.351667e+01
    endloop
  endfacet
  facet normal -8.715574e-02 9.961947e-01 0.000000e+00
    outer loop
      vertex   2.746180e+01 -1.129913e+02 1.351667e+01
      vertex   2.766150e+01 -1.129739e+02 1.018333e+01
      vertex   2.746180e+01 -1.129913e+02 1.018333e+01
    endloop
  endfacet
  facet normal 8.715574e-02 9.961947e-01 0.000000e+00
    outer loop
      vertex   2.746180e+01 -1.129913e+02 1.351667e+01
      vertex   2.746180e+01 -1.129913e+02 1.018333e+01
      vertex   2.726210e+01 -1.129739e+02 1.351667e+01
    endloop
  endfacet
  facet normal 8.715574e-02 9.961947e-01 0.000000e+00
    outer loop
      vertex   2.726210e+01 -1.129739e+02 1.351667e+01
      vertex   2.746180e+01 -1.129913e+02 1.018333e+01
      vertex   2.726210e+01 -1.129739e+02 1.018333e+01
    endloop
  endfacet
  facet normal 2.588190e-01 9.659258e-01 0.000000e+00
    outer loop
      vertex   2.726210e+01 -1.129739e+02 1.351667e+01
      vertex   2.726210e+01 -1.129739e+02 1.018333e+01
      vertex   2.706848e+01 -1.129220e+02 1.351667e+01
    endloop
  endfacet
  facet normal 2.588190e-01 9.659258e-01 0.000000e+00
    outer loop
      vertex   2.706848e+01 -1.129220e+02 1.351667e+01
      vertex   2.726210e+01 -1.129739e+02 1.018333e+01
      vertex   2.706848e+01 -1.129220e+02 1.018333e+01
    endloop
  endfacet
  facet normal 4.226183e-01 9.063078e-01 0.000000e+00
    outer loop
      vertex   2.706848e+01 -1.129220e+02 1.351667e+01
      vertex   2.706848e+01 -1.129220e+02 1.018333e+01
      vertex   2.688680e+01 -1.128373e+02 1.351667e+01
    endloop
  endfacet
  facet normal 4.226183e-01 9.063078e-01 0.000000e+00
    outer loop
      vertex   2.688680e+01 -1.128373e+02 1.351667e+01
      vertex   2.706848e+01 -1.129220e+02 1.018333e+01
      vertex   2.688680e+01 -1.128373e+02 1.018333e+01
    endloop
  endfacet
  facet normal 5.735764e-01 8.191520e-01 0.000000e+00
    outer loop
      vertex   2.688680e+01 -1.128373e+02 1.351667e+01
      vertex   2.688680e+01 -1.128373e+02 1.018333e+01
      vertex   2.672259e+01 -1.127223e+02 1.351667e+01
    endloop
  endfacet
  facet normal 5.735764e-01 8.191520e-01 0.000000e+00
    outer loop
      vertex   2.672259e+01 -1.127223e+02 1.351667e+01
      vertex   2.688680e+01 -1.128373e+02 1.018333e+01
      vertex   2.672259e+01 -1.127223e+02 1.018333e+01
    endloop
  endfacet
  facet normal 7.071068e-01 7.071068e-01 0.000000e+00
    outer loop
      vertex   2.672259e+01 -1.127223e+02 1.351667e+01
      vertex   2.672259e+01 -1.127223e+02 1.018333e+01
      vertex   2.658085e+01 -1.125805e+02 1.351667e+01
    endloop
  endfacet
  facet normal 7.071068e-01 7.071068e-01 0.000000e+00
    outer loop
      vertex   2.658085e+01 -1.125805e+02 1.351667e+01
      vertex   2.672259e+01 -1.127223e+02 1.018333e+01
      vertex   2.658085e+01 -1.125805e+02 1.018333e+01
    endloop
  endfacet
  facet normal 8.191520e-01 5.735764e-01 0.000000e+00
    outer loop
      vertex   2.658085e+01 -1.125805e+02 1.351667e+01
      vertex   2.658085e+01 -1.125805e+02 1.018333e+01
      vertex   2.646587e+01 -1.124163e+02 1.351667e+01
    endloop
  endfacet
  facet normal 8.191520e-01 5.735764e-01 0.000000e+00
    outer loop
      vertex   2.646587e+01 -1.124163e+02 1.351667e+01
      vertex   2.658085e+01 -1.125805e+02 1.018333e+01
      vertex   2.646587e+01 -1.124163e+02 1.018333e+01
    endloop
  endfacet
  facet normal 9.063078e-01 4.226183e-01 0.000000e+00
    outer loop
      vertex   2.646587e+01 -1.124163e+02 1.351667e+01
      vertex   2.646587e+01 -1.124163e+02 1.018333e+01
      vertex   2.638115e+01 -1.122346e+02 1.351667e+01
    endloop
  endfacet
  facet normal 9.063078e-01 4.226183e-01 0.000000e+00
    outer loop
      vertex   2.638115e+01 -1.122346e+02 1.351667e+01
      vertex   2.646587e+01 -1.124163e+02 1.018333e+01
      vertex   2.638115e+01 -1.122346e+02 1.018333e+01
    endloop
  endfacet
  facet normal 9.659258e-01 2.588190e-01 0.000000e+00
    outer loop
      vertex   2.638115e+01 -1.122346e+02 1.351667e+01
      vertex   2.638115e+01 -1.122346e+02 1.018333e+01
      vertex   2.632927e+01 -1.120410e+02 1.351667e+01
    endloop
  endfacet
  facet normal 9.659258e-01 2.588190e-01 0.000000e+00
    outer loop
      vertex   2.632927e+01 -1.120410e+02 1.351667e+01
      vertex   2.638115e+01 -1.122346e+02 1.018333e+01
      vertex   2.632927e+01 -1.120410e+02 1.018333e+01
    endloop
  endfacet
  facet normal 9.961947e-01 8.715574e-02 0.000000e+00
    outer loop
      vertex   2.632927e+01 -1.120410e+02 1.351667e+01
      vertex   2.632927e+01 -1.120410e+02 1.018333e+01
      vertex   2.631180e+01 -1.118413e+02 1.351667e+01
    endloop
  endfacet
  facet normal 9.961947e-01 8.715574e-02 0.000000e+00
    outer loop
      vertex   2.631180e+01 -1.118413e+02 1.351667e+01
      vertex   2.632927e+01 -1.120410e+02 1.018333e+01
      vertex   2.631180e+01 -1.118413e+02 1.018333e+01
    endloop
  endfacet
  facet normal 9.961947e-01 -8.715574e-02 0.000000e+00
    outer loop
      vertex   2.631180e+01 -1.118413e+02 1.351667e+01
      vertex   2.631180e+01 -1.118413e+02 1.018333e+01
      vertex   2.632927e+01 -1.116416e+02 1.351667e+01
    endloop
  endfacet
  facet normal 9.961947e-01 -8.715574e-02 0.000000e+00
    outer loop
      vertex   2.632927e+01 -1.116416e+02 1.351667e+01
      vertex   2.631180e+01 -1.118413e+02 1.018333e+01
      vertex   2.632927e+01 -1.116416e+02 1.018333e+01
    endloop
  endfacet
  facet normal 9.659258e-01 -2.588190e-01 0.000000e+00
    outer loop
      vertex   2.632927e+01 -1.116416e+02 1.351667e+01
      vertex   2.632927e+01 -1.116416e+02 1.018333e+01
      vertex   2.638115e+01 -1.114480e+02 1.351667e+01
    endloop
  endfacet
  facet normal 9.659258e-01 -2.588190e-01 0.000000e+00
    outer loop
      vertex   2.638115e+01 -1.114480e+02 1.351667e+01
      vertex   2.632927e+01 -1.116416e+02 1.018333e+01
      vertex   2.638115e+01 -1.114480e+02 1.018333e+01
    endloop
  endfacet
  facet normal 9.063078e-01 -4.226183e-01 0.000000e+00
    outer loop
      vertex   2.638115e+01 -1.114480e+02 1.351667e+01
      vertex   2.638115e+01 -1.114480e+02 1.018333e+01
      vertex   2.646587e+01 -1.112663e+02 1.351667e+01
    endloop
  endfacet
  facet normal 9.063078e-01 -4.226183e-01 0.000000e+00
    outer loop
      vertex   2.646587e+01 -1.112663e+02 1.351667e+01
      vertex   2.638115e+01 -1.114480e+02 1.018333e+01
      vertex   2.646587e+01 -1.112663e+02 1.018333e+01
    endloop
  endfacet
  facet normal 8.191520e-01 -5.735764e-01 0.000000e+00
    outer loop
      vertex   2.646587e+01 -1.112663e+02 1.351667e+01
      vertex   2.646587e+01 -1.112663e+02 1.018333e+01
      vertex   2.658085e+01 -1.111021e+02 1.351667e+01
    endloop
  endfacet
  facet normal 8.191520e-01 -5.735764e-01 0.000000e+00
    outer loop
      vertex   2.658085e+01 -1.111021e+02 1.351667e+01
      vertex   2.646587e+01 -1.112663e+02 1.018333e+01
      vertex   2.658085e+01 -1.111021e+02 1.018333e+01
    endloop
  endfacet
  facet normal 7.071068e-01 -7.071068e-01 0.000000e+00
    outer loop
      vertex   2.658085e+01 -1.111021e+02 1.351667e+01
      vertex   2.658085e+01 -1.111021e+02 1.018333e+01
      vertex   2.672259e+01 -1.109604e+02 1.351667e+01
    endloop
  endfacet
  facet normal 7.071068e-01 -7.071068e-01 0.000000e+00
    outer loop
      vertex   2.672259e+01 -1.109604e+02 1.351667e+01
      vertex   2.658085e+01 -1.111021e+02 1.018333e+01
      vertex   2.672259e+01 -1.109604e+02 1.018333e+01
    endloop
  endfacet
  facet normal 5.735764e-01 -8.191520e-01 0.000000e+00
    outer loop
      vertex   2.672259e+01 -1.109604e+02 1.351667e+01
      vertex   2.672259e+01 -1.109604e+02 1.018333e+01
      vertex   2.688680e+01 -1.108454e+02 1.351667e+01
    endloop
  endfacet
  facet normal 5.735764e-01 -8.191520e-01 0.000000e+00
    outer loop
      vertex   2.688680e+01 -1.108454e+02 1.351667e+01
      vertex   2.672259e+01 -1.109604e+02 1.018333e+01
      vertex   2.688680e+01 -1.108454e+02 1.018333e+01
    endloop
  endfacet
  facet normal 4.226183e-01 -9.063078e-01 0.000000e+00
    outer loop
      vertex   2.688680e+01 -1.108454e+02 1.351667e+01
      vertex   2.688680e+01 -1.108454e+02 1.018333e+01
      vertex   2.706848e+01 -1.107607e+02 1.351667e+01
    endloop
  endfacet
  facet normal 4.226183e-01 -9.063078e-01 0.000000e+00
    outer loop
      vertex   2.706848e+01 -1.107607e+02 1.351667e+01
      vertex   2.688680e+01 -1.108454e+02 1.018333e+01
      vertex   2.706848e+01 -1.107607e+02 1.018333e+01
    endloop
  endfacet
  facet normal 2.588190e-01 -9.659258e-01 0.000000e+00
    outer loop
      vertex   2.706848e+01 -1.107607e+02 1.351667e+01
      vertex   2.706848e+01 -1.107607e+02 1.018333e+01
      vertex   2.726210e+01 -1.107088e+02 1.351667e+01
    endloop
  endfacet
  facet normal 2.588190e-01 -9.659258e-01 0.000000e+00
    outer loop
      vertex   2.726210e+01 -1.107088e+02 1.351667e+01
      vertex   2.706848e+01 -1.107607e+02 1.018333e+01
      vertex   2.726210e+01 -1.107088e+02 1.018333e+01
    endloop
  endfacet
  facet normal 8.715574e-02 -9.961947e-01 0.000000e+00
    outer loop
      vertex   2.726210e+01 -1.107088e+02 1.351667e+01
      vertex   2.726210e+01 -1.107088e+02 1.018333e+01
      vertex   2.746180e+01 -1.106913e+02 1.351667e+01
    endloop
  endfacet
  facet normal 8.715574e-02 -9.961947e-01 0.000000e+00
    outer loop
      vertex   2.746180e+01 -1.106913e+02 1.351667e+01
      vertex   2.726210e+01 -1.107088e+02 1.018333e+01
      vertex   2.746180e+01 -1.106913e+02 1.018333e+01
    endloop
  endfacet
  facet normal -8.715574e-02 -9.961947e-01 -0.000000e+00
    outer loop
      vertex   2.746180e+01 -1.106913e+02 1.351667e+01
      vertex   2.746180e+01 -1.106913e+02 1.018333e+01
      vertex   2.766150e+01 -1.107088e+02 1.351667e+01
    endloop
  endfacet
  facet normal -8.715574e-02 -9.961947e-01 -0.000000e+00
    outer loop
      vertex   2.766150e+01 -1.107088e+02 1.351667e+01
      vertex   2.746180e+01 -1.106913e+02 1.018333e+01
      vertex   2.766150e+01 -1.107088e+02 1.018333e+01
    endloop
  endfacet
  facet normal -2.588190e-01 -9.659258e-01 -0.000000e+00
    outer loop
      vertex   2.766150e+01 -1.107088e+02 1.351667e+01
      vertex   2.766150e+01 -1.107088e+02 1.018333e+01
      vertex   2.785512e+01 -1.107607e+02 1.351667e+01
    endloop
  endfacet
  facet normal -2.588190e-01 -9.659258e-01 -0.000000e+00
    outer loop
      vertex   2.785512e+01 -1.107607e+02 1.351667e+01
      vertex   2.766150e+01 -1.107088e+02 1.018333e+01
      vertex   2.785512e+01 -1.107607e+02 1.018333e+01
    endloop
  endfacet
  facet normal -4.226183e-01 -9.063078e-01 -0.000000e+00
    outer loop
      vertex   2.785512e+01 -1.107607e+02 1.351667e+01
      vertex   2.785512e+01 -1.107607e+02 1.018333e+01
      vertex   2.803680e+01 -1.108454e+02 1.351667e+01
    endloop
  endfacet
  facet normal -4.226183e-01 -9.063078e-01 -0.000000e+00
    outer loop
      vertex   2.803680e+01 -1.108454e+02 1.351667e+01
      vertex   2.785512e+01 -1.107607e+02 1.018333e+01
      vertex   2.803680e+01 -1.108454e+02 1.018333e+01
    endloop
  endfacet
  facet normal -5.735764e-01 -8.191520e-01 -0.000000e+00
    outer loop
      vertex   2.803680e+01 -1.108454e+02 1.351667e+01
      vertex   2.803680e+01 -1.108454e+02 1.018333e+01
      vertex   2.820101e+01 -1.109604e+02 1.351667e+01
    endloop
  endfacet
  facet normal -5.735764e-01 -8.191520e-01 -0.000000e+00
    outer loop
      vertex   2.820101e+01 -1.109604e+02 1.351667e+01
      vertex   2.803680e+01 -1.108454e+02 1.018333e+01
      vertex   2.820101e+01 -1.109604e+02 1.018333e+01
    endloop
  endfacet
  facet normal -7.071068e-01 -7.071068e-01 -0.000000e+00
    outer loop
      vertex   2.820101e+01 -1.109604e+02 1.351667e+01
      vertex   2.820101e+01 -1.109604e+02 1.018333e+01
      vertex   2.834275e+01 -1.111021e+02 1.351667e+01
    endloop
  endfacet
  facet normal -7.071068e-01 -7.071068e-01 -0.000000e+00
    outer loop
      vertex   2.834275e+01 -1.111021e+02 1.351667e+01
      vertex   2.820101e+01 -1.109604e+02 1.018333e+01
      vertex   2.834275e+01 -1.111021e+02 1.018333e+01
    endloop
  endfacet
  facet normal -8.191520e-01 -5.735764e-01 -0.000000e+00
    outer loop
      vertex   2.834275e+01 -1.111021e+02 1.351667e+01
      vertex   2.834275e+01 -1.111021e+02 1.018333e+01
      vertex   2.845773e+01 -1.112663e+02 1.351667e+01
    endloop
  endfacet
  facet normal -8.191520e-01 -5.735764e-01 -0.000000e+00
    outer loop
      vertex   2.845773e+01 -1.112663e+02 1.351667e+01
      vertex   2.834275e+01 -1.111021e+02 1.018333e+01
      vertex   2.845773e+01 -1.112663e+02 1.018333e+01
    endloop
  endfacet
  facet normal -9.063078e-01 -4.226183e-01 -0.000000e+00
    outer loop
      vertex   2.845773e+01 -1.112663e+02 1.351667e+01
      vertex   2.845773e+01 -1.112663e+02 1.018333e+01
      vertex   2.854245e+01 -1.114480e+02 1.351667e+01
    endloop
  endfacet
  facet normal -9.063078e-01 -4.226183e-01 -0.000000e+00
    outer loop
      vertex   2.854245e+01 -1.114480e+02 1.351667e+01
      vertex   2.845773e+01 -1.112663e+02 1.018333e+01
      vertex   2.854245e+01 -1.114480e+02 1.018333e+01
    endloop
  endfacet
  facet normal -9.659258e-01 -2.588190e-01 -0.000000e+00
    outer loop
      vertex   2.854245e+01 -1.114480e+02 1.351667e+01
      vertex   2.854245e+01 -1.114480e+02 1.018333e+01
      vertex   2.859433e+01 -1.116416e+02 1.351667e+01
    endloop
  endfacet
  facet normal -9.659258e-01 -2.588190e-01 -0.000000e+00
    outer loop
      vertex   2.859433e+01 -1.116416e+02 1.351667e+01
      vertex   2.854245e+01 -1.114480e+02 1.018333e+01
      vertex   2.859433e+01 -1.116416e+02 1.018333e+01
    endloop
  endfacet
  facet normal -9.961947e-01 -8.715574e-02 -0.000000e+00
    outer loop
      vertex   2.859433e+01 -1.116416e+02 1.351667e+01
      vertex   2.859433e+01 -1.116416e+02 1.018333e+01
      vertex   2.861180e+01 -1.118413e+02 1.351667e+01
    endloop
  endfacet
  facet normal -9.961947e-01 -8.715574e-02 -0.000000e+00
    outer loop
      vertex   2.861180e+01 -1.118413e+02 1.351667e+01
      vertex   2.859433e+01 -1.116416e+02 1.018333e+01
      vertex   2.861180e+01 -1.118413e+02 1.018333e+01
    endloop
  endfacet
  facet normal 0.000000e+00 0.000000e+00 -1.000000e+00
    outer loop
      vertex   2.859433e+01 -1.120410e+02 1.685000e+01
      vertex   2.632927e+01 -1.120410e+02 1.685000e+01
      vertex   2.861180e+01 -1.118413e+02 1.685000e+01
    endloop
  endfacet
  facet normal -0.000000e+00 0.000000e+00 -1.000000e+00
    outer loop
      vertex   2.861180e+01 -1.118413e+02 1.685000e+01
      vertex   2.632927e+01 -1.120410e+02 1.685000e+01
      vertex   2.631180e+01 -1.118413e+02 1.685000e+01
    endloop
  endfacet
  facet normal 0.000000e+00 0.000000e+00 -1.000000e+00
    outer loop
      vertex   2.861180e+01 -1.118413e+02 1.685000e+01
      vertex   2.631180e+01 -1.118413e+02 1.685000e+01
      vertex   2.859433e+01 -1.116416e+02 1.685000e+01
    endloop
  endfacet
  facet normal -0.000000e+00 0.000000e+00 -1.000000e+00
    outer loop
      vertex   2.859433e+01 -1.116416e+02 1.685000e+01
      vertex   2.631180e+01 -1.118413e+02 1.685000e+01
      vertex   2.632927e+01 -1.116416e+02 1.685000e+01
    endloop
  endfacet
  facet normal 0.000000e+00 0.000000e+00 -1.000000e+00
    outer loop
      vertex   2.859433e+01 -1.116416e+02 1.685000e+01
      vertex   2.632927e+01 -1.116416e+02 1.685000e+01
      vertex   2.854245e+01 -1.114480e+02 1.685000e+01
    endloop
  endfacet
  facet normal -0.000000e+00 0.000000e+00 -1.000000e+00
    outer loop
      vertex   2.854245e+01 -1.114480e+02 1.685000e+01
      vertex   2.632927e+01 -1.116416e+02 1.685000e+01
      vertex   2.638115e+01 -1.114480e+02 1.685000e+01
    endloop
  endfacet
  facet normal 0.000000e+00 0.000000e+00 -1.000000e+00
    outer loop
      vertex   2.854245e+01 -1.114480e+02 1.685000e+01
      vertex   2.638115e+01 -1.114480e+02 1.685000e+01
      vertex   2.845773e+01 -1.112663e+02 1.685000e+01
    endloop
  endfacet
  facet normal -0.000000e+00 0.000000e+00 -1.000000e+00
    outer loop
      vertex   2.845773e+01 -1.112663e+02 1.685000e+01
      vertex   2.638115e+01 -1.114480e+02 1.685000e+01
      vertex   2.646587e+01 -1.112663e+02 1.685000e+01
    endloop
  endfacet
  facet normal 0.000000e+00 0.000000e+00 -1.000000e+00
    outer loop
      vertex   2.845773e+01 -1.112663e+02 1.685000e+01
      vertex   2.646587e+01 -1.112663e+02 1.685000e+01
      vertex   2.834275e+01 -1.111021e+02 1.685000e+01
    endloop
  endfacet
  facet normal -0.000000e+00 0.000000e+00 -1.000000e+00
    outer loop
      vertex   2.834275e+01 -1.111021e+02 1.685000e+01
      vertex   2.646587e+01 -1.112663e+02 1.685000e+01
      vertex   2.658085e+01 -1.111021e+02 1.685000e+01
    endloop
  endfacet
  facet normal 0.000000e+00 0.000000e+00 -1.000000e+00
    outer loop
      vertex   2.834275e+01 -1.111021e+02 1.685000e+01
      vertex   2.658085e+01 -1.111021e+02 1.685000e+01
      vertex   2.820101e+01 -1.109604e+02 1.685000e+01
    endloop
  endfacet
  facet normal -0.000000e+00 0.000000e+00 -1.000000e+00
    outer loop
      vertex   2.820101e+01 -1.109604e+02 1.685000e+01
      vertex   2.658085e+01 -1.111021e+02 1.685000e+01
      vertex   2.672259e+01 -1.109604e+02 1.685000e+01
    endloop
  endfacet
  facet normal 0.000000e+00 0.000000e+00 -1.000000e+00
    outer loop
      vertex   2.820101e+01 -1.109604e+02 1.685000e+01
      vertex   2.672259e+01 -1.109604e+02 1.685000e+01
      vertex   2.803680e+01 -1.108454e+02 1.685000e+01
    endloop
  endfacet
  facet normal -0.000000e+00 0.000000e+00 -1.000000e+00
    outer loop
      vertex   2.803680e+01 -1.108454e+02 1.685000e+01
      vertex   2.672259e+01 -1.109604e+02 1.685000e+01
      vertex   2.688680e+01 -1.108454e+02 1.685000e+01
    endloop
  endfacet
  facet normal 0.000000e+00 0.000000e+00 -1.000000e+00
    outer loop
      vertex   2.803680e+01 -1.108454e+02 1.685000e+01
      vertex   2.688680e+01 -1.108454e+02 1.685000e+01
      vertex   2.785512e+01 -1.107607e+02 1.685000e+01
    endloop
  endfacet
  facet normal -0.000000e+00 0.000000e+00 -1.000000e+00
    outer loop
      vertex   2.785512e+01 -1.107607e+02 1.685000e+01
      vertex   2.688680e+01 -1.108454e+02 1.685000e+01
      vertex   2.706848e+01 -1.107607e+02 1.685000e+01
    endloop
  endfacet
  facet normal 0.000000e+00 0.000000e+00 -1.000000e+00
    outer loop
      vertex   2.785512e+01 -1.107607e+02 1.685000e+01
      vertex   2.706848e+01 -1.107607e+02 1.685000e+01
      vertex   2.766150e+01 -1.107088e+02 1.685000e+01
    endloop
  endfacet
  facet normal -0.000000e+00 0.000000e+00 -1.000000e+00
    outer loop
      vertex   2.766150e+01 -1.107088e+02 1.685000e+01
      vertex   2.706848e+01 -1.107607e+02 1.685000e+01
      vertex   2.726210e+01 -1.107088e+02 1.685000e+01
    endloop
  endfacet
  facet normal 0.000000e+00 0.000000e+00 -1.000000e+00
    outer loop
      vertex   2.766150e+01 -1.107088e+02 1.685000e+01
      vertex   2.726210e+01 -1.107088e+02 1.685000e+01
      vertex   2.746180e+01 -1.106913e+02 1.685000e+01
    endloop
  endfacet
  facet normal 0.000000e+00 0.000000e+00 -1.000000e+00
    outer loop
      vertex   2.632927e+01 -1.120410e+02 1.685000e+01
      vertex   2.859433e+01 -1.120410e+02 1.685000e+01
      vertex   2.638115e+01 -1.122346e+02 1.685000e+01
    endloop
  endfacet
  facet normal 0.000000e+00 0.000000e+00 -1.000000e+00
    outer loop
      vertex   2.638115e+01 -1.122346e+02 1.685000e+01
      vertex   2.859433e+01 -1.120410e+02 1.685000e+01
      vertex   2.854245e+01 -1.122346e+02 1.685000e+01
    endloop
  endfacet
  facet normal 0.000000e+00 0.000000e+00 -1.000000e+00
    outer loop
      vertex   2.638115e+01 -1.122346e+02 1.685000e+01
      vertex   2.854245e+01 -1.122346e+02 1.685000e+01
      vertex   2.646587e+01 -1.124163e+02 1.685000e+01
    endloop
  endfacet
  facet normal 0.000000e+00 0.000000e+00 -1.000000e+00
    outer loop
      vertex   2.646587e+01 -1.124163e+02 1.685000e+01
      vertex   2.854245e+01 -1.122346e+02 1.685000e+01
      vertex   2.845773e+01 -1.124163e+02 1.685000e+01
    endloop
  endfacet
  facet normal 0.000000e+00 0.000000e+00 -1.000000e+00
    outer loop
      vertex   2.646587e+01 -1.124163e+02 1.685000e+01
      vertex   2.845773e+01 -1.124163e+02 1.685000e+01
      vertex   2.658085e+01 -1.125805e+02 1.685000e+01
    endloop
  endfacet
  facet normal 0.000000e+00 0.000000e+00 -1.000000e+00
    outer loop
      vertex   2.658085e+01 -1.125805e+02 1.685000e+01
      vertex   2.845773e+01 -1.124163e+02 1.685000e+01
      vertex   2.834275e+01 -1.125805e+02 1.685000e+01
    endloop
  endfacet
  facet normal 0.000000e+00 0.000000e+00 -1.000000e+00
    outer loop
      vertex   2.658085e+01 -1.125805e+02 1.685000e+01
      vertex   2.834275e+01 -1.125805e+02 1.685000e+01
      vertex   2.672259e+01 -1.127223e+02 1.685000e+01
    endloop
  endfacet
  facet normal 0.000000e+00 0.000000e+00 -1.000000e+00
    outer loop
      vertex   2.672259e+01 -1.127223e+02 1.685000e+01
      vertex   2.834275e+01 -1.125805e+02 1.685000e+01
      vertex   2.820101e+01 -1.127223e+02 1.685000e+01
    endloop
  endfacet
  facet normal 0.000000e+00 0.000000e+00 -1.000000e+00
    outer loop
      vertex   2.672259e+01 -1.127223e+02 1.685000e+01
      vertex   2.820101e+01 -1.127223e+02 1.685000e+01
      vertex   2.688680e+01 -1.128373e+02 1.685000e+01
    endloop
  endfacet
  facet normal 0.000000e+00 0.000000e+00 -1.000000e+00
    outer loop
      vertex   2.688680e+01 -1.128373e+02 1.685000e+01
      vertex   2.820101e+01 -1.127223e+02 1.685000e+01
      vertex   2.803680e+01 -1.128373e+02 1.685000e+01
    endloop
  endfacet
  facet normal 0.000000e+00 0.000000e+00 -1.000000e+00
    outer loop
      vertex   2.688680e+01 -1.128373e+02 1.685000e+01
      vertex   2.803680e+01 -1.128373e+02 1.685000e+01
      vertex   2.706848e+01 -1.129220e+02 1.685000e+01
    endloop
  endfacet
  facet normal 0.000000e+00 0.000000e+00 -1.000000e+00
    outer loop
      vertex   2.706848e+01 -1.129220e+02 1.685000e+01
      vertex   2.803680e+01 -1.128373e+02 1.685000e+01
      vertex   2.785512e+01 -1.129220e+02 1.685000e+01
    endloop
  endfacet
  facet normal 0.000000e+00 0.000000e+00 -1.000000e+00
    outer loop
      vertex   2.706848e+01 -1.129220e+02 1.685000e+01
      vertex   2.785512e+01 -1.129220e+02 1.685000e+01
      vertex   2.726210e+01 -1.129739e+02 1.685000e+01
    endloop
  endfacet
  facet normal 0.000000e+00 0.000000e+00 -1.000000e+00
    outer loop
      vertex   2.726210e+01 -1.129739e+02 1.685000e+01
      vertex   2.785512e+01 -1.129220e+02 1.685000e+01
      vertex   2.766150e+01 -1.129739e+02 1.685000e+01
    endloop
  endfacet
  facet normal 0.000000e+00 0.000000e+00 -1.000000e+00
    outer loop
      vertex   2.726210e+01 -1.129739e+02 1.685000e+01
      vertex   2.766150e+01 -1.129739e+02 1.685000e+01
      vertex   2.746180e+01 -1.129913e+02 1.685000e+01
    endloop
  endfacet
  facet normal -9.961947e-01 -8.715574e-02 -0.000000e+00
    outer loop
      vertex   1.474578e+02 -1.432034e+02 1.685000e+01
      vertex   1.474578e+02 -1.432034e+02 1.351667e+01
      vertex   1.474752e+02 -1.434031e+02 1.685000e+01
    endloop
  endfacet
  facet normal -9.961947e-01 -8.715574e-02 -0.000000e+00
    outer loop
      vertex   1.474752e+02 -1.434031e+02 1.685000e+01
      vertex   1.474578e+02 -1.432034e+02 1.351667e+01
      vertex   1.474752e+02 -1.434031e+02 1.351667e+01
    endloop
  endfacet
  facet normal -9.961947e-01 8.715574e-02 0.000000e+00
    outer loop
      vertex   1.474752e+02 -1.434031e+02 1.685000e+01
      vertex   1.474752e+02 -1.434031e+02 1.351667e+01
      vertex   1.474578e+02 -1.436028e+02 1.685000e+01
    endloop
  endfacet
  facet normal -9.961947e-01 8.715574e-02 0.000000e+00
    outer loop
      vertex   1.474578e+02 -1.436028e+02 1.685000e+01
      vertex   1.474752e+02 -1.434031e+02 1.351667e+01
      vertex   1.474578e+02 -1.436028e+02 1.351667e+01
    endloop
  endfacet
  facet normal -9.659258e-01 2.588190e-01 0.000000e+00
    outer loop
      vertex   1.474578e+02 -1.436028e+02 1.685000e+01
      vertex   1.474578e+02 -1.436028e+02 1.351667e+01
      vertex   1.474059e+02 -1.437964e+02 1.685000e+01
    endloop
  endfacet
  facet normal -9.659258e-01 2.588190e-01 0.000000e+00
    outer loop
      vertex   1.474059e+02 -1.437964e+02 1.685000e+01
      vertex   1.474578e+02 -1.436028e+02 1.351667e+01
      vertex   1.474059e+02 -1.437964e+02 1.351667e+01
    endloop
  endfacet
  facet normal -9.063078e-01 4.226183e-01 0.000000e+00
    outer loop
      vertex   1.474059e+02 -1.437964e+02 1.685000e+01
      vertex   1.474059e+02 -1.437964e+02 1.351667e+01
      vertex   1.473212e+02 -1.439781e+02 1.685000e+01
    endloop
  endfacet
  facet normal -9.063078e-01 4.226183e-01 0.000000e+00
    outer loop
      vertex   1.473212e+02 -1.439781e+02 1.685000e+01
      vertex   1.474059e+02 -1.437964e+02 1.351667e+01
      vertex   1.473212e+02 -1.439781e+02 1.351667e+01
    endloop
  endfacet
  facet normal -8.191520e-01 5.735764e-01 0.000000e+00
    outer loop
      vertex   1.473212e+02 -1.439781e+02 1.685000e+01
      vertex   1.473212e+02 -1.439781e+02 1.351667e+01
      vertex   1.472062e+02 -1.441423e+02 1.685000e+01
    endloop
  endfacet
  facet normal -8.191520e-01 5.735764e-01 0.000000e+00
    outer loop
      vertex   1.472062e+02 -1.441423e+02 1.685000e+01
      vertex   1.473212e+02 -1.439781e+02 1.351667e+01
      vertex   1.472062e+02 -1.441423e+02 1.351667e+01
    endloop
  endfacet
  facet normal -7.071068e-01 7.071068e-01 0.000000e+00
    outer loop
      vertex   1.472062e+02 -1.441423e+02 1.685000e+01
      vertex   1.472062e+02 -1.441423e+02 1.351667e+01
      vertex   1.470644e+02 -1.442841e+02 1.685000e+01
    endloop
  endfacet
  facet normal -7.071068e-01 7.071068e-01 0.000000e+00
    outer loop
      vertex   1.470644e+02 -1.442841e+02 1.685000e+01
      vertex   1.472062e+02 -1.441423e+02 1.351667e+01
      vertex   1.470644e+02 -1.442841e+02 1.351667e+01
    endloop
  endfacet
  facet normal -5.735764e-01 8.191520e-01 0.000000e+00
    outer loop
      vertex   1.470644e+02 -1.442841e+02 1.685000e+01
      vertex   1.470644e+02 -1.442841e+02 1.351667e+01
      vertex   1.469002e+02 -1.443991e+02 1.685000e+01
    endloop
  endfacet
  facet normal -5.735764e-01 8.191520e-01 0.000000e+00
    outer loop
      vertex   1.469002e+02 -1.443991e+02 1.685000e+01
      vertex   1.470644e+02 -1.442841e+02 1.351667e+01
      vertex   1.469002e+02 -1.443991e+02 1.351667e+01
    endloop
  endfacet
  facet normal -4.226183e-01 9.063078e-01 0.000000e+00
    outer loop
      vertex   1.469002e+02 -1.443991e+02 1.685000e+01
      vertex   1.469002e+02 -1.443991e+02 1.351667e+01
      vertex   1.467185e+02 -1.444838e+02 1.685000e+01
    endloop
  endfacet
  facet normal -4.226183e-01 9.063078e-01 0.000000e+00
    outer loop
      vertex   1.467185e+02 -1.444838e+02 1.685000e+01
      vertex   1.469002e+02 -1.443991e+02 1.351667e+01
      vertex   1.467185e+02 -1.444838e+02 1.351667e+01
    endloop
  endfacet
  facet normal -2.588190e-01 9.659258e-01 0.000000e+00
    outer loop
      vertex   1.467185e+02 -1.444838e+02 1.685000e+01
      vertex   1.467185e+02 -1.444838e+02 1.351667e+01
      vertex   1.465249e+02 -1.445357e+02 1.685000e+01
    endloop
  endfacet
  facet normal -2.588190e-01 9.659258e-01 0.000000e+00
    outer loop
      vertex   1.465249e+02 -1.445357e+02 1.685000e+01
      vertex   1.467185e+02 -1.444838e+02 1.351667e+01
      vertex   1.465249e+02 -1.445357e+02 1.351667e+01
    endloop
  endfacet
  facet normal -8.715574e-02 9.961947e-01 0.000000e+00
    outer loop
      vertex   1.465249e+02 -1.445357e+02 1.685000e+01
      vertex   1.465249e+02 -1.445357e+02 1.351667e+01
      vertex   1.463252e+02 -1.445531e+02 1.685000e+01
    endloop
  endfacet
  facet normal -8.715574e-02 9.961947e-01 0.000000e+00
    outer loop
      vertex   1.463252e+02 -1.445531e+02 1.685000e+01
      vertex   1.465249e+02 -1.445357e+02 1.351667e+01
      vertex   1.463252e+02 -1.445531e+02 1.351667e+01
    endloop
  endfacet
  facet normal 8.715574e-02 9.961947e-01 0.000000e+00
    outer loop
      vertex   1.463252e+02 -1.445531e+02 1.685000e+01
      vertex   1.463252e+02 -1.445531e+02 1.351667e+01
      vertex   1.461255e+02 -1.445357e+02 1.685000e+01
    endloop
  endfacet
  facet normal 8.715574e-02 9.961947e-01 0.000000e+00
    outer loop
      vertex   1.461255e+02 -1.445357e+02 1.685000e+01
      vertex   1.463252e+02 -1.445531e+02 1.351667e+01
      vertex   1.461255e+02 -1.445357e+02 1.351667e+01
    endloop
  endfacet
  facet normal 2.588190e-01 9.659258e-01 0.000000e+00
    outer loop
      vertex   1.461255e+02 -1.445357e+02 1.685000e+01
      vertex   1.461255e+02 -1.445357e+02 1.351667e+01
      vertex   1.459319e+02 -1.444838e+02 1.685000e+01
    endloop
  endfacet
  facet normal 2.588190e-01 9.659258e-01 0.000000e+00
    outer loop
      vertex   1.459319e+02 -1.444838e+02 1.685000e+01
      vertex   1.461255e+02 -1.445357e+02 1.351667e+01
      vertex   1.459319e+02 -1.444838e+02 1.351667e+01
    endloop
  endfacet
  facet normal 4.226183e-01 9.063078e-01 0.000000e+00
    outer loop
      vertex   1.459319e+02 -1.444838e+02 1.685000e+01
      vertex   1.459319e+02 -1.444838e+02 1.351667e+01
      vertex   1.457502e+02 -1.443991e+02 1.685000e+01
    endloop
  endfacet
  facet normal 4.226183e-01 9.063078e-01 0.000000e+00
    outer loop
      vertex   1.457502e+02 -1.443991e+02 1.685000e+01
      vertex   1.459319e+02 -1.444838e+02 1.351667e+01
      vertex   1.457502e+02 -1.443991e+02 1.351667e+01
    endloop
  endfacet
  facet normal 5.735764e-01 8.191520e-01 0.000000e+00
    outer loop
      vertex   1.457502e+02 -1.443991e+02 1.685000e+01
      vertex   1.457502e+02 -1.443991e+02 1.351667e+01
      vertex   1.455860e+02 -1.442841e+02 1.685000e+01
    endloop
  endfacet
  facet normal 5.735764e-01 8.191520e-01 0.000000e+00
    outer loop
      vertex   1.455860e+02 -1.442841e+02 1.685000e+01
      vertex   1.457502e+02 -1.443991e+02 1.351667e+01
      vertex   1.455860e+02 -1.442841e+02 1.351667e+01
    endloop
  endfacet
  facet normal 7.071068e-01 7.071068e-01 0.000000e+00
    outer loop
      vertex   1.455860e+02 -1.442841e+02 1.685000e+01
      vertex   1.455860e+02 -1.442841e+02 1.351667e+01
      vertex   1.454443e+02 -1.441423e+02 1.685000e+01
    endloop
  endfacet
  facet normal 7.071068e-01 7.071068e-01 0.000000e+00
    outer loop
      vertex   1.454443e+02 -1.441423e+02 1.685000e+01
      vertex   1.455860e+02 -1.442841e+02 1.351667e+01
      vertex   1.454443e+02 -1.441423e+02 1.351667e+01
    endloop
  endfacet
  facet normal 8.191520e-01 5.735764e-01 0.000000e+00
    outer loop
      vertex   1.454443e+02 -1.441423e+02 1.685000e+01
      vertex   1.454443e+02 -1.441423e+02 1.351667e+01
      vertex   1.453293e+02 -1.439781e+02 1.685000e+01
    endloop
  endfacet
  facet normal 8.191520e-01 5.735764e-01 0.000000e+00
    outer loop
      vertex   1.453293e+02 -1.439781e+02 1.685000e+01
      vertex   1.454443e+02 -1.441423e+02 1.351667e+01
      vertex   1.453293e+02 -1.439781e+02 1.351667e+01
    endloop
  endfacet
  facet normal 9.063078e-01 4.226183e-01 0.000000e+00
    outer loop
      vertex   1.453293e+02 -1.439781e+02 1.685000e+01
      vertex   1.453293e+02 -1.439781e+02 1.351667e+01
      vertex   1.452446e+02 -1.437964e+02 1.685000e+01
    endloop
  endfacet
  facet normal 9.063078e-01 4.226183e-01 0.000000e+00
    outer loop
      vertex   1.452446e+02 -1.437964e+02 1.685000e+01
      vertex   1.453293e+02 -1.439781e+02 1.351667e+01
      vertex   1.452446e+02 -1.437964e+02 1.351667e+01
    endloop
  endfacet
  facet normal 9.659258e-01 2.588190e-01 0.000000e+00
    outer loop
      vertex   1.452446e+02 -1.437964e+02 1.685000e+01
      vertex   1.452446e+02 -1.437964e+02 1.351667e+01
      vertex   1.451927e+02 -1.436028e+02 1.685000e+01
    endloop
  endfacet
  facet normal 9.659258e-01 2.588190e-01 0.000000e+00
    outer loop
      vertex   1.451927e+02 -1.436028e+02 1.685000e+01
      vertex   1.452446e+02 -1.437964e+02 1.351667e+01
      vertex   1.451927e+02 -1.436028e+02 1.351667e+01
    endloop
  endfacet
  facet normal 9.961947e-01 8.715574e-02 0.000000e+00
    outer loop
      vertex   1.451927e+02 -1.436028e+02 1.685000e+01
      vertex   1.451927e+02 -1.436028e+02 1.351667e+01
      vertex   1.451752e+02 -1.434031e+02 1.685000e+01
    endloop
  endfacet
  facet normal 9.961947e-01 8.715574e-02 0.000000e+00
    outer loop
      vertex   1.451752e+02 -1.434031e+02 1.685000e+01
      vertex   1.451927e+02 -1.436028e+02 1.351667e+01
      vertex   1.451752e+02 -1.434031e+02 1.351667e+01
    endloop
  endfacet
  facet normal 9.961947e-01 -8.715574e-02 0.000000e+00
    outer loop
      vertex   1.451752e+02 -1.434031e+02 1.685000e+01
      vertex   1.451752e+02 -1.434031e+02 1.351667e+01
      vertex   1.451927e+02 -1.432034e+02 1.685000e+01
    endloop
  endfacet
  facet normal 9.961947e-01 -8.715574e-02 0.000000e+00
    outer loop
      vertex   1.451927e+02 -1.432034e+02 1.685000e+01
      vertex   1.451752e+02 -1.434031e+02 1.351667e+01
      vertex   1.451927e+02 -1.432034e+02 1.351667e+01
    endloop
  endfacet
  facet normal 9.659258e-01 -2.588190e-01 0.000000e+00
    outer loop
      vertex   1.451927e+02 -1.432034e+02 1.685000e+01
      vertex   1.451927e+02 -1.432034e+02 1.351667e+01
      vertex   1.452446e+02 -1.430098e+02 1.685000e+01
    endloop
  endfacet
  facet normal 9.659258e-01 -2.588190e-01 0.000000e+00
    outer loop
      vertex   1.452446e+02 -1.430098e+02 1.685000e+01
      vertex   1.451927e+02 -1.432034e+02 1.351667e+01
      vertex   1.452446e+02 -1.430098e+02 1.351667e+01
    endloop
  endfacet
  facet normal 9.063078e-01 -4.226183e-01 0.000000e+00
    outer loop
      vertex   1.452446e+02 -1.430098e+02 1.685000e+01
      vertex   1.452446e+02 -1.430098e+02 1.351667e+01
      vertex   1.453293e+02 -1.428281e+02 1.685000e+01
    endloop
  endfacet
  facet normal 9.063078e-01 -4.226183e-01 0.000000e+00
    outer loop
      vertex   1.453293e+02 -1.428281e+02 1.685000e+01
      vertex   1.452446e+02 -1.430098e+02 1.351667e+01
      vertex   1.453293e+02 -1.428281e+02 1.351667e+01
    endloop
  endfacet
  facet normal 8.191520e-01 -5.735764e-01 0.000000e+00
    outer loop
      vertex   1.453293e+02 -1.428281e+02 1.685000e+01
      vertex   1.453293e+02 -1.428281e+02 1.351667e+01
      vertex   1.454443e+02 -1.426639e+02 1.685000e+01
    endloop
  endfacet
  facet normal 8.191520e-01 -5.735764e-01 0.000000e+00
    outer loop
      vertex   1.454443e+02 -1.426639e+02 1.685000e+01
      vertex   1.453293e+02 -1.428281e+02 1.351667e+01
      vertex   1.454443e+02 -1.426639e+02 1.351667e+01
    endloop
  endfacet
  facet normal 7.071068e-01 -7.071068e-01 0.000000e+00
    outer loop
      vertex   1.454443e+02 -1.426639e+02 1.685000e+01
      vertex   1.454443e+02 -1.426639e+02 1.351667e+01
      vertex   1.455860e+02 -1.425222e+02 1.685000e+01
    endloop
  endfacet
  facet normal 7.071068e-01 -7.071068e-01 0.000000e+00
    outer loop
      vertex   1.455860e+02 -1.425222e+02 1.685000e+01
      vertex   1.454443e+02 -1.426639e+02 1.351667e+01
      vertex   1.455860e+02 -1.425222e+02 1.351667e+01
    endloop
  endfacet
  facet normal 5.735764e-01 -8.191520e-01 0.000000e+00
    outer loop
      vertex   1.455860e+02 -1.425222e+02 1.685000e+01
      vertex   1.455860e+02 -1.425222e+02 1.351667e+01
      vertex   1.457502e+02 -1.424072e+02 1.685000e+01
    endloop
  endfacet
  facet normal 5.735764e-01 -8.191520e-01 0.000000e+00
    outer loop
      vertex   1.457502e+02 -1.424072e+02 1.685000e+01
      vertex   1.455860e+02 -1.425222e+02 1.351667e+01
      vertex   1.457502e+02 -1.424072e+02 1.351667e+01
    endloop
  endfacet
  facet normal 4.226183e-01 -9.063078e-01 0.000000e+00
    outer loop
      vertex   1.457502e+02 -1.424072e+02 1.685000e+01
      vertex   1.457502e+02 -1.424072e+02 1.351667e+01
      vertex   1.459319e+02 -1.423225e+02 1.685000e+01
    endloop
  endfacet
  facet normal 4.226183e-01 -9.063078e-01 0.000000e+00
    outer loop
      vertex   1.459319e+02 -1.423225e+02 1.685000e+01
      vertex   1.457502e+02 -1.424072e+02 1.351667e+01
      vertex   1.459319e+02 -1.423225e+02 1.351667e+01
    endloop
  endfacet
  facet normal 2.588190e-01 -9.659258e-01 0.000000e+00
    outer loop
      vertex   1.459319e+02 -1.423225e+02 1.685000e+01
      vertex   1.459319e+02 -1.423225e+02 1.351667e+01
      vertex   1.461255e+02 -1.422706e+02 1.685000e+01
    endloop
  endfacet
  facet normal 2.588190e-01 -9.659258e-01 0.000000e+00
    outer loop
      vertex   1.461255e+02 -1.422706e+02 1.685000e+01
      vertex   1.459319e+02 -1.423225e+02 1.351667e+01
      vertex   1.461255e+02 -1.422706e+02 1.351667e+01
    endloop
  endfacet
  facet normal 8.715574e-02 -9.961947e-01 0.000000e+00
    outer loop
      vertex   1.461255e+02 -1.422706e+02 1.685000e+01
      vertex   1.461255e+02 -1.422706e+02 1.351667e+01
      vertex   1.463252e+02 -1.422531e+02 1.685000e+01
    endloop
  endfacet
  facet normal 8.715574e-02 -9.961947e-01 0.000000e+00
    outer loop
      vertex   1.463252e+02 -1.422531e+02 1.685000e+01
      vertex   1.461255e+02 -1.422706e+02 1.351667e+01
      vertex   1.463252e+02 -1.422531e+02 1.351667e+01
    endloop
  endfacet
  facet normal -8.715574e-02 -9.961947e-01 -0.000000e+00
    outer loop
      vertex   1.463252e+02 -1.422531e+02 1.685000e+01
      vertex   1.463252e+02 -1.422531e+02 1.351667e+01
      vertex   1.465249e+02 -1.422706e+02 1.685000e+01
    endloop
  endfacet
  facet normal -8.715574e-02 -9.961947e-01 -0.000000e+00
    outer loop
      vertex   1.465249e+02 -1.422706e+02 1.685000e+01
      vertex   1.463252e+02 -1.422531e+02 1.351667e+01
      vertex   1.465249e+02 -1.422706e+02 1.351667e+01
    endloop
  endfacet
  facet normal -2.588190e-01 -9.659258e-01 -0.000000e+00
    outer loop
      vertex   1.465249e+02 -1.422706e+02 1.685000e+01
      vertex   1.465249e+02 -1.422706e+02 1.351667e+01
      vertex   1.467185e+02 -1.423225e+02 1.685000e+01
    endloop
  endfacet
  facet normal -2.588190e-01 -9.659258e-01 -0.000000e+00
    outer loop
      vertex   1.467185e+02 -1.423225e+02 1.685000e+01
      vertex   1.465249e+02 -1.422706e+02 1.351667e+01
      vertex   1.467185e+02 -1.423225e+02 1.351667e+01
    endloop
  endfacet
  facet normal -4.226183e-01 -9.063078e-01 -0.000000e+00
    outer loop
      vertex   1.467185e+02 -1.423225e+02 1.685000e+01
      vertex   1.467185e+02 -1.423225e+02 1.351667e+01
      vertex   1.469002e+02 -1.424072e+02 1.685000e+01
    endloop
  endfacet
  facet normal -4.226183e-01 -9.063078e-01 -0.000000e+00
    outer loop
      vertex   1.469002e+02 -1.424072e+02 1.685000e+01
      vertex   1.467185e+02 -1.423225e+02 1.351667e+01
      vertex   1.469002e+02 -1.424072e+02 1.351667e+01
    endloop
  endfacet
  facet normal -5.735764e-01 -8.191520e-01 -0.000000e+00
    outer loop
      vertex   1.469002e+02 -1.424072e+02 1.685000e+01
      vertex   1.469002e+02 -1.424072e+02 1.351667e+01
      vertex   1.470644e+02 -1.425222e+02 1.685000e+01
    endloop
  endfacet
  facet normal -5.735764e-01 -8.191520e-01 -0.000000e+00
    outer loop
      vertex   1.470644e+02 -1.425222e+02 1.685000e+01
      vertex   1.469002e+02 -1.424072e+02 1.351667e+01
      vertex   1.470644e+02 -1.425222e+02 1.351667e+01
    endloop
  endfacet
  facet normal -7.071068e-01 -7.071068e-01 -0.000000e+00
    outer loop
      vertex   1.470644e+02 -1.425222e+02 1.685000e+01
      vertex   1.470644e+02 -1.425222e+02 1.351667e+01
      vertex   1.472062e+02 -1.426639e+02 1.685000e+01
    endloop
  endfacet
  facet normal -7.071068e-01 -7.071068e-01 -0.000000e+00
    outer loop
      vertex   1.472062e+02 -1.426639e+02 1.685000e+01
      vertex   1.470644e+02 -1.425222e+02 1.351667e+01
      vertex   1.472062e+02 -1.426639e+02 1.351667e+01
    endloop
  endfacet
  facet normal -8.191520e-01 -5.735764e-01 -0.000000e+00
    outer loop
      vertex   1.472062e+02 -1.426639e+02 1.685000e+01
      vertex   1.472062e+02 -1.426639e+02 1.351667e+01
      vertex   1.473212e+02 -1.428281e+02 1.685000e+01
    endloop
  endfacet
  facet normal -8.191520e-01 -5.735764e-01 -0.000000e+00
    outer loop
      vertex   1.473212e+02 -1.428281e+02 1.685000e+01
      vertex   1.472062e+02 -1.426639e+02 1.351667e+01
      vertex   1.473212e+02 -1.428281e+02 1.351667e+01
    endloop
  endfacet
  facet normal -9.063078e-01 -4.226183e-01 -0.000000e+00
    outer loop
      vertex   1.473212e+02 -1.428281e+02 1.685000e+01
      vertex   1.473212e+02 -1.428281e+02 1.351667e+01
      vertex   1.474059e+02 -1.430098e+02 1.685000e+01
    endloop
  endfacet
  facet normal -9.063078e-01 -4.226183e-01 -0.000000e+00
    outer loop
      vertex   1.474059e+02 -1.430098e+02 1.685000e+01
      vertex   1.473212e+02 -1.428281e+02 1.351667e+01
      vertex   1.474059e+02 -1.430098e+02 1.351667e+01
    endloop
  endfacet
  facet normal -9.659258e-01 -2.588190e-01 -0.000000e+00
    outer loop
      vertex   1.474059e+02 -1.430098e+02 1.685000e+01
      vertex   1.474059e+02 -1.430098e+02 1.351667e+01
      vertex   1.474578e+02 -1.432034e+02 1.685000e+01
    endloop
  endfacet
  facet normal -9.659258e-01 -2.588190e-01 -0.000000e+00
    outer loop
      vertex   1.474578e+02 -1.432034e+02 1.685000e+01
      vertex   1.474059e+02 -1.430098e+02 1.351667e+01
      vertex   1.474578e+02 -1.432034e+02 1.351667e+01
    endloop
  endfacet
  facet normal -9.961947e-01 8.715574e-02 0.000000e+00
    outer loop
      vertex   1.474578e+02 -1.436028e+02 6.850000e+00
      vertex   1.474578e+02 -1.436028e+02 1.018333e+01
      vertex   1.474752e+02 -1.434031e+02 6.850000e+00
    endloop
  endfacet
  facet normal -9.961947e-01 8.715574e-02 0.000000e+00
    outer loop
      vertex   1.474752e+02 -1.434031e+02 6.850000e+00
      vertex   1.474578e+02 -1.436028e+02 1.018333e+01
      vertex   1.474752e+02 -1.434031e+02 1.018333e+01
    endloop
  endfacet
  facet normal -9.961947e-01 -8.715574e-02 0.000000e+00
    outer loop
      vertex   1.474752e+02 -1.434031e+02 6.850000e+00
      vertex   1.474752e+02 -1.434031e+02 1.018333e+01
      vertex   1.474578e+02 -1.432034e+02 6.850000e+00
    endloop
  endfacet
  facet normal -9.961947e-01 -8.715574e-02 0.000000e+00
    outer loop
      vertex   1.474578e+02 -1.432034e+02 6.850000e+00
      vertex   1.474752e+02 -1.434031e+02 1.018333e+01
      vertex   1.474578e+02 -1.432034e+02 1.018333e+01
    endloop
  endfacet
  facet normal -9.659258e-01 -2.588190e-01 0.000000e+00
    outer loop
      vertex   1.474578e+02 -1.432034e+02 6.850000e+00
      vertex   1.474578e+02 -1.432034e+02 1.018333e+01
      vertex   1.474059e+02 -1.430098e+02 6.850000e+00
    endloop
  endfacet
  facet normal -9.659258e-01 -2.588190e-01 0.000000e+00
    outer loop
      vertex   1.474059e+02 -1.430098e+02 6.850000e+00
      vertex   1.474578e+02 -1.432034e+02 1.018333e+01
      vertex   1.474059e+02 -1.430098e+02 1.018333e+01
    endloop
  endfacet
  facet normal -9.063078e-01 -4.226183e-01 0.000000e+00
    outer loop
      vertex   1.474059e+02 -1.430098e+02 6.850000e+00
      vertex   1.474059e+02 -1.430098e+02 1.018333e+01
      vertex   1.473212e+02 -1.428281e+02 6.850000e+00
    endloop
  endfacet
  facet normal -9.063078e-01 -4.226183e-01 0.000000e+00
    outer loop
      vertex   1.473212e+02 -1.428281e+02 6.850000e+00
      vertex   1.474059e+02 -1.430098e+02 1.018333e+01
      vertex   1.473212e+02 -1.428281e+02 1.018333e+01
    endloop
  endfacet
  facet normal -8.191520e-01 -5.735764e-01 0.000000e+00
    outer loop
      vertex   1.473212e+02 -1.428281e+02 6.850000e+00
      vertex   1.473212e+02 -1.428281e+02 1.018333e+01
      vertex   1.472062e+02 -1.426639e+02 6.850000e+00
    endloop
  endfacet
  facet normal -8.191520e-01 -5.735764e-01 0.000000e+00
    outer loop
      vertex   1.472062e+02 -1.426639e+02 6.850000e+00
      vertex   1.473212e+02 -1.428281e+02 1.018333e+01
      vertex   1.472062e+02 -1.426639e+02 1.018333e+01
    endloop
  endfacet
  facet normal -7.071068e-01 -7.071068e-01 0.000000e+00
    outer loop
      vertex   1.472062e+02 -1.426639e+02 6.850000e+00
      vertex   1.472062e+02 -1.426639e+02 1.018333e+01
      vertex   1.470644e+02 -1.425222e+02 6.850000e+00
    endloop
  endfacet
  facet normal -7.071068e-01 -7.071068e-01 0.000000e+00
    outer loop
      vertex   1.470644e+02 -1.425222e+02 6.850000e+00
      vertex   1.472062e+02 -1.426639e+02 1.018333e+01
      vertex   1.470644e+02 -1.425222e+02 1.018333e+01
    endloop
  endfacet
  facet normal -5.735764e-01 -8.191520e-01 0.000000e+00
    outer loop
      vertex   1.470644e+02 -1.425222e+02 6.850000e+00
      vertex   1.470644e+02 -1.425222e+02 1.018333e+01
      vertex   1.469002e+02 -1.424072e+02 6.850000e+00
    endloop
  endfacet
  facet normal -5.735764e-01 -8.191520e-01 0.000000e+00
    outer loop
      vertex   1.469002e+02 -1.424072e+02 6.850000e+00
      vertex   1.470644e+02 -1.425222e+02 1.018333e+01
      vertex   1.469002e+02 -1.424072e+02 1.018333e+01
    endloop
  endfacet
  facet normal -4.226183e-01 -9.063078e-01 0.000000e+00
    outer loop
      vertex   1.469002e+02 -1.424072e+02 6.850000e+00
      vertex   1.469002e+02 -1.424072e+02 1.018333e+01
      vertex   1.467185e+02 -1.423225e+02 6.850000e+00
    endloop
  endfacet
  facet normal -4.226183e-01 -9.063078e-01 0.000000e+00
    outer loop
      vertex   1.467185e+02 -1.423225e+02 6.850000e+00
      vertex   1.469002e+02 -1.424072e+02 1.018333e+01
      vertex   1.467185e+02 -1.423225e+02 1.018333e+01
    endloop
  endfacet
  facet normal -2.588190e-01 -9.659258e-01 0.000000e+00
    outer loop
      vertex   1.467185e+02 -1.423225e+02 6.850000e+00
      vertex   1.467185e+02 -1.423225e+02 1.018333e+01
      vertex   1.465249e+02 -1.422706e+02 6.850000e+00
    endloop
  endfacet
  facet normal -2.588190e-01 -9.659258e-01 0.000000e+00
    outer loop
      vertex   1.465249e+02 -1.422706e+02 6.850000e+00
      vertex   1.467185e+02 -1.423225e+02 1.018333e+01
      vertex   1.465249e+02 -1.422706e+02 1.018333e+01
    endloop
  endfacet
  facet normal -8.715574e-02 -9.961947e-01 0.000000e+00
    outer loop
      vertex   1.465249e+02 -1.422706e+02 6.850000e+00
      vertex   1.465249e+02 -1.422706e+02 1.018333e+01
      vertex   1.463252e+02 -1.422531e+02 6.850000e+00
    endloop
  endfacet
  facet normal -8.715574e-02 -9.961947e-01 0.000000e+00
    outer loop
      vertex   1.463252e+02 -1.422531e+02 6.850000e+00
      vertex   1.465249e+02 -1.422706e+02 1.018333e+01
      vertex   1.463252e+02 -1.422531e+02 1.018333e+01
    endloop
  endfacet
  facet normal 8.715574e-02 -9.961947e-01 0.000000e+00
    outer loop
      vertex   1.463252e+02 -1.422531e+02 6.850000e+00
      vertex   1.463252e+02 -1.422531e+02 1.018333e+01
      vertex   1.461255e+02 -1.422706e+02 6.850000e+00
    endloop
  endfacet
  facet normal 8.715574e-02 -9.961947e-01 0.000000e+00
    outer loop
      vertex   1.461255e+02 -1.422706e+02 6.850000e+00
      vertex   1.463252e+02 -1.422531e+02 1.018333e+01
      vertex   1.461255e+02 -1.422706e+02 1.018333e+01
    endloop
  endfacet
  facet normal 2.588190e-01 -9.659258e-01 0.000000e+00
    outer loop
      vertex   1.461255e+02 -1.422706e+02 6.850000e+00
      vertex   1.461255e+02 -1.422706e+02 1.018333e+01
      vertex   1.459319e+02 -1.423225e+02 6.850000e+00
    endloop
  endfacet
  facet normal 2.588190e-01 -9.659258e-01 0.000000e+00
    outer loop
      vertex   1.459319e+02 -1.423225e+02 6.850000e+00
      vertex   1.461255e+02 -1.422706e+02 1.018333e+01
      vertex   1.459319e+02 -1.423225e+02 1.018333e+01
    endloop
  endfacet
  facet normal 4.226183e-01 -9.063078e-01 0.000000e+00
    outer loop
      vertex   1.459319e+02 -1.423225e+02 6.850000e+00
      vertex   1.459319e+02 -1.423225e+02 1.018333e+01
      vertex   1.457502e+02 -1.424072e+02 6.850000e+00
    endloop
  endfacet
  facet normal 4.226183e-01 -9.063078e-01 0.000000e+00
    outer loop
      vertex   1.457502e+02 -1.424072e+02 6.850000e+00
      vertex   1.459319e+02 -1.423225e+02 1.018333e+01
      vertex   1.457502e+02 -1.424072e+02 1.018333e+01
    endloop
  endfacet
  facet normal 5.735764e-01 -8.191520e-01 0.000000e+00
    outer loop
      vertex   1.457502e+02 -1.424072e+02 6.850000e+00
      vertex   1.457502e+02 -1.424072e+02 1.018333e+01
      vertex   1.455860e+02 -1.425222e+02 6.850000e+00
    endloop
  endfacet
  facet normal 5.735764e-01 -8.191520e-01 0.000000e+00
    outer loop
      vertex   1.455860e+02 -1.425222e+02 6.850000e+00
      vertex   1.457502e+02 -1.424072e+02 1.018333e+01
      vertex   1.455860e+02 -1.425222e+02 1.018333e+01
    endloop
  endfacet
  facet normal 7.071068e-01 -7.071068e-01 0.000000e+00
    outer loop
      vertex   1.455860e+02 -1.425222e+02 6.850000e+00
      vertex   1.455860e+02 -1.425222e+02 1.018333e+01
      vertex   1.454443e+02 -1.426639e+02 6.850000e+00
    endloop
  endfacet
  facet normal 7.071068e-01 -7.071068e-01 0.000000e+00
    outer loop
      vertex   1.454443e+02 -1.426639e+02 6.850000e+00
      vertex   1.455860e+02 -1.425222e+02 1.018333e+01
      vertex   1.454443e+02 -1.426639e+02 1.018333e+01
    endloop
  endfacet
  facet normal 8.191520e-01 -5.735764e-01 0.000000e+00
    outer loop
      vertex   1.454443e+02 -1.426639e+02 6.850000e+00
      vertex   1.454443e+02 -1.426639e+02 1.018333e+01
      vertex   1.453293e+02 -1.428281e+02 6.850000e+00
    endloop
  endfacet
  facet normal 8.191520e-01 -5.735764e-01 0.000000e+00
    outer loop
      vertex   1.453293e+02 -1.428281e+02 6.850000e+00
      vertex   1.454443e+02 -1.426639e+02 1.018333e+01
      vertex   1.453293e+02 -1.428281e+02 1.018333e+01
    endloop
  endfacet
  facet normal 9.063078e-01 -4.226183e-01 0.000000e+00
    outer loop
      vertex   1.453293e+02 -1.428281e+02 6.850000e+00
      vertex   1.453293e+02 -1.428281e+02 1.018333e+01
      vertex   1.452446e+02 -1.430098e+02 6.850000e+00
    endloop
  endfacet
  facet normal 9.063078e-01 -4.226183e-01 0.000000e+00
    outer loop
      vertex   1.452446e+02 -1.430098e+02 6.850000e+00
      vertex   1.453293e+02 -1.428281e+02 1.018333e+01
      vertex   1.452446e+02 -1.430098e+02 1.018333e+01
    endloop
  endfacet
  facet normal 9.659258e-01 -2.588190e-01 0.000000e+00
    outer loop
      vertex   1.452446e+02 -1.430098e+02 6.850000e+00
      vertex   1.452446e+02 -1.430098e+02 1.018333e+01
      vertex   1.451927e+02 -1.432034e+02 6.850000e+00
    endloop
  endfacet
  facet normal 9.659258e-01 -2.588190e-01 0.000000e+00
    outer loop
      vertex   1.451927e+02 -1.432034e+02 6.850000e+00
      vertex   1.452446e+02 -1.430098e+02 1.018333e+01
      vertex   1.451927e+02 -1.432034e+02 1.018333e+01
    endloop
  endfacet
  facet normal 9.961947e-01 -8.715574e-02 0.000000e+00
    outer loop
      vertex   1.451927e+02 -1.432034e+02 6.850000e+00
      vertex   1.451927e+02 -1.432034e+02 1.018333e+01
      vertex   1.451752e+02 -1.434031e+02 6.850000e+00
    endloop
  endfacet
  facet normal 9.961947e-01 -8.715574e-02 0.000000e+00
    outer loop
      vertex   1.451752e+02 -1.434031e+02 6.850000e+00
      vertex   1.451927e+02 -1.432034e+02 1.018333e+01
      vertex   1.451752e+02 -1.434031e+02 1.018333e+01
    endloop
  endfacet
  facet normal 9.961947e-01 8.715574e-02 -0.000000e+00
    outer loop
      vertex   1.451752e+02 -1.434031e+02 6.850000e+00
      vertex   1.451752e+02 -1.434031e+02 1.018333e+01
      vertex   1.451927e+02 -1.436028e+02 6.850000e+00
    endloop
  endfacet
  facet normal 9.961947e-01 8.715574e-02 -0.000000e+00
    outer loop
      vertex   1.451927e+02 -1.436028e+02 6.850000e+00
      vertex   1.451752e+02 -1.434031e+02 1.018333e+01
      vertex   1.451927e+02 -1.436028e+02 1.018333e+01
    endloop
  endfacet
  facet normal 9.659258e-01 2.588190e-01 -0.000000e+00
    outer loop
      vertex   1.451927e+02 -1.436028e+02 6.850000e+00
      vertex   1.451927e+02 -1.436028e+02 1.018333e+01
      vertex   1.452446e+02 -1.437964e+02 6.850000e+00
    endloop
  endfacet
  facet normal 9.659258e-01 2.588190e-01 -0.000000e+00
    outer loop
      vertex   1.452446e+02 -1.437964e+02 6.850000e+00
      vertex   1.451927e+02 -1.436028e+02 1.018333e+01
      vertex   1.452446e+02 -1.437964e+02 1.018333e+01
    endloop
  endfacet
  facet normal 9.063078e-01 4.226183e-01 -0.000000e+00
    outer loop
      vertex   1.452446e+02 -1.437964e+02 6.850000e+00
      vertex   1.452446e+02 -1.437964e+02 1.018333e+01
      vertex   1.453293e+02 -1.439781e+02 6.850000e+00
    endloop
  endfacet
  facet normal 9.063078e-01 4.226183e-01 -0.000000e+00
    outer loop
      vertex   1.453293e+02 -1.439781e+02 6.850000e+00
      vertex   1.452446e+02 -1.437964e+02 1.018333e+01
      vertex   1.453293e+02 -1.439781e+02 1.018333e+01
    endloop
  endfacet
  facet normal 8.191520e-01 5.735764e-01 -0.000000e+00
    outer loop
      vertex   1.453293e+02 -1.439781e+02 6.850000e+00
      vertex   1.453293e+02 -1.439781e+02 1.018333e+01
      vertex   1.454443e+02 -1.441423e+02 6.850000e+00
    endloop
  endfacet
  facet normal 8.191520e-01 5.735764e-01 -0.000000e+00
    outer loop
      vertex   1.454443e+02 -1.441423e+02 6.850000e+00
      vertex   1.453293e+02 -1.439781e+02 1.018333e+01
      vertex   1.454443e+02 -1.441423e+02 1.018333e+01
    endloop
  endfacet
  facet normal 7.071068e-01 7.071068e-01 -0.000000e+00
    outer loop
      vertex   1.454443e+02 -1.441423e+02 6.850000e+00
      vertex   1.454443e+02 -1.441423e+02 1.018333e+01
      vertex   1.455860e+02 -1.442841e+02 6.850000e+00
    endloop
  endfacet
  facet normal 7.071068e-01 7.071068e-01 -0.000000e+00
    outer loop
      vertex   1.455860e+02 -1.442841e+02 6.850000e+00
      vertex   1.454443e+02 -1.441423e+02 1.018333e+01
      vertex   1.455860e+02 -1.442841e+02 1.018333e+01
    endloop
  endfacet
  facet normal 5.735764e-01 8.191520e-01 -0.000000e+00
    outer loop
      vertex   1.455860e+02 -1.442841e+02 6.850000e+00
      vertex   1.455860e+02 -1.442841e+02 1.018333e+01
      vertex   1.457502e+02 -1.443991e+02 6.850000e+00
    endloop
  endfacet
  facet normal 5.735764e-01 8.191520e-01 -0.000000e+00
    outer loop
      vertex   1.457502e+02 -1.443991e+02 6.850000e+00
      vertex   1.455860e+02 -1.442841e+02 1.018333e+01
      vertex   1.457502e+02 -1.443991e+02 1.018333e+01
    endloop
  endfacet
  facet normal 4.226183e-01 9.063078e-01 -0.000000e+00
    outer loop
      vertex   1.457502e+02 -1.443991e+02 6.850000e+00
      vertex   1.457502e+02 -1.443991e+02 1.018333e+01
      vertex   1.459319e+02 -1.444838e+02 6.850000e+00
    endloop
  endfacet
  facet normal 4.226183e-01 9.063078e-01 -0.000000e+00
    outer loop
      vertex   1.459319e+02 -1.444838e+02 6.850000e+00
      vertex   1.457502e+02 -1.443991e+02 1.018333e+01
      vertex   1.459319e+02 -1.444838e+02 1.018333e+01
    endloop
  endfacet
  facet normal 2.588190e-01 9.659258e-01 -0.000000e+00
    outer loop
      vertex   1.459319e+02 -1.444838e+02 6.850000e+00
      vertex   1.459319e+02 -1.444838e+02 1.018333e+01
      vertex   1.461255e+02 -1.445357e+02 6.850000e+00
    endloop
  endfacet
  facet normal 2.588190e-01 9.659258e-01 -0.000000e+00
    outer loop
      vertex   1.461255e+02 -1.445357e+02 6.850000e+00
      vertex   1.459319e+02 -1.444838e+02 1.018333e+01
      vertex   1.461255e+02 -1.445357e+02 1.018333e+01
    endloop
  endfacet
  facet normal 8.715574e-02 9.961947e-01 -0.000000e+00
    outer loop
      vertex   1.461255e+02 -1.445357e+02 6.850000e+00
      vertex   1.461255e+02 -1.445357e+02 1.018333e+01
      vertex   1.463252e+02 -1.445531e+02 6.850000e+00
    endloop
  endfacet
  facet normal 8.715574e-02 9.961947e-01 -0.000000e+00
    outer loop
      vertex   1.463252e+02 -1.445531e+02 6.850000e+00
      vertex   1.461255e+02 -1.445357e+02 1.018333e+01
      vertex   1.463252e+02 -1.445531e+02 1.018333e+01
    endloop
  endfacet
  facet normal -8.715574e-02 9.961947e-01 0.000000e+00
    outer loop
      vertex   1.463252e+02 -1.445531e+02 6.850000e+00
      vertex   1.463252e+02 -1.445531e+02 1.018333e+01
      vertex   1.465249e+02 -1.445357e+02 6.850000e+00
    endloop
  endfacet
  facet normal -8.715574e-02 9.961947e-01 0.000000e+00
    outer loop
      vertex   1.465249e+02 -1.445357e+02 6.850000e+00
      vertex   1.463252e+02 -1.445531e+02 1.018333e+01
      vertex   1.465249e+02 -1.445357e+02 1.018333e+01
    endloop
  endfacet
  facet normal -2.588190e-01 9.659258e-01 0.000000e+00
    outer loop
      vertex   1.465249e+02 -1.445357e+02 6.850000e+00
      vertex   1.465249e+02 -1.445357e+02 1.018333e+01
      vertex   1.467185e+02 -1.444838e+02 6.850000e+00
    endloop
  endfacet
  facet normal -2.588190e-01 9.659258e-01 0.000000e+00
    outer loop
      vertex   1.467185e+02 -1.444838e+02 6.850000e+00
      vertex   1.465249e+02 -1.445357e+02 1.018333e+01
      vertex   1.467185e+02 -1.444838e+02 1.018333e+01
    endloop
  endfacet
  facet normal -4.226183e-01 9.063078e-01 0.000000e+00
    outer loop
      vertex   1.467185e+02 -1.444838e+02 6.850000e+00
      vertex   1.467185e+02 -1.444838e+02 1.018333e+01
      vertex   1.469002e+02 -1.443991e+02 6.850000e+00
    endloop
  endfacet
  facet normal -4.226183e-01 9.063078e-01 0.000000e+00
    outer loop
      vertex   1.469002e+02 -1.443991e+02 6.850000e+00
      vertex   1.467185e+02 -1.444838e+02 1.018333e+01
      vertex   1.469002e+02 -1.443991e+02 1.018333e+01
    endloop
  endfacet
  facet normal -5.735764e-01 8.191520e-01 0.000000e+00
    outer loop
      vertex   1.469002e+02 -1.443991e+02 6.850000e+00
      vertex   1.469002e+02 -1.443991e+02 1.018333e+01
      vertex   1.470644e+02 -1.442841e+02 6.850000e+00
    endloop
  endfacet
  facet normal -5.735764e-01 8.191520e-01 0.000000e+00
    outer loop
      vertex   1.470644e+02 -1.442841e+02 6.850000e+00
      vertex   1.469002e+02 -1.443991e+02 1.018333e+01
      vertex   1.470644e+02 -1.442841e+02 1.018333e+01
    endloop
  endfacet
  facet normal -7.071068e-01 7.071068e-01 0.000000e+00
    outer loop
      vertex   1.470644e+02 -1.442841e+02 6.850000e+00
      vertex   1.470644e+02 -1.442841e+02 1.018333e+01
      vertex   1.472062e+02 -1.441423e+02 6.850000e+00
    endloop
  endfacet
  facet normal -7.071068e-01 7.071068e-01 0.000000e+00
    outer loop
      vertex   1.472062e+02 -1.441423e+02 6.850000e+00
      vertex   1.470644e+02 -1.442841e+02 1.018333e+01
      vertex   1.472062e+02 -1.441423e+02 1.018333e+01
    endloop
  endfacet
  facet normal -8.191520e-01 5.735764e-01 0.000000e+00
    outer loop
      vertex   1.472062e+02 -1.441423e+02 6.850000e+00
      vertex   1.472062e+02 -1.441423e+02 1.018333e+01
      vertex   1.473212e+02 -1.439781e+02 6.850000e+00
    endloop
  endfacet
  facet normal -8.191520e-01 5.735764e-01 0.000000e+00
    outer loop
      vertex   1.473212e+02 -1.439781e+02 6.850000e+00
      vertex   1.472062e+02 -1.441423e+02 1.018333e+01
      vertex   1.473212e+02 -1.439781e+02 1.018333e+01
    endloop
  endfacet
  facet normal -9.063078e-01 4.226183e-01 0.000000e+00
    outer loop
      vertex   1.473212e+02 -1.439781e+02 6.850000e+00
      vertex   1.473212e+02 -1.439781e+02 1.018333e+01
      vertex   1.474059e+02 -1.437964e+02 6.850000e+00
    endloop
  endfacet
  facet normal -9.063078e-01 4.226183e-01 0.000000e+00
    outer loop
      vertex   1.474059e+02 -1.437964e+02 6.850000e+00
      vertex   1.473212e+02 -1.439781e+02 1.018333e+01
      vertex   1.474059e+02 -1.437964e+02 1.018333e+01
    endloop
  endfacet
  facet normal -9.659258e-01 2.588190e-01 0.000000e+00
    outer loop
      vertex   1.474059e+02 -1.437964e+02 6.850000e+00
      vertex   1.474059e+02 -1.437964e+02 1.018333e+01
      vertex   1.474578e+02 -1.436028e+02 6.850000e+00
    endloop
  endfacet
  facet normal -9.659258e-01 2.588190e-01 0.000000e+00
    outer loop
      vertex   1.474578e+02 -1.436028e+02 6.850000e+00
      vertex   1.474059e+02 -1.437964e+02 1.018333e+01
      vertex   1.474578e+02 -1.436028e+02 1.018333e+01
    endloop
  endfacet
  facet normal -9.961947e-01 8.715574e-02 0.000000e+00
    outer loop
      vertex   1.474752e+02 -1.434031e+02 1.351667e+01
      vertex   1.474752e+02 -1.434031e+02 1.018333e+01
      vertex   1.474578e+02 -1.436028e+02 1.351667e+01
    endloop
  endfacet
  facet normal -9.961947e-01 8.715574e-02 0.000000e+00
    outer loop
      vertex   1.474578e+02 -1.436028e+02 1.351667e+01
      vertex   1.474752e+02 -1.434031e+02 1.018333e+01
      vertex   1.474578e+02 -1.436028e+02 1.018333e+01
    endloop
  endfacet
  facet normal -9.659258e-01 2.588190e-01 0.000000e+00
    outer loop
      vertex   1.474578e+02 -1.436028e+02 1.351667e+01
      vertex   1.474578e+02 -1.436028e+02 1.018333e+01
      vertex   1.474059e+02 -1.437964e+02 1.351667e+01
    endloop
  endfacet
  facet normal -9.659258e-01 2.588190e-01 0.000000e+00
    outer loop
      vertex   1.474059e+02 -1.437964e+02 1.351667e+01
      vertex   1.474578e+02 -1.436028e+02 1.018333e+01
      vertex   1.474059e+02 -1.437964e+02 1.018333e+01
    endloop
  endfacet
  facet normal -9.063078e-01 4.226183e-01 0.000000e+00
    outer loop
      vertex   1.474059e+02 -1.437964e+02 1.351667e+01
      vertex   1.474059e+02 -1.437964e+02 1.018333e+01
      vertex   1.473212e+02 -1.439781e+02 1.351667e+01
    endloop
  endfacet
  facet normal -9.063078e-01 4.226183e-01 0.000000e+00
    outer loop
      vertex   1.473212e+02 -1.439781e+02 1.351667e+01
      vertex   1.474059e+02 -1.437964e+02 1.018333e+01
      vertex   1.473212e+02 -1.439781e+02 1.018333e+01
    endloop
  endfacet
  facet normal -8.191520e-01 5.735764e-01 0.000000e+00
    outer loop
      vertex   1.473212e+02 -1.439781e+02 1.351667e+01
      vertex   1.473212e+02 -1.439781e+02 1.018333e+01
      vertex   1.472062e+02 -1.441423e+02 1.351667e+01
    endloop
  endfacet
  facet normal -8.191520e-01 5.735764e-01 0.000000e+00
    outer loop
      vertex   1.472062e+02 -1.441423e+02 1.351667e+01
      vertex   1.473212e+02 -1.439781e+02 1.018333e+01
      vertex   1.472062e+02 -1.441423e+02 1.018333e+01
    endloop
  endfacet
  facet normal -7.071068e-01 7.071068e-01 0.000000e+00
    outer loop
      vertex   1.472062e+02 -1.441423e+02 1.351667e+01
      vertex   1.472062e+02 -1.441423e+02 1.018333e+01
      vertex   1.470644e+02 -1.442841e+02 1.351667e+01
    endloop
  endfacet
  facet normal -7.071068e-01 7.071068e-01 0.000000e+00
    outer loop
      vertex   1.470644e+02 -1.442841e+02 1.351667e+01
      vertex   1.472062e+02 -1.441423e+02 1.018333e+01
      vertex   1.470644e+02 -1.442841e+02 1.018333e+01
    endloop
  endfacet
  facet normal -5.735764e-01 8.191520e-01 0.000000e+00
    outer loop
      vertex   1.470644e+02 -1.442841e+02 1.351667e+01
      vertex   1.470644e+02 -1.442841e+02 1.018333e+01
      vertex   1.469002e+02 -1.443991e+02 1.351667e+01
    endloop
  endfacet
  facet normal -5.735764e-01 8.191520e-01 0.000000e+00
    outer loop
      vertex   1.469002e+02 -1.443991e+02 1.351667e+01
      vertex   1.470644e+02 -1.442841e+02 1.018333e+01
      vertex   1.469002e+02 -1.443991e+02 1.018333e+01
    endloop
  endfacet
  facet normal -4.226183e-01 9.063078e-01 0.000000e+00
    outer loop
      vertex   1.469002e+02 -1.443991e+02 1.351667e+01
      vertex   1.469002e+02 -1.443991e+02 1.018333e+01
      vertex   1.467185e+02 -1.444838e+02 1.351667e+01
    endloop
  endfacet
  facet normal -4.226183e-01 9.063078e-01 0.000000e+00
    outer loop
      vertex   1.467185e+02 -1.444838e+02 1.351667e+01
      vertex   1.469002e+02 -1.443991e+02 1.018333e+01
      vertex   1.467185e+02 -1.444838e+02 1.018333e+01
    endloop
  endfacet
  facet normal -2.588190e-01 9.659258e-01 0.000000e+00
    outer loop
      vertex   1.467185e+02 -1.444838e+02 1.351667e+01
      vertex   1.467185e+02 -1.444838e+02 1.018333e+01
      vertex   1.465249e+02 -1.445357e+02 1.351667e+01
    endloop
  endfacet
  facet normal -2.588190e-01 9.659258e-01 0.000000e+00
    outer loop
      vertex   1.465249e+02 -1.445357e+02 1.351667e+01
      vertex   1.467185e+02 -1.444838e+02 1.018333e+01
      vertex   1.465249e+02 -1.445357e+02 1.018333e+01
    endloop
  endfacet
  facet normal -8.715574e-02 9.961947e-01 0.000000e+00
    outer loop
      vertex   1.465249e+02 -1.445357e+02 1.351667e+01
      vertex   1.465249e+02 -1.445357e+02 1.018333e+01
      vertex   1.463252e+02 -1.445531e+02 1.351667e+01
    endloop
  endfacet
  facet normal -8.715574e-02 9.961947e-01 0.000000e+00
    outer loop
      vertex   1.463252e+02 -1.445531e+02 1.351667e+01
      vertex   1.465249e+02 -1.445357e+02 1.018333e+01
      vertex   1.463252e+02 -1.445531e+02 1.018333e+01
    endloop
  endfacet
  facet normal 8.715574e-02 9.961947e-01 0.000000e+00
    outer loop
      vertex   1.463252e+02 -1.445531e+02 1.351667e+01
      vertex   1.463252e+02 -1.445531e+02 1.018333e+01
      vertex   1.461255e+02 -1.445357e+02 1.351667e+01
    endloop
  endfacet
  facet normal 8.715574e-02 9.961947e-01 0.000000e+00
    outer loop
      vertex   1.461255e+02 -1.445357e+02 1.351667e+01
      vertex   1.463252e+02 -1.445531e+02 1.018333e+01
      vertex   1.461255e+02 -1.445357e+02 1.018333e+01
    endloop
  endfacet
  facet normal 2.588190e-01 9.659258e-01 0.000000e+00
    outer loop
      vertex   1.461255e+02 -1.445357e+02 1.351667e+01
      vertex   1.461255e+02 -1.445357e+02 1.018333e+01
      vertex   1.459319e+02 -1.444838e+02 1.351667e+01
    endloop
  endfacet
  facet normal 2.588190e-01 9.659258e-01 0.000000e+00
    outer loop
      vertex   1.459319e+02 -1.444838e+02 1.351667e+01
      vertex   1.461255e+02 -1.445357e+02 1.018333e+01
      vertex   1.459319e+02 -1.444838e+02 1.018333e+01
    endloop
  endfacet
  facet normal 4.226183e-01 9.063078e-01 0.000000e+00
    outer loop
      vertex   1.459319e+02 -1.444838e+02 1.351667e+01
      vertex   1.459319e+02 -1.444838e+02 1.018333e+01
      vertex   1.457502e+02 -1.443991e+02 1.351667e+01
    endloop
  endfacet
  facet normal 4.226183e-01 9.063078e-01 0.000000e+00
    outer loop
      vertex   1.457502e+02 -1.443991e+02 1.351667e+01
      vertex   1.459319e+02 -1.444838e+02 1.018333e+01
      vertex   1.457502e+02 -1.443991e+02 1.018333e+01
    endloop
  endfacet
  facet normal 5.735764e-01 8.191520e-01 0.000000e+00
    outer loop
      vertex   1.457502e+02 -1.443991e+02 1.351667e+01
      vertex   1.457502e+02 -1.443991e+02 1.018333e+01
      vertex   1.455860e+02 -1.442841e+02 1.351667e+01
    endloop
  endfacet
  facet normal 5.735764e-01 8.191520e-01 0.000000e+00
    outer loop
      vertex   1.455860e+02 -1.442841e+02 1.351667e+01
      vertex   1.457502e+02 -1.443991e+02 1.018333e+01
      vertex   1.455860e+02 -1.442841e+02 1.018333e+01
    endloop
  endfacet
  facet normal 7.071068e-01 7.071068e-01 0.000000e+00
    outer loop
      vertex   1.455860e+02 -1.442841e+02 1.351667e+01
      vertex   1.455860e+02 -1.442841e+02 1.018333e+01
      vertex   1.454443e+02 -1.441423e+02 1.351667e+01
    endloop
  endfacet
  facet normal 7.071068e-01 7.071068e-01 0.000000e+00
    outer loop
      vertex   1.454443e+02 -1.441423e+02 1.351667e+01
      vertex   1.455860e+02 -1.442841e+02 1.018333e+01
      vertex   1.454443e+02 -1.441423e+02 1.018333e+01
    endloop
  endfacet
  facet normal 8.191520e-01 5.735764e-01 0.000000e+00
    outer loop
      vertex   1.454443e+02 -1.441423e+02 1.351667e+01
      vertex   1.454443e+02 -1.441423e+02 1.018333e+01
      vertex   1.453293e+02 -1.439781e+02 1.351667e+01
    endloop
  endfacet
  facet normal 8.191520e-01 5.735764e-01 0.000000e+00
    outer loop
      vertex   1.453293e+02 -1.439781e+02 1.351667e+01
      vertex   1.454443e+02 -1.441423e+02 1.018333e+01
      vertex   1.453293e+02 -1.439781e+02 1.018333e+01
    endloop
  endfacet
  facet normal 9.063078e-01 4.226183e-01 0.000000e+00
    outer loop
      vertex   1.453293e+02 -1.439781e+02 1.351667e+01
      vertex   1.453293e+02 -1.439781e+02 1.018333e+01
      vertex   1.452446e+02 -1.437964e+02 1.351667e+01
    endloop
  endfacet
  facet normal 9.063078e-01 4.226183e-01 0.000000e+00
    outer loop
      vertex   1.452446e+02 -1.437964e+02 1.351667e+01
      vertex   1.453293e+02 -1.439781e+02 1.018333e+01
      vertex   1.452446e+02 -1.437964e+02 1.018333e+01
    endloop
  endfacet
  facet normal 9.659258e-01 2.588190e-01 0.000000e+00
    outer loop
      vertex   1.452446e+02 -1.437964e+02 1.351667e+01
      vertex   1.452446e+02 -1.437964e+02 1.018333e+01
      vertex   1.451927e+02 -1.436028e+02 1.351667e+01
    endloop
  endfacet
  facet normal 9.659258e-01 2.588190e-01 0.000000e+00
    outer loop
      vertex   1.451927e+02 -1.436028e+02 1.351667e+01
      vertex   1.452446e+02 -1.437964e+02 1.018333e+01
      vertex   1.451927e+02 -1.436028e+02 1.018333e+01
    endloop
  endfacet
  facet normal 9.961947e-01 8.715574e-02 0.000000e+00
    outer loop
      vertex   1.451927e+02 -1.436028e+02 1.351667e+01
      vertex   1.451927e+02 -1.436028e+02 1.018333e+01
      vertex   1.451752e+02 -1.434031e+02 1.351667e+01
    endloop
  endfacet
  facet normal 9.961947e-01 8.715574e-02 0.000000e+00
    outer loop
      vertex   1.451752e+02 -1.434031e+02 1.351667e+01
      vertex   1.451927e+02 -1.436028e+02 1.018333e+01
      vertex   1.451752e+02 -1.434031e+02 1.018333e+01
    endloop
  endfacet
  facet normal 9.961947e-01 -8.715574e-02 0.000000e+00
    outer loop
      vertex   1.451752e+02 -1.434031e+02 1.351667e+01
      vertex   1.451752e+02 -1.434031e+02 1.018333e+01
      vertex   1.451927e+02 -1.432034e+02 1.351667e+01
    endloop
  endfacet
  facet normal 9.961947e-01 -8.715574e-02 0.000000e+00
    outer loop
      vertex   1.451927e+02 -1.432034e+02 1.351667e+01
      vertex   1.451752e+02 -1.434031e+02 1.018333e+01
      vertex   1.451927e+02 -1.432034e+02 1.018333e+01
    endloop
  endfacet
  facet normal 9.659258e-01 -2.588190e-01 0.000000e+00
    outer loop
      vertex   1.451927e+02 -1.432034e+02 1.351667e+01
      vertex   1.451927e+02 -1.432034e+02 1.018333e+01
      vertex   1.452446e+02 -1.430098e+02 1.351667e+01
    endloop
  endfacet
  facet normal 9.659258e-01 -2.588190e-01 0.000000e+00
    outer loop
      vertex   1.452446e+02 -1.430098e+02 1.351667e+01
      vertex   1.451927e+02 -1.432034e+02 1.018333e+01
      vertex   1.452446e+02 -1.430098e+02 1.018333e+01
    endloop
  endfacet
  facet normal 9.063078e-01 -4.226183e-01 0.000000e+00
    outer loop
      vertex   1.452446e+02 -1.430098e+02 1.351667e+01
      vertex   1.452446e+02 -1.430098e+02 1.018333e+01
      vertex   1.453293e+02 -1.428281e+02 1.351667e+01
    endloop
  endfacet
  facet normal 9.063078e-01 -4.226183e-01 0.000000e+00
    outer loop
      vertex   1.453293e+02 -1.428281e+02 1.351667e+01
      vertex   1.452446e+02 -1.430098e+02 1.018333e+01
      vertex   1.453293e+02 -1.428281e+02 1.018333e+01
    endloop
  endfacet
  facet normal 8.191520e-01 -5.735764e-01 0.000000e+00
    outer loop
      vertex   1.453293e+02 -1.428281e+02 1.351667e+01
      vertex   1.453293e+02 -1.428281e+02 1.018333e+01
      vertex   1.454443e+02 -1.426639e+02 1.351667e+01
    endloop
  endfacet
  facet normal 8.191520e-01 -5.735764e-01 0.000000e+00
    outer loop
      vertex   1.454443e+02 -1.426639e+02 1.351667e+01
      vertex   1.453293e+02 -1.428281e+02 1.018333e+01
      vertex   1.454443e+02 -1.426639e+02 1.018333e+01
    endloop
  endfacet
  facet normal 7.071068e-01 -7.071068e-01 0.000000e+00
    outer loop
      vertex   1.454443e+02 -1.426639e+02 1.351667e+01
      vertex   1.454443e+02 -1.426639e+02 1.018333e+01
      vertex   1.455860e+02 -1.425222e+02 1.351667e+01
    endloop
  endfacet
  facet normal 7.071068e-01 -7.071068e-01 0.000000e+00
    outer loop
      vertex   1.455860e+02 -1.425222e+02 1.351667e+01
      vertex   1.454443e+02 -1.426639e+02 1.018333e+01
      vertex   1.455860e+02 -1.425222e+02 1.018333e+01
    endloop
  endfacet
  facet normal 5.735764e-01 -8.191520e-01 0.000000e+00
    outer loop
      vertex   1.455860e+02 -1.425222e+02 1.351667e+01
      vertex   1.455860e+02 -1.425222e+02 1.018333e+01
      vertex   1.457502e+02 -1.424072e+02 1.351667e+01
    endloop
  endfacet
  facet normal 5.735764e-01 -8.191520e-01 0.000000e+00
    outer loop
      vertex   1.457502e+02 -1.424072e+02 1.351667e+01
      vertex   1.455860e+02 -1.425222e+02 1.018333e+01
      vertex   1.457502e+02 -1.424072e+02 1.018333e+01
    endloop
  endfacet
  facet normal 4.226183e-01 -9.063078e-01 0.000000e+00
    outer loop
      vertex   1.457502e+02 -1.424072e+02 1.351667e+01
      vertex   1.457502e+02 -1.424072e+02 1.018333e+01
      vertex   1.459319e+02 -1.423225e+02 1.351667e+01
    endloop
  endfacet
  facet normal 4.226183e-01 -9.063078e-01 0.000000e+00
    outer loop
      vertex   1.459319e+02 -1.423225e+02 1.351667e+01
      vertex   1.457502e+02 -1.424072e+02 1.018333e+01
      vertex   1.459319e+02 -1.423225e+02 1.018333e+01
    endloop
  endfacet
  facet normal 2.588190e-01 -9.659258e-01 0.000000e+00
    outer loop
      vertex   1.459319e+02 -1.423225e+02 1.351667e+01
      vertex   1.459319e+02 -1.423225e+02 1.018333e+01
      vertex   1.461255e+02 -1.422706e+02 1.351667e+01
    endloop
  endfacet
  facet normal 2.588190e-01 -9.659258e-01 0.000000e+00
    outer loop
      vertex   1.461255e+02 -1.422706e+02 1.351667e+01
      vertex   1.459319e+02 -1.423225e+02 1.018333e+01
      vertex   1.461255e+02 -1.422706e+02 1.018333e+01
    endloop
  endfacet
  facet normal 8.715574e-02 -9.961947e-01 0.000000e+00
    outer loop
      vertex   1.461255e+02 -1.422706e+02 1.351667e+01
      vertex   1.461255e+02 -1.422706e+02 1.018333e+01
      vertex   1.463252e+02 -1.422531e+02 1.351667e+01
    endloop
  endfacet
  facet normal 8.715574e-02 -9.961947e-01 0.000000e+00
    outer loop
      vertex   1.463252e+02 -1.422531e+02 1.351667e+01
      vertex   1.461255e+02 -1.422706e+02 1.018333e+01
      vertex   1.463252e+02 -1.422531e+02 1.018333e+01
    endloop
  endfacet
  facet normal -8.715574e-02 -9.961947e-01 -0.000000e+00
    outer loop
      vertex   1.463252e+02 -1.422531e+02 1.351667e+01
      vertex   1.463252e+02 -1.422531e+02 1.018333e+01
      vertex   1.465249e+02 -1.422706e+02 1.351667e+01
    endloop
  endfacet
  facet normal -8.715574e-02 -9.961947e-01 -0.000000e+00
    outer loop
      vertex   1.465249e+02 -1.422706e+02 1.351667e+01
      vertex   1.463252e+02 -1.422531e+02 1.018333e+01
      vertex   1.465249e+02 -1.422706e+02 1.018333e+01
    endloop
  endfacet
  facet normal -2.588190e-01 -9.659258e-01 -0.000000e+00
    outer loop
      vertex   1.465249e+02 -1.422706e+02 1.351667e+01
      vertex   1.465249e+02 -1.422706e+02 1.018333e+01
      vertex   1.467185e+02 -1.423225e+02 1.351667e+01
    endloop
  endfacet
  facet normal -2.588190e-01 -9.659258e-01 -0.000000e+00
    outer loop
      vertex   1.467185e+02 -1.423225e+02 1.351667e+01
      vertex   1.465249e+02 -1.422706e+02 1.018333e+01
      vertex   1.467185e+02 -1.423225e+02 1.018333e+01
    endloop
  endfacet
  facet normal -4.226183e-01 -9.063078e-01 -0.000000e+00
    outer loop
      vertex   1.467185e+02 -1.423225e+02 1.351667e+01
      vertex   1.467185e+02 -1.423225e+02 1.018333e+01
      vertex   1.469002e+02 -1.424072e+02 1.351667e+01
    endloop
  endfacet
  facet normal -4.226183e-01 -9.063078e-01 -0.000000e+00
    outer loop
      vertex   1.469002e+02 -1.424072e+02 1.351667e+01
      vertex   1.467185e+02 -1.423225e+02 1.018333e+01
      vertex   1.469002e+02 -1.424072e+02 1.018333e+01
    endloop
  endfacet
  facet normal -5.735764e-01 -8.191520e-01 -0.000000e+00
    outer loop
      vertex   1.469002e+02 -1.424072e+02 1.351667e+01
      vertex   1.469002e+02 -1.424072e+02 1.018333e+01
      vertex   1.470644e+02 -1.425222e+02 1.351667e+01
    endloop
  endfacet
  facet normal -5.735764e-01 -8.191520e-01 -0.000000e+00
    outer loop
      vertex   1.470644e+02 -1.425222e+02 1.351667e+01
      vertex   1.469002e+02 -1.424072e+02 1.018333e+01
      vertex   1.470644e+02 -1.425222e+02 1.018333e+01
    endloop
  endfacet
  facet normal -7.071068e-01 -7.071068e-01 -0.000000e+00
    outer loop
      vertex   1.470644e+02 -1.425222e+02 1.351667e+01
      vertex   1.470644e+02 -1.425222e+02 1.018333e+01
      vertex   1.472062e+02 -1.426639e+02 1.351667e+01
    endloop
  endfacet
  facet normal -7.071068e-01 -7.071068e-01 -0.000000e+00
    outer loop
      vertex   1.472062e+02 -1.426639e+02 1.351667e+01
      vertex   1.470644e+02 -1.425222e+02 1.018333e+01
      vertex   1.472062e+02 -1.426639e+02 1.018333e+01
    endloop
  endfacet
  facet normal -8.191520e-01 -5.735764e-01 -0.000000e+00
    outer loop
      vertex   1.472062e+02 -1.426639e+02 1.351667e+01
      vertex   1.472062e+02 -1.426639e+02 1.018333e+01
      vertex   1.473212e+02 -1.428281e+02 1.351667e+01
    endloop
  endfacet
  facet normal -8.191520e-01 -5.735764e-01 -0.000000e+00
    outer loop
      vertex   1.473212e+02 -1.428281e+02 1.351667e+01
      vertex   1.472062e+02 -1.426639e+02 1.018333e+01
      vertex   1.473212e+02 -1.428281e+02 1.018333e+01
    endloop
  endfacet
  facet normal -9.063078e-01 -4.226183e-01 -0.000000e+00
    outer loop
      vertex   1.473212e+02 -1.428281e+02 1.351667e+01
      vertex   1.473212e+02 -1.428281e+02 1.018333e+01
      vertex   1.474059e+02 -1.430098e+02 1.351667e+01
    endloop
  endfacet
  facet normal -9.063078e-01 -4.226183e-01 -0.000000e+00
    outer loop
      vertex   1.474059e+02 -1.430098e+02 1.351667e+01
      vertex   1.473212e+02 -1.428281e+02 1.018333e+01
      vertex   1.474059e+02 -1.430098e+02 1.018333e+01
    endloop
  endfacet
  facet normal -9.659258e-01 -2.588190e-01 -0.000000e+00
    outer loop
      vertex   1.474059e+02 -1.430098e+02 1.351667e+01
      vertex   1.474059e+02 -1.430098e+02 1.018333e+01
      vertex   1.474578e+02 -1.432034e+02 1.351667e+01
    endloop
  endfacet
  facet normal -9.659258e-01 -2.588190e-01 -0.000000e+00
    outer loop
      vertex   1.474578e+02 -1.432034e+02 1.351667e+01
      vertex   1.474059e+02 -1.430098e+02 1.018333e+01
      vertex   1.474578e+02 -1.432034e+02 1.018333e+01
    endloop
  endfacet
  facet normal -9.961947e-01 -8.715574e-02 -0.000000e+00
    outer loop
      vertex   1.474578e+02 -1.432034e+02 1.351667e+01
      vertex   1.474578e+02 -1.432034e+02 1.018333e+01
      vertex   1.474752e+02 -1.434031e+02 1.351667e+01
    endloop
  endfacet
  facet normal -9.961947e-01 -8.715574e-02 -0.000000e+00
    outer loop
      vertex   1.474752e+02 -1.434031e+02 1.351667e+01
      vertex   1.474578e+02 -1.432034e+02 1.018333e+01
      vertex   1.474752e+02 -1.434031e+02 1.018333e+01
    endloop
  endfacet
  facet normal 0.000000e+00 0.000000e+00 -1.000000e+00
    outer loop
      vertex   1.474578e+02 -1.436028e+02 1.685000e+01
      vertex   1.451927e+02 -1.436028e+02 1.685000e+01
      vertex   1.474752e+02 -1.434031e+02 1.685000e+01
    endloop
  endfacet
  facet normal -0.000000e+00 0.000000e+00 -1.000000e+00
    outer loop
      vertex   1.474752e+02 -1.434031e+02 1.685000e+01
      vertex   1.451927e+02 -1.436028e+02 1.685000e+01
      vertex   1.451752e+02 -1.434031e+02 1.685000e+01
    endloop
  endfacet
  facet normal 0.000000e+00 0.000000e+00 -1.000000e+00
    outer loop
      vertex   1.474752e+02 -1.434031e+02 1.685000e+01
      vertex   1.451752e+02 -1.434031e+02 1.685000e+01
      vertex   1.474578e+02 -1.432034e+02 1.685000e+01
    endloop
  endfacet
  facet normal -0.000000e+00 0.000000e+00 -1.000000e+00
    outer loop
      vertex   1.474578e+02 -1.432034e+02 1.685000e+01
      vertex   1.451752e+02 -1.434031e+02 1.685000e+01
      vertex   1.451927e+02 -1.432034e+02 1.685000e+01
    endloop
  endfacet
  facet normal 0.000000e+00 0.000000e+00 -1.000000e+00
    outer loop
      vertex   1.474578e+02 -1.432034e+02 1.685000e+01
      vertex   1.451927e+02 -1.432034e+02 1.685000e+01
      vertex   1.474059e+02 -1.430098e+02 1.685000e+01
    endloop
  endfacet
  facet normal -0.000000e+00 0.000000e+00 -1.000000e+00
    outer loop
      vertex   1.474059e+02 -1.430098e+02 1.685000e+01
      vertex   1.451927e+02 -1.432034e+02 1.685000e+01
      vertex   1.452446e+02 -1.430098e+02 1.685000e+01
    endloop
  endfacet
  facet normal 0.000000e+00 0.000000e+00 -1.000000e+00
    outer loop
      vertex   1.474059e+02 -1.430098e+02 1.685000e+01
      vertex   1.452446e+02 -1.430098e+02 1.685000e+01
      vertex   1.473212e+02 -1.428281e+02 1.685000e+01
    endloop
  endfacet
  facet normal -0.000000e+00 0.000000e+00 -1.000000e+00
    outer loop
      vertex   1.473212e+02 -1.428281e+02 1.685000e+01
      vertex   1.452446e+02 -1.430098e+02 1.685000e+01
      vertex   1.453293e+02 -1.428281e+02 1.685000e+01
    endloop
  endfacet
  facet normal 0.000000e+00 0.000000e+00 -1.000000e+00
    outer loop
      vertex   1.473212e+02 -1.428281e+02 1.685000e+01
      vertex   1.453293e+02 -1.428281e+02 1.685000e+01
      vertex   1.472062e+02 -1.426639e+02 1.685000e+01
    endloop
  endfacet
  facet normal -0.000000e+00 0.000000e+00 -1.000000e+00
    outer loop
      vertex   1.472062e+02 -1.426639e+02 1.685000e+01
      vertex   1.453293e+02 -1.428281e+02 1.685000e+01
      vertex   1.454443e+02 -1.426639e+02 1.685000e+01
    endloop
  endfacet
  facet normal 0.000000e+00 0.000000e+00 -1.000000e+00
    outer loop
      vertex   1.472062e+02 -1.426639e+02 1.685000e+01
      vertex   1.454443e+02 -1.426639e+02 1.685000e+01
      vertex   1.470644e+02 -1.425222e+02 1.685000e+01
    endloop
  endfacet
  facet normal -0.000000e+00 0.000000e+00 -1.000000e+00
    outer loop
      vertex   1.470644e+02 -1.425222e+02 1.685000e+01
      vertex   1.454443e+02 -1.426639e+02 1.685000e+01
      vertex   1.455860e+02 -1.425222e+02 1.685000e+01
    endloop
  endfacet
  facet normal 0.000000e+00 0.000000e+00 -1.000000e+00
    outer loop
      vertex   1.470644e+02 -1.425222e+02 1.685000e+01
      vertex   1.455860e+02 -1.425222e+02 1.685000e+01
      vertex   1.469002e+02 -1.424072e+02 1.685000e+01
    endloop
  endfacet
  facet normal -0.000000e+00 0.000000e+00 -1.000000e+00
    outer loop
      vertex   1.469002e+02 -1.424072e+02 1.685000e+01
      vertex   1.455860e+02 -1.425222e+02 1.685000e+01
      vertex   1.457502e+02 -1.424072e+02 1.685000e+01
    endloop
  endfacet
  facet normal 0.000000e+00 0.000000e+00 -1.000000e+00
    outer loop
      vertex   1.469002e+02 -1.424072e+02 1.685000e+01
      vertex   1.457502e+02 -1.424072e+02 1.685000e+01
      vertex   1.467185e+02 -1.423225e+02 1.685000e+01
    endloop
  endfacet
  facet normal -0.000000e+00 0.000000e+00 -1.000000e+00
    outer loop
      vertex   1.467185e+02 -1.423225e+02 1.685000e+01
      vertex   1.457502e+02 -1.424072e+02 1.685000e+01
      vertex   1.459319e+02 -1.423225e+02 1.685000e+01
    endloop
  endfacet
  facet normal 0.000000e+00 0.000000e+00 -1.000000e+00
    outer loop
      vertex   1.467185e+02 -1.423225e+02 1.685000e+01
      vertex   1.459319e+02 -1.423225e+02 1.685000e+01
      vertex   1.465249e+02 -1.422706e+02 1.685000e+01
    endloop
  endfacet
  facet normal -0.000000e+00 0.000000e+00 -1.000000e+00
    outer loop
      vertex   1.465249e+02 -1.422706e+02 1.685000e+01
      vertex   1.459319e+02 -1.423225e+02 1.685000e+01
      vertex   1.461255e+02 -1.422706e+02 1.685000e+01
    endloop
  endfacet
  facet normal 0.000000e+00 0.000000e+00 -1.000000e+00
    outer loop
      vertex   1.465249e+02 -1.422706e+02 1.685000e+01
      vertex   1.461255e+02 -1.422706e+02 1.685000e+01
      vertex   1.463252e+02 -1.422531e+02 1.685000e+01
    endloop
  endfacet
  facet normal 0.000000e+00 0.000000e+00 -1.000000e+00
    outer loop
      vertex   1.451927e+02 -1.436028e+02 1.685000e+01
      vertex   1.474578e+02 -1.436028e+02 1.685000e+01
      vertex   1.452446e+02 -1.437964e+02 1.685000e+01
    endloop
  endfacet
  facet normal 0.000000e+00 0.000000e+00 -1.000000e+00
    outer loop
      vertex   1.452446e+02 -1.437964e+02 1.685000e+01
      vertex   1.474578e+02 -1.436028e+02 1.685000e+01
      vertex   1.474059e+02 -1.437964e+02 1.685000e+01
    endloop
  endfacet
  facet normal 0.000000e+00 0.000000e+00 -1.000000e+00
    outer loop
      vertex   1.452446e+02 -1.437964e+02 1.685000e+01
      vertex   1.474059e+02 -1.437964e+02 1.685000e+01
      vertex   1.453293e+02 -1.439781e+02 1.685000e+01
    endloop
  endfacet
  facet normal 0.000000e+00 0.000000e+00 -1.000000e+00
    outer loop
      vertex   1.453293e+02 -1.439781e+02 1.685000e+01
      vertex   1.474059e+02 -1.437964e+02 1.685000e+01
      vertex   1.473212e+02 -1.439781e+02 1.685000e+01
    endloop
  endfacet
  facet normal 0.000000e+00 0.000000e+00 -1.000000e+00
    outer loop
      vertex   1.453293e+02 -1.439781e+02 1.685000e+01
      vertex   1.473212e+02 -1.439781e+02 1.685000e+01
      vertex   1.454443e+02 -1.441423e+02 1.685000e+01
    endloop
  endfacet
  facet normal 0.000000e+00 0.000000e+00 -1.000000e+00
    outer loop
      vertex   1.454443e+02 -1.441423e+02 1.685000e+01
      vertex   1.473212e+02 -1.439781e+02 1.685000e+01
      vertex   1.472062e+02 -1.441423e+02 1.685000e+01
    endloop
  endfacet
  facet normal 0.000000e+00 0.000000e+00 -1.000000e+00
    outer loop
      vertex   1.454443e+02 -1.441423e+02 1.685000e+01
      vertex   1.472062e+02 -1.441423e+02 1.685000e+01
      vertex   1.455860e+02 -1.442841e+02 1.685000e+01
    endloop
  endfacet
  facet normal 0.000000e+00 0.000000e+00 -1.000000e+00
    outer loop
      vertex   1.455860e+02 -1.442841e+02 1.685000e+01
      vertex   1.472062e+02 -1.441423e+02 1.685000e+01
      vertex   1.470644e+02 -1.442841e+02 1.685000e+01
    endloop
  endfacet
  facet normal 0.000000e+00 0.000000e+00 -1.000000e+00
    outer loop
      vertex   1.455860e+02 -1.442841e+02 1.685000e+01
      vertex   1.470644e+02 -1.442841e+02 1.685000e+01
      vertex   1.457502e+02 -1.443991e+02 1.685000e+01
    endloop
  endfacet
  facet normal 0.000000e+00 0.000000e+00 -1.000000e+00
    outer loop
      vertex   1.457502e+02 -1.443991e+02 1.685000e+01
      vertex   1.470644e+02 -1.442841e+02 1.685000e+01
      vertex   1.469002e+02 -1.443991e+02 1.685000e+01
    endloop
  endfacet
  facet normal 0.000000e+00 0.000000e+00 -1.000000e+00
    outer loop
      vertex   1.457502e+02 -1.443991e+02 1.685000e+01
      vertex   1.469002e+02 -1.443991e+02 1.685000e+01
      vertex   1.459319e+02 -1.444838e+02 1.685000e+01
    endloop
  endfacet
  facet normal 0.000000e+00 0.000000e+00 -1.000000e+00
    outer loop
      vertex   1.459319e+02 -1.444838e+02 1.685000e+01
      vertex   1.469002e+02 -1.443991e+02 1.685000e+01
      vertex   1.467185e+02 -1.444838e+02 1.685000e+01
    endloop
  endfacet
  facet normal 0.000000e+00 0.000000e+00 -1.000000e+00
    outer loop
      vertex   1.459319e+02 -1.444838e+02 1.685000e+01
      vertex   1.467185e+02 -1.444838e+02 1.685000e+01
      vertex   1.461255e+02 -1.445357e+02 1.685000e+01
    endloop
  endfacet
  facet normal 0.000000e+00 0.000000e+00 -1.000000e+00
    outer loop
      vertex   1.461255e+02 -1.445357e+02 1.685000e+01
      vertex   1.467185e+02 -1.444838e+02 1.685000e+01
      vertex   1.465249e+02 -1.445357e+02 1.685000e+01
    endloop
  endfacet
  facet normal 0.000000e+00 0.000000e+00 -1.000000e+00
    outer loop
      vertex   1.461255e+02 -1.445357e+02 1.685000e+01
      vertex   1.465249e+02 -1.445357e+02 1.685000e+01
      vertex   1.463252e+02 -1.445531e+02 1.685000e+01
    endloop
  endfacet
  facet normal -9.961947e-01 -8.715574e-02 -0.000000e+00
    outer loop
      vertex   2.859433e+01 -2.726210e+01 1.685000e+01
      vertex   2.859433e+01 -2.726210e+01 1.351667e+01
      vertex   2.861180e+01 -2.746180e+01 1.685000e+01
    endloop
  endfacet
  facet normal -9.961947e-01 -8.715574e-02 -0.000000e+00
    outer loop
      vertex   2.861180e+01 -2.746180e+01 1.685000e+01
      vertex   2.859433e+01 -2.726210e+01 1.351667e+01
      vertex   2.861180e+01 -2.746180e+01 1.351667e+01
    endloop
  endfacet
  facet normal -9.961947e-01 8.715574e-02 0.000000e+00
    outer loop
      vertex   2.861180e+01 -2.746180e+01 1.685000e+01
      vertex   2.861180e+01 -2.746180e+01 1.351667e+01
      vertex   2.859433e+01 -2.766150e+01 1.685000e+01
    endloop
  endfacet
  facet normal -9.961947e-01 8.715574e-02 0.000000e+00
    outer loop
      vertex   2.859433e+01 -2.766150e+01 1.685000e+01
      vertex   2.861180e+01 -2.746180e+01 1.351667e+01
      vertex   2.859433e+01 -2.766150e+01 1.351667e+01
    endloop
  endfacet
  facet normal -9.659258e-01 2.588190e-01 0.000000e+00
    outer loop
      vertex   2.859433e+01 -2.766150e+01 1.685000e+01
      vertex   2.859433e+01 -2.766150e+01 1.351667e+01
      vertex   2.854245e+01 -2.785512e+01 1.685000e+01
    endloop
  endfacet
  facet normal -9.659258e-01 2.588190e-01 0.000000e+00
    outer loop
      vertex   2.854245e+01 -2.785512e+01 1.685000e+01
      vertex   2.859433e+01 -2.766150e+01 1.351667e+01
      vertex   2.854245e+01 -2.785512e+01 1.351667e+01
    endloop
  endfacet
  facet normal -9.063078e-01 4.226183e-01 0.000000e+00
    outer loop
      vertex   2.854245e+01 -2.785512e+01 1.685000e+01
      vertex   2.854245e+01 -2.785512e+01 1.351667e+01
      vertex   2.845773e+01 -2.803680e+01 1.685000e+01
    endloop
  endfacet
  facet normal -9.063078e-01 4.226183e-01 0.000000e+00
    outer loop
      vertex   2.845773e+01 -2.803680e+01 1.685000e+01
      vertex   2.854245e+01 -2.785512e+01 1.351667e+01
      vertex   2.845773e+01 -2.803680e+01 1.351667e+01
    endloop
  endfacet
  facet normal -8.191520e-01 5.735764e-01 0.000000e+00
    outer loop
      vertex   2.845773e+01 -2.803680e+01 1.685000e+01
      vertex   2.845773e+01 -2.803680e+01 1.351667e+01
      vertex   2.834275e+01 -2.820101e+01 1.685000e+01
    endloop
  endfacet
  facet normal -8.191520e-01 5.735764e-01 0.000000e+00
    outer loop
      vertex   2.834275e+01 -2.820101e+01 1.685000e+01
      vertex   2.845773e+01 -2.803680e+01 1.351667e+01
      vertex   2.834275e+01 -2.820101e+01 1.351667e+01
    endloop
  endfacet
  facet normal -7.071068e-01 7.071068e-01 0.000000e+00
    outer loop
      vertex   2.834275e+01 -2.820101e+01 1.685000e+01
      vertex   2.834275e+01 -2.820101e+01 1.351667e+01
      vertex   2.820101e+01 -2.834275e+01 1.685000e+01
    endloop
  endfacet
  facet normal -7.071068e-01 7.071068e-01 0.000000e+00
    outer loop
      vertex   2.820101e+01 -2.834275e+01 1.685000e+01
      vertex   2.834275e+01 -2.820101e+01 1.351667e+01
      vertex   2.820101e+01 -2.834275e+01 1.351667e+01
    endloop
  endfacet
  facet normal -5.735764e-01 8.191520e-01 0.000000e+00
    outer loop
      vertex   2.820101e+01 -2.834275e+01 1.685000e+01
      vertex   2.820101e+01 -2.834275e+01 1.351667e+01
      vertex   2.803680e+01 -2.845773e+01 1.685000e+01
    endloop
  endfacet
  facet normal -5.735764e-01 8.191520e-01 0.000000e+00
    outer loop
      vertex   2.803680e+01 -2.845773e+01 1.685000e+01
      vertex   2.820101e+01 -2.834275e+01 1.351667e+01
      vertex   2.803680e+01 -2.845773e+01 1.351667e+01
    endloop
  endfacet
  facet normal -4.226183e-01 9.063078e-01 0.000000e+00
    outer loop
      vertex   2.803680e+01 -2.845773e+01 1.685000e+01
      vertex   2.803680e+01 -2.845773e+01 1.351667e+01
      vertex   2.785512e+01 -2.854245e+01 1.685000e+01
    endloop
  endfacet
  facet normal -4.226183e-01 9.063078e-01 0.000000e+00
    outer loop
      vertex   2.785512e+01 -2.854245e+01 1.685000e+01
      vertex   2.803680e+01 -2.845773e+01 1.351667e+01
      vertex   2.785512e+01 -2.854245e+01 1.351667e+01
    endloop
  endfacet
  facet normal -2.588190e-01 9.659258e-01 0.000000e+00
    outer loop
      vertex   2.785512e+01 -2.854245e+01 1.685000e+01
      vertex   2.785512e+01 -2.854245e+01 1.351667e+01
      vertex   2.766150e+01 -2.859433e+01 1.685000e+01
    endloop
  endfacet
  facet normal -2.588190e-01 9.659258e-01 0.000000e+00
    outer loop
      vertex   2.766150e+01 -2.859433e+01 1.685000e+01
      vertex   2.785512e+01 -2.854245e+01 1.351667e+01
      vertex   2.766150e+01 -2.859433e+01 1.351667e+01
    endloop
  endfacet
  facet normal -8.715574e-02 9.961947e-01 0.000000e+00
    outer loop
      vertex   2.766150e+01 -2.859433e+01 1.685000e+01
      vertex   2.766150e+01 -2.859433e+01 1.351667e+01
      vertex   2.746180e+01 -2.861180e+01 1.685000e+01
    endloop
  endfacet
  facet normal -8.715574e-02 9.961947e-01 0.000000e+00
    outer loop
      vertex   2.746180e+01 -2.861180e+01 1.685000e+01
      vertex   2.766150e+01 -2.859433e+01 1.351667e+01
      vertex   2.746180e+01 -2.861180e+01 1.351667e+01
    endloop
  endfacet
  facet normal 8.715574e-02 9.961947e-01 0.000000e+00
    outer loop
      vertex   2.746180e+01 -2.861180e+01 1.685000e+01
      vertex   2.746180e+01 -2.861180e+01 1.351667e+01
      vertex   2.726210e+01 -2.859433e+01 1.685000e+01
    endloop
  endfacet
  facet normal 8.715574e-02 9.961947e-01 0.000000e+00
    outer loop
      vertex   2.726210e+01 -2.859433e+01 1.685000e+01
      vertex   2.746180e+01 -2.861180e+01 1.351667e+01
      vertex   2.726210e+01 -2.859433e+01 1.351667e+01
    endloop
  endfacet
  facet normal 2.588190e-01 9.659258e-01 0.000000e+00
    outer loop
      vertex   2.726210e+01 -2.859433e+01 1.685000e+01
      vertex   2.726210e+01 -2.859433e+01 1.351667e+01
      vertex   2.706848e+01 -2.854245e+01 1.685000e+01
    endloop
  endfacet
  facet normal 2.588190e-01 9.659258e-01 0.000000e+00
    outer loop
      vertex   2.706848e+01 -2.854245e+01 1.685000e+01
      vertex   2.726210e+01 -2.859433e+01 1.351667e+01
      vertex   2.706848e+01 -2.854245e+01 1.351667e+01
    endloop
  endfacet
  facet normal 4.226183e-01 9.063078e-01 0.000000e+00
    outer loop
      vertex   2.706848e+01 -2.854245e+01 1.685000e+01
      vertex   2.706848e+01 -2.854245e+01 1.351667e+01
      vertex   2.688680e+01 -2.845773e+01 1.685000e+01
    endloop
  endfacet
  facet normal 4.226183e-01 9.063078e-01 0.000000e+00
    outer loop
      vertex   2.688680e+01 -2.845773e+01 1.685000e+01
      vertex   2.706848e+01 -2.854245e+01 1.351667e+01
      vertex   2.688680e+01 -2.845773e+01 1.351667e+01
    endloop
  endfacet
  facet normal 5.735764e-01 8.191520e-01 0.000000e+00
    outer loop
      vertex   2.688680e+01 -2.845773e+01 1.685000e+01
      vertex   2.688680e+01 -2.845773e+01 1.351667e+01
      vertex   2.672259e+01 -2.834275e+01 1.685000e+01
    endloop
  endfacet
  facet normal 5.735764e-01 8.191520e-01 0.000000e+00
    outer loop
      vertex   2.672259e+01 -2.834275e+01 1.685000e+01
      vertex   2.688680e+01 -2.845773e+01 1.351667e+01
      vertex   2.672259e+01 -2.834275e+01 1.351667e+01
    endloop
  endfacet
  facet normal 7.071068e-01 7.071068e-01 0.000000e+00
    outer loop
      vertex   2.672259e+01 -2.834275e+01 1.685000e+01
      vertex   2.672259e+01 -2.834275e+01 1.351667e+01
      vertex   2.658085e+01 -2.820101e+01 1.685000e+01
    endloop
  endfacet
  facet normal 7.071068e-01 7.071068e-01 0.000000e+00
    outer loop
      vertex   2.658085e+01 -2.820101e+01 1.685000e+01
      vertex   2.672259e+01 -2.834275e+01 1.351667e+01
      vertex   2.658085e+01 -2.820101e+01 1.351667e+01
    endloop
  endfacet
  facet normal 8.191520e-01 5.735764e-01 0.000000e+00
    outer loop
      vertex   2.658085e+01 -2.820101e+01 1.685000e+01
      vertex   2.658085e+01 -2.820101e+01 1.351667e+01
      vertex   2.646587e+01 -2.803680e+01 1.685000e+01
    endloop
  endfacet
  facet normal 8.191520e-01 5.735764e-01 0.000000e+00
    outer loop
      vertex   2.646587e+01 -2.803680e+01 1.685000e+01
      vertex   2.658085e+01 -2.820101e+01 1.351667e+01
      vertex   2.646587e+01 -2.803680e+01 1.351667e+01
    endloop
  endfacet
  facet normal 9.063078e-01 4.226183e-01 0.000000e+00
    outer loop
      vertex   2.646587e+01 -2.803680e+01 1.685000e+01
      vertex   2.646587e+01 -2.803680e+01 1.351667e+01
      vertex   2.638115e+01 -2.785512e+01 1.685000e+01
    endloop
  endfacet
  facet normal 9.063078e-01 4.226183e-01 0.000000e+00
    outer loop
      vertex   2.638115e+01 -2.785512e+01 1.685000e+01
      vertex   2.646587e+01 -2.803680e+01 1.351667e+01
      vertex   2.638115e+01 -2.785512e+01 1.351667e+01
    endloop
  endfacet
  facet normal 9.659258e-01 2.588190e-01 0.000000e+00
    outer loop
      vertex   2.638115e+01 -2.785512e+01 1.685000e+01
      vertex   2.638115e+01 -2.785512e+01 1.351667e+01
      vertex   2.632927e+01 -2.766150e+01 1.685000e+01
    endloop
  endfacet
  facet normal 9.659258e-01 2.588190e-01 0.000000e+00
    outer loop
      vertex   2.632927e+01 -2.766150e+01 1.685000e+01
      vertex   2.638115e+01 -2.785512e+01 1.351667e+01
      vertex   2.632927e+01 -2.766150e+01 1.351667e+01
    endloop
  endfacet
  facet normal 9.961947e-01 8.715574e-02 0.000000e+00
    outer loop
      vertex   2.632927e+01 -2.766150e+01 1.685000e+01
      vertex   2.632927e+01 -2.766150e+01 1.351667e+01
      vertex   2.631180e+01 -2.746180e+01 1.685000e+01
    endloop
  endfacet
  facet normal 9.961947e-01 8.715574e-02 0.000000e+00
    outer loop
      vertex   2.631180e+01 -2.746180e+01 1.685000e+01
      vertex   2.632927e+01 -2.766150e+01 1.351667e+01
      vertex   2.631180e+01 -2.746180e+01 1.351667e+01
    endloop
  endfacet
  facet normal 9.961947e-01 -8.715574e-02 0.000000e+00
    outer loop
      vertex   2.631180e+01 -2.746180e+01 1.685000e+01
      vertex   2.631180e+01 -2.746180e+01 1.351667e+01
      vertex   2.632927e+01 -2.726210e+01 1.685000e+01
    endloop
  endfacet
  facet normal 9.961947e-01 -8.715574e-02 0.000000e+00
    outer loop
      vertex   2.632927e+01 -2.726210e+01 1.685000e+01
      vertex   2.631180e+01 -2.746180e+01 1.351667e+01
      vertex   2.632927e+01 -2.726210e+01 1.351667e+01
    endloop
  endfacet
  facet normal 9.659258e-01 -2.588190e-01 0.000000e+00
    outer loop
      vertex   2.632927e+01 -2.726210e+01 1.685000e+01
      vertex   2.632927e+01 -2.726210e+01 1.351667e+01
      vertex   2.638115e+01 -2.706848e+01 1.685000e+01
    endloop
  endfacet
  facet normal 9.659258e-01 -2.588190e-01 0.000000e+00
    outer loop
      vertex   2.638115e+01 -2.706848e+01 1.685000e+01
      vertex   2.632927e+01 -2.726210e+01 1.351667e+01
      vertex   2.638115e+01 -2.706848e+01 1.351667e+01
    endloop
  endfacet
  facet normal 9.063078e-01 -4.226183e-01 0.000000e+00
    outer loop
      vertex   2.638115e+01 -2.706848e+01 1.685000e+01
      vertex   2.638115e+01 -2.706848e+01 1.351667e+01
      vertex   2.646587e+01 -2.688680e+01 1.685000e+01
    endloop
  endfacet
  facet normal 9.063078e-01 -4.226183e-01 0.000000e+00
    outer loop
      vertex   2.646587e+01 -2.688680e+01 1.685000e+01
      vertex   2.638115e+01 -2.706848e+01 1.351667e+01
      vertex   2.646587e+01 -2.688680e+01 1.351667e+01
    endloop
  endfacet
  facet normal 8.191520e-01 -5.735764e-01 0.000000e+00
    outer loop
      vertex   2.646587e+01 -2.688680e+01 1.685000e+01
      vertex   2.646587e+01 -2.688680e+01 1.351667e+01
      vertex   2.658085e+01 -2.672259e+01 1.685000e+01
    endloop
  endfacet
  facet normal 8.191520e-01 -5.735764e-01 0.000000e+00
    outer loop
      vertex   2.658085e+01 -2.672259e+01 1.685000e+01
      vertex   2.646587e+01 -2.688680e+01 1.351667e+01
      vertex   2.658085e+01 -2.672259e+01 1.351667e+01
    endloop
  endfacet
  facet normal 7.071068e-01 -7.071068e-01 0.000000e+00
    outer loop
      vertex   2.658085e+01 -2.672259e+01 1.685000e+01
      vertex   2.658085e+01 -2.672259e+01 1.351667e+01
      vertex   2.672259e+01 -2.658085e+01 1.685000e+01
    endloop
  endfacet
  facet normal 7.071068e-01 -7.071068e-01 0.000000e+00
    outer loop
      vertex   2.672259e+01 -2.658085e+01 1.685000e+01
      vertex   2.658085e+01 -2.672259e+01 1.351667e+01
      vertex   2.672259e+01 -2.658085e+01 1.351667e+01
    endloop
  endfacet
  facet normal 5.735764e-01 -8.191520e-01 0.000000e+00
    outer loop
      vertex   2.672259e+01 -2.658085e+01 1.685000e+01
      vertex   2.672259e+01 -2.658085e+01 1.351667e+01
      vertex   2.688680e+01 -2.646587e+01 1.685000e+01
    endloop
  endfacet
  facet normal 5.735764e-01 -8.191520e-01 0.000000e+00
    outer loop
      vertex   2.688680e+01 -2.646587e+01 1.685000e+01
      vertex   2.672259e+01 -2.658085e+01 1.351667e+01
      vertex   2.688680e+01 -2.646587e+01 1.351667e+01
    endloop
  endfacet
  facet normal 4.226183e-01 -9.063078e-01 0.000000e+00
    outer loop
      vertex   2.688680e+01 -2.646587e+01 1.685000e+01
      vertex   2.688680e+01 -2.646587e+01 1.351667e+01
      vertex   2.706848e+01 -2.638115e+01 1.685000e+01
    endloop
  endfacet
  facet normal 4.226183e-01 -9.063078e-01 0.000000e+00
    outer loop
      vertex   2.706848e+01 -2.638115e+01 1.685000e+01
      vertex   2.688680e+01 -2.646587e+01 1.351667e+01
      vertex   2.706848e+01 -2.638115e+01 1.351667e+01
    endloop
  endfacet
  facet normal 2.588190e-01 -9.659258e-01 0.000000e+00
    outer loop
      vertex   2.706848e+01 -2.638115e+01 1.685000e+01
      vertex   2.706848e+01 -2.638115e+01 1.351667e+01
      vertex   2.726210e+01 -2.632927e+01 1.685000e+01
    endloop
  endfacet
  facet normal 2.588190e-01 -9.659258e-01 0.000000e+00
    outer loop
      vertex   2.726210e+01 -2.632927e+01 1.685000e+01
      vertex   2.706848e+01 -2.638115e+01 1.351667e+01
      vertex   2.726210e+01 -2.632927e+01 1.351667e+01
    endloop
  endfacet
  facet normal 8.715574e-02 -9.961947e-01 0.000000e+00
    outer loop
      vertex   2.726210e+01 -2.632927e+01 1.685000e+01
      vertex   2.726210e+01 -2.632927e+01 1.351667e+01
      vertex   2.746180e+01 -2.631180e+01 1.685000e+01
    endloop
  endfacet
  facet normal 8.715574e-02 -9.961947e-01 0.000000e+00
    outer loop
      vertex   2.746180e+01 -2.631180e+01 1.685000e+01
      vertex   2.726210e+01 -2.632927e+01 1.351667e+01
      vertex   2.746180e+01 -2.631180e+01 1.351667e+01
    endloop
  endfacet
  facet normal -8.715574e-02 -9.961947e-01 -0.000000e+00
    outer loop
      vertex   2.746180e+01 -2.631180e+01 1.685000e+01
      vertex   2.746180e+01 -2.631180e+01 1.351667e+01
      vertex   2.766150e+01 -2.632927e+01 1.685000e+01
    endloop
  endfacet
  facet normal -8.715574e-02 -9.961947e-01 -0.000000e+00
    outer loop
      vertex   2.766150e+01 -2.632927e+01 1.685000e+01
      vertex   2.746180e+01 -2.631180e+01 1.351667e+01
      vertex   2.766150e+01 -2.632927e+01 1.351667e+01
    endloop
  endfacet
  facet normal -2.588190e-01 -9.659258e-01 -0.000000e+00
    outer loop
      vertex   2.766150e+01 -2.632927e+01 1.685000e+01
      vertex   2.766150e+01 -2.632927e+01 1.351667e+01
      vertex   2.785512e+01 -2.638115e+01 1.685000e+01
    endloop
  endfacet
  facet normal -2.588190e-01 -9.659258e-01 -0.000000e+00
    outer loop
      vertex   2.785512e+01 -2.638115e+01 1.685000e+01
      vertex   2.766150e+01 -2.632927e+01 1.351667e+01
      vertex   2.785512e+01 -2.638115e+01 1.351667e+01
    endloop
  endfacet
  facet normal -4.226183e-01 -9.063078e-01 -0.000000e+00
    outer loop
      vertex   2.785512e+01 -2.638115e+01 1.685000e+01
      vertex   2.785512e+01 -2.638115e+01 1.351667e+01
      vertex   2.803680e+01 -2.646587e+01 1.685000e+01
    endloop
  endfacet
  facet normal -4.226183e-01 -9.063078e-01 -0.000000e+00
    outer loop
      vertex   2.803680e+01 -2.646587e+01 1.685000e+01
      vertex   2.785512e+01 -2.638115e+01 1.351667e+01
      vertex   2.803680e+01 -2.646587e+01 1.351667e+01
    endloop
  endfacet
  facet normal -5.735764e-01 -8.191520e-01 -0.000000e+00
    outer loop
      vertex   2.803680e+01 -2.646587e+01 1.685000e+01
      vertex   2.803680e+01 -2.646587e+01 1.351667e+01
      vertex   2.820101e+01 -2.658085e+01 1.685000e+01
    endloop
  endfacet
  facet normal -5.735764e-01 -8.191520e-01 -0.000000e+00
    outer loop
      vertex   2.820101e+01 -2.658085e+01 1.685000e+01
      vertex   2.803680e+01 -2.646587e+01 1.351667e+01
      vertex   2.820101e+01 -2.658085e+01 1.351667e+01
    endloop
  endfacet
  facet normal -7.071068e-01 -7.071068e-01 -0.000000e+00
    outer loop
      vertex   2.820101e+01 -2.658085e+01 1.685000e+01
      vertex   2.820101e+01 -2.658085e+01 1.351667e+01
      vertex   2.834275e+01 -2.672259e+01 1.685000e+01
    endloop
  endfacet
  facet normal -7.071068e-01 -7.071068e-01 -0.000000e+00
    outer loop
      vertex   2.834275e+01 -2.672259e+01 1.685000e+01
      vertex   2.820101e+01 -2.658085e+01 1.351667e+01
      vertex   2.834275e+01 -2.672259e+01 1.351667e+01
    endloop
  endfacet
  facet normal -8.191520e-01 -5.735764e-01 -0.000000e+00
    outer loop
      vertex   2.834275e+01 -2.672259e+01 1.685000e+01
      vertex   2.834275e+01 -2.672259e+01 1.351667e+01
      vertex   2.845773e+01 -2.688680e+01 1.685000e+01
    endloop
  endfacet
  facet normal -8.191520e-01 -5.735764e-01 -0.000000e+00
    outer loop
      vertex   2.845773e+01 -2.688680e+01 1.685000e+01
      vertex   2.834275e+01 -2.672259e+01 1.351667e+01
      vertex   2.845773e+01 -2.688680e+01 1.351667e+01
    endloop
  endfacet
  facet normal -9.063078e-01 -4.226183e-01 -0.000000e+00
    outer loop
      vertex   2.845773e+01 -2.688680e+01 1.685000e+01
      vertex   2.845773e+01 -2.688680e+01 1.351667e+01
      vertex   2.854245e+01 -2.706848e+01 1.685000e+01
    endloop
  endfacet
  facet normal -9.063078e-01 -4.226183e-01 -0.000000e+00
    outer loop
      vertex   2.854245e+01 -2.706848e+01 1.685000e+01
      vertex   2.845773e+01 -2.688680e+01 1.351667e+01
      vertex   2.854245e+01 -2.706848e+01 1.351667e+01
    endloop
  endfacet
  facet normal -9.659258e-01 -2.588190e-01 -0.000000e+00
    outer loop
      vertex   2.854245e+01 -2.706848e+01 1.685000e+01
      vertex   2.854245e+01 -2.706848e+01 1.351667e+01
      vertex   2.859433e+01 -2.726210e+01 1.685000e+01
    endloop
  endfacet
  facet normal -9.659258e-01 -2.588190e-01 -0.000000e+00
    outer loop
      vertex   2.859433e+01 -2.726210e+01 1.685000e+01
      vertex   2.854245e+01 -2.706848e+01 1.351667e+01
      vertex   2.859433e+01 -2.726210e+01 1.351667e+01
    endloop
  endfacet
  facet normal -9.961947e-01 8.715574e-02 0.000000e+00
    outer loop
      vertex   2.859433e+01 -2.766150e+01 6.850000e+00
      vertex   2.859433e+01 -2.766150e+01 1.018333e+01
      vertex   2.861180e+01 -2.746180e+01 6.850000e+00
    endloop
  endfacet
  facet normal -9.961947e-01 8.715574e-02 0.000000e+00
    outer loop
      vertex   2.861180e+01 -2.746180e+01 6.850000e+00
      vertex   2.859433e+01 -2.766150e+01 1.018333e+01
      vertex   2.861180e+01 -2.746180e+01 1.018333e+01
    endloop
  endfacet
  facet normal -9.961947e-01 -8.715574e-02 0.000000e+00
    outer loop
      vertex   2.861180e+01 -2.746180e+01 6.850000e+00
      vertex   2.861180e+01 -2.746180e+01 1.018333e+01
      vertex   2.859433e+01 -2.726210e+01 6.850000e+00
    endloop
  endfacet
  facet normal -9.961947e-01 -8.715574e-02 0.000000e+00
    outer loop
      vertex   2.859433e+01 -2.726210e+01 6.850000e+00
      vertex   2.861180e+01 -2.746180e+01 1.018333e+01
      vertex   2.859433e+01 -2.726210e+01 1.018333e+01
    endloop
  endfacet
  facet normal -9.659258e-01 -2.588190e-01 0.000000e+00
    outer loop
      vertex   2.859433e+01 -2.726210e+01 6.850000e+00
      vertex   2.859433e+01 -2.726210e+01 1.018333e+01
      vertex   2.854245e+01 -2.706848e+01 6.850000e+00
    endloop
  endfacet
  facet normal -9.659258e-01 -2.588190e-01 0.000000e+00
    outer loop
      vertex   2.854245e+01 -2.706848e+01 6.850000e+00
      vertex   2.859433e+01 -2.726210e+01 1.018333e+01
      vertex   2.854245e+01 -2.706848e+01 1.018333e+01
    endloop
  endfacet
  facet normal -9.063078e-01 -4.226183e-01 0.000000e+00
    outer loop
      vertex   2.854245e+01 -2.706848e+01 6.850000e+00
      vertex   2.854245e+01 -2.706848e+01 1.018333e+01
      vertex   2.845773e+01 -2.688680e+01 6.850000e+00
    endloop
  endfacet
  facet normal -9.063078e-01 -4.226183e-01 0.000000e+00
    outer loop
      vertex   2.845773e+01 -2.688680e+01 6.850000e+00
      vertex   2.854245e+01 -2.706848e+01 1.018333e+01
      vertex   2.845773e+01 -2.688680e+01 1.018333e+01
    endloop
  endfacet
  facet normal -8.191520e-01 -5.735764e-01 0.000000e+00
    outer loop
      vertex   2.845773e+01 -2.688680e+01 6.850000e+00
      vertex   2.845773e+01 -2.688680e+01 1.018333e+01
      vertex   2.834275e+01 -2.672259e+01 6.850000e+00
    endloop
  endfacet
  facet normal -8.191520e-01 -5.735764e-01 0.000000e+00
    outer loop
      vertex   2.834275e+01 -2.672259e+01 6.850000e+00
      vertex   2.845773e+01 -2.688680e+01 1.018333e+01
      vertex   2.834275e+01 -2.672259e+01 1.018333e+01
    endloop
  endfacet
  facet normal -7.071068e-01 -7.071068e-01 0.000000e+00
    outer loop
      vertex   2.834275e+01 -2.672259e+01 6.850000e+00
      vertex   2.834275e+01 -2.672259e+01 1.018333e+01
      vertex   2.820101e+01 -2.658085e+01 6.850000e+00
    endloop
  endfacet
  facet normal -7.071068e-01 -7.071068e-01 0.000000e+00
    outer loop
      vertex   2.820101e+01 -2.658085e+01 6.850000e+00
      vertex   2.834275e+01 -2.672259e+01 1.018333e+01
      vertex   2.820101e+01 -2.658085e+01 1.018333e+01
    endloop
  endfacet
  facet normal -5.735764e-01 -8.191520e-01 0.000000e+00
    outer loop
      vertex   2.820101e+01 -2.658085e+01 6.850000e+00
      vertex   2.820101e+01 -2.658085e+01 1.018333e+01
      vertex   2.803680e+01 -2.646587e+01 6.850000e+00
    endloop
  endfacet
  facet normal -5.735764e-01 -8.191520e-01 0.000000e+00
    outer loop
      vertex   2.803680e+01 -2.646587e+01 6.850000e+00
      vertex   2.820101e+01 -2.658085e+01 1.018333e+01
      vertex   2.803680e+01 -2.646587e+01 1.018333e+01
    endloop
  endfacet
  facet normal -4.226183e-01 -9.063078e-01 0.000000e+00
    outer loop
      vertex   2.803680e+01 -2.646587e+01 6.850000e+00
      vertex   2.803680e+01 -2.646587e+01 1.018333e+01
      vertex   2.785512e+01 -2.638115e+01 6.850000e+00
    endloop
  endfacet
  facet normal -4.226183e-01 -9.063078e-01 0.000000e+00
    outer loop
      vertex   2.785512e+01 -2.638115e+01 6.850000e+00
      vertex   2.803680e+01 -2.646587e+01 1.018333e+01
      vertex   2.785512e+01 -2.638115e+01 1.018333e+01
    endloop
  endfacet
  facet normal -2.588190e-01 -9.659258e-01 0.000000e+00
    outer loop
      vertex   2.785512e+01 -2.638115e+01 6.850000e+00
      vertex   2.785512e+01 -2.638115e+01 1.018333e+01
      vertex   2.766150e+01 -2.632927e+01 6.850000e+00
    endloop
  endfacet
  facet normal -2.588190e-01 -9.659258e-01 0.000000e+00
    outer loop
      vertex   2.766150e+01 -2.632927e+01 6.850000e+00
      vertex   2.785512e+01 -2.638115e+01 1.018333e+01
      vertex   2.766150e+01 -2.632927e+01 1.018333e+01
    endloop
  endfacet
  facet normal -8.715574e-02 -9.961947e-01 0.000000e+00
    outer loop
      vertex   2.766150e+01 -2.632927e+01 6.850000e+00
      vertex   2.766150e+01 -2.632927e+01 1.018333e+01
      vertex   2.746180e+01 -2.631180e+01 6.850000e+00
    endloop
  endfacet
  facet normal -8.715574e-02 -9.961947e-01 0.000000e+00
    outer loop
      vertex   2.746180e+01 -2.631180e+01 6.850000e+00
      vertex   2.766150e+01 -2.632927e+01 1.018333e+01
      vertex   2.746180e+01 -2.631180e+01 1.018333e+01
    endloop
  endfacet
  facet normal 8.715574e-02 -9.961947e-01 0.000000e+00
    outer loop
      vertex   2.746180e+01 -2.631180e+01 6.850000e+00
      vertex   2.746180e+01 -2.631180e+01 1.018333e+01
      vertex   2.726210e+01 -2.632927e+01 6.850000e+00
    endloop
  endfacet
  facet normal 8.715574e-02 -9.961947e-01 0.000000e+00
    outer loop
      vertex   2.726210e+01 -2.632927e+01 6.850000e+00
      vertex   2.746180e+01 -2.631180e+01 1.018333e+01
      vertex   2.726210e+01 -2.632927e+01 1.018333e+01
    endloop
  endfacet
  facet normal 2.588190e-01 -9.659258e-01 0.000000e+00
    outer loop
      vertex   2.726210e+01 -2.632927e+01 6.850000e+00
      vertex   2.726210e+01 -2.632927e+01 1.018333e+01
      vertex   2.706848e+01 -2.638115e+01 6.850000e+00
    endloop
  endfacet
  facet normal 2.588190e-01 -9.659258e-01 0.000000e+00
    outer loop
      vertex   2.706848e+01 -2.638115e+01 6.850000e+00
      vertex   2.726210e+01 -2.632927e+01 1.018333e+01
      vertex   2.706848e+01 -2.638115e+01 1.018333e+01
    endloop
  endfacet
  facet normal 4.226183e-01 -9.063078e-01 0.000000e+00
    outer loop
      vertex   2.706848e+01 -2.638115e+01 6.850000e+00
      vertex   2.706848e+01 -2.638115e+01 1.018333e+01
      vertex   2.688680e+01 -2.646587e+01 6.850000e+00
    endloop
  endfacet
  facet normal 4.226183e-01 -9.063078e-01 0.000000e+00
    outer loop
      vertex   2.688680e+01 -2.646587e+01 6.850000e+00
      vertex   2.706848e+01 -2.638115e+01 1.018333e+01
      vertex   2.688680e+01 -2.646587e+01 1.018333e+01
    endloop
  endfacet
  facet normal 5.735764e-01 -8.191520e-01 0.000000e+00
    outer loop
      vertex   2.688680e+01 -2.646587e+01 6.850000e+00
      vertex   2.688680e+01 -2.646587e+01 1.018333e+01
      vertex   2.672259e+01 -2.658085e+01 6.850000e+00
    endloop
  endfacet
  facet normal 5.735764e-01 -8.191520e-01 0.000000e+00
    outer loop
      vertex   2.672259e+01 -2.658085e+01 6.850000e+00
      vertex   2.688680e+01 -2.646587e+01 1.018333e+01
      vertex   2.672259e+01 -2.658085e+01 1.018333e+01
    endloop
  endfacet
  facet normal 7.071068e-01 -7.071068e-01 0.000000e+00
    outer loop
      vertex   2.672259e+01 -2.658085e+01 6.850000e+00
      vertex   2.672259e+01 -2.658085e+01 1.018333e+01
      vertex   2.658085e+01 -2.672259e+01 6.850000e+00
    endloop
  endfacet
  facet normal 7.071068e-01 -7.071068e-01 0.000000e+00
    outer loop
      vertex   2.658085e+01 -2.672259e+01 6.850000e+00
      vertex   2.672259e+01 -2.658085e+01 1.018333e+01
      vertex   2.658085e+01 -2.672259e+01 1.018333e+01
    endloop
  endfacet
  facet normal 8.191520e-01 -5.735764e-01 0.000000e+00
    outer loop
      vertex   2.658085e+01 -2.672259e+01 6.850000e+00
      vertex   2.658085e+01 -2.672259e+01 1.018333e+01
      vertex   2.646587e+01 -2.688680e+01 6.850000e+00
    endloop
  endfacet
  facet normal 8.191520e-01 -5.735764e-01 0.000000e+00
    outer loop
      vertex   2.646587e+01 -2.688680e+01 6.850000e+00
      vertex   2.658085e+01 -2.672259e+01 1.018333e+01
      vertex   2.646587e+01 -2.688680e+01 1.018333e+01
    endloop
  endfacet
  facet normal 9.063078e-01 -4.226183e-01 0.000000e+00
    outer loop
      vertex   2.646587e+01 -2.688680e+01 6.850000e+00
      vertex   2.646587e+01 -2.688680e+01 1.018333e+01
      vertex   2.638115e+01 -2.706848e+01 6.850000e+00
    endloop
  endfacet
  facet normal 9.063078e-01 -4.226183e-01 0.000000e+00
    outer loop
      vertex   2.638115e+01 -2.706848e+01 6.850000e+00
      vertex   2.646587e+01 -2.688680e+01 1.018333e+01
      vertex   2.638115e+01 -2.706848e+01 1.018333e+01
    endloop
  endfacet
  facet normal 9.659258e-01 -2.588190e-01 0.000000e+00
    outer loop
      vertex   2.638115e+01 -2.706848e+01 6.850000e+00
      vertex   2.638115e+01 -2.706848e+01 1.018333e+01
      vertex   2.632927e+01 -2.726210e+01 6.850000e+00
    endloop
  endfacet
  facet normal 9.659258e-01 -2.588190e-01 0.000000e+00
    outer loop
      vertex   2.632927e+01 -2.726210e+01 6.850000e+00
      vertex   2.638115e+01 -2.706848e+01 1.018333e+01
      vertex   2.632927e+01 -2.726210e+01 1.018333e+01
    endloop
  endfacet
  facet normal 9.961947e-01 -8.715574e-02 0.000000e+00
    outer loop
      vertex   2.632927e+01 -2.726210e+01 6.850000e+00
      vertex   2.632927e+01 -2.726210e+01 1.018333e+01
      vertex   2.631180e+01 -2.746180e+01 6.850000e+00
    endloop
  endfacet
  facet normal 9.961947e-01 -8.715574e-02 0.000000e+00
    outer loop
      vertex   2.631180e+01 -2.746180e+01 6.850000e+00
      vertex   2.632927e+01 -2.726210e+01 1.018333e+01
      vertex   2.631180e+01 -2.746180e+01 1.018333e+01
    endloop
  endfacet
  facet normal 9.961947e-01 8.715574e-02 -0.000000e+00
    outer loop
      vertex   2.631180e+01 -2.746180e+01 6.850000e+00
      vertex   2.631180e+01 -2.746180e+01 1.018333e+01
      vertex   2.632927e+01 -2.766150e+01 6.850000e+00
    endloop
  endfacet
  facet normal 9.961947e-01 8.715574e-02 -0.000000e+00
    outer loop
      vertex   2.632927e+01 -2.766150e+01 6.850000e+00
      vertex   2.631180e+01 -2.746180e+01 1.018333e+01
      vertex   2.632927e+01 -2.766150e+01 1.018333e+01
    endloop
  endfacet
  facet normal 9.659258e-01 2.588190e-01 -0.000000e+00
    outer loop
      vertex   2.632927e+01 -2.766150e+01 6.850000e+00
      vertex   2.632927e+01 -2.766150e+01 1.018333e+01
      vertex   2.638115e+01 -2.785512e+01 6.850000e+00
    endloop
  endfacet
  facet normal 9.659258e-01 2.588190e-01 -0.000000e+00
    outer loop
      vertex   2.638115e+01 -2.785512e+01 6.850000e+00
      vertex   2.632927e+01 -2.766150e+01 1.018333e+01
      vertex   2.638115e+01 -2.785512e+01 1.018333e+01
    endloop
  endfacet
  facet normal 9.063078e-01 4.226183e-01 -0.000000e+00
    outer loop
      vertex   2.638115e+01 -2.785512e+01 6.850000e+00
      vertex   2.638115e+01 -2.785512e+01 1.018333e+01
      vertex   2.646587e+01 -2.803680e+01 6.850000e+00
    endloop
  endfacet
  facet normal 9.063078e-01 4.226183e-01 -0.000000e+00
    outer loop
      vertex   2.646587e+01 -2.803680e+01 6.850000e+00
      vertex   2.638115e+01 -2.785512e+01 1.018333e+01
      vertex   2.646587e+01 -2.803680e+01 1.018333e+01
    endloop
  endfacet
  facet normal 8.191520e-01 5.735764e-01 -0.000000e+00
    outer loop
      vertex   2.646587e+01 -2.803680e+01 6.850000e+00
      vertex   2.646587e+01 -2.803680e+01 1.018333e+01
      vertex   2.658085e+01 -2.820101e+01 6.850000e+00
    endloop
  endfacet
  facet normal 8.191520e-01 5.735764e-01 -0.000000e+00
    outer loop
      vertex   2.658085e+01 -2.820101e+01 6.850000e+00
      vertex   2.646587e+01 -2.803680e+01 1.018333e+01
      vertex   2.658085e+01 -2.820101e+01 1.018333e+01
    endloop
  endfacet
  facet normal 7.071068e-01 7.071068e-01 -0.000000e+00
    outer loop
      vertex   2.658085e+01 -2.820101e+01 6.850000e+00
      vertex   2.658085e+01 -2.820101e+01 1.018333e+01
      vertex   2.672259e+01 -2.834275e+01 6.850000e+00
    endloop
  endfacet
  facet normal 7.071068e-01 7.071068e-01 -0.000000e+00
    outer loop
      vertex   2.672259e+01 -2.834275e+01 6.850000e+00
      vertex   2.658085e+01 -2.820101e+01 1.018333e+01
      vertex   2.672259e+01 -2.834275e+01 1.018333e+01
    endloop
  endfacet
  facet normal 5.735764e-01 8.191520e-01 -0.000000e+00
    outer loop
      vertex   2.672259e+01 -2.834275e+01 6.850000e+00
      vertex   2.672259e+01 -2.834275e+01 1.018333e+01
      vertex   2.688680e+01 -2.845773e+01 6.850000e+00
    endloop
  endfacet
  facet normal 5.735764e-01 8.191520e-01 -0.000000e+00
    outer loop
      vertex   2.688680e+01 -2.845773e+01 6.850000e+00
      vertex   2.672259e+01 -2.834275e+01 1.018333e+01
      vertex   2.688680e+01 -2.845773e+01 1.018333e+01
    endloop
  endfacet
  facet normal 4.226183e-01 9.063078e-01 -0.000000e+00
    outer loop
      vertex   2.688680e+01 -2.845773e+01 6.850000e+00
      vertex   2.688680e+01 -2.845773e+01 1.018333e+01
      vertex   2.706848e+01 -2.854245e+01 6.850000e+00
    endloop
  endfacet
  facet normal 4.226183e-01 9.063078e-01 -0.000000e+00
    outer loop
      vertex   2.706848e+01 -2.854245e+01 6.850000e+00
      vertex   2.688680e+01 -2.845773e+01 1.018333e+01
      vertex   2.706848e+01 -2.854245e+01 1.018333e+01
    endloop
  endfacet
  facet normal 2.588190e-01 9.659258e-01 -0.000000e+00
    outer loop
      vertex   2.706848e+01 -2.854245e+01 6.850000e+00
      vertex   2.706848e+01 -2.854245e+01 1.018333e+01
      vertex   2.726210e+01 -2.859433e+01 6.850000e+00
    endloop
  endfacet
  facet normal 2.588190e-01 9.659258e-01 -0.000000e+00
    outer loop
      vertex   2.726210e+01 -2.859433e+01 6.850000e+00
      vertex   2.706848e+01 -2.854245e+01 1.018333e+01
      vertex   2.726210e+01 -2.859433e+01 1.018333e+01
    endloop
  endfacet
  facet normal 8.715574e-02 9.961947e-01 -0.000000e+00
    outer loop
      vertex   2.726210e+01 -2.859433e+01 6.850000e+00
      vertex   2.726210e+01 -2.859433e+01 1.018333e+01
      vertex   2.746180e+01 -2.861180e+01 6.850000e+00
    endloop
  endfacet
  facet normal 8.715574e-02 9.961947e-01 -0.000000e+00
    outer loop
      vertex   2.746180e+01 -2.861180e+01 6.850000e+00
      vertex   2.726210e+01 -2.859433e+01 1.018333e+01
      vertex   2.746180e+01 -2.861180e+01 1.018333e+01
    endloop
  endfacet
  facet normal -8.715574e-02 9.961947e-01 0.000000e+00
    outer loop
      vertex   2.746180e+01 -2.861180e+01 6.850000e+00
      vertex   2.746180e+01 -2.861180e+01 1.018333e+01
      vertex   2.766150e+01 -2.859433e+01 6.850000e+00
    endloop
  endfacet
  facet normal -8.715574e-02 9.961947e-01 0.000000e+00
    outer loop
      vertex   2.766150e+01 -2.859433e+01 6.850000e+00
      vertex   2.746180e+01 -2.861180e+01 1.018333e+01
      vertex   2.766150e+01 -2.859433e+01 1.018333e+01
    endloop
  endfacet
  facet normal -2.588190e-01 9.659258e-01 0.000000e+00
    outer loop
      vertex   2.766150e+01 -2.859433e+01 6.850000e+00
      vertex   2.766150e+01 -2.859433e+01 1.018333e+01
      vertex   2.785512e+01 -2.854245e+01 6.850000e+00
    endloop
  endfacet
  facet normal -2.588190e-01 9.659258e-01 0.000000e+00
    outer loop
      vertex   2.785512e+01 -2.854245e+01 6.850000e+00
      vertex   2.766150e+01 -2.859433e+01 1.018333e+01
      vertex   2.785512e+01 -2.854245e+01 1.018333e+01
    endloop
  endfacet
  facet normal -4.226183e-01 9.063078e-01 0.000000e+00
    outer loop
      vertex   2.785512e+01 -2.854245e+01 6.850000e+00
      vertex   2.785512e+01 -2.854245e+01 1.018333e+01
      vertex   2.803680e+01 -2.845773e+01 6.850000e+00
    endloop
  endfacet
  facet normal -4.226183e-01 9.063078e-01 0.000000e+00
    outer loop
      vertex   2.803680e+01 -2.845773e+01 6.850000e+00
      vertex   2.785512e+01 -2.854245e+01 1.018333e+01
      vertex   2.803680e+01 -2.845773e+01 1.018333e+01
    endloop
  endfacet
  facet normal -5.735764e-01 8.191520e-01 0.000000e+00
    outer loop
      vertex   2.803680e+01 -2.845773e+01 6.850000e+00
      vertex   2.803680e+01 -2.845773e+01 1.018333e+01
      vertex   2.820101e+01 -2.834275e+01 6.850000e+00
    endloop
  endfacet
  facet normal -5.735764e-01 8.191520e-01 0.000000e+00
    outer loop
      vertex   2.820101e+01 -2.834275e+01 6.850000e+00
      vertex   2.803680e+01 -2.845773e+01 1.018333e+01
      vertex   2.820101e+01 -2.834275e+01 1.018333e+01
    endloop
  endfacet
  facet normal -7.071068e-01 7.071068e-01 0.000000e+00
    outer loop
      vertex   2.820101e+01 -2.834275e+01 6.850000e+00
      vertex   2.820101e+01 -2.834275e+01 1.018333e+01
      vertex   2.834275e+01 -2.820101e+01 6.850000e+00
    endloop
  endfacet
  facet normal -7.071068e-01 7.071068e-01 0.000000e+00
    outer loop
      vertex   2.834275e+01 -2.820101e+01 6.850000e+00
      vertex   2.820101e+01 -2.834275e+01 1.018333e+01
      vertex   2.834275e+01 -2.820101e+01 1.018333e+01
    endloop
  endfacet
  facet normal -8.191520e-01 5.735764e-01 0.000000e+00
    outer loop
      vertex   2.834275e+01 -2.820101e+01 6.850000e+00
      vertex   2.834275e+01 -2.820101e+01 1.018333e+01
      vertex   2.845773e+01 -2.803680e+01 6.850000e+00
    endloop
  endfacet
  facet normal -8.191520e-01 5.735764e-01 0.000000e+00
    outer loop
      vertex   2.845773e+01 -2.803680e+01 6.850000e+00
      vertex   2.834275e+01 -2.820101e+01 1.018333e+01
      vertex   2.845773e+01 -2.803680e+01 1.018333e+01
    endloop
  endfacet
  facet normal -9.063078e-01 4.226183e-01 0.000000e+00
    outer loop
      vertex   2.845773e+01 -2.803680e+01 6.850000e+00
      vertex   2.845773e+01 -2.803680e+01 1.018333e+01
      vertex   2.854245e+01 -2.785512e+01 6.850000e+00
    endloop
  endfacet
  facet normal -9.063078e-01 4.226183e-01 0.000000e+00
    outer loop
      vertex   2.854245e+01 -2.785512e+01 6.850000e+00
      vertex   2.845773e+01 -2.803680e+01 1.018333e+01
      vertex   2.854245e+01 -2.785512e+01 1.018333e+01
    endloop
  endfacet
  facet normal -9.659258e-01 2.588190e-01 0.000000e+00
    outer loop
      vertex   2.854245e+01 -2.785512e+01 6.850000e+00
      vertex   2.854245e+01 -2.785512e+01 1.018333e+01
      vertex   2.859433e+01 -2.766150e+01 6.850000e+00
    endloop
  endfacet
  facet normal -9.659258e-01 2.588190e-01 0.000000e+00
    outer loop
      vertex   2.859433e+01 -2.766150e+01 6.850000e+00
      vertex   2.854245e+01 -2.785512e+01 1.018333e+01
      vertex   2.859433e+01 -2.766150e+01 1.018333e+01
    endloop
  endfacet
  facet normal -9.961947e-01 8.715574e-02 0.000000e+00
    outer loop
      vertex   2.861180e+01 -2.746180e+01 1.351667e+01
      vertex   2.861180e+01 -2.746180e+01 1.018333e+01
      vertex   2.859433e+01 -2.766150e+01 1.351667e+01
    endloop
  endfacet
  facet normal -9.961947e-01 8.715574e-02 0.000000e+00
    outer loop
      vertex   2.859433e+01 -2.766150e+01 1.351667e+01
      vertex   2.861180e+01 -2.746180e+01 1.018333e+01
      vertex   2.859433e+01 -2.766150e+01 1.018333e+01
    endloop
  endfacet
  facet normal -9.659258e-01 2.588190e-01 0.000000e+00
    outer loop
      vertex   2.859433e+01 -2.766150e+01 1.351667e+01
      vertex   2.859433e+01 -2.766150e+01 1.018333e+01
      vertex   2.854245e+01 -2.785512e+01 1.351667e+01
    endloop
  endfacet
  facet normal -9.659258e-01 2.588190e-01 0.000000e+00
    outer loop
      vertex   2.854245e+01 -2.785512e+01 1.351667e+01
      vertex   2.859433e+01 -2.766150e+01 1.018333e+01
      vertex   2.854245e+01 -2.785512e+01 1.018333e+01
    endloop
  endfacet
  facet normal -9.063078e-01 4.226183e-01 0.000000e+00
    outer loop
      vertex   2.854245e+01 -2.785512e+01 1.351667e+01
      vertex   2.854245e+01 -2.785512e+01 1.018333e+01
      vertex   2.845773e+01 -2.803680e+01 1.351667e+01
    endloop
  endfacet
  facet normal -9.063078e-01 4.226183e-01 0.000000e+00
    outer loop
      vertex   2.845773e+01 -2.803680e+01 1.351667e+01
      vertex   2.854245e+01 -2.785512e+01 1.018333e+01
      vertex   2.845773e+01 -2.803680e+01 1.018333e+01
    endloop
  endfacet
  facet normal -8.191520e-01 5.735764e-01 0.000000e+00
    outer loop
      vertex   2.845773e+01 -2.803680e+01 1.351667e+01
      vertex   2.845773e+01 -2.803680e+01 1.018333e+01
      vertex   2.834275e+01 -2.820101e+01 1.351667e+01
    endloop
  endfacet
  facet normal -8.191520e-01 5.735764e-01 0.000000e+00
    outer loop
      vertex   2.834275e+01 -2.820101e+01 1.351667e+01
      vertex   2.845773e+01 -2.803680e+01 1.018333e+01
      vertex   2.834275e+01 -2.820101e+01 1.018333e+01
    endloop
  endfacet
  facet normal -7.071068e-01 7.071068e-01 0.000000e+00
    outer loop
      vertex   2.834275e+01 -2.820101e+01 1.351667e+01
      vertex   2.834275e+01 -2.820101e+01 1.018333e+01
      vertex   2.820101e+01 -2.834275e+01 1.351667e+01
    endloop
  endfacet
  facet normal -7.071068e-01 7.071068e-01 0.000000e+00
    outer loop
      vertex   2.820101e+01 -2.834275e+01 1.351667e+01
      vertex   2.834275e+01 -2.820101e+01 1.018333e+01
      vertex   2.820101e+01 -2.834275e+01 1.018333e+01
    endloop
  endfacet
  facet normal -5.735764e-01 8.191520e-01 0.000000e+00
    outer loop
      vertex   2.820101e+01 -2.834275e+01 1.351667e+01
      vertex   2.820101e+01 -2.834275e+01 1.018333e+01
      vertex   2.803680e+01 -2.845773e+01 1.351667e+01
    endloop
  endfacet
  facet normal -5.735764e-01 8.191520e-01 0.000000e+00
    outer loop
      vertex   2.803680e+01 -2.845773e+01 1.351667e+01
      vertex   2.820101e+01 -2.834275e+01 1.018333e+01
      vertex   2.803680e+01 -2.845773e+01 1.018333e+01
    endloop
  endfacet
  facet normal -4.226183e-01 9.063078e-01 0.000000e+00
    outer loop
      vertex   2.803680e+01 -2.845773e+01 1.351667e+01
      vertex   2.803680e+01 -2.845773e+01 1.018333e+01
      vertex   2.785512e+01 -2.854245e+01 1.351667e+01
    endloop
  endfacet
  facet normal -4.226183e-01 9.063078e-01 0.000000e+00
    outer loop
      vertex   2.785512e+01 -2.854245e+01 1.351667e+01
      vertex   2.803680e+01 -2.845773e+01 1.018333e+01
      vertex   2.785512e+01 -2.854245e+01 1.018333e+01
    endloop
  endfacet
  facet normal -2.588190e-01 9.659258e-01 0.000000e+00
    outer loop
      vertex   2.785512e+01 -2.854245e+01 1.351667e+01
      vertex   2.785512e+01 -2.854245e+01 1.018333e+01
      vertex   2.766150e+01 -2.859433e+01 1.351667e+01
    endloop
  endfacet
  facet normal -2.588190e-01 9.659258e-01 0.000000e+00
    outer loop
      vertex   2.766150e+01 -2.859433e+01 1.351667e+01
      vertex   2.785512e+01 -2.854245e+01 1.018333e+01
      vertex   2.766150e+01 -2.859433e+01 1.018333e+01
    endloop
  endfacet
  facet normal -8.715574e-02 9.961947e-01 0.000000e+00
    outer loop
      vertex   2.766150e+01 -2.859433e+01 1.351667e+01
      vertex   2.766150e+01 -2.859433e+01 1.018333e+01
      vertex   2.746180e+01 -2.861180e+01 1.351667e+01
    endloop
  endfacet
  facet normal -8.715574e-02 9.961947e-01 0.000000e+00
    outer loop
      vertex   2.746180e+01 -2.861180e+01 1.351667e+01
      vertex   2.766150e+01 -2.859433e+01 1.018333e+01
      vertex   2.746180e+01 -2.861180e+01 1.018333e+01
    endloop
  endfacet
  facet normal 8.715574e-02 9.961947e-01 0.000000e+00
    outer loop
      vertex   2.746180e+01 -2.861180e+01 1.351667e+01
      vertex   2.746180e+01 -2.861180e+01 1.018333e+01
      vertex   2.726210e+01 -2.859433e+01 1.351667e+01
    endloop
  endfacet
  facet normal 8.715574e-02 9.961947e-01 0.000000e+00
    outer loop
      vertex   2.726210e+01 -2.859433e+01 1.351667e+01
      vertex   2.746180e+01 -2.861180e+01 1.018333e+01
      vertex   2.726210e+01 -2.859433e+01 1.018333e+01
    endloop
  endfacet
  facet normal 2.588190e-01 9.659258e-01 0.000000e+00
    outer loop
      vertex   2.726210e+01 -2.859433e+01 1.351667e+01
      vertex   2.726210e+01 -2.859433e+01 1.018333e+01
      vertex   2.706848e+01 -2.854245e+01 1.351667e+01
    endloop
  endfacet
  facet normal 2.588190e-01 9.659258e-01 0.000000e+00
    outer loop
      vertex   2.706848e+01 -2.854245e+01 1.351667e+01
      vertex   2.726210e+01 -2.859433e+01 1.018333e+01
      vertex   2.706848e+01 -2.854245e+01 1.018333e+01
    endloop
  endfacet
  facet normal 4.226183e-01 9.063078e-01 0.000000e+00
    outer loop
      vertex   2.706848e+01 -2.854245e+01 1.351667e+01
      vertex   2.706848e+01 -2.854245e+01 1.018333e+01
      vertex   2.688680e+01 -2.845773e+01 1.351667e+01
    endloop
  endfacet
  facet normal 4.226183e-01 9.063078e-01 0.000000e+00
    outer loop
      vertex   2.688680e+01 -2.845773e+01 1.351667e+01
      vertex   2.706848e+01 -2.854245e+01 1.018333e+01
      vertex   2.688680e+01 -2.845773e+01 1.018333e+01
    endloop
  endfacet
  facet normal 5.735764e-01 8.191520e-01 0.000000e+00
    outer loop
      vertex   2.688680e+01 -2.845773e+01 1.351667e+01
      vertex   2.688680e+01 -2.845773e+01 1.018333e+01
      vertex   2.672259e+01 -2.834275e+01 1.351667e+01
    endloop
  endfacet
  facet normal 5.735764e-01 8.191520e-01 0.000000e+00
    outer loop
      vertex   2.672259e+01 -2.834275e+01 1.351667e+01
      vertex   2.688680e+01 -2.845773e+01 1.018333e+01
      vertex   2.672259e+01 -2.834275e+01 1.018333e+01
    endloop
  endfacet
  facet normal 7.071068e-01 7.071068e-01 0.000000e+00
    outer loop
      vertex   2.672259e+01 -2.834275e+01 1.351667e+01
      vertex   2.672259e+01 -2.834275e+01 1.018333e+01
      vertex   2.658085e+01 -2.820101e+01 1.351667e+01
    endloop
  endfacet
  facet normal 7.071068e-01 7.071068e-01 0.000000e+00
    outer loop
      vertex   2.658085e+01 -2.820101e+01 1.351667e+01
      vertex   2.672259e+01 -2.834275e+01 1.018333e+01
      vertex   2.658085e+01 -2.820101e+01 1.018333e+01
    endloop
  endfacet
  facet normal 8.191520e-01 5.735764e-01 0.000000e+00
    outer loop
      vertex   2.658085e+01 -2.820101e+01 1.351667e+01
      vertex   2.658085e+01 -2.820101e+01 1.018333e+01
      vertex   2.646587e+01 -2.803680e+01 1.351667e+01
    endloop
  endfacet
  facet normal 8.191520e-01 5.735764e-01 0.000000e+00
    outer loop
      vertex   2.646587e+01 -2.803680e+01 1.351667e+01
      vertex   2.658085e+01 -2.820101e+01 1.018333e+01
      vertex   2.646587e+01 -2.803680e+01 1.018333e+01
    endloop
  endfacet
  facet normal 9.063078e-01 4.226183e-01 0.000000e+00
    outer loop
      vertex   2.646587e+01 -2.803680e+01 1.351667e+01
      vertex   2.646587e+01 -2.803680e+01 1.018333e+01
      vertex   2.638115e+01 -2.785512e+01 1.351667e+01
    endloop
  endfacet
  facet normal 9.063078e-01 4.226183e-01 0.000000e+00
    outer loop
      vertex   2.638115e+01 -2.785512e+01 1.351667e+01
      vertex   2.646587e+01 -2.803680e+01 1.018333e+01
      vertex   2.638115e+01 -2.785512e+01 1.018333e+01
    endloop
  endfacet
  facet normal 9.659258e-01 2.588190e-01 0.000000e+00
    outer loop
      vertex   2.638115e+01 -2.785512e+01 1.351667e+01
      vertex   2.638115e+01 -2.785512e+01 1.018333e+01
      vertex   2.632927e+01 -2.766150e+01 1.351667e+01
    endloop
  endfacet
  facet normal 9.659258e-01 2.588190e-01 0.000000e+00
    outer loop
      vertex   2.632927e+01 -2.766150e+01 1.351667e+01
      vertex   2.638115e+01 -2.785512e+01 1.018333e+01
      vertex   2.632927e+01 -2.766150e+01 1.018333e+01
    endloop
  endfacet
  facet normal 9.961947e-01 8.715574e-02 0.000000e+00
    outer loop
      vertex   2.632927e+01 -2.766150e+01 1.351667e+01
      vertex   2.632927e+01 -2.766150e+01 1.018333e+01
      vertex   2.631180e+01 -2.746180e+01 1.351667e+01
    endloop
  endfacet
  facet normal 9.961947e-01 8.715574e-02 0.000000e+00
    outer loop
      vertex   2.631180e+01 -2.746180e+01 1.351667e+01
      vertex   2.632927e+01 -2.766150e+01 1.018333e+01
      vertex   2.631180e+01 -2.746180e+01 1.018333e+01
    endloop
  endfacet
  facet normal 9.961947e-01 -8.715574e-02 0.000000e+00
    outer loop
      vertex   2.631180e+01 -2.746180e+01 1.351667e+01
      vertex   2.631180e+01 -2.746180e+01 1.018333e+01
      vertex   2.632927e+01 -2.726210e+01 1.351667e+01
    endloop
  endfacet
  facet normal 9.961947e-01 -8.715574e-02 0.000000e+00
    outer loop
      vertex   2.632927e+01 -2.726210e+01 1.351667e+01
      vertex   2.631180e+01 -2.746180e+01 1.018333e+01
      vertex   2.632927e+01 -2.726210e+01 1.018333e+01
    endloop
  endfacet
  facet normal 9.659258e-01 -2.588190e-01 0.000000e+00
    outer loop
      vertex   2.632927e+01 -2.726210e+01 1.351667e+01
      vertex   2.632927e+01 -2.726210e+01 1.018333e+01
      vertex   2.638115e+01 -2.706848e+01 1.351667e+01
    endloop
  endfacet
  facet normal 9.659258e-01 -2.588190e-01 0.000000e+00
    outer loop
      vertex   2.638115e+01 -2.706848e+01 1.351667e+01
      vertex   2.632927e+01 -2.726210e+01 1.018333e+01
      vertex   2.638115e+01 -2.706848e+01 1.018333e+01
    endloop
  endfacet
  facet normal 9.063078e-01 -4.226183e-01 0.000000e+00
    outer loop
      vertex   2.638115e+01 -2.706848e+01 1.351667e+01
      vertex   2.638115e+01 -2.706848e+01 1.018333e+01
      vertex   2.646587e+01 -2.688680e+01 1.351667e+01
    endloop
  endfacet
  facet normal 9.063078e-01 -4.226183e-01 0.000000e+00
    outer loop
      vertex   2.646587e+01 -2.688680e+01 1.351667e+01
      vertex   2.638115e+01 -2.706848e+01 1.018333e+01
      vertex   2.646587e+01 -2.688680e+01 1.018333e+01
    endloop
  endfacet
  facet normal 8.191520e-01 -5.735764e-01 0.000000e+00
    outer loop
      vertex   2.646587e+01 -2.688680e+01 1.351667e+01
      vertex   2.646587e+01 -2.688680e+01 1.018333e+01
      vertex   2.658085e+01 -2.672259e+01 1.351667e+01
    endloop
  endfacet
  facet normal 8.191520e-01 -5.735764e-01 0.000000e+00
    outer loop
      vertex   2.658085e+01 -2.672259e+01 1.351667e+01
      vertex   2.646587e+01 -2.688680e+01 1.018333e+01
      vertex   2.658085e+01 -2.672259e+01 1.018333e+01
    endloop
  endfacet
  facet normal 7.071068e-01 -7.071068e-01 0.000000e+00
    outer loop
      vertex   2.658085e+01 -2.672259e+01 1.351667e+01
      vertex   2.658085e+01 -2.672259e+01 1.018333e+01
      vertex   2.672259e+01 -2.658085e+01 1.351667e+01
    endloop
  endfacet
  facet normal 7.071068e-01 -7.071068e-01 0.000000e+00
    outer loop
      vertex   2.672259e+01 -2.658085e+01 1.351667e+01
      vertex   2.658085e+01 -2.672259e+01 1.018333e+01
      vertex   2.672259e+01 -2.658085e+01 1.018333e+01
    endloop
  endfacet
  facet normal 5.735764e-01 -8.191520e-01 0.000000e+00
    outer loop
      vertex   2.672259e+01 -2.658085e+01 1.351667e+01
      vertex   2.672259e+01 -2.658085e+01 1.018333e+01
      vertex   2.688680e+01 -2.646587e+01 1.351667e+01
    endloop
  endfacet
  facet normal 5.735764e-01 -8.191520e-01 0.000000e+00
    outer loop
      vertex   2.688680e+01 -2.646587e+01 1.351667e+01
      vertex   2.672259e+01 -2.658085e+01 1.018333e+01
      vertex   2.688680e+01 -2.646587e+01 1.018333e+01
    endloop
  endfacet
  facet normal 4.226183e-01 -9.063078e-01 0.000000e+00
    outer loop
      vertex   2.688680e+01 -2.646587e+01 1.351667e+01
      vertex   2.688680e+01 -2.646587e+01 1.018333e+01
      vertex   2.706848e+01 -2.638115e+01 1.351667e+01
    endloop
  endfacet
  facet normal 4.226183e-01 -9.063078e-01 0.000000e+00
    outer loop
      vertex   2.706848e+01 -2.638115e+01 1.351667e+01
      vertex   2.688680e+01 -2.646587e+01 1.018333e+01
      vertex   2.706848e+01 -2.638115e+01 1.018333e+01
    endloop
  endfacet
  facet normal 2.588190e-01 -9.659258e-01 0.000000e+00
    outer loop
      vertex   2.706848e+01 -2.638115e+01 1.351667e+01
      vertex   2.706848e+01 -2.638115e+01 1.018333e+01
      vertex   2.726210e+01 -2.632927e+01 1.351667e+01
    endloop
  endfacet
  facet normal 2.588190e-01 -9.659258e-01 0.000000e+00
    outer loop
      vertex   2.726210e+01 -2.632927e+01 1.351667e+01
      vertex   2.706848e+01 -2.638115e+01 1.018333e+01
      vertex   2.726210e+01 -2.632927e+01 1.018333e+01
    endloop
  endfacet
  facet normal 8.715574e-02 -9.961947e-01 0.000000e+00
    outer loop
      vertex   2.726210e+01 -2.632927e+01 1.351667e+01
      vertex   2.726210e+01 -2.632927e+01 1.018333e+01
      vertex   2.746180e+01 -2.631180e+01 1.351667e+01
    endloop
  endfacet
  facet normal 8.715574e-02 -9.961947e-01 0.000000e+00
    outer loop
      vertex   2.746180e+01 -2.631180e+01 1.351667e+01
      vertex   2.726210e+01 -2.632927e+01 1.018333e+01
      vertex   2.746180e+01 -2.631180e+01 1.018333e+01
    endloop
  endfacet
  facet normal -8.715574e-02 -9.961947e-01 -0.000000e+00
    outer loop
      vertex   2.746180e+01 -2.631180e+01 1.351667e+01
      vertex   2.746180e+01 -2.631180e+01 1.018333e+01
      vertex   2.766150e+01 -2.632927e+01 1.351667e+01
    endloop
  endfacet
  facet normal -8.715574e-02 -9.961947e-01 -0.000000e+00
    outer loop
      vertex   2.766150e+01 -2.632927e+01 1.351667e+01
      vertex   2.746180e+01 -2.631180e+01 1.018333e+01
      vertex   2.766150e+01 -2.632927e+01 1.018333e+01
    endloop
  endfacet
  facet normal -2.588190e-01 -9.659258e-01 -0.000000e+00
    outer loop
      vertex   2.766150e+01 -2.632927e+01 1.351667e+01
      vertex   2.766150e+01 -2.632927e+01 1.018333e+01
      vertex   2.785512e+01 -2.638115e+01 1.351667e+01
    endloop
  endfacet
  facet normal -2.588190e-01 -9.659258e-01 -0.000000e+00
    outer loop
      vertex   2.785512e+01 -2.638115e+01 1.351667e+01
      vertex   2.766150e+01 -2.632927e+01 1.018333e+01
      vertex   2.785512e+01 -2.638115e+01 1.018333e+01
    endloop
  endfacet
  facet normal -4.226183e-01 -9.063078e-01 -0.000000e+00
    outer loop
      vertex   2.785512e+01 -2.638115e+01 1.351667e+01
      vertex   2.785512e+01 -2.638115e+01 1.018333e+01
      vertex   2.803680e+01 -2.646587e+01 1.351667e+01
    endloop
  endfacet
  facet normal -4.226183e-01 -9.063078e-01 -0.000000e+00
    outer loop
      vertex   2.803680e+01 -2.646587e+01 1.351667e+01
      vertex   2.785512e+01 -2.638115e+01 1.018333e+01
      vertex   2.803680e+01 -2.646587e+01 1.018333e+01
    endloop
  endfacet
  facet normal -5.735764e-01 -8.191520e-01 -0.000000e+00
    outer loop
      vertex   2.803680e+01 -2.646587e+01 1.351667e+01
      vertex   2.803680e+01 -2.646587e+01 1.018333e+01
      vertex   2.820101e+01 -2.658085e+01 1.351667e+01
    endloop
  endfacet
  facet normal -5.735764e-01 -8.191520e-01 -0.000000e+00
    outer loop
      vertex   2.820101e+01 -2.658085e+01 1.351667e+01
      vertex   2.803680e+01 -2.646587e+01 1.018333e+01
      vertex   2.820101e+01 -2.658085e+01 1.018333e+01
    endloop
  endfacet
  facet normal -7.071068e-01 -7.071068e-01 -0.000000e+00
    outer loop
      vertex   2.820101e+01 -2.658085e+01 1.351667e+01
      vertex   2.820101e+01 -2.658085e+01 1.018333e+01
      vertex   2.834275e+01 -2.672259e+01 1.351667e+01
    endloop
  endfacet
  facet normal -7.071068e-01 -7.071068e-01 -0.000000e+00
    outer loop
      vertex   2.834275e+01 -2.672259e+01 1.351667e+01
      vertex   2.820101e+01 -2.658085e+01 1.018333e+01
      vertex   2.834275e+01 -2.672259e+01 1.018333e+01
    endloop
  endfacet
  facet normal -8.191520e-01 -5.735764e-01 -0.000000e+00
    outer loop
      vertex   2.834275e+01 -2.672259e+01 1.351667e+01
      vertex   2.834275e+01 -2.672259e+01 1.018333e+01
      vertex   2.845773e+01 -2.688680e+01 1.351667e+01
    endloop
  endfacet
  facet normal -8.191520e-01 -5.735764e-01 -0.000000e+00
    outer loop
      vertex   2.845773e+01 -2.688680e+01 1.351667e+01
      vertex   2.834275e+01 -2.672259e+01 1.018333e+01
      vertex   2.845773e+01 -2.688680e+01 1.018333e+01
    endloop
  endfacet
  facet normal -9.063078e-01 -4.226183e-01 -0.000000e+00
    outer loop
      vertex   2.845773e+01 -2.688680e+01 1.351667e+01
      vertex   2.845773e+01 -2.688680e+01 1.018333e+01
      vertex   2.854245e+01 -2.706848e+01 1.351667e+01
    endloop
  endfacet
  facet normal -9.063078e-01 -4.226183e-01 -0.000000e+00
    outer loop
      vertex   2.854245e+01 -2.706848e+01 1.351667e+01
      vertex   2.845773e+01 -2.688680e+01 1.018333e+01
      vertex   2.854245e+01 -2.706848e+01 1.018333e+01
    endloop
  endfacet
  facet normal -9.659258e-01 -2.588190e-01 -0.000000e+00
    outer loop
      vertex   2.854245e+01 -2.706848e+01 1.351667e+01
      vertex   2.854245e+01 -2.706848e+01 1.018333e+01
      vertex   2.859433e+01 -2.726210e+01 1.351667e+01
    endloop
  endfacet
  facet normal -9.659258e-01 -2.588190e-01 -0.000000e+00
    outer loop
      vertex   2.859433e+01 -2.726210e+01 1.351667e+01
      vertex   2.854245e+01 -2.706848e+01 1.018333e+01
      vertex   2.859433e+01 -2.726210e+01 1.018333e+01
    endloop
  endfacet
  facet normal -9.961947e-01 -8.715574e-02 -0.000000e+00
    outer loop
      vertex   2.859433e+01 -2.726210e+01 1.351667e+01
      vertex   2.859433e+01 -2.726210e+01 1.018333e+01
      vertex   2.861180e+01 -2.746180e+01 1.351667e+01
    endloop
  endfacet
  facet normal -9.961947e-01 -8.715574e-02 -0.000000e+00
    outer loop
      vertex   2.861180e+01 -2.746180e+01 1.351667e+01
      vertex   2.859433e+01 -2.726210e+01 1.018333e+01
      vertex   2.861180e+01 -2.746180e+01 1.018333e+01
    endloop
  endfacet
  facet normal 0.000000e+00 0.000000e+00 -1.000000e+00
    outer loop
      vertex   2.859433e+01 -2.766150e+01 1.685000e+01
      vertex   2.632927e+01 -2.766150e+01 1.685000e+01
      vertex   2.861180e+01 -2.746180e+01 1.685000e+01
    endloop
  endfacet
  facet normal -0.000000e+00 0.000000e+00 -1.000000e+00
    outer loop
      vertex   2.861180e+01 -2.746180e+01 1.685000e+01
      vertex   2.632927e+01 -2.766150e+01 1.685000e+01
      vertex   2.631180e+01 -2.746180e+01 1.685000e+01
    endloop
  endfacet
  facet normal 0.000000e+00 0.000000e+00 -1.000000e+00
    outer loop
      vertex   2.861180e+01 -2.746180e+01 1.685000e+01
      vertex   2.631180e+01 -2.746180e+01 1.685000e+01
      vertex   2.859433e+01 -2.726210e+01 1.685000e+01
    endloop
  endfacet
  facet normal -0.000000e+00 0.000000e+00 -1.000000e+00
    outer loop
      vertex   2.859433e+01 -2.726210e+01 1.685000e+01
      vertex   2.631180e+01 -2.746180e+01 1.685000e+01
      vertex   2.632927e+01 -2.726210e+01 1.685000e+01
    endloop
  endfacet
  facet normal 0.000000e+00 0.000000e+00 -1.000000e+00
    outer loop
      vertex   2.859433e+01 -2.726210e+01 1.685000e+01
      vertex   2.632927e+01 -2.726210e+01 1.685000e+01
      vertex   2.854245e+01 -2.706848e+01 1.685000e+01
    endloop
  endfacet
  facet normal -0.000000e+00 0.000000e+00 -1.000000e+00
    outer loop
      vertex   2.854245e+01 -2.706848e+01 1.685000e+01
      vertex   2.632927e+01 -2.726210e+01 1.685000e+01
      vertex   2.638115e+01 -2.706848e+01 1.685000e+01
    endloop
  endfacet
  facet normal 0.000000e+00 0.000000e+00 -1.000000e+00
    outer loop
      vertex   2.854245e+01 -2.706848e+01 1.685000e+01
      vertex   2.638115e+01 -2.706848e+01 1.685000e+01
      vertex   2.845773e+01 -2.688680e+01 1.685000e+01
    endloop
  endfacet
  facet normal -0.000000e+00 0.000000e+00 -1.000000e+00
    outer loop
      vertex   2.845773e+01 -2.688680e+01 1.685000e+01
      vertex   2.638115e+01 -2.706848e+01 1.685000e+01
      vertex   2.646587e+01 -2.688680e+01 1.685000e+01
    endloop
  endfacet
  facet normal 0.000000e+00 0.000000e+00 -1.000000e+00
    outer loop
      vertex   2.845773e+01 -2.688680e+01 1.685000e+01
      vertex   2.646587e+01 -2.688680e+01 1.685000e+01
      vertex   2.834275e+01 -2.672259e+01 1.685000e+01
    endloop
  endfacet
  facet normal -0.000000e+00 0.000000e+00 -1.000000e+00
    outer loop
      vertex   2.834275e+01 -2.672259e+01 1.685000e+01
      vertex   2.646587e+01 -2.688680e+01 1.685000e+01
      vertex   2.658085e+01 -2.672259e+01 1.685000e+01
    endloop
  endfacet
  facet normal 0.000000e+00 0.000000e+00 -1.000000e+00
    outer loop
      vertex   2.834275e+01 -2.672259e+01 1.685000e+01
      vertex   2.658085e+01 -2.672259e+01 1.685000e+01
      vertex   2.820101e+01 -2.658085e+01 1.685000e+01
    endloop
  endfacet
  facet normal -0.000000e+00 0.000000e+00 -1.000000e+00
    outer loop
      vertex   2.820101e+01 -2.658085e+01 1.685000e+01
      vertex   2.658085e+01 -2.672259e+01 1.685000e+01
      vertex   2.672259e+01 -2.658085e+01 1.685000e+01
    endloop
  endfacet
  facet normal 0.000000e+00 0.000000e+00 -1.000000e+00
    outer loop
      vertex   2.820101e+01 -2.658085e+01 1.685000e+01
      vertex   2.672259e+01 -2.658085e+01 1.685000e+01
      vertex   2.803680e+01 -2.646587e+01 1.685000e+01
    endloop
  endfacet
  facet normal -0.000000e+00 0.000000e+00 -1.000000e+00
    outer loop
      vertex   2.803680e+01 -2.646587e+01 1.685000e+01
      vertex   2.672259e+01 -2.658085e+01 1.685000e+01
      vertex   2.688680e+01 -2.646587e+01 1.685000e+01
    endloop
  endfacet
  facet normal 0.000000e+00 0.000000e+00 -1.000000e+00
    outer loop
      vertex   2.803680e+01 -2.646587e+01 1.685000e+01
      vertex   2.688680e+01 -2.646587e+01 1.685000e+01
      vertex   2.785512e+01 -2.638115e+01 1.685000e+01
    endloop
  endfacet
  facet normal -0.000000e+00 0.000000e+00 -1.000000e+00
    outer loop
      vertex   2.785512e+01 -2.638115e+01 1.685000e+01
      vertex   2.688680e+01 -2.646587e+01 1.685000e+01
      vertex   2.706848e+01 -2.638115e+01 1.685000e+01
    endloop
  endfacet
  facet normal 0.000000e+00 0.000000e+00 -1.000000e+00
    outer loop
      vertex   2.785512e+01 -2.638115e+01 1.685000e+01
      vertex   2.706848e+01 -2.638115e+01 1.685000e+01
      vertex   2.766150e+01 -2.632927e+01 1.685000e+01
    endloop
  endfacet
  facet normal -0.000000e+00 0.000000e+00 -1.000000e+00
    outer loop
      vertex   2.766150e+01 -2.632927e+01 1.685000e+01
      vertex   2.706848e+01 -2.638115e+01 1.685000e+01
      vertex   2.726210e+01 -2.632927e+01 1.685000e+01
    endloop
  endfacet
  facet normal 0.000000e+00 0.000000e+00 -1.000000e+00
    outer loop
      vertex   2.766150e+01 -2.632927e+01 1.685000e+01
      vertex   2.726210e+01 -2.632927e+01 1.685000e+01
      vertex   2.746180e+01 -2.631180e+01 1.685000e+01
    endloop
  endfacet
  facet normal 0.000000e+00 0.000000e+00 -1.000000e+00
    outer loop
      vertex   2.632927e+01 -2.766150e+01 1.685000e+01
      vertex   2.859433e+01 -2.766150e+01 1.685000e+01
      vertex   2.638115e+01 -2.785512e+01 1.685000e+01
    endloop
  endfacet
  facet normal 0.000000e+00 0.000000e+00 -1.000000e+00
    outer loop
      vertex   2.638115e+01 -2.785512e+01 1.685000e+01
      vertex   2.859433e+01 -2.766150e+01 1.685000e+01
      vertex   2.854245e+01 -2.785512e+01 1.685000e+01
    endloop
  endfacet
  facet normal 0.000000e+00 0.000000e+00 -1.000000e+00
    outer loop
      vertex   2.638115e+01 -2.785512e+01 1.685000e+01
      vertex   2.854245e+01 -2.785512e+01 1.685000e+01
      vertex   2.646587e+01 -2.803680e+01 1.685000e+01
    endloop
  endfacet
  facet normal 0.000000e+00 0.000000e+00 -1.000000e+00
    outer loop
      vertex   2.646587e+01 -2.803680e+01 1.685000e+01
      vertex   2.854245e+01 -2.785512e+01 1.685000e+01
      vertex   2.845773e+01 -2.803680e+01 1.685000e+01
    endloop
  endfacet
  facet normal 0.000000e+00 0.000000e+00 -1.000000e+00
    outer loop
      vertex   2.646587e+01 -2.803680e+01 1.685000e+01
      vertex   2.845773e+01 -2.803680e+01 1.685000e+01
      vertex   2.658085e+01 -2.820101e+01 1.685000e+01
    endloop
  endfacet
  facet normal 0.000000e+00 0.000000e+00 -1.000000e+00
    outer loop
      vertex   2.658085e+01 -2.820101e+01 1.685000e+01
      vertex   2.845773e+01 -2.803680e+01 1.685000e+01
      vertex   2.834275e+01 -2.820101e+01 1.685000e+01
    endloop
  endfacet
  facet normal 0.000000e+00 0.000000e+00 -1.000000e+00
    outer loop
      vertex   2.658085e+01 -2.820101e+01 1.685000e+01
      vertex   2.834275e+01 -2.820101e+01 1.685000e+01
      vertex   2.672259e+01 -2.834275e+01 1.685000e+01
    endloop
  endfacet
  facet normal 0.000000e+00 0.000000e+00 -1.000000e+00
    outer loop
      vertex   2.672259e+01 -2.834275e+01 1.685000e+01
      vertex   2.834275e+01 -2.820101e+01 1.685000e+01
      vertex   2.820101e+01 -2.834275e+01 1.685000e+01
    endloop
  endfacet
  facet normal 0.000000e+00 0.000000e+00 -1.000000e+00
    outer loop
      vertex   2.672259e+01 -2.834275e+01 1.685000e+01
      vertex   2.820101e+01 -2.834275e+01 1.685000e+01
      vertex   2.688680e+01 -2.845773e+01 1.685000e+01
    endloop
  endfacet
  facet normal 0.000000e+00 0.000000e+00 -1.000000e+00
    outer loop
      vertex   2.688680e+01 -2.845773e+01 1.685000e+01
      vertex   2.820101e+01 -2.834275e+01 1.685000e+01
      vertex   2.803680e+01 -2.845773e+01 1.685000e+01
    endloop
  endfacet
  facet normal 0.000000e+00 0.000000e+00 -1.000000e+00
    outer loop
      vertex   2.688680e+01 -2.845773e+01 1.685000e+01
      vertex   2.803680e+01 -2.845773e+01 1.685000e+01
      vertex   2.706848e+01 -2.854245e+01 1.685000e+01
    endloop
  endfacet
  facet normal 0.000000e+00 0.000000e+00 -1.000000e+00
    outer loop
      vertex   2.706848e+01 -2.854245e+01 1.685000e+01
      vertex   2.803680e+01 -2.845773e+01 1.685000e+01
      vertex   2.785512e+01 -2.854245e+01 1.685000e+01
    endloop
  endfacet
  facet normal 0.000000e+00 0.000000e+00 -1.000000e+00
    outer loop
      vertex   2.706848e+01 -2.854245e+01 1.685000e+01
      vertex   2.785512e+01 -2.854245e+01 1.685000e+01
      vertex   2.726210e+01 -2.859433e+01 1.685000e+01
    endloop
  endfacet
  facet normal 0.000000e+00 0.000000e+00 -1.000000e+00
    outer loop
      vertex   2.726210e+01 -2.859433e+01 1.685000e+01
      vertex   2.785512e+01 -2.854245e+01 1.685000e+01
      vertex   2.766150e+01 -2.859433e+01 1.685000e+01
    endloop
  endfacet
  facet normal 0.000000e+00 0.000000e+00 -1.000000e+00
    outer loop
      vertex   2.726210e+01 -2.859433e+01 1.685000e+01
      vertex   2.766150e+01 -2.859433e+01 1.685000e+01
      vertex   2.746180e+01 -2.861180e+01 1.685000e+01
    endloop
  endfacet
  facet normal -9.961947e-01 -8.715574e-02 -0.000000e+00
    outer loop
      vertex   8.487041e+01 -1.148968e+02 1.685000e+01
      vertex   8.487041e+01 -1.148968e+02 1.351667e+01
      vertex   8.488788e+01 -1.150965e+02 1.685000e+01
    endloop
  endfacet
  facet normal -9.961947e-01 -8.715574e-02 -0.000000e+00
    outer loop
      vertex   8.488788e+01 -1.150965e+02 1.685000e+01
      vertex   8.487041e+01 -1.148968e+02 1.351667e+01
      vertex   8.488788e+01 -1.150965e+02 1.351667e+01
    endloop
  endfacet
  facet normal -9.961947e-01 8.715574e-02 0.000000e+00
    outer loop
      vertex   8.488788e+01 -1.150965e+02 1.685000e+01
      vertex   8.488788e+01 -1.150965e+02 1.351667e+01
      vertex   8.487041e+01 -1.152962e+02 1.685000e+01
    endloop
  endfacet
  facet normal -9.961947e-01 8.715574e-02 0.000000e+00
    outer loop
      vertex   8.487041e+01 -1.152962e+02 1.685000e+01
      vertex   8.488788e+01 -1.150965e+02 1.351667e+01
      vertex   8.487041e+01 -1.152962e+02 1.351667e+01
    endloop
  endfacet
  facet normal -9.659258e-01 2.588190e-01 0.000000e+00
    outer loop
      vertex   8.487041e+01 -1.152962e+02 1.685000e+01
      vertex   8.487041e+01 -1.152962e+02 1.351667e+01
      vertex   8.481853e+01 -1.154898e+02 1.685000e+01
    endloop
  endfacet
  facet normal -9.659258e-01 2.588190e-01 0.000000e+00
    outer loop
      vertex   8.481853e+01 -1.154898e+02 1.685000e+01
      vertex   8.487041e+01 -1.152962e+02 1.351667e+01
      vertex   8.481853e+01 -1.154898e+02 1.351667e+01
    endloop
  endfacet
  facet normal -9.063078e-01 4.226183e-01 0.000000e+00
    outer loop
      vertex   8.481853e+01 -1.154898e+02 1.685000e+01
      vertex   8.481853e+01 -1.154898e+02 1.351667e+01
      vertex   8.473381e+01 -1.156715e+02 1.685000e+01
    endloop
  endfacet
  facet normal -9.063078e-01 4.226183e-01 0.000000e+00
    outer loop
      vertex   8.473381e+01 -1.156715e+02 1.685000e+01
      vertex   8.481853e+01 -1.154898e+02 1.351667e+01
      vertex   8.473381e+01 -1.156715e+02 1.351667e+01
    endloop
  endfacet
  facet normal -8.191520e-01 5.735764e-01 0.000000e+00
    outer loop
      vertex   8.473381e+01 -1.156715e+02 1.685000e+01
      vertex   8.473381e+01 -1.156715e+02 1.351667e+01
      vertex   8.461883e+01 -1.158357e+02 1.685000e+01
    endloop
  endfacet
  facet normal -8.191520e-01 5.735764e-01 0.000000e+00
    outer loop
      vertex   8.461883e+01 -1.158357e+02 1.685000e+01
      vertex   8.473381e+01 -1.156715e+02 1.351667e+01
      vertex   8.461883e+01 -1.158357e+02 1.351667e+01
    endloop
  endfacet
  facet normal -7.071068e-01 7.071068e-01 0.000000e+00
    outer loop
      vertex   8.461883e+01 -1.158357e+02 1.685000e+01
      vertex   8.461883e+01 -1.158357e+02 1.351667e+01
      vertex   8.447709e+01 -1.159774e+02 1.685000e+01
    endloop
  endfacet
  facet normal -7.071068e-01 7.071068e-01 0.000000e+00
    outer loop
      vertex   8.447709e+01 -1.159774e+02 1.685000e+01
      vertex   8.461883e+01 -1.158357e+02 1.351667e+01
      vertex   8.447709e+01 -1.159774e+02 1.351667e+01
    endloop
  endfacet
  facet normal -5.735764e-01 8.191520e-01 0.000000e+00
    outer loop
      vertex   8.447709e+01 -1.159774e+02 1.685000e+01
      vertex   8.447709e+01 -1.159774e+02 1.351667e+01
      vertex   8.431288e+01 -1.160924e+02 1.685000e+01
    endloop
  endfacet
  facet normal -5.735764e-01 8.191520e-01 0.000000e+00
    outer loop
      vertex   8.431288e+01 -1.160924e+02 1.685000e+01
      vertex   8.447709e+01 -1.159774e+02 1.351667e+01
      vertex   8.431288e+01 -1.160924e+02 1.351667e+01
    endloop
  endfacet
  facet normal -4.226183e-01 9.063078e-01 0.000000e+00
    outer loop
      vertex   8.431288e+01 -1.160924e+02 1.685000e+01
      vertex   8.431288e+01 -1.160924e+02 1.351667e+01
      vertex   8.413121e+01 -1.161771e+02 1.685000e+01
    endloop
  endfacet
  facet normal -4.226183e-01 9.063078e-01 0.000000e+00
    outer loop
      vertex   8.413121e+01 -1.161771e+02 1.685000e+01
      vertex   8.431288e+01 -1.160924e+02 1.351667e+01
      vertex   8.413121e+01 -1.161771e+02 1.351667e+01
    endloop
  endfacet
  facet normal -2.588190e-01 9.659258e-01 0.000000e+00
    outer loop
      vertex   8.413121e+01 -1.161771e+02 1.685000e+01
      vertex   8.413121e+01 -1.161771e+02 1.351667e+01
      vertex   8.393758e+01 -1.162290e+02 1.685000e+01
    endloop
  endfacet
  facet normal -2.588190e-01 9.659258e-01 0.000000e+00
    outer loop
      vertex   8.393758e+01 -1.162290e+02 1.685000e+01
      vertex   8.413121e+01 -1.161771e+02 1.351667e+01
      vertex   8.393758e+01 -1.162290e+02 1.351667e+01
    endloop
  endfacet
  facet normal -8.715574e-02 9.961947e-01 0.000000e+00
    outer loop
      vertex   8.393758e+01 -1.162290e+02 1.685000e+01
      vertex   8.393758e+01 -1.162290e+02 1.351667e+01
      vertex   8.373788e+01 -1.162465e+02 1.685000e+01
    endloop
  endfacet
  facet normal -8.715574e-02 9.961947e-01 0.000000e+00
    outer loop
      vertex   8.373788e+01 -1.162465e+02 1.685000e+01
      vertex   8.393758e+01 -1.162290e+02 1.351667e+01
      vertex   8.373788e+01 -1.162465e+02 1.351667e+01
    endloop
  endfacet
  facet normal 8.715574e-02 9.961947e-01 0.000000e+00
    outer loop
      vertex   8.373788e+01 -1.162465e+02 1.685000e+01
      vertex   8.373788e+01 -1.162465e+02 1.351667e+01
      vertex   8.353819e+01 -1.162290e+02 1.685000e+01
    endloop
  endfacet
  facet normal 8.715574e-02 9.961947e-01 0.000000e+00
    outer loop
      vertex   8.353819e+01 -1.162290e+02 1.685000e+01
      vertex   8.373788e+01 -1.162465e+02 1.351667e+01
      vertex   8.353819e+01 -1.162290e+02 1.351667e+01
    endloop
  endfacet
  facet normal 2.588190e-01 9.659258e-01 0.000000e+00
    outer loop
      vertex   8.353819e+01 -1.162290e+02 1.685000e+01
      vertex   8.353819e+01 -1.162290e+02 1.351667e+01
      vertex   8.334456e+01 -1.161771e+02 1.685000e+01
    endloop
  endfacet
  facet normal 2.588190e-01 9.659258e-01 0.000000e+00
    outer loop
      vertex   8.334456e+01 -1.161771e+02 1.685000e+01
      vertex   8.353819e+01 -1.162290e+02 1.351667e+01
      vertex   8.334456e+01 -1.161771e+02 1.351667e+01
    endloop
  endfacet
  facet normal 4.226183e-01 9.063078e-01 0.000000e+00
    outer loop
      vertex   8.334456e+01 -1.161771e+02 1.685000e+01
      vertex   8.334456e+01 -1.161771e+02 1.351667e+01
      vertex   8.316288e+01 -1.160924e+02 1.685000e+01
    endloop
  endfacet
  facet normal 4.226183e-01 9.063078e-01 0.000000e+00
    outer loop
      vertex   8.316288e+01 -1.160924e+02 1.685000e+01
      vertex   8.334456e+01 -1.161771e+02 1.351667e+01
      vertex   8.316288e+01 -1.160924e+02 1.351667e+01
    endloop
  endfacet
  facet normal 5.735764e-01 8.191520e-01 0.000000e+00
    outer loop
      vertex   8.316288e+01 -1.160924e+02 1.685000e+01
      vertex   8.316288e+01 -1.160924e+02 1.351667e+01
      vertex   8.299868e+01 -1.159774e+02 1.685000e+01
    endloop
  endfacet
  facet normal 5.735764e-01 8.191520e-01 0.000000e+00
    outer loop
      vertex   8.299868e+01 -1.159774e+02 1.685000e+01
      vertex   8.316288e+01 -1.160924e+02 1.351667e+01
      vertex   8.299868e+01 -1.159774e+02 1.351667e+01
    endloop
  endfacet
  facet normal 7.071068e-01 7.071068e-01 0.000000e+00
    outer loop
      vertex   8.299868e+01 -1.159774e+02 1.685000e+01
      vertex   8.299868e+01 -1.159774e+02 1.351667e+01
      vertex   8.285693e+01 -1.158357e+02 1.685000e+01
    endloop
  endfacet
  facet normal 7.071068e-01 7.071068e-01 0.000000e+00
    outer loop
      vertex   8.285693e+01 -1.158357e+02 1.685000e+01
      vertex   8.299868e+01 -1.159774e+02 1.351667e+01
      vertex   8.285693e+01 -1.158357e+02 1.351667e+01
    endloop
  endfacet
  facet normal 8.191520e-01 5.735764e-01 0.000000e+00
    outer loop
      vertex   8.285693e+01 -1.158357e+02 1.685000e+01
      vertex   8.285693e+01 -1.158357e+02 1.351667e+01
      vertex   8.274195e+01 -1.156715e+02 1.685000e+01
    endloop
  endfacet
  facet normal 8.191520e-01 5.735764e-01 0.000000e+00
    outer loop
      vertex   8.274195e+01 -1.156715e+02 1.685000e+01
      vertex   8.285693e+01 -1.158357e+02 1.351667e+01
      vertex   8.274195e+01 -1.156715e+02 1.351667e+01
    endloop
  endfacet
  facet normal 9.063078e-01 4.226183e-01 0.000000e+00
    outer loop
      vertex   8.274195e+01 -1.156715e+02 1.685000e+01
      vertex   8.274195e+01 -1.156715e+02 1.351667e+01
      vertex   8.265724e+01 -1.154898e+02 1.685000e+01
    endloop
  endfacet
  facet normal 9.063078e-01 4.226183e-01 0.000000e+00
    outer loop
      vertex   8.265724e+01 -1.154898e+02 1.685000e+01
      vertex   8.274195e+01 -1.156715e+02 1.351667e+01
      vertex   8.265724e+01 -1.154898e+02 1.351667e+01
    endloop
  endfacet
  facet normal 9.659258e-01 2.588190e-01 0.000000e+00
    outer loop
      vertex   8.265724e+01 -1.154898e+02 1.685000e+01
      vertex   8.265724e+01 -1.154898e+02 1.351667e+01
      vertex   8.260535e+01 -1.152962e+02 1.685000e+01
    endloop
  endfacet
  facet normal 9.659258e-01 2.588190e-01 0.000000e+00
    outer loop
      vertex   8.260535e+01 -1.152962e+02 1.685000e+01
      vertex   8.265724e+01 -1.154898e+02 1.351667e+01
      vertex   8.260535e+01 -1.152962e+02 1.351667e+01
    endloop
  endfacet
  facet normal 9.961947e-01 8.715574e-02 0.000000e+00
    outer loop
      vertex   8.260535e+01 -1.152962e+02 1.685000e+01
      vertex   8.260535e+01 -1.152962e+02 1.351667e+01
      vertex   8.258788e+01 -1.150965e+02 1.685000e+01
    endloop
  endfacet
  facet normal 9.961947e-01 8.715574e-02 0.000000e+00
    outer loop
      vertex   8.258788e+01 -1.150965e+02 1.685000e+01
      vertex   8.260535e+01 -1.152962e+02 1.351667e+01
      vertex   8.258788e+01 -1.150965e+02 1.351667e+01
    endloop
  endfacet
  facet normal 9.961947e-01 -8.715574e-02 0.000000e+00
    outer loop
      vertex   8.258788e+01 -1.150965e+02 1.685000e+01
      vertex   8.258788e+01 -1.150965e+02 1.351667e+01
      vertex   8.260535e+01 -1.148968e+02 1.685000e+01
    endloop
  endfacet
  facet normal 9.961947e-01 -8.715574e-02 0.000000e+00
    outer loop
      vertex   8.260535e+01 -1.148968e+02 1.685000e+01
      vertex   8.258788e+01 -1.150965e+02 1.351667e+01
      vertex   8.260535e+01 -1.148968e+02 1.351667e+01
    endloop
  endfacet
  facet normal 9.659258e-01 -2.588190e-01 0.000000e+00
    outer loop
      vertex   8.260535e+01 -1.148968e+02 1.685000e+01
      vertex   8.260535e+01 -1.148968e+02 1.351667e+01
      vertex   8.265724e+01 -1.147032e+02 1.685000e+01
    endloop
  endfacet
  facet normal 9.659258e-01 -2.588190e-01 0.000000e+00
    outer loop
      vertex   8.265724e+01 -1.147032e+02 1.685000e+01
      vertex   8.260535e+01 -1.148968e+02 1.351667e+01
      vertex   8.265724e+01 -1.147032e+02 1.351667e+01
    endloop
  endfacet
  facet normal 9.063078e-01 -4.226183e-01 0.000000e+00
    outer loop
      vertex   8.265724e+01 -1.147032e+02 1.685000e+01
      vertex   8.265724e+01 -1.147032e+02 1.351667e+01
      vertex   8.274195e+01 -1.145215e+02 1.685000e+01
    endloop
  endfacet
  facet normal 9.063078e-01 -4.226183e-01 0.000000e+00
    outer loop
      vertex   8.274195e+01 -1.145215e+02 1.685000e+01
      vertex   8.265724e+01 -1.147032e+02 1.351667e+01
      vertex   8.274195e+01 -1.145215e+02 1.351667e+01
    endloop
  endfacet
  facet normal 8.191520e-01 -5.735764e-01 0.000000e+00
    outer loop
      vertex   8.274195e+01 -1.145215e+02 1.685000e+01
      vertex   8.274195e+01 -1.145215e+02 1.351667e+01
      vertex   8.285693e+01 -1.143573e+02 1.685000e+01
    endloop
  endfacet
  facet normal 8.191520e-01 -5.735764e-01 0.000000e+00
    outer loop
      vertex   8.285693e+01 -1.143573e+02 1.685000e+01
      vertex   8.274195e+01 -1.145215e+02 1.351667e+01
      vertex   8.285693e+01 -1.143573e+02 1.351667e+01
    endloop
  endfacet
  facet normal 7.071068e-01 -7.071068e-01 0.000000e+00
    outer loop
      vertex   8.285693e+01 -1.143573e+02 1.685000e+01
      vertex   8.285693e+01 -1.143573e+02 1.351667e+01
      vertex   8.299868e+01 -1.142155e+02 1.685000e+01
    endloop
  endfacet
  facet normal 7.071068e-01 -7.071068e-01 0.000000e+00
    outer loop
      vertex   8.299868e+01 -1.142155e+02 1.685000e+01
      vertex   8.285693e+01 -1.143573e+02 1.351667e+01
      vertex   8.299868e+01 -1.142155e+02 1.351667e+01
    endloop
  endfacet
  facet normal 5.735764e-01 -8.191520e-01 0.000000e+00
    outer loop
      vertex   8.299868e+01 -1.142155e+02 1.685000e+01
      vertex   8.299868e+01 -1.142155e+02 1.351667e+01
      vertex   8.316288e+01 -1.141006e+02 1.685000e+01
    endloop
  endfacet
  facet normal 5.735764e-01 -8.191520e-01 0.000000e+00
    outer loop
      vertex   8.316288e+01 -1.141006e+02 1.685000e+01
      vertex   8.299868e+01 -1.142155e+02 1.351667e+01
      vertex   8.316288e+01 -1.141006e+02 1.351667e+01
    endloop
  endfacet
  facet normal 4.226183e-01 -9.063078e-01 0.000000e+00
    outer loop
      vertex   8.316288e+01 -1.141006e+02 1.685000e+01
      vertex   8.316288e+01 -1.141006e+02 1.351667e+01
      vertex   8.334456e+01 -1.140158e+02 1.685000e+01
    endloop
  endfacet
  facet normal 4.226183e-01 -9.063078e-01 0.000000e+00
    outer loop
      vertex   8.334456e+01 -1.140158e+02 1.685000e+01
      vertex   8.316288e+01 -1.141006e+02 1.351667e+01
      vertex   8.334456e+01 -1.140158e+02 1.351667e+01
    endloop
  endfacet
  facet normal 2.588190e-01 -9.659258e-01 0.000000e+00
    outer loop
      vertex   8.334456e+01 -1.140158e+02 1.685000e+01
      vertex   8.334456e+01 -1.140158e+02 1.351667e+01
      vertex   8.353819e+01 -1.139640e+02 1.685000e+01
    endloop
  endfacet
  facet normal 2.588190e-01 -9.659258e-01 0.000000e+00
    outer loop
      vertex   8.353819e+01 -1.139640e+02 1.685000e+01
      vertex   8.334456e+01 -1.140158e+02 1.351667e+01
      vertex   8.353819e+01 -1.139640e+02 1.351667e+01
    endloop
  endfacet
  facet normal 8.715574e-02 -9.961947e-01 0.000000e+00
    outer loop
      vertex   8.353819e+01 -1.139640e+02 1.685000e+01
      vertex   8.353819e+01 -1.139640e+02 1.351667e+01
      vertex   8.373788e+01 -1.139465e+02 1.685000e+01
    endloop
  endfacet
  facet normal 8.715574e-02 -9.961947e-01 0.000000e+00
    outer loop
      vertex   8.373788e+01 -1.139465e+02 1.685000e+01
      vertex   8.353819e+01 -1.139640e+02 1.351667e+01
      vertex   8.373788e+01 -1.139465e+02 1.351667e+01
    endloop
  endfacet
  facet normal -8.715574e-02 -9.961947e-01 -0.000000e+00
    outer loop
      vertex   8.373788e+01 -1.139465e+02 1.685000e+01
      vertex   8.373788e+01 -1.139465e+02 1.351667e+01
      vertex   8.393758e+01 -1.139640e+02 1.685000e+01
    endloop
  endfacet
  facet normal -8.715574e-02 -9.961947e-01 -0.000000e+00
    outer loop
      vertex   8.393758e+01 -1.139640e+02 1.685000e+01
      vertex   8.373788e+01 -1.139465e+02 1.351667e+01
      vertex   8.393758e+01 -1.139640e+02 1.351667e+01
    endloop
  endfacet
  facet normal -2.588190e-01 -9.659258e-01 -0.000000e+00
    outer loop
      vertex   8.393758e+01 -1.139640e+02 1.685000e+01
      vertex   8.393758e+01 -1.139640e+02 1.351667e+01
      vertex   8.413121e+01 -1.140158e+02 1.685000e+01
    endloop
  endfacet
  facet normal -2.588190e-01 -9.659258e-01 -0.000000e+00
    outer loop
      vertex   8.413121e+01 -1.140158e+02 1.685000e+01
      vertex   8.393758e+01 -1.139640e+02 1.351667e+01
      vertex   8.413121e+01 -1.140158e+02 1.351667e+01
    endloop
  endfacet
  facet normal -4.226183e-01 -9.063078e-01 -0.000000e+00
    outer loop
      vertex   8.413121e+01 -1.140158e+02 1.685000e+01
      vertex   8.413121e+01 -1.140158e+02 1.351667e+01
      vertex   8.431288e+01 -1.141006e+02 1.685000e+01
    endloop
  endfacet
  facet normal -4.226183e-01 -9.063078e-01 -0.000000e+00
    outer loop
      vertex   8.431288e+01 -1.141006e+02 1.685000e+01
      vertex   8.413121e+01 -1.140158e+02 1.351667e+01
      vertex   8.431288e+01 -1.141006e+02 1.351667e+01
    endloop
  endfacet
  facet normal -5.735764e-01 -8.191520e-01 -0.000000e+00
    outer loop
      vertex   8.431288e+01 -1.141006e+02 1.685000e+01
      vertex   8.431288e+01 -1.141006e+02 1.351667e+01
      vertex   8.447709e+01 -1.142155e+02 1.685000e+01
    endloop
  endfacet
  facet normal -5.735764e-01 -8.191520e-01 -0.000000e+00
    outer loop
      vertex   8.447709e+01 -1.142155e+02 1.685000e+01
      vertex   8.431288e+01 -1.141006e+02 1.351667e+01
      vertex   8.447709e+01 -1.142155e+02 1.351667e+01
    endloop
  endfacet
  facet normal -7.071068e-01 -7.071068e-01 -0.000000e+00
    outer loop
      vertex   8.447709e+01 -1.142155e+02 1.685000e+01
      vertex   8.447709e+01 -1.142155e+02 1.351667e+01
      vertex   8.461883e+01 -1.143573e+02 1.685000e+01
    endloop
  endfacet
  facet normal -7.071068e-01 -7.071068e-01 -0.000000e+00
    outer loop
      vertex   8.461883e+01 -1.143573e+02 1.685000e+01
      vertex   8.447709e+01 -1.142155e+02 1.351667e+01
      vertex   8.461883e+01 -1.143573e+02 1.351667e+01
    endloop
  endfacet
  facet normal -8.191520e-01 -5.735764e-01 -0.000000e+00
    outer loop
      vertex   8.461883e+01 -1.143573e+02 1.685000e+01
      vertex   8.461883e+01 -1.143573e+02 1.351667e+01
      vertex   8.473381e+01 -1.145215e+02 1.685000e+01
    endloop
  endfacet
  facet normal -8.191520e-01 -5.735764e-01 -0.000000e+00
    outer loop
      vertex   8.473381e+01 -1.145215e+02 1.685000e+01
      vertex   8.461883e+01 -1.143573e+02 1.351667e+01
      vertex   8.473381e+01 -1.145215e+02 1.351667e+01
    endloop
  endfacet
  facet normal -9.063078e-01 -4.226183e-01 -0.000000e+00
    outer loop
      vertex   8.473381e+01 -1.145215e+02 1.685000e+01
      vertex   8.473381e+01 -1.145215e+02 1.351667e+01
      vertex   8.481853e+01 -1.147032e+02 1.685000e+01
    endloop
  endfacet
  facet normal -9.063078e-01 -4.226183e-01 -0.000000e+00
    outer loop
      vertex   8.481853e+01 -1.147032e+02 1.685000e+01
      vertex   8.473381e+01 -1.145215e+02 1.351667e+01
      vertex   8.481853e+01 -1.147032e+02 1.351667e+01
    endloop
  endfacet
  facet normal -9.659258e-01 -2.588190e-01 -0.000000e+00
    outer loop
      vertex   8.481853e+01 -1.147032e+02 1.685000e+01
      vertex   8.481853e+01 -1.147032e+02 1.351667e+01
      vertex   8.487041e+01 -1.148968e+02 1.685000e+01
    endloop
  endfacet
  facet normal -9.659258e-01 -2.588190e-01 -0.000000e+00
    outer loop
      vertex   8.487041e+01 -1.148968e+02 1.685000e+01
      vertex   8.481853e+01 -1.147032e+02 1.351667e+01
      vertex   8.487041e+01 -1.148968e+02 1.351667e+01
    endloop
  endfacet
  facet normal -9.961947e-01 8.715574e-02 0.000000e+00
    outer loop
      vertex   8.487041e+01 -1.152962e+02 6.850000e+00
      vertex   8.487041e+01 -1.152962e+02 1.018333e+01
      vertex   8.488788e+01 -1.150965e+02 6.850000e+00
    endloop
  endfacet
  facet normal -9.961947e-01 8.715574e-02 0.000000e+00
    outer loop
      vertex   8.488788e+01 -1.150965e+02 6.850000e+00
      vertex   8.487041e+01 -1.152962e+02 1.018333e+01
      vertex   8.488788e+01 -1.150965e+02 1.018333e+01
    endloop
  endfacet
  facet normal -9.961947e-01 -8.715574e-02 0.000000e+00
    outer loop
      vertex   8.488788e+01 -1.150965e+02 6.850000e+00
      vertex   8.488788e+01 -1.150965e+02 1.018333e+01
      vertex   8.487041e+01 -1.148968e+02 6.850000e+00
    endloop
  endfacet
  facet normal -9.961947e-01 -8.715574e-02 0.000000e+00
    outer loop
      vertex   8.487041e+01 -1.148968e+02 6.850000e+00
      vertex   8.488788e+01 -1.150965e+02 1.018333e+01
      vertex   8.487041e+01 -1.148968e+02 1.018333e+01
    endloop
  endfacet
  facet normal -9.659258e-01 -2.588190e-01 0.000000e+00
    outer loop
      vertex   8.487041e+01 -1.148968e+02 6.850000e+00
      vertex   8.487041e+01 -1.148968e+02 1.018333e+01
      vertex   8.481853e+01 -1.147032e+02 6.850000e+00
    endloop
  endfacet
  facet normal -9.659258e-01 -2.588190e-01 0.000000e+00
    outer loop
      vertex   8.481853e+01 -1.147032e+02 6.850000e+00
      vertex   8.487041e+01 -1.148968e+02 1.018333e+01
      vertex   8.481853e+01 -1.147032e+02 1.018333e+01
    endloop
  endfacet
  facet normal -9.063078e-01 -4.226183e-01 0.000000e+00
    outer loop
      vertex   8.481853e+01 -1.147032e+02 6.850000e+00
      vertex   8.481853e+01 -1.147032e+02 1.018333e+01
      vertex   8.473381e+01 -1.145215e+02 6.850000e+00
    endloop
  endfacet
  facet normal -9.063078e-01 -4.226183e-01 0.000000e+00
    outer loop
      vertex   8.473381e+01 -1.145215e+02 6.850000e+00
      vertex   8.481853e+01 -1.147032e+02 1.018333e+01
      vertex   8.473381e+01 -1.145215e+02 1.018333e+01
    endloop
  endfacet
  facet normal -8.191520e-01 -5.735764e-01 0.000000e+00
    outer loop
      vertex   8.473381e+01 -1.145215e+02 6.850000e+00
      vertex   8.473381e+01 -1.145215e+02 1.018333e+01
      vertex   8.461883e+01 -1.143573e+02 6.850000e+00
    endloop
  endfacet
  facet normal -8.191520e-01 -5.735764e-01 0.000000e+00
    outer loop
      vertex   8.461883e+01 -1.143573e+02 6.850000e+00
      vertex   8.473381e+01 -1.145215e+02 1.018333e+01
      vertex   8.461883e+01 -1.143573e+02 1.018333e+01
    endloop
  endfacet
  facet normal -7.071068e-01 -7.071068e-01 0.000000e+00
    outer loop
      vertex   8.461883e+01 -1.143573e+02 6.850000e+00
      vertex   8.461883e+01 -1.143573e+02 1.018333e+01
      vertex   8.447709e+01 -1.142155e+02 6.850000e+00
    endloop
  endfacet
  facet normal -7.071068e-01 -7.071068e-01 0.000000e+00
    outer loop
      vertex   8.447709e+01 -1.142155e+02 6.850000e+00
      vertex   8.461883e+01 -1.143573e+02 1.018333e+01
      vertex   8.447709e+01 -1.142155e+02 1.018333e+01
    endloop
  endfacet
  facet normal -5.735764e-01 -8.191520e-01 0.000000e+00
    outer loop
      vertex   8.447709e+01 -1.142155e+02 6.850000e+00
      vertex   8.447709e+01 -1.142155e+02 1.018333e+01
      vertex   8.431288e+01 -1.141006e+02 6.850000e+00
    endloop
  endfacet
  facet normal -5.735764e-01 -8.191520e-01 0.000000e+00
    outer loop
      vertex   8.431288e+01 -1.141006e+02 6.850000e+00
      vertex   8.447709e+01 -1.142155e+02 1.018333e+01
      vertex   8.431288e+01 -1.141006e+02 1.018333e+01
    endloop
  endfacet
  facet normal -4.226183e-01 -9.063078e-01 0.000000e+00
    outer loop
      vertex   8.431288e+01 -1.141006e+02 6.850000e+00
      vertex   8.431288e+01 -1.141006e+02 1.018333e+01
      vertex   8.413121e+01 -1.140158e+02 6.850000e+00
    endloop
  endfacet
  facet normal -4.226183e-01 -9.063078e-01 0.000000e+00
    outer loop
      vertex   8.413121e+01 -1.140158e+02 6.850000e+00
      vertex   8.431288e+01 -1.141006e+02 1.018333e+01
      vertex   8.413121e+01 -1.140158e+02 1.018333e+01
    endloop
  endfacet
  facet normal -2.588190e-01 -9.659258e-01 0.000000e+00
    outer loop
      vertex   8.413121e+01 -1.140158e+02 6.850000e+00
      vertex   8.413121e+01 -1.140158e+02 1.018333e+01
      vertex   8.393758e+01 -1.139640e+02 6.850000e+00
    endloop
  endfacet
  facet normal -2.588190e-01 -9.659258e-01 0.000000e+00
    outer loop
      vertex   8.393758e+01 -1.139640e+02 6.850000e+00
      vertex   8.413121e+01 -1.140158e+02 1.018333e+01
      vertex   8.393758e+01 -1.139640e+02 1.018333e+01
    endloop
  endfacet
  facet normal -8.715574e-02 -9.961947e-01 0.000000e+00
    outer loop
      vertex   8.393758e+01 -1.139640e+02 6.850000e+00
      vertex   8.393758e+01 -1.139640e+02 1.018333e+01
      vertex   8.373788e+01 -1.139465e+02 6.850000e+00
    endloop
  endfacet
  facet normal -8.715574e-02 -9.961947e-01 0.000000e+00
    outer loop
      vertex   8.373788e+01 -1.139465e+02 6.850000e+00
      vertex   8.393758e+01 -1.139640e+02 1.018333e+01
      vertex   8.373788e+01 -1.139465e+02 1.018333e+01
    endloop
  endfacet
  facet normal 8.715574e-02 -9.961947e-01 0.000000e+00
    outer loop
      vertex   8.373788e+01 -1.139465e+02 6.850000e+00
      vertex   8.373788e+01 -1.139465e+02 1.018333e+01
      vertex   8.353819e+01 -1.139640e+02 6.850000e+00
    endloop
  endfacet
  facet normal 8.715574e-02 -9.961947e-01 0.000000e+00
    outer loop
      vertex   8.353819e+01 -1.139640e+02 6.850000e+00
      vertex   8.373788e+01 -1.139465e+02 1.018333e+01
      vertex   8.353819e+01 -1.139640e+02 1.018333e+01
    endloop
  endfacet
  facet normal 2.588190e-01 -9.659258e-01 0.000000e+00
    outer loop
      vertex   8.353819e+01 -1.139640e+02 6.850000e+00
      vertex   8.353819e+01 -1.139640e+02 1.018333e+01
      vertex   8.334456e+01 -1.140158e+02 6.850000e+00
    endloop
  endfacet
  facet normal 2.588190e-01 -9.659258e-01 0.000000e+00
    outer loop
      vertex   8.334456e+01 -1.140158e+02 6.850000e+00
      vertex   8.353819e+01 -1.139640e+02 1.018333e+01
      vertex   8.334456e+01 -1.140158e+02 1.018333e+01
    endloop
  endfacet
  facet normal 4.226183e-01 -9.063078e-01 0.000000e+00
    outer loop
      vertex   8.334456e+01 -1.140158e+02 6.850000e+00
      vertex   8.334456e+01 -1.140158e+02 1.018333e+01
      vertex   8.316288e+01 -1.141006e+02 6.850000e+00
    endloop
  endfacet
  facet normal 4.226183e-01 -9.063078e-01 0.000000e+00
    outer loop
      vertex   8.316288e+01 -1.141006e+02 6.850000e+00
      vertex   8.334456e+01 -1.140158e+02 1.018333e+01
      vertex   8.316288e+01 -1.141006e+02 1.018333e+01
    endloop
  endfacet
  facet normal 5.735764e-01 -8.191520e-01 0.000000e+00
    outer loop
      vertex   8.316288e+01 -1.141006e+02 6.850000e+00
      vertex   8.316288e+01 -1.141006e+02 1.018333e+01
      vertex   8.299868e+01 -1.142155e+02 6.850000e+00
    endloop
  endfacet
  facet normal 5.735764e-01 -8.191520e-01 0.000000e+00
    outer loop
      vertex   8.299868e+01 -1.142155e+02 6.850000e+00
      vertex   8.316288e+01 -1.141006e+02 1.018333e+01
      vertex   8.299868e+01 -1.142155e+02 1.018333e+01
    endloop
  endfacet
  facet normal 7.071068e-01 -7.071068e-01 0.000000e+00
    outer loop
      vertex   8.299868e+01 -1.142155e+02 6.850000e+00
      vertex   8.299868e+01 -1.142155e+02 1.018333e+01
      vertex   8.285693e+01 -1.143573e+02 6.850000e+00
    endloop
  endfacet
  facet normal 7.071068e-01 -7.071068e-01 0.000000e+00
    outer loop
      vertex   8.285693e+01 -1.143573e+02 6.850000e+00
      vertex   8.299868e+01 -1.142155e+02 1.018333e+01
      vertex   8.285693e+01 -1.143573e+02 1.018333e+01
    endloop
  endfacet
  facet normal 8.191520e-01 -5.735764e-01 0.000000e+00
    outer loop
      vertex   8.285693e+01 -1.143573e+02 6.850000e+00
      vertex   8.285693e+01 -1.143573e+02 1.018333e+01
      vertex   8.274195e+01 -1.145215e+02 6.850000e+00
    endloop
  endfacet
  facet normal 8.191520e-01 -5.735764e-01 0.000000e+00
    outer loop
      vertex   8.274195e+01 -1.145215e+02 6.850000e+00
      vertex   8.285693e+01 -1.143573e+02 1.018333e+01
      vertex   8.274195e+01 -1.145215e+02 1.018333e+01
    endloop
  endfacet
  facet normal 9.063078e-01 -4.226183e-01 0.000000e+00
    outer loop
      vertex   8.274195e+01 -1.145215e+02 6.850000e+00
      vertex   8.274195e+01 -1.145215e+02 1.018333e+01
      vertex   8.265724e+01 -1.147032e+02 6.850000e+00
    endloop
  endfacet
  facet normal 9.063078e-01 -4.226183e-01 0.000000e+00
    outer loop
      vertex   8.265724e+01 -1.147032e+02 6.850000e+00
      vertex   8.274195e+01 -1.145215e+02 1.018333e+01
      vertex   8.265724e+01 -1.147032e+02 1.018333e+01
    endloop
  endfacet
  facet normal 9.659258e-01 -2.588190e-01 0.000000e+00
    outer loop
      vertex   8.265724e+01 -1.147032e+02 6.850000e+00
      vertex   8.265724e+01 -1.147032e+02 1.018333e+01
      vertex   8.260535e+01 -1.148968e+02 6.850000e+00
    endloop
  endfacet
  facet normal 9.659258e-01 -2.588190e-01 0.000000e+00
    outer loop
      vertex   8.260535e+01 -1.148968e+02 6.850000e+00
      vertex   8.265724e+01 -1.147032e+02 1.018333e+01
      vertex   8.260535e+01 -1.148968e+02 1.018333e+01
    endloop
  endfacet
  facet normal 9.961947e-01 -8.715574e-02 0.000000e+00
    outer loop
      vertex   8.260535e+01 -1.148968e+02 6.850000e+00
      vertex   8.260535e+01 -1.148968e+02 1.018333e+01
      vertex   8.258788e+01 -1.150965e+02 6.850000e+00
    endloop
  endfacet
  facet normal 9.961947e-01 -8.715574e-02 0.000000e+00
    outer loop
      vertex   8.258788e+01 -1.150965e+02 6.850000e+00
      vertex   8.260535e+01 -1.148968e+02 1.018333e+01
      vertex   8.258788e+01 -1.150965e+02 1.018333e+01
    endloop
  endfacet
  facet normal 9.961947e-01 8.715574e-02 -0.000000e+00
    outer loop
      vertex   8.258788e+01 -1.150965e+02 6.850000e+00
      vertex   8.258788e+01 -1.150965e+02 1.018333e+01
      vertex   8.260535e+01 -1.152962e+02 6.850000e+00
    endloop
  endfacet
  facet normal 9.961947e-01 8.715574e-02 -0.000000e+00
    outer loop
      vertex   8.260535e+01 -1.152962e+02 6.850000e+00
      vertex   8.258788e+01 -1.150965e+02 1.018333e+01
      vertex   8.260535e+01 -1.152962e+02 1.018333e+01
    endloop
  endfacet
  facet normal 9.659258e-01 2.588190e-01 -0.000000e+00
    outer loop
      vertex   8.260535e+01 -1.152962e+02 6.850000e+00
      vertex   8.260535e+01 -1.152962e+02 1.018333e+01
      vertex   8.265724e+01 -1.154898e+02 6.850000e+00
    endloop
  endfacet
  facet normal 9.659258e-01 2.588190e-01 -0.000000e+00
    outer loop
      vertex   8.265724e+01 -1.154898e+02 6.850000e+00
      vertex   8.260535e+01 -1.152962e+02 1.018333e+01
      vertex   8.265724e+01 -1.154898e+02 1.018333e+01
    endloop
  endfacet
  facet normal 9.063078e-01 4.226183e-01 -0.000000e+00
    outer loop
      vertex   8.265724e+01 -1.154898e+02 6.850000e+00
      vertex   8.265724e+01 -1.154898e+02 1.018333e+01
      vertex   8.274195e+01 -1.156715e+02 6.850000e+00
    endloop
  endfacet
  facet normal 9.063078e-01 4.226183e-01 -0.000000e+00
    outer loop
      vertex   8.274195e+01 -1.156715e+02 6.850000e+00
      vertex   8.265724e+01 -1.154898e+02 1.018333e+01
      vertex   8.274195e+01 -1.156715e+02 1.018333e+01
    endloop
  endfacet
  facet normal 8.191520e-01 5.735764e-01 -0.000000e+00
    outer loop
      vertex   8.274195e+01 -1.156715e+02 6.850000e+00
      vertex   8.274195e+01 -1.156715e+02 1.018333e+01
      vertex   8.285693e+01 -1.158357e+02 6.850000e+00
    endloop
  endfacet
  facet normal 8.191520e-01 5.735764e-01 -0.000000e+00
    outer loop
      vertex   8.285693e+01 -1.158357e+02 6.850000e+00
      vertex   8.274195e+01 -1.156715e+02 1.018333e+01
      vertex   8.285693e+01 -1.158357e+02 1.018333e+01
    endloop
  endfacet
  facet normal 7.071068e-01 7.071068e-01 -0.000000e+00
    outer loop
      vertex   8.285693e+01 -1.158357e+02 6.850000e+00
      vertex   8.285693e+01 -1.158357e+02 1.018333e+01
      vertex   8.299868e+01 -1.159774e+02 6.850000e+00
    endloop
  endfacet
  facet normal 7.071068e-01 7.071068e-01 -0.000000e+00
    outer loop
      vertex   8.299868e+01 -1.159774e+02 6.850000e+00
      vertex   8.285693e+01 -1.158357e+02 1.018333e+01
      vertex   8.299868e+01 -1.159774e+02 1.018333e+01
    endloop
  endfacet
  facet normal 5.735764e-01 8.191520e-01 -0.000000e+00
    outer loop
      vertex   8.299868e+01 -1.159774e+02 6.850000e+00
      vertex   8.299868e+01 -1.159774e+02 1.018333e+01
      vertex   8.316288e+01 -1.160924e+02 6.850000e+00
    endloop
  endfacet
  facet normal 5.735764e-01 8.191520e-01 -0.000000e+00
    outer loop
      vertex   8.316288e+01 -1.160924e+02 6.850000e+00
      vertex   8.299868e+01 -1.159774e+02 1.018333e+01
      vertex   8.316288e+01 -1.160924e+02 1.018333e+01
    endloop
  endfacet
  facet normal 4.226183e-01 9.063078e-01 -0.000000e+00
    outer loop
      vertex   8.316288e+01 -1.160924e+02 6.850000e+00
      vertex   8.316288e+01 -1.160924e+02 1.018333e+01
      vertex   8.334456e+01 -1.161771e+02 6.850000e+00
    endloop
  endfacet
  facet normal 4.226183e-01 9.063078e-01 -0.000000e+00
    outer loop
      vertex   8.334456e+01 -1.161771e+02 6.850000e+00
      vertex   8.316288e+01 -1.160924e+02 1.018333e+01
      vertex   8.334456e+01 -1.161771e+02 1.018333e+01
    endloop
  endfacet
  facet normal 2.588190e-01 9.659258e-01 -0.000000e+00
    outer loop
      vertex   8.334456e+01 -1.161771e+02 6.850000e+00
      vertex   8.334456e+01 -1.161771e+02 1.018333e+01
      vertex   8.353819e+01 -1.162290e+02 6.850000e+00
    endloop
  endfacet
  facet normal 2.588190e-01 9.659258e-01 -0.000000e+00
    outer loop
      vertex   8.353819e+01 -1.162290e+02 6.850000e+00
      vertex   8.334456e+01 -1.161771e+02 1.018333e+01
      vertex   8.353819e+01 -1.162290e+02 1.018333e+01
    endloop
  endfacet
  facet normal 8.715574e-02 9.961947e-01 -0.000000e+00
    outer loop
      vertex   8.353819e+01 -1.162290e+02 6.850000e+00
      vertex   8.353819e+01 -1.162290e+02 1.018333e+01
      vertex   8.373788e+01 -1.162465e+02 6.850000e+00
    endloop
  endfacet
  facet normal 8.715574e-02 9.961947e-01 -0.000000e+00
    outer loop
      vertex   8.373788e+01 -1.162465e+02 6.850000e+00
      vertex   8.353819e+01 -1.162290e+02 1.018333e+01
      vertex   8.373788e+01 -1.162465e+02 1.018333e+01
    endloop
  endfacet
  facet normal -8.715574e-02 9.961947e-01 0.000000e+00
    outer loop
      vertex   8.373788e+01 -1.162465e+02 6.850000e+00
      vertex   8.373788e+01 -1.162465e+02 1.018333e+01
      vertex   8.393758e+01 -1.162290e+02 6.850000e+00
    endloop
  endfacet
  facet normal -8.715574e-02 9.961947e-01 0.000000e+00
    outer loop
      vertex   8.393758e+01 -1.162290e+02 6.850000e+00
      vertex   8.373788e+01 -1.162465e+02 1.018333e+01
      vertex   8.393758e+01 -1.162290e+02 1.018333e+01
    endloop
  endfacet
  facet normal -2.588190e-01 9.659258e-01 0.000000e+00
    outer loop
      vertex   8.393758e+01 -1.162290e+02 6.850000e+00
      vertex   8.393758e+01 -1.162290e+02 1.018333e+01
      vertex   8.413121e+01 -1.161771e+02 6.850000e+00
    endloop
  endfacet
  facet normal -2.588190e-01 9.659258e-01 0.000000e+00
    outer loop
      vertex   8.413121e+01 -1.161771e+02 6.850000e+00
      vertex   8.393758e+01 -1.162290e+02 1.018333e+01
      vertex   8.413121e+01 -1.161771e+02 1.018333e+01
    endloop
  endfacet
  facet normal -4.226183e-01 9.063078e-01 0.000000e+00
    outer loop
      vertex   8.413121e+01 -1.161771e+02 6.850000e+00
      vertex   8.413121e+01 -1.161771e+02 1.018333e+01
      vertex   8.431288e+01 -1.160924e+02 6.850000e+00
    endloop
  endfacet
  facet normal -4.226183e-01 9.063078e-01 0.000000e+00
    outer loop
      vertex   8.431288e+01 -1.160924e+02 6.850000e+00
      vertex   8.413121e+01 -1.161771e+02 1.018333e+01
      vertex   8.431288e+01 -1.160924e+02 1.018333e+01
    endloop
  endfacet
  facet normal -5.735764e-01 8.191520e-01 0.000000e+00
    outer loop
      vertex   8.431288e+01 -1.160924e+02 6.850000e+00
      vertex   8.431288e+01 -1.160924e+02 1.018333e+01
      vertex   8.447709e+01 -1.159774e+02 6.850000e+00
    endloop
  endfacet
  facet normal -5.735764e-01 8.191520e-01 0.000000e+00
    outer loop
      vertex   8.447709e+01 -1.159774e+02 6.850000e+00
      vertex   8.431288e+01 -1.160924e+02 1.018333e+01
      vertex   8.447709e+01 -1.159774e+02 1.018333e+01
    endloop
  endfacet
  facet normal -7.071068e-01 7.071068e-01 0.000000e+00
    outer loop
      vertex   8.447709e+01 -1.159774e+02 6.850000e+00
      vertex   8.447709e+01 -1.159774e+02 1.018333e+01
      vertex   8.461883e+01 -1.158357e+02 6.850000e+00
    endloop
  endfacet
  facet normal -7.071068e-01 7.071068e-01 0.000000e+00
    outer loop
      vertex   8.461883e+01 -1.158357e+02 6.850000e+00
      vertex   8.447709e+01 -1.159774e+02 1.018333e+01
      vertex   8.461883e+01 -1.158357e+02 1.018333e+01
    endloop
  endfacet
  facet normal -8.191520e-01 5.735764e-01 0.000000e+00
    outer loop
      vertex   8.461883e+01 -1.158357e+02 6.850000e+00
      vertex   8.461883e+01 -1.158357e+02 1.018333e+01
      vertex   8.473381e+01 -1.156715e+02 6.850000e+00
    endloop
  endfacet
  facet normal -8.191520e-01 5.735764e-01 0.000000e+00
    outer loop
      vertex   8.473381e+01 -1.156715e+02 6.850000e+00
      vertex   8.461883e+01 -1.158357e+02 1.018333e+01
      vertex   8.473381e+01 -1.156715e+02 1.018333e+01
    endloop
  endfacet
  facet normal -9.063078e-01 4.226183e-01 0.000000e+00
    outer loop
      vertex   8.473381e+01 -1.156715e+02 6.850000e+00
      vertex   8.473381e+01 -1.156715e+02 1.018333e+01
      vertex   8.481853e+01 -1.154898e+02 6.850000e+00
    endloop
  endfacet
  facet normal -9.063078e-01 4.226183e-01 0.000000e+00
    outer loop
      vertex   8.481853e+01 -1.154898e+02 6.850000e+00
      vertex   8.473381e+01 -1.156715e+02 1.018333e+01
      vertex   8.481853e+01 -1.154898e+02 1.018333e+01
    endloop
  endfacet
  facet normal -9.659258e-01 2.588190e-01 0.000000e+00
    outer loop
      vertex   8.481853e+01 -1.154898e+02 6.850000e+00
      vertex   8.481853e+01 -1.154898e+02 1.018333e+01
      vertex   8.487041e+01 -1.152962e+02 6.850000e+00
    endloop
  endfacet
  facet normal -9.659258e-01 2.588190e-01 0.000000e+00
    outer loop
      vertex   8.487041e+01 -1.152962e+02 6.850000e+00
      vertex   8.481853e+01 -1.154898e+02 1.018333e+01
      vertex   8.487041e+01 -1.152962e+02 1.018333e+01
    endloop
  endfacet
  facet normal -9.961947e-01 8.715574e-02 0.000000e+00
    outer loop
      vertex   8.488788e+01 -1.150965e+02 1.351667e+01
      vertex   8.488788e+01 -1.150965e+02 1.018333e+01
      vertex   8.487041e+01 -1.152962e+02 1.351667e+01
    endloop
  endfacet
  facet normal -9.961947e-01 8.715574e-02 0.000000e+00
    outer loop
      vertex   8.487041e+01 -1.152962e+02 1.351667e+01
      vertex   8.488788e+01 -1.150965e+02 1.018333e+01
      vertex   8.487041e+01 -1.152962e+02 1.018333e+01
    endloop
  endfacet
  facet normal -9.659258e-01 2.588190e-01 0.000000e+00
    outer loop
      vertex   8.487041e+01 -1.152962e+02 1.351667e+01
      vertex   8.487041e+01 -1.152962e+02 1.018333e+01
      vertex   8.481853e+01 -1.154898e+02 1.351667e+01
    endloop
  endfacet
  facet normal -9.659258e-01 2.588190e-01 0.000000e+00
    outer loop
      vertex   8.481853e+01 -1.154898e+02 1.351667e+01
      vertex   8.487041e+01 -1.152962e+02 1.018333e+01
      vertex   8.481853e+01 -1.154898e+02 1.018333e+01
    endloop
  endfacet
  facet normal -9.063078e-01 4.226183e-01 0.000000e+00
    outer loop
      vertex   8.481853e+01 -1.154898e+02 1.351667e+01
      vertex   8.481853e+01 -1.154898e+02 1.018333e+01
      vertex   8.473381e+01 -1.156715e+02 1.351667e+01
    endloop
  endfacet
  facet normal -9.063078e-01 4.226183e-01 0.000000e+00
    outer loop
      vertex   8.473381e+01 -1.156715e+02 1.351667e+01
      vertex   8.481853e+01 -1.154898e+02 1.018333e+01
      vertex   8.473381e+01 -1.156715e+02 1.018333e+01
    endloop
  endfacet
  facet normal -8.191520e-01 5.735764e-01 0.000000e+00
    outer loop
      vertex   8.473381e+01 -1.156715e+02 1.351667e+01
      vertex   8.473381e+01 -1.156715e+02 1.018333e+01
      vertex   8.461883e+01 -1.158357e+02 1.351667e+01
    endloop
  endfacet
  facet normal -8.191520e-01 5.735764e-01 0.000000e+00
    outer loop
      vertex   8.461883e+01 -1.158357e+02 1.351667e+01
      vertex   8.473381e+01 -1.156715e+02 1.018333e+01
      vertex   8.461883e+01 -1.158357e+02 1.018333e+01
    endloop
  endfacet
  facet normal -7.071068e-01 7.071068e-01 0.000000e+00
    outer loop
      vertex   8.461883e+01 -1.158357e+02 1.351667e+01
      vertex   8.461883e+01 -1.158357e+02 1.018333e+01
      vertex   8.447709e+01 -1.159774e+02 1.351667e+01
    endloop
  endfacet
  facet normal -7.071068e-01 7.071068e-01 0.000000e+00
    outer loop
      vertex   8.447709e+01 -1.159774e+02 1.351667e+01
      vertex   8.461883e+01 -1.158357e+02 1.018333e+01
      vertex   8.447709e+01 -1.159774e+02 1.018333e+01
    endloop
  endfacet
  facet normal -5.735764e-01 8.191520e-01 0.000000e+00
    outer loop
      vertex   8.447709e+01 -1.159774e+02 1.351667e+01
      vertex   8.447709e+01 -1.159774e+02 1.018333e+01
      vertex   8.431288e+01 -1.160924e+02 1.351667e+01
    endloop
  endfacet
  facet normal -5.735764e-01 8.191520e-01 0.000000e+00
    outer loop
      vertex   8.431288e+01 -1.160924e+02 1.351667e+01
      vertex   8.447709e+01 -1.159774e+02 1.018333e+01
      vertex   8.431288e+01 -1.160924e+02 1.018333e+01
    endloop
  endfacet
  facet normal -4.226183e-01 9.063078e-01 0.000000e+00
    outer loop
      vertex   8.431288e+01 -1.160924e+02 1.351667e+01
      vertex   8.431288e+01 -1.160924e+02 1.018333e+01
      vertex   8.413121e+01 -1.161771e+02 1.351667e+01
    endloop
  endfacet
  facet normal -4.226183e-01 9.063078e-01 0.000000e+00
    outer loop
      vertex   8.413121e+01 -1.161771e+02 1.351667e+01
      vertex   8.431288e+01 -1.160924e+02 1.018333e+01
      vertex   8.413121e+01 -1.161771e+02 1.018333e+01
    endloop
  endfacet
  facet normal -2.588190e-01 9.659258e-01 0.000000e+00
    outer loop
      vertex   8.413121e+01 -1.161771e+02 1.351667e+01
      vertex   8.413121e+01 -1.161771e+02 1.018333e+01
      vertex   8.393758e+01 -1.162290e+02 1.351667e+01
    endloop
  endfacet
  facet normal -2.588190e-01 9.659258e-01 0.000000e+00
    outer loop
      vertex   8.393758e+01 -1.162290e+02 1.351667e+01
      vertex   8.413121e+01 -1.161771e+02 1.018333e+01
      vertex   8.393758e+01 -1.162290e+02 1.018333e+01
    endloop
  endfacet
  facet normal -8.715574e-02 9.961947e-01 0.000000e+00
    outer loop
      vertex   8.393758e+01 -1.162290e+02 1.351667e+01
      vertex   8.393758e+01 -1.162290e+02 1.018333e+01
      vertex   8.373788e+01 -1.162465e+02 1.351667e+01
    endloop
  endfacet
  facet normal -8.715574e-02 9.961947e-01 0.000000e+00
    outer loop
      vertex   8.373788e+01 -1.162465e+02 1.351667e+01
      vertex   8.393758e+01 -1.162290e+02 1.018333e+01
      vertex   8.373788e+01 -1.162465e+02 1.018333e+01
    endloop
  endfacet
  facet normal 8.715574e-02 9.961947e-01 0.000000e+00
    outer loop
      vertex   8.373788e+01 -1.162465e+02 1.351667e+01
      vertex   8.373788e+01 -1.162465e+02 1.018333e+01
      vertex   8.353819e+01 -1.162290e+02 1.351667e+01
    endloop
  endfacet
  facet normal 8.715574e-02 9.961947e-01 0.000000e+00
    outer loop
      vertex   8.353819e+01 -1.162290e+02 1.351667e+01
      vertex   8.373788e+01 -1.162465e+02 1.018333e+01
      vertex   8.353819e+01 -1.162290e+02 1.018333e+01
    endloop
  endfacet
  facet normal 2.588190e-01 9.659258e-01 0.000000e+00
    outer loop
      vertex   8.353819e+01 -1.162290e+02 1.351667e+01
      vertex   8.353819e+01 -1.162290e+02 1.018333e+01
      vertex   8.334456e+01 -1.161771e+02 1.351667e+01
    endloop
  endfacet
  facet normal 2.588190e-01 9.659258e-01 0.000000e+00
    outer loop
      vertex   8.334456e+01 -1.161771e+02 1.351667e+01
      vertex   8.353819e+01 -1.162290e+02 1.018333e+01
      vertex   8.334456e+01 -1.161771e+02 1.018333e+01
    endloop
  endfacet
  facet normal 4.226183e-01 9.063078e-01 0.000000e+00
    outer loop
      vertex   8.334456e+01 -1.161771e+02 1.351667e+01
      vertex   8.334456e+01 -1.161771e+02 1.018333e+01
      vertex   8.316288e+01 -1.160924e+02 1.351667e+01
    endloop
  endfacet
  facet normal 4.226183e-01 9.063078e-01 0.000000e+00
    outer loop
      vertex   8.316288e+01 -1.160924e+02 1.351667e+01
      vertex   8.334456e+01 -1.161771e+02 1.018333e+01
      vertex   8.316288e+01 -1.160924e+02 1.018333e+01
    endloop
  endfacet
  facet normal 5.735764e-01 8.191520e-01 0.000000e+00
    outer loop
      vertex   8.316288e+01 -1.160924e+02 1.351667e+01
      vertex   8.316288e+01 -1.160924e+02 1.018333e+01
      vertex   8.299868e+01 -1.159774e+02 1.351667e+01
    endloop
  endfacet
  facet normal 5.735764e-01 8.191520e-01 0.000000e+00
    outer loop
      vertex   8.299868e+01 -1.159774e+02 1.351667e+01
      vertex   8.316288e+01 -1.160924e+02 1.018333e+01
      vertex   8.299868e+01 -1.159774e+02 1.018333e+01
    endloop
  endfacet
  facet normal 7.071068e-01 7.071068e-01 0.000000e+00
    outer loop
      vertex   8.299868e+01 -1.159774e+02 1.351667e+01
      vertex   8.299868e+01 -1.159774e+02 1.018333e+01
      vertex   8.285693e+01 -1.158357e+02 1.351667e+01
    endloop
  endfacet
  facet normal 7.071068e-01 7.071068e-01 0.000000e+00
    outer loop
      vertex   8.285693e+01 -1.158357e+02 1.351667e+01
      vertex   8.299868e+01 -1.159774e+02 1.018333e+01
      vertex   8.285693e+01 -1.158357e+02 1.018333e+01
    endloop
  endfacet
  facet normal 8.191520e-01 5.735764e-01 0.000000e+00
    outer loop
      vertex   8.285693e+01 -1.158357e+02 1.351667e+01
      vertex   8.285693e+01 -1.158357e+02 1.018333e+01
      vertex   8.274195e+01 -1.156715e+02 1.351667e+01
    endloop
  endfacet
  facet normal 8.191520e-01 5.735764e-01 0.000000e+00
    outer loop
      vertex   8.274195e+01 -1.156715e+02 1.351667e+01
      vertex   8.285693e+01 -1.158357e+02 1.018333e+01
      vertex   8.274195e+01 -1.156715e+02 1.018333e+01
    endloop
  endfacet
  facet normal 9.063078e-01 4.226183e-01 0.000000e+00
    outer loop
      vertex   8.274195e+01 -1.156715e+02 1.351667e+01
      vertex   8.274195e+01 -1.156715e+02 1.018333e+01
      vertex   8.265724e+01 -1.154898e+02 1.351667e+01
    endloop
  endfacet
  facet normal 9.063078e-01 4.226183e-01 0.000000e+00
    outer loop
      vertex   8.265724e+01 -1.154898e+02 1.351667e+01
      vertex   8.274195e+01 -1.156715e+02 1.018333e+01
      vertex   8.265724e+01 -1.154898e+02 1.018333e+01
    endloop
  endfacet
  facet normal 9.659258e-01 2.588190e-01 0.000000e+00
    outer loop
      vertex   8.265724e+01 -1.154898e+02 1.351667e+01
      vertex   8.265724e+01 -1.154898e+02 1.018333e+01
      vertex   8.260535e+01 -1.152962e+02 1.351667e+01
    endloop
  endfacet
  facet normal 9.659258e-01 2.588190e-01 0.000000e+00
    outer loop
      vertex   8.260535e+01 -1.152962e+02 1.351667e+01
      vertex   8.265724e+01 -1.154898e+02 1.018333e+01
      vertex   8.260535e+01 -1.152962e+02 1.018333e+01
    endloop
  endfacet
  facet normal 9.961947e-01 8.715574e-02 0.000000e+00
    outer loop
      vertex   8.260535e+01 -1.152962e+02 1.351667e+01
      vertex   8.260535e+01 -1.152962e+02 1.018333e+01
      vertex   8.258788e+01 -1.150965e+02 1.351667e+01
    endloop
  endfacet
  facet normal 9.961947e-01 8.715574e-02 0.000000e+00
    outer loop
      vertex   8.258788e+01 -1.150965e+02 1.351667e+01
      vertex   8.260535e+01 -1.152962e+02 1.018333e+01
      vertex   8.258788e+01 -1.150965e+02 1.018333e+01
    endloop
  endfacet
  facet normal 9.961947e-01 -8.715574e-02 0.000000e+00
    outer loop
      vertex   8.258788e+01 -1.150965e+02 1.351667e+01
      vertex   8.258788e+01 -1.150965e+02 1.018333e+01
      vertex   8.260535e+01 -1.148968e+02 1.351667e+01
    endloop
  endfacet
  facet normal 9.961947e-01 -8.715574e-02 0.000000e+00
    outer loop
      vertex   8.260535e+01 -1.148968e+02 1.351667e+01
      vertex   8.258788e+01 -1.150965e+02 1.018333e+01
      vertex   8.260535e+01 -1.148968e+02 1.018333e+01
    endloop
  endfacet
  facet normal 9.659258e-01 -2.588190e-01 0.000000e+00
    outer loop
      vertex   8.260535e+01 -1.148968e+02 1.351667e+01
      vertex   8.260535e+01 -1.148968e+02 1.018333e+01
      vertex   8.265724e+01 -1.147032e+02 1.351667e+01
    endloop
  endfacet
  facet normal 9.659258e-01 -2.588190e-01 0.000000e+00
    outer loop
      vertex   8.265724e+01 -1.147032e+02 1.351667e+01
      vertex   8.260535e+01 -1.148968e+02 1.018333e+01
      vertex   8.265724e+01 -1.147032e+02 1.018333e+01
    endloop
  endfacet
  facet normal 9.063078e-01 -4.226183e-01 0.000000e+00
    outer loop
      vertex   8.265724e+01 -1.147032e+02 1.351667e+01
      vertex   8.265724e+01 -1.147032e+02 1.018333e+01
      vertex   8.274195e+01 -1.145215e+02 1.351667e+01
    endloop
  endfacet
  facet normal 9.063078e-01 -4.226183e-01 0.000000e+00
    outer loop
      vertex   8.274195e+01 -1.145215e+02 1.351667e+01
      vertex   8.265724e+01 -1.147032e+02 1.018333e+01
      vertex   8.274195e+01 -1.145215e+02 1.018333e+01
    endloop
  endfacet
  facet normal 8.191520e-01 -5.735764e-01 0.000000e+00
    outer loop
      vertex   8.274195e+01 -1.145215e+02 1.351667e+01
      vertex   8.274195e+01 -1.145215e+02 1.018333e+01
      vertex   8.285693e+01 -1.143573e+02 1.351667e+01
    endloop
  endfacet
  facet normal 8.191520e-01 -5.735764e-01 0.000000e+00
    outer loop
      vertex   8.285693e+01 -1.143573e+02 1.351667e+01
      vertex   8.274195e+01 -1.145215e+02 1.018333e+01
      vertex   8.285693e+01 -1.143573e+02 1.018333e+01
    endloop
  endfacet
  facet normal 7.071068e-01 -7.071068e-01 0.000000e+00
    outer loop
      vertex   8.285693e+01 -1.143573e+02 1.351667e+01
      vertex   8.285693e+01 -1.143573e+02 1.018333e+01
      vertex   8.299868e+01 -1.142155e+02 1.351667e+01
    endloop
  endfacet
  facet normal 7.071068e-01 -7.071068e-01 0.000000e+00
    outer loop
      vertex   8.299868e+01 -1.142155e+02 1.351667e+01
      vertex   8.285693e+01 -1.143573e+02 1.018333e+01
      vertex   8.299868e+01 -1.142155e+02 1.018333e+01
    endloop
  endfacet
  facet normal 5.735764e-01 -8.191520e-01 0.000000e+00
    outer loop
      vertex   8.299868e+01 -1.142155e+02 1.351667e+01
      vertex   8.299868e+01 -1.142155e+02 1.018333e+01
      vertex   8.316288e+01 -1.141006e+02 1.351667e+01
    endloop
  endfacet
  facet normal 5.735764e-01 -8.191520e-01 0.000000e+00
    outer loop
      vertex   8.316288e+01 -1.141006e+02 1.351667e+01
      vertex   8.299868e+01 -1.142155e+02 1.018333e+01
      vertex   8.316288e+01 -1.141006e+02 1.018333e+01
    endloop
  endfacet
  facet normal 4.226183e-01 -9.063078e-01 0.000000e+00
    outer loop
      vertex   8.316288e+01 -1.141006e+02 1.351667e+01
      vertex   8.316288e+01 -1.141006e+02 1.018333e+01
      vertex   8.334456e+01 -1.140158e+02 1.351667e+01
    endloop
  endfacet
  facet normal 4.226183e-01 -9.063078e-01 0.000000e+00
    outer loop
      vertex   8.334456e+01 -1.140158e+02 1.351667e+01
      vertex   8.316288e+01 -1.141006e+02 1.018333e+01
      vertex   8.334456e+01 -1.140158e+02 1.018333e+01
    endloop
  endfacet
  facet normal 2.588190e-01 -9.659258e-01 0.000000e+00
    outer loop
      vertex   8.334456e+01 -1.140158e+02 1.351667e+01
      vertex   8.334456e+01 -1.140158e+02 1.018333e+01
      vertex   8.353819e+01 -1.139640e+02 1.351667e+01
    endloop
  endfacet
  facet normal 2.588190e-01 -9.659258e-01 0.000000e+00
    outer loop
      vertex   8.353819e+01 -1.139640e+02 1.351667e+01
      vertex   8.334456e+01 -1.140158e+02 1.018333e+01
      vertex   8.353819e+01 -1.139640e+02 1.018333e+01
    endloop
  endfacet
  facet normal 8.715574e-02 -9.961947e-01 0.000000e+00
    outer loop
      vertex   8.353819e+01 -1.139640e+02 1.351667e+01
      vertex   8.353819e+01 -1.139640e+02 1.018333e+01
      vertex   8.373788e+01 -1.139465e+02 1.351667e+01
    endloop
  endfacet
  facet normal 8.715574e-02 -9.961947e-01 0.000000e+00
    outer loop
      vertex   8.373788e+01 -1.139465e+02 1.351667e+01
      vertex   8.353819e+01 -1.139640e+02 1.018333e+01
      vertex   8.373788e+01 -1.139465e+02 1.018333e+01
    endloop
  endfacet
  facet normal -8.715574e-02 -9.961947e-01 -0.000000e+00
    outer loop
      vertex   8.373788e+01 -1.139465e+02 1.351667e+01
      vertex   8.373788e+01 -1.139465e+02 1.018333e+01
      vertex   8.393758e+01 -1.139640e+02 1.351667e+01
    endloop
  endfacet
  facet normal -8.715574e-02 -9.961947e-01 -0.000000e+00
    outer loop
      vertex   8.393758e+01 -1.139640e+02 1.351667e+01
      vertex   8.373788e+01 -1.139465e+02 1.018333e+01
      vertex   8.393758e+01 -1.139640e+02 1.018333e+01
    endloop
  endfacet
  facet normal -2.588190e-01 -9.659258e-01 -0.000000e+00
    outer loop
      vertex   8.393758e+01 -1.139640e+02 1.351667e+01
      vertex   8.393758e+01 -1.139640e+02 1.018333e+01
      vertex   8.413121e+01 -1.140158e+02 1.351667e+01
    endloop
  endfacet
  facet normal -2.588190e-01 -9.659258e-01 -0.000000e+00
    outer loop
      vertex   8.413121e+01 -1.140158e+02 1.351667e+01
      vertex   8.393758e+01 -1.139640e+02 1.018333e+01
      vertex   8.413121e+01 -1.140158e+02 1.018333e+01
    endloop
  endfacet
  facet normal -4.226183e-01 -9.063078e-01 -0.000000e+00
    outer loop
      vertex   8.413121e+01 -1.140158e+02 1.351667e+01
      vertex   8.413121e+01 -1.140158e+02 1.018333e+01
      vertex   8.431288e+01 -1.141006e+02 1.351667e+01
    endloop
  endfacet
  facet normal -4.226183e-01 -9.063078e-01 -0.000000e+00
    outer loop
      vertex   8.431288e+01 -1.141006e+02 1.351667e+01
      vertex   8.413121e+01 -1.140158e+02 1.018333e+01
      vertex   8.431288e+01 -1.141006e+02 1.018333e+01
    endloop
  endfacet
  facet normal -5.735764e-01 -8.191520e-01 -0.000000e+00
    outer loop
      vertex   8.431288e+01 -1.141006e+02 1.351667e+01
      vertex   8.431288e+01 -1.141006e+02 1.018333e+01
      vertex   8.447709e+01 -1.142155e+02 1.351667e+01
    endloop
  endfacet
  facet normal -5.735764e-01 -8.191520e-01 -0.000000e+00
    outer loop
      vertex   8.447709e+01 -1.142155e+02 1.351667e+01
      vertex   8.431288e+01 -1.141006e+02 1.018333e+01
      vertex   8.447709e+01 -1.142155e+02 1.018333e+01
    endloop
  endfacet
  facet normal -7.071068e-01 -7.071068e-01 -0.000000e+00
    outer loop
      vertex   8.447709e+01 -1.142155e+02 1.351667e+01
      vertex   8.447709e+01 -1.142155e+02 1.018333e+01
      vertex   8.461883e+01 -1.143573e+02 1.351667e+01
    endloop
  endfacet
  facet normal -7.071068e-01 -7.071068e-01 -0.000000e+00
    outer loop
      vertex   8.461883e+01 -1.143573e+02 1.351667e+01
      vertex   8.447709e+01 -1.142155e+02 1.018333e+01
      vertex   8.461883e+01 -1.143573e+02 1.018333e+01
    endloop
  endfacet
  facet normal -8.191520e-01 -5.735764e-01 -0.000000e+00
    outer loop
      vertex   8.461883e+01 -1.143573e+02 1.351667e+01
      vertex   8.461883e+01 -1.143573e+02 1.018333e+01
      vertex   8.473381e+01 -1.145215e+02 1.351667e+01
    endloop
  endfacet
  facet normal -8.191520e-01 -5.735764e-01 -0.000000e+00
    outer loop
      vertex   8.473381e+01 -1.145215e+02 1.351667e+01
      vertex   8.461883e+01 -1.143573e+02 1.018333e+01
      vertex   8.473381e+01 -1.145215e+02 1.018333e+01
    endloop
  endfacet
  facet normal -9.063078e-01 -4.226183e-01 -0.000000e+00
    outer loop
      vertex   8.473381e+01 -1.145215e+02 1.351667e+01
      vertex   8.473381e+01 -1.145215e+02 1.018333e+01
      vertex   8.481853e+01 -1.147032e+02 1.351667e+01
    endloop
  endfacet
  facet normal -9.063078e-01 -4.226183e-01 -0.000000e+00
    outer loop
      vertex   8.481853e+01 -1.147032e+02 1.351667e+01
      vertex   8.473381e+01 -1.145215e+02 1.018333e+01
      vertex   8.481853e+01 -1.147032e+02 1.018333e+01
    endloop
  endfacet
  facet normal -9.659258e-01 -2.588190e-01 -0.000000e+00
    outer loop
      vertex   8.481853e+01 -1.147032e+02 1.351667e+01
      vertex   8.481853e+01 -1.147032e+02 1.018333e+01
      vertex   8.487041e+01 -1.148968e+02 1.351667e+01
    endloop
  endfacet
  facet normal -9.659258e-01 -2.588190e-01 -0.000000e+00
    outer loop
      vertex   8.487041e+01 -1.148968e+02 1.351667e+01
      vertex   8.481853e+01 -1.147032e+02 1.018333e+01
      vertex   8.487041e+01 -1.148968e+02 1.018333e+01
    endloop
  endfacet
  facet normal -9.961947e-01 -8.715574e-02 -0.000000e+00
    outer loop
      vertex   8.487041e+01 -1.148968e+02 1.351667e+01
      vertex   8.487041e+01 -1.148968e+02 1.018333e+01
      vertex   8.488788e+01 -1.150965e+02 1.351667e+01
    endloop
  endfacet
  facet normal -9.961947e-01 -8.715574e-02 -0.000000e+00
    outer loop
      vertex   8.488788e+01 -1.150965e+02 1.351667e+01
      vertex   8.487041e+01 -1.148968e+02 1.018333e+01
      vertex   8.488788e+01 -1.150965e+02 1.018333e+01
    endloop
  endfacet
  facet normal 0.000000e+00 0.000000e+00 -1.000000e+00
    outer loop
      vertex   8.487041e+01 -1.152962e+02 1.685000e+01
      vertex   8.260535e+01 -1.152962e+02 1.685000e+01
      vertex   8.488788e+01 -1.150965e+02 1.685000e+01
    endloop
  endfacet
  facet normal -0.000000e+00 0.000000e+00 -1.000000e+00
    outer loop
      vertex   8.488788e+01 -1.150965e+02 1.685000e+01
      vertex   8.260535e+01 -1.152962e+02 1.685000e+01
      vertex   8.258788e+01 -1.150965e+02 1.685000e+01
    endloop
  endfacet
  facet normal 0.000000e+00 0.000000e+00 -1.000000e+00
    outer loop
      vertex   8.488788e+01 -1.150965e+02 1.685000e+01
      vertex   8.258788e+01 -1.150965e+02 1.685000e+01
      vertex   8.487041e+01 -1.148968e+02 1.685000e+01
    endloop
  endfacet
  facet normal -0.000000e+00 0.000000e+00 -1.000000e+00
    outer loop
      vertex   8.487041e+01 -1.148968e+02 1.685000e+01
      vertex   8.258788e+01 -1.150965e+02 1.685000e+01
      vertex   8.260535e+01 -1.148968e+02 1.685000e+01
    endloop
  endfacet
  facet normal 0.000000e+00 0.000000e+00 -1.000000e+00
    outer loop
      vertex   8.487041e+01 -1.148968e+02 1.685000e+01
      vertex   8.260535e+01 -1.148968e+02 1.685000e+01
      vertex   8.481853e+01 -1.147032e+02 1.685000e+01
    endloop
  endfacet
  facet normal -0.000000e+00 0.000000e+00 -1.000000e+00
    outer loop
      vertex   8.481853e+01 -1.147032e+02 1.685000e+01
      vertex   8.260535e+01 -1.148968e+02 1.685000e+01
      vertex   8.265724e+01 -1.147032e+02 1.685000e+01
    endloop
  endfacet
  facet normal 0.000000e+00 0.000000e+00 -1.000000e+00
    outer loop
      vertex   8.481853e+01 -1.147032e+02 1.685000e+01
      vertex   8.265724e+01 -1.147032e+02 1.685000e+01
      vertex   8.473381e+01 -1.145215e+02 1.685000e+01
    endloop
  endfacet
  facet normal -0.000000e+00 0.000000e+00 -1.000000e+00
    outer loop
      vertex   8.473381e+01 -1.145215e+02 1.685000e+01
      vertex   8.265724e+01 -1.147032e+02 1.685000e+01
      vertex   8.274195e+01 -1.145215e+02 1.685000e+01
    endloop
  endfacet
  facet normal 0.000000e+00 0.000000e+00 -1.000000e+00
    outer loop
      vertex   8.473381e+01 -1.145215e+02 1.685000e+01
      vertex   8.274195e+01 -1.145215e+02 1.685000e+01
      vertex   8.461883e+01 -1.143573e+02 1.685000e+01
    endloop
  endfacet
  facet normal -0.000000e+00 0.000000e+00 -1.000000e+00
    outer loop
      vertex   8.461883e+01 -1.143573e+02 1.685000e+01
      vertex   8.274195e+01 -1.145215e+02 1.685000e+01
      vertex   8.285693e+01 -1.143573e+02 1.685000e+01
    endloop
  endfacet
  facet normal 0.000000e+00 0.000000e+00 -1.000000e+00
    outer loop
      vertex   8.461883e+01 -1.143573e+02 1.685000e+01
      vertex   8.285693e+01 -1.143573e+02 1.685000e+01
      vertex   8.447709e+01 -1.142155e+02 1.685000e+01
    endloop
  endfacet
  facet normal -0.000000e+00 0.000000e+00 -1.000000e+00
    outer loop
      vertex   8.447709e+01 -1.142155e+02 1.685000e+01
      vertex   8.285693e+01 -1.143573e+02 1.685000e+01
      vertex   8.299868e+01 -1.142155e+02 1.685000e+01
    endloop
  endfacet
  facet normal 0.000000e+00 0.000000e+00 -1.000000e+00
    outer loop
      vertex   8.447709e+01 -1.142155e+02 1.685000e+01
      vertex   8.299868e+01 -1.142155e+02 1.685000e+01
      vertex   8.431288e+01 -1.141006e+02 1.685000e+01
    endloop
  endfacet
  facet normal -0.000000e+00 0.000000e+00 -1.000000e+00
    outer loop
      vertex   8.431288e+01 -1.141006e+02 1.685000e+01
      vertex   8.299868e+01 -1.142155e+02 1.685000e+01
      vertex   8.316288e+01 -1.141006e+02 1.685000e+01
    endloop
  endfacet
  facet normal 0.000000e+00 0.000000e+00 -1.000000e+00
    outer loop
      vertex   8.431288e+01 -1.141006e+02 1.685000e+01
      vertex   8.316288e+01 -1.141006e+02 1.685000e+01
      vertex   8.413121e+01 -1.140158e+02 1.685000e+01
    endloop
  endfacet
  facet normal -0.000000e+00 0.000000e+00 -1.000000e+00
    outer loop
      vertex   8.413121e+01 -1.140158e+02 1.685000e+01
      vertex   8.316288e+01 -1.141006e+02 1.685000e+01
      vertex   8.334456e+01 -1.140158e+02 1.685000e+01
    endloop
  endfacet
  facet normal 0.000000e+00 0.000000e+00 -1.000000e+00
    outer loop
      vertex   8.413121e+01 -1.140158e+02 1.685000e+01
      vertex   8.334456e+01 -1.140158e+02 1.685000e+01
      vertex   8.393758e+01 -1.139640e+02 1.685000e+01
    endloop
  endfacet
  facet normal -0.000000e+00 0.000000e+00 -1.000000e+00
    outer loop
      vertex   8.393758e+01 -1.139640e+02 1.685000e+01
      vertex   8.334456e+01 -1.140158e+02 1.685000e+01
      vertex   8.353819e+01 -1.139640e+02 1.685000e+01
    endloop
  endfacet
  facet normal 0.000000e+00 0.000000e+00 -1.000000e+00
    outer loop
      vertex   8.393758e+01 -1.139640e+02 1.685000e+01
      vertex   8.353819e+01 -1.139640e+02 1.685000e+01
      vertex   8.373788e+01 -1.139465e+02 1.685000e+01
    endloop
  endfacet
  facet normal 0.000000e+00 0.000000e+00 -1.000000e+00
    outer loop
      vertex   8.260535e+01 -1.152962e+02 1.685000e+01
      vertex   8.487041e+01 -1.152962e+02 1.685000e+01
      vertex   8.265724e+01 -1.154898e+02 1.685000e+01
    endloop
  endfacet
  facet normal 0.000000e+00 0.000000e+00 -1.000000e+00
    outer loop
      vertex   8.265724e+01 -1.154898e+02 1.685000e+01
      vertex   8.487041e+01 -1.152962e+02 1.685000e+01
      vertex   8.481853e+01 -1.154898e+02 1.685000e+01
    endloop
  endfacet
  facet normal 0.000000e+00 0.000000e+00 -1.000000e+00
    outer loop
      vertex   8.265724e+01 -1.154898e+02 1.685000e+01
      vertex   8.481853e+01 -1.154898e+02 1.685000e+01
      vertex   8.274195e+01 -1.156715e+02 1.685000e+01
    endloop
  endfacet
  facet normal 0.000000e+00 0.000000e+00 -1.000000e+00
    outer loop
      vertex   8.274195e+01 -1.156715e+02 1.685000e+01
      vertex   8.481853e+01 -1.154898e+02 1.685000e+01
      vertex   8.473381e+01 -1.156715e+02 1.685000e+01
    endloop
  endfacet
  facet normal 0.000000e+00 0.000000e+00 -1.000000e+00
    outer loop
      vertex   8.274195e+01 -1.156715e+02 1.685000e+01
      vertex   8.473381e+01 -1.156715e+02 1.685000e+01
      vertex   8.285693e+01 -1.158357e+02 1.685000e+01
    endloop
  endfacet
  facet normal 0.000000e+00 0.000000e+00 -1.000000e+00
    outer loop
      vertex   8.285693e+01 -1.158357e+02 1.685000e+01
      vertex   8.473381e+01 -1.156715e+02 1.685000e+01
      vertex   8.461883e+01 -1.158357e+02 1.685000e+01
    endloop
  endfacet
  facet normal 0.000000e+00 0.000000e+00 -1.000000e+00
    outer loop
      vertex   8.285693e+01 -1.158357e+02 1.685000e+01
      vertex   8.461883e+01 -1.158357e+02 1.685000e+01
      vertex   8.299868e+01 -1.159774e+02 1.685000e+01
    endloop
  endfacet
  facet normal 0.000000e+00 0.000000e+00 -1.000000e+00
    outer loop
      vertex   8.299868e+01 -1.159774e+02 1.685000e+01
      vertex   8.461883e+01 -1.158357e+02 1.685000e+01
      vertex   8.447709e+01 -1.159774e+02 1.685000e+01
    endloop
  endfacet
  facet normal 0.000000e+00 0.000000e+00 -1.000000e+00
    outer loop
      vertex   8.299868e+01 -1.159774e+02 1.685000e+01
      vertex   8.447709e+01 -1.159774e+02 1.685000e+01
      vertex   8.316288e+01 -1.160924e+02 1.685000e+01
    endloop
  endfacet
  facet normal 0.000000e+00 0.000000e+00 -1.000000e+00
    outer loop
      vertex   8.316288e+01 -1.160924e+02 1.685000e+01
      vertex   8.447709e+01 -1.159774e+02 1.685000e+01
      vertex   8.431288e+01 -1.160924e+02 1.685000e+01
    endloop
  endfacet
  facet normal 0.000000e+00 0.000000e+00 -1.000000e+00
    outer loop
      vertex   8.316288e+01 -1.160924e+02 1.685000e+01
      vertex   8.431288e+01 -1.160924e+02 1.685000e+01
      vertex   8.334456e+01 -1.161771e+02 1.685000e+01
    endloop
  endfacet
  facet normal 0.000000e+00 0.000000e+00 -1.000000e+00
    outer loop
      vertex   8.334456e+01 -1.161771e+02 1.685000e+01
      vertex   8.431288e+01 -1.160924e+02 1.685000e+01
      vertex   8.413121e+01 -1.161771e+02 1.685000e+01
    endloop
  endfacet
  facet normal 0.000000e+00 0.000000e+00 -1.000000e+00
    outer loop
      vertex   8.334456e+01 -1.161771e+02 1.685000e+01
      vertex   8.413121e+01 -1.161771e+02 1.685000e+01
      vertex   8.353819e+01 -1.162290e+02 1.685000e+01
    endloop
  endfacet
  facet normal 0.000000e+00 0.000000e+00 -1.000000e+00
    outer loop
      vertex   8.353819e+01 -1.162290e+02 1.685000e+01
      vertex   8.413121e+01 -1.161771e+02 1.685000e+01
      vertex   8.393758e+01 -1.162290e+02 1.685000e+01
    endloop
  endfacet
  facet normal 0.000000e+00 0.000000e+00 -1.000000e+00
    outer loop
      vertex   8.353819e+01 -1.162290e+02 1.685000e+01
      vertex   8.393758e+01 -1.162290e+02 1.685000e+01
      vertex   8.373788e+01 -1.162465e+02 1.685000e+01
    endloop
  endfacet
  facet normal -9.961947e-01 -8.715574e-02 -0.000000e+00
    outer loop
      vertex   1.415864e+02 -2.427530e+01 1.685000e+01
      vertex   1.415864e+02 -2.427530e+01 1.351667e+01
      vertex   1.416039e+02 -2.447500e+01 1.685000e+01
    endloop
  endfacet
  facet normal -9.961947e-01 -8.715574e-02 -0.000000e+00
    outer loop
      vertex   1.416039e+02 -2.447500e+01 1.685000e+01
      vertex   1.415864e+02 -2.427530e+01 1.351667e+01
      vertex   1.416039e+02 -2.447500e+01 1.351667e+01
    endloop
  endfacet
  facet normal -9.961947e-01 8.715574e-02 0.000000e+00
    outer loop
      vertex   1.416039e+02 -2.447500e+01 1.685000e+01
      vertex   1.416039e+02 -2.447500e+01 1.351667e+01
      vertex   1.415864e+02 -2.467470e+01 1.685000e+01
    endloop
  endfacet
  facet normal -9.961947e-01 8.715574e-02 0.000000e+00
    outer loop
      vertex   1.415864e+02 -2.467470e+01 1.685000e+01
      vertex   1.416039e+02 -2.447500e+01 1.351667e+01
      vertex   1.415864e+02 -2.467470e+01 1.351667e+01
    endloop
  endfacet
  facet normal -9.659258e-01 2.588190e-01 0.000000e+00
    outer loop
      vertex   1.415864e+02 -2.467470e+01 1.685000e+01
      vertex   1.415864e+02 -2.467470e+01 1.351667e+01
      vertex   1.415345e+02 -2.486832e+01 1.685000e+01
    endloop
  endfacet
  facet normal -9.659258e-01 2.588190e-01 0.000000e+00
    outer loop
      vertex   1.415345e+02 -2.486832e+01 1.685000e+01
      vertex   1.415864e+02 -2.467470e+01 1.351667e+01
      vertex   1.415345e+02 -2.486832e+01 1.351667e+01
    endloop
  endfacet
  facet normal -9.063078e-01 4.226183e-01 0.000000e+00
    outer loop
      vertex   1.415345e+02 -2.486832e+01 1.685000e+01
      vertex   1.415345e+02 -2.486832e+01 1.351667e+01
      vertex   1.414498e+02 -2.505000e+01 1.685000e+01
    endloop
  endfacet
  facet normal -9.063078e-01 4.226183e-01 4.504325e-16
    outer loop
      vertex   1.414498e+02 -2.505000e+01 1.685000e+01
      vertex   1.415345e+02 -2.486832e+01 1.351667e+01
      vertex   1.414498e+02 -2.505000e+01 1.351667e+01
    endloop
  endfacet
  facet normal -8.191520e-01 5.735764e-01 6.113259e-16
    outer loop
      vertex   1.414498e+02 -2.505000e+01 1.685000e+01
      vertex   1.414498e+02 -2.505000e+01 1.351667e+01
      vertex   1.413348e+02 -2.521421e+01 1.685000e+01
    endloop
  endfacet
  facet normal -8.191520e-01 5.735764e-01 0.000000e+00
    outer loop
      vertex   1.413348e+02 -2.521421e+01 1.685000e+01
      vertex   1.414498e+02 -2.505000e+01 1.351667e+01
      vertex   1.413348e+02 -2.521421e+01 1.351667e+01
    endloop
  endfacet
  facet normal -7.071068e-01 7.071068e-01 0.000000e+00
    outer loop
      vertex   1.413348e+02 -2.521421e+01 1.685000e+01
      vertex   1.413348e+02 -2.521421e+01 1.351667e+01
      vertex   1.411931e+02 -2.535595e+01 1.685000e+01
    endloop
  endfacet
  facet normal -7.071068e-01 7.071068e-01 7.536444e-16
    outer loop
      vertex   1.411931e+02 -2.535595e+01 1.685000e+01
      vertex   1.413348e+02 -2.521421e+01 1.351667e+01
      vertex   1.411931e+02 -2.535595e+01 1.351667e+01
    endloop
  endfacet
  facet normal -5.735764e-01 8.191520e-01 8.730638e-16
    outer loop
      vertex   1.411931e+02 -2.535595e+01 1.685000e+01
      vertex   1.411931e+02 -2.535595e+01 1.351667e+01
      vertex   1.410289e+02 -2.547093e+01 1.685000e+01
    endloop
  endfacet
  facet normal -5.735764e-01 8.191520e-01 0.000000e+00
    outer loop
      vertex   1.410289e+02 -2.547093e+01 1.685000e+01
      vertex   1.411931e+02 -2.535595e+01 1.351667e+01
      vertex   1.410289e+02 -2.547093e+01 1.351667e+01
    endloop
  endfacet
  facet normal -4.226183e-01 9.063078e-01 0.000000e+00
    outer loop
      vertex   1.410289e+02 -2.547093e+01 1.685000e+01
      vertex   1.410289e+02 -2.547093e+01 1.351667e+01
      vertex   1.408472e+02 -2.555565e+01 1.685000e+01
    endloop
  endfacet
  facet normal -4.226183e-01 9.063078e-01 0.000000e+00
    outer loop
      vertex   1.408472e+02 -2.555565e+01 1.685000e+01
      vertex   1.410289e+02 -2.547093e+01 1.351667e+01
      vertex   1.408472e+02 -2.555565e+01 1.351667e+01
    endloop
  endfacet
  facet normal -2.588190e-01 9.659258e-01 0.000000e+00
    outer loop
      vertex   1.408472e+02 -2.555565e+01 1.685000e+01
      vertex   1.408472e+02 -2.555565e+01 1.351667e+01
      vertex   1.406536e+02 -2.560753e+01 1.685000e+01
    endloop
  endfacet
  facet normal -2.588190e-01 9.659258e-01 0.000000e+00
    outer loop
      vertex   1.406536e+02 -2.560753e+01 1.685000e+01
      vertex   1.408472e+02 -2.555565e+01 1.351667e+01
      vertex   1.406536e+02 -2.560753e+01 1.351667e+01
    endloop
  endfacet
  facet normal -8.715574e-02 9.961947e-01 0.000000e+00
    outer loop
      vertex   1.406536e+02 -2.560753e+01 1.685000e+01
      vertex   1.406536e+02 -2.560753e+01 1.351667e+01
      vertex   1.404539e+02 -2.562500e+01 1.685000e+01
    endloop
  endfacet
  facet normal -8.715574e-02 9.961947e-01 0.000000e+00
    outer loop
      vertex   1.404539e+02 -2.562500e+01 1.685000e+01
      vertex   1.406536e+02 -2.560753e+01 1.351667e+01
      vertex   1.404539e+02 -2.562500e+01 1.351667e+01
    endloop
  endfacet
  facet normal 8.715574e-02 9.961947e-01 0.000000e+00
    outer loop
      vertex   1.404539e+02 -2.562500e+01 1.685000e+01
      vertex   1.404539e+02 -2.562500e+01 1.351667e+01
      vertex   1.402542e+02 -2.560753e+01 1.685000e+01
    endloop
  endfacet
  facet normal 8.715574e-02 9.961947e-01 0.000000e+00
    outer loop
      vertex   1.402542e+02 -2.560753e+01 1.685000e+01
      vertex   1.404539e+02 -2.562500e+01 1.351667e+01
      vertex   1.402542e+02 -2.560753e+01 1.351667e+01
    endloop
  endfacet
  facet normal 2.588190e-01 9.659258e-01 0.000000e+00
    outer loop
      vertex   1.402542e+02 -2.560753e+01 1.685000e+01
      vertex   1.402542e+02 -2.560753e+01 1.351667e+01
      vertex   1.400606e+02 -2.555565e+01 1.685000e+01
    endloop
  endfacet
  facet normal 2.588190e-01 9.659258e-01 0.000000e+00
    outer loop
      vertex   1.400606e+02 -2.555565e+01 1.685000e+01
      vertex   1.402542e+02 -2.560753e+01 1.351667e+01
      vertex   1.400606e+02 -2.555565e+01 1.351667e+01
    endloop
  endfacet
  facet normal 4.226183e-01 9.063078e-01 0.000000e+00
    outer loop
      vertex   1.400606e+02 -2.555565e+01 1.685000e+01
      vertex   1.400606e+02 -2.555565e+01 1.351667e+01
      vertex   1.398789e+02 -2.547093e+01 1.685000e+01
    endloop
  endfacet
  facet normal 4.226183e-01 9.063078e-01 -9.659556e-16
    outer loop
      vertex   1.398789e+02 -2.547093e+01 1.685000e+01
      vertex   1.400606e+02 -2.555565e+01 1.351667e+01
      vertex   1.398789e+02 -2.547093e+01 1.351667e+01
    endloop
  endfacet
  facet normal 5.735764e-01 8.191520e-01 -8.730638e-16
    outer loop
      vertex   1.398789e+02 -2.547093e+01 1.685000e+01
      vertex   1.398789e+02 -2.547093e+01 1.351667e+01
      vertex   1.397147e+02 -2.535595e+01 1.685000e+01
    endloop
  endfacet
  facet normal 5.735764e-01 8.191520e-01 8.730638e-16
    outer loop
      vertex   1.397147e+02 -2.535595e+01 1.685000e+01
      vertex   1.398789e+02 -2.547093e+01 1.351667e+01
      vertex   1.397147e+02 -2.535595e+01 1.351667e+01
    endloop
  endfacet
  facet normal 7.071068e-01 7.071068e-01 7.536444e-16
    outer loop
      vertex   1.397147e+02 -2.535595e+01 1.685000e+01
      vertex   1.397147e+02 -2.535595e+01 1.351667e+01
      vertex   1.395729e+02 -2.521421e+01 1.685000e+01
    endloop
  endfacet
  facet normal 7.071068e-01 7.071068e-01 0.000000e+00
    outer loop
      vertex   1.395729e+02 -2.521421e+01 1.685000e+01
      vertex   1.397147e+02 -2.535595e+01 1.351667e+01
      vertex   1.395729e+02 -2.521421e+01 1.351667e+01
    endloop
  endfacet
  facet normal 8.191520e-01 5.735764e-01 0.000000e+00
    outer loop
      vertex   1.395729e+02 -2.521421e+01 1.685000e+01
      vertex   1.395729e+02 -2.521421e+01 1.351667e+01
      vertex   1.394580e+02 -2.505000e+01 1.685000e+01
    endloop
  endfacet
  facet normal 8.191520e-01 5.735764e-01 6.113259e-16
    outer loop
      vertex   1.394580e+02 -2.505000e+01 1.685000e+01
      vertex   1.395729e+02 -2.521421e+01 1.351667e+01
      vertex   1.394580e+02 -2.505000e+01 1.351667e+01
    endloop
  endfacet
  facet normal 9.063078e-01 4.226183e-01 4.504325e-16
    outer loop
      vertex   1.394580e+02 -2.505000e+01 1.685000e+01
      vertex   1.394580e+02 -2.505000e+01 1.351667e+01
      vertex   1.393733e+02 -2.486832e+01 1.685000e+01
    endloop
  endfacet
  facet normal 9.063078e-01 4.226183e-01 0.000000e+00
    outer loop
      vertex   1.393733e+02 -2.486832e+01 1.685000e+01
      vertex   1.394580e+02 -2.505000e+01 1.351667e+01
      vertex   1.393733e+02 -2.486832e+01 1.351667e+01
    endloop
  endfacet
  facet normal 9.659258e-01 2.588190e-01 0.000000e+00
    outer loop
      vertex   1.393733e+02 -2.486832e+01 1.685000e+01
      vertex   1.393733e+02 -2.486832e+01 1.351667e+01
      vertex   1.393214e+02 -2.467470e+01 1.685000e+01
    endloop
  endfacet
  facet normal 9.659258e-01 2.588190e-01 0.000000e+00
    outer loop
      vertex   1.393214e+02 -2.467470e+01 1.685000e+01
      vertex   1.393733e+02 -2.486832e+01 1.351667e+01
      vertex   1.393214e+02 -2.467470e+01 1.351667e+01
    endloop
  endfacet
  facet normal 9.961947e-01 8.715574e-02 0.000000e+00
    outer loop
      vertex   1.393214e+02 -2.467470e+01 1.685000e+01
      vertex   1.393214e+02 -2.467470e+01 1.351667e+01
      vertex   1.393039e+02 -2.447500e+01 1.685000e+01
    endloop
  endfacet
  facet normal 9.961947e-01 8.715574e-02 0.000000e+00
    outer loop
      vertex   1.393039e+02 -2.447500e+01 1.685000e+01
      vertex   1.393214e+02 -2.467470e+01 1.351667e+01
      vertex   1.393039e+02 -2.447500e+01 1.351667e+01
    endloop
  endfacet
  facet normal 9.961947e-01 -8.715574e-02 0.000000e+00
    outer loop
      vertex   1.393039e+02 -2.447500e+01 1.685000e+01
      vertex   1.393039e+02 -2.447500e+01 1.351667e+01
      vertex   1.393214e+02 -2.427530e+01 1.685000e+01
    endloop
  endfacet
  facet normal 9.961947e-01 -8.715574e-02 0.000000e+00
    outer loop
      vertex   1.393214e+02 -2.427530e+01 1.685000e+01
      vertex   1.393039e+02 -2.447500e+01 1.351667e+01
      vertex   1.393214e+02 -2.427530e+01 1.351667e+01
    endloop
  endfacet
  facet normal 9.659258e-01 -2.588190e-01 0.000000e+00
    outer loop
      vertex   1.393214e+02 -2.427530e+01 1.685000e+01
      vertex   1.393214e+02 -2.427530e+01 1.351667e+01
      vertex   1.393733e+02 -2.408168e+01 1.685000e+01
    endloop
  endfacet
  facet normal 9.659258e-01 -2.588190e-01 0.000000e+00
    outer loop
      vertex   1.393733e+02 -2.408168e+01 1.685000e+01
      vertex   1.393214e+02 -2.427530e+01 1.351667e+01
      vertex   1.393733e+02 -2.408168e+01 1.351667e+01
    endloop
  endfacet
  facet normal 9.063078e-01 -4.226183e-01 0.000000e+00
    outer loop
      vertex   1.393733e+02 -2.408168e+01 1.685000e+01
      vertex   1.393733e+02 -2.408168e+01 1.351667e+01
      vertex   1.394580e+02 -2.390000e+01 1.685000e+01
    endloop
  endfacet
  facet normal 9.063078e-01 -4.226183e-01 4.504325e-16
    outer loop
      vertex   1.394580e+02 -2.390000e+01 1.685000e+01
      vertex   1.393733e+02 -2.408168e+01 1.351667e+01
      vertex   1.394580e+02 -2.390000e+01 1.351667e+01
    endloop
  endfacet
  facet normal 8.191520e-01 -5.735764e-01 6.113259e-16
    outer loop
      vertex   1.394580e+02 -2.390000e+01 1.685000e+01
      vertex   1.394580e+02 -2.390000e+01 1.351667e+01
      vertex   1.395729e+02 -2.373579e+01 1.685000e+01
    endloop
  endfacet
  facet normal 8.191520e-01 -5.735764e-01 0.000000e+00
    outer loop
      vertex   1.395729e+02 -2.373579e+01 1.685000e+01
      vertex   1.394580e+02 -2.390000e+01 1.351667e+01
      vertex   1.395729e+02 -2.373579e+01 1.351667e+01
    endloop
  endfacet
  facet normal 7.071068e-01 -7.071068e-01 0.000000e+00
    outer loop
      vertex   1.395729e+02 -2.373579e+01 1.685000e+01
      vertex   1.395729e+02 -2.373579e+01 1.351667e+01
      vertex   1.397147e+02 -2.359405e+01 1.685000e+01
    endloop
  endfacet
  facet normal 7.071068e-01 -7.071068e-01 7.536444e-16
    outer loop
      vertex   1.397147e+02 -2.359405e+01 1.685000e+01
      vertex   1.395729e+02 -2.373579e+01 1.351667e+01
      vertex   1.397147e+02 -2.359405e+01 1.351667e+01
    endloop
  endfacet
  facet normal 5.735764e-01 -8.191520e-01 8.730638e-16
    outer loop
      vertex   1.397147e+02 -2.359405e+01 1.685000e+01
      vertex   1.397147e+02 -2.359405e+01 1.351667e+01
      vertex   1.398789e+02 -2.347907e+01 1.685000e+01
    endloop
  endfacet
  facet normal 5.735764e-01 -8.191520e-01 0.000000e+00
    outer loop
      vertex   1.398789e+02 -2.347907e+01 1.685000e+01
      vertex   1.397147e+02 -2.359405e+01 1.351667e+01
      vertex   1.398789e+02 -2.347907e+01 1.351667e+01
    endloop
  endfacet
  facet normal 4.226183e-01 -9.063078e-01 0.000000e+00
    outer loop
      vertex   1.398789e+02 -2.347907e+01 1.685000e+01
      vertex   1.398789e+02 -2.347907e+01 1.351667e+01
      vertex   1.400606e+02 -2.339435e+01 1.685000e+01
    endloop
  endfacet
  facet normal 4.226183e-01 -9.063078e-01 0.000000e+00
    outer loop
      vertex   1.400606e+02 -2.339435e+01 1.685000e+01
      vertex   1.398789e+02 -2.347907e+01 1.351667e+01
      vertex   1.400606e+02 -2.339435e+01 1.351667e+01
    endloop
  endfacet
  facet normal 2.588190e-01 -9.659258e-01 0.000000e+00
    outer loop
      vertex   1.400606e+02 -2.339435e+01 1.685000e+01
      vertex   1.400606e+02 -2.339435e+01 1.351667e+01
      vertex   1.402542e+02 -2.334247e+01 1.685000e+01
    endloop
  endfacet
  facet normal 2.588190e-01 -9.659258e-01 0.000000e+00
    outer loop
      vertex   1.402542e+02 -2.334247e+01 1.685000e+01
      vertex   1.400606e+02 -2.339435e+01 1.351667e+01
      vertex   1.402542e+02 -2.334247e+01 1.351667e+01
    endloop
  endfacet
  facet normal 8.715574e-02 -9.961947e-01 0.000000e+00
    outer loop
      vertex   1.402542e+02 -2.334247e+01 1.685000e+01
      vertex   1.402542e+02 -2.334247e+01 1.351667e+01
      vertex   1.404539e+02 -2.332500e+01 1.685000e+01
    endloop
  endfacet
  facet normal 8.715574e-02 -9.961947e-01 0.000000e+00
    outer loop
      vertex   1.404539e+02 -2.332500e+01 1.685000e+01
      vertex   1.402542e+02 -2.334247e+01 1.351667e+01
      vertex   1.404539e+02 -2.332500e+01 1.351667e+01
    endloop
  endfacet
  facet normal -8.715574e-02 -9.961947e-01 -0.000000e+00
    outer loop
      vertex   1.404539e+02 -2.332500e+01 1.685000e+01
      vertex   1.404539e+02 -2.332500e+01 1.351667e+01
      vertex   1.406536e+02 -2.334247e+01 1.685000e+01
    endloop
  endfacet
  facet normal -8.715574e-02 -9.961947e-01 -0.000000e+00
    outer loop
      vertex   1.406536e+02 -2.334247e+01 1.685000e+01
      vertex   1.404539e+02 -2.332500e+01 1.351667e+01
      vertex   1.406536e+02 -2.334247e+01 1.351667e+01
    endloop
  endfacet
  facet normal -2.588190e-01 -9.659258e-01 -0.000000e+00
    outer loop
      vertex   1.406536e+02 -2.334247e+01 1.685000e+01
      vertex   1.406536e+02 -2.334247e+01 1.351667e+01
      vertex   1.408472e+02 -2.339435e+01 1.685000e+01
    endloop
  endfacet
  facet normal -2.588190e-01 -9.659258e-01 -0.000000e+00
    outer loop
      vertex   1.408472e+02 -2.339435e+01 1.685000e+01
      vertex   1.406536e+02 -2.334247e+01 1.351667e+01
      vertex   1.408472e+02 -2.339435e+01 1.351667e+01
    endloop
  endfacet
  facet normal -4.226183e-01 -9.063078e-01 -0.000000e+00
    outer loop
      vertex   1.408472e+02 -2.339435e+01 1.685000e+01
      vertex   1.408472e+02 -2.339435e+01 1.351667e+01
      vertex   1.410289e+02 -2.347907e+01 1.685000e+01
    endloop
  endfacet
  facet normal -4.226183e-01 -9.063078e-01 -0.000000e+00
    outer loop
      vertex   1.410289e+02 -2.347907e+01 1.685000e+01
      vertex   1.408472e+02 -2.339435e+01 1.351667e+01
      vertex   1.410289e+02 -2.347907e+01 1.351667e+01
    endloop
  endfacet
  facet normal -5.735764e-01 -8.191520e-01 -0.000000e+00
    outer loop
      vertex   1.410289e+02 -2.347907e+01 1.685000e+01
      vertex   1.410289e+02 -2.347907e+01 1.351667e+01
      vertex   1.411931e+02 -2.359405e+01 1.685000e+01
    endloop
  endfacet
  facet normal -5.735764e-01 -8.191520e-01 8.730638e-16
    outer loop
      vertex   1.411931e+02 -2.359405e+01 1.685000e+01
      vertex   1.410289e+02 -2.347907e+01 1.351667e+01
      vertex   1.411931e+02 -2.359405e+01 1.351667e+01
    endloop
  endfacet
  facet normal -7.071068e-01 -7.071068e-01 7.536444e-16
    outer loop
      vertex   1.411931e+02 -2.359405e+01 1.685000e+01
      vertex   1.411931e+02 -2.359405e+01 1.351667e+01
      vertex   1.413348e+02 -2.373579e+01 1.685000e+01
    endloop
  endfacet
  facet normal -7.071068e-01 -7.071068e-01 -0.000000e+00
    outer loop
      vertex   1.413348e+02 -2.373579e+01 1.685000e+01
      vertex   1.411931e+02 -2.359405e+01 1.351667e+01
      vertex   1.413348e+02 -2.373579e+01 1.351667e+01
    endloop
  endfacet
  facet normal -8.191520e-01 -5.735764e-01 -0.000000e+00
    outer loop
      vertex   1.413348e+02 -2.373579e+01 1.685000e+01
      vertex   1.413348e+02 -2.373579e+01 1.351667e+01
      vertex   1.414498e+02 -2.390000e+01 1.685000e+01
    endloop
  endfacet
  facet normal -8.191520e-01 -5.735764e-01 6.113259e-16
    outer loop
      vertex   1.414498e+02 -2.390000e+01 1.685000e+01
      vertex   1.413348e+02 -2.373579e+01 1.351667e+01
      vertex   1.414498e+02 -2.390000e+01 1.351667e+01
    endloop
  endfacet
  facet normal -9.063078e-01 -4.226183e-01 4.504325e-16
    outer loop
      vertex   1.414498e+02 -2.390000e+01 1.685000e+01
      vertex   1.414498e+02 -2.390000e+01 1.351667e+01
      vertex   1.415345e+02 -2.408168e+01 1.685000e+01
    endloop
  endfacet
  facet normal -9.063078e-01 -4.226183e-01 -0.000000e+00
    outer loop
      vertex   1.415345e+02 -2.408168e+01 1.685000e+01
      vertex   1.414498e+02 -2.390000e+01 1.351667e+01
      vertex   1.415345e+02 -2.408168e+01 1.351667e+01
    endloop
  endfacet
  facet normal -9.659258e-01 -2.588190e-01 -0.000000e+00
    outer loop
      vertex   1.415345e+02 -2.408168e+01 1.685000e+01
      vertex   1.415345e+02 -2.408168e+01 1.351667e+01
      vertex   1.415864e+02 -2.427530e+01 1.685000e+01
    endloop
  endfacet
  facet normal -9.659258e-01 -2.588190e-01 -0.000000e+00
    outer loop
      vertex   1.415864e+02 -2.427530e+01 1.685000e+01
      vertex   1.415345e+02 -2.408168e+01 1.351667e+01
      vertex   1.415864e+02 -2.427530e+01 1.351667e+01
    endloop
  endfacet
  facet normal -9.961947e-01 8.715574e-02 0.000000e+00
    outer loop
      vertex   1.415864e+02 -2.467470e+01 6.850000e+00
      vertex   1.415864e+02 -2.467470e+01 1.018333e+01
      vertex   1.416039e+02 -2.447500e+01 6.850000e+00
    endloop
  endfacet
  facet normal -9.961947e-01 8.715574e-02 0.000000e+00
    outer loop
      vertex   1.416039e+02 -2.447500e+01 6.850000e+00
      vertex   1.415864e+02 -2.467470e+01 1.018333e+01
      vertex   1.416039e+02 -2.447500e+01 1.018333e+01
    endloop
  endfacet
  facet normal -9.961947e-01 -8.715574e-02 0.000000e+00
    outer loop
      vertex   1.416039e+02 -2.447500e+01 6.850000e+00
      vertex   1.416039e+02 -2.447500e+01 1.018333e+01
      vertex   1.415864e+02 -2.427530e+01 6.850000e+00
    endloop
  endfacet
  facet normal -9.961947e-01 -8.715574e-02 0.000000e+00
    outer loop
      vertex   1.415864e+02 -2.427530e+01 6.850000e+00
      vertex   1.416039e+02 -2.447500e+01 1.018333e+01
      vertex   1.415864e+02 -2.427530e+01 1.018333e+01
    endloop
  endfacet
  facet normal -9.659258e-01 -2.588190e-01 0.000000e+00
    outer loop
      vertex   1.415864e+02 -2.427530e+01 6.850000e+00
      vertex   1.415864e+02 -2.427530e+01 1.018333e+01
      vertex   1.415345e+02 -2.408168e+01 6.850000e+00
    endloop
  endfacet
  facet normal -9.659258e-01 -2.588190e-01 0.000000e+00
    outer loop
      vertex   1.415345e+02 -2.408168e+01 6.850000e+00
      vertex   1.415864e+02 -2.427530e+01 1.018333e+01
      vertex   1.415345e+02 -2.408168e+01 1.018333e+01
    endloop
  endfacet
  facet normal -9.063078e-01 -4.226183e-01 0.000000e+00
    outer loop
      vertex   1.415345e+02 -2.408168e+01 6.850000e+00
      vertex   1.415345e+02 -2.408168e+01 1.018333e+01
      vertex   1.414498e+02 -2.390000e+01 6.850000e+00
    endloop
  endfacet
  facet normal -9.063078e-01 -4.226183e-01 -4.504325e-16
    outer loop
      vertex   1.414498e+02 -2.390000e+01 6.850000e+00
      vertex   1.415345e+02 -2.408168e+01 1.018333e+01
      vertex   1.414498e+02 -2.390000e+01 1.018333e+01
    endloop
  endfacet
  facet normal -8.191520e-01 -5.735764e-01 -6.113259e-16
    outer loop
      vertex   1.414498e+02 -2.390000e+01 6.850000e+00
      vertex   1.414498e+02 -2.390000e+01 1.018333e+01
      vertex   1.413348e+02 -2.373579e+01 6.850000e+00
    endloop
  endfacet
  facet normal -8.191520e-01 -5.735764e-01 0.000000e+00
    outer loop
      vertex   1.413348e+02 -2.373579e+01 6.850000e+00
      vertex   1.414498e+02 -2.390000e+01 1.018333e+01
      vertex   1.413348e+02 -2.373579e+01 1.018333e+01
    endloop
  endfacet
  facet normal -7.071068e-01 -7.071068e-01 0.000000e+00
    outer loop
      vertex   1.413348e+02 -2.373579e+01 6.850000e+00
      vertex   1.413348e+02 -2.373579e+01 1.018333e+01
      vertex   1.411931e+02 -2.359405e+01 6.850000e+00
    endloop
  endfacet
  facet normal -7.071068e-01 -7.071068e-01 -7.536444e-16
    outer loop
      vertex   1.411931e+02 -2.359405e+01 6.850000e+00
      vertex   1.413348e+02 -2.373579e+01 1.018333e+01
      vertex   1.411931e+02 -2.359405e+01 1.018333e+01
    endloop
  endfacet
  facet normal -5.735764e-01 -8.191520e-01 -8.730638e-16
    outer loop
      vertex   1.411931e+02 -2.359405e+01 6.850000e+00
      vertex   1.411931e+02 -2.359405e+01 1.018333e+01
      vertex   1.410289e+02 -2.347907e+01 6.850000e+00
    endloop
  endfacet
  facet normal -5.735764e-01 -8.191520e-01 0.000000e+00
    outer loop
      vertex   1.410289e+02 -2.347907e+01 6.850000e+00
      vertex   1.411931e+02 -2.359405e+01 1.018333e+01
      vertex   1.410289e+02 -2.347907e+01 1.018333e+01
    endloop
  endfacet
  facet normal -4.226183e-01 -9.063078e-01 0.000000e+00
    outer loop
      vertex   1.410289e+02 -2.347907e+01 6.850000e+00
      vertex   1.410289e+02 -2.347907e+01 1.018333e+01
      vertex   1.408472e+02 -2.339435e+01 6.850000e+00
    endloop
  endfacet
  facet normal -4.226183e-01 -9.063078e-01 0.000000e+00
    outer loop
      vertex   1.408472e+02 -2.339435e+01 6.850000e+00
      vertex   1.410289e+02 -2.347907e+01 1.018333e+01
      vertex   1.408472e+02 -2.339435e+01 1.018333e+01
    endloop
  endfacet
  facet normal -2.588190e-01 -9.659258e-01 0.000000e+00
    outer loop
      vertex   1.408472e+02 -2.339435e+01 6.850000e+00
      vertex   1.408472e+02 -2.339435e+01 1.018333e+01
      vertex   1.406536e+02 -2.334247e+01 6.850000e+00
    endloop
  endfacet
  facet normal -2.588190e-01 -9.659258e-01 0.000000e+00
    outer loop
      vertex   1.406536e+02 -2.334247e+01 6.850000e+00
      vertex   1.408472e+02 -2.339435e+01 1.018333e+01
      vertex   1.406536e+02 -2.334247e+01 1.018333e+01
    endloop
  endfacet
  facet normal -8.715574e-02 -9.961947e-01 0.000000e+00
    outer loop
      vertex   1.406536e+02 -2.334247e+01 6.850000e+00
      vertex   1.406536e+02 -2.334247e+01 1.018333e+01
      vertex   1.404539e+02 -2.332500e+01 6.850000e+00
    endloop
  endfacet
  facet normal -8.715574e-02 -9.961947e-01 0.000000e+00
    outer loop
      vertex   1.404539e+02 -2.332500e+01 6.850000e+00
      vertex   1.406536e+02 -2.334247e+01 1.018333e+01
      vertex   1.404539e+02 -2.332500e+01 1.018333e+01
    endloop
  endfacet
  facet normal 8.715574e-02 -9.961947e-01 0.000000e+00
    outer loop
      vertex   1.404539e+02 -2.332500e+01 6.850000e+00
      vertex   1.404539e+02 -2.332500e+01 1.018333e+01
      vertex   1.402542e+02 -2.334247e+01 6.850000e+00
    endloop
  endfacet
  facet normal 8.715574e-02 -9.961947e-01 0.000000e+00
    outer loop
      vertex   1.402542e+02 -2.334247e+01 6.850000e+00
      vertex   1.404539e+02 -2.332500e+01 1.018333e+01
      vertex   1.402542e+02 -2.334247e+01 1.018333e+01
    endloop
  endfacet
  facet normal 2.588190e-01 -9.659258e-01 0.000000e+00
    outer loop
      vertex   1.402542e+02 -2.334247e+01 6.850000e+00
      vertex   1.402542e+02 -2.334247e+01 1.018333e+01
      vertex   1.400606e+02 -2.339435e+01 6.850000e+00
    endloop
  endfacet
  facet normal 2.588190e-01 -9.659258e-01 0.000000e+00
    outer loop
      vertex   1.400606e+02 -2.339435e+01 6.850000e+00
      vertex   1.402542e+02 -2.334247e+01 1.018333e+01
      vertex   1.400606e+02 -2.339435e+01 1.018333e+01
    endloop
  endfacet
  facet normal 4.226183e-01 -9.063078e-01 0.000000e+00
    outer loop
      vertex   1.400606e+02 -2.339435e+01 6.850000e+00
      vertex   1.400606e+02 -2.339435e+01 1.018333e+01
      vertex   1.398789e+02 -2.347907e+01 6.850000e+00
    endloop
  endfacet
  facet normal 4.226183e-01 -9.063078e-01 0.000000e+00
    outer loop
      vertex   1.398789e+02 -2.347907e+01 6.850000e+00
      vertex   1.400606e+02 -2.339435e+01 1.018333e+01
      vertex   1.398789e+02 -2.347907e+01 1.018333e+01
    endloop
  endfacet
  facet normal 5.735764e-01 -8.191520e-01 0.000000e+00
    outer loop
      vertex   1.398789e+02 -2.347907e+01 6.850000e+00
      vertex   1.398789e+02 -2.347907e+01 1.018333e+01
      vertex   1.397147e+02 -2.359405e+01 6.850000e+00
    endloop
  endfacet
  facet normal 5.735764e-01 -8.191520e-01 -8.730638e-16
    outer loop
      vertex   1.397147e+02 -2.359405e+01 6.850000e+00
      vertex   1.398789e+02 -2.347907e+01 1.018333e+01
      vertex   1.397147e+02 -2.359405e+01 1.018333e+01
    endloop
  endfacet
  facet normal 7.071068e-01 -7.071068e-01 -7.536444e-16
    outer loop
      vertex   1.397147e+02 -2.359405e+01 6.850000e+00
      vertex   1.397147e+02 -2.359405e+01 1.018333e+01
      vertex   1.395729e+02 -2.373579e+01 6.850000e+00
    endloop
  endfacet
  facet normal 7.071068e-01 -7.071068e-01 0.000000e+00
    outer loop
      vertex   1.395729e+02 -2.373579e+01 6.850000e+00
      vertex   1.397147e+02 -2.359405e+01 1.018333e+01
      vertex   1.395729e+02 -2.373579e+01 1.018333e+01
    endloop
  endfacet
  facet normal 8.191520e-01 -5.735764e-01 0.000000e+00
    outer loop
      vertex   1.395729e+02 -2.373579e+01 6.850000e+00
      vertex   1.395729e+02 -2.373579e+01 1.018333e+01
      vertex   1.394580e+02 -2.390000e+01 6.850000e+00
    endloop
  endfacet
  facet normal 8.191520e-01 -5.735764e-01 -6.113259e-16
    outer loop
      vertex   1.394580e+02 -2.390000e+01 6.850000e+00
      vertex   1.395729e+02 -2.373579e+01 1.018333e+01
      vertex   1.394580e+02 -2.390000e+01 1.018333e+01
    endloop
  endfacet
  facet normal 9.063078e-01 -4.226183e-01 -4.504325e-16
    outer loop
      vertex   1.394580e+02 -2.390000e+01 6.850000e+00
      vertex   1.394580e+02 -2.390000e+01 1.018333e+01
      vertex   1.393733e+02 -2.408168e+01 6.850000e+00
    endloop
  endfacet
  facet normal 9.063078e-01 -4.226183e-01 0.000000e+00
    outer loop
      vertex   1.393733e+02 -2.408168e+01 6.850000e+00
      vertex   1.394580e+02 -2.390000e+01 1.018333e+01
      vertex   1.393733e+02 -2.408168e+01 1.018333e+01
    endloop
  endfacet
  facet normal 9.659258e-01 -2.588190e-01 0.000000e+00
    outer loop
      vertex   1.393733e+02 -2.408168e+01 6.850000e+00
      vertex   1.393733e+02 -2.408168e+01 1.018333e+01
      vertex   1.393214e+02 -2.427530e+01 6.850000e+00
    endloop
  endfacet
  facet normal 9.659258e-01 -2.588190e-01 0.000000e+00
    outer loop
      vertex   1.393214e+02 -2.427530e+01 6.850000e+00
      vertex   1.393733e+02 -2.408168e+01 1.018333e+01
      vertex   1.393214e+02 -2.427530e+01 1.018333e+01
    endloop
  endfacet
  facet normal 9.961947e-01 -8.715574e-02 0.000000e+00
    outer loop
      vertex   1.393214e+02 -2.427530e+01 6.850000e+00
      vertex   1.393214e+02 -2.427530e+01 1.018333e+01
      vertex   1.393039e+02 -2.447500e+01 6.850000e+00
    endloop
  endfacet
  facet normal 9.961947e-01 -8.715574e-02 0.000000e+00
    outer loop
      vertex   1.393039e+02 -2.447500e+01 6.850000e+00
      vertex   1.393214e+02 -2.427530e+01 1.018333e+01
      vertex   1.393039e+02 -2.447500e+01 1.018333e+01
    endloop
  endfacet
  facet normal 9.961947e-01 8.715574e-02 -0.000000e+00
    outer loop
      vertex   1.393039e+02 -2.447500e+01 6.850000e+00
      vertex   1.393039e+02 -2.447500e+01 1.018333e+01
      vertex   1.393214e+02 -2.467470e+01 6.850000e+00
    endloop
  endfacet
  facet normal 9.961947e-01 8.715574e-02 -0.000000e+00
    outer loop
      vertex   1.393214e+02 -2.467470e+01 6.850000e+00
      vertex   1.393039e+02 -2.447500e+01 1.018333e+01
      vertex   1.393214e+02 -2.467470e+01 1.018333e+01
    endloop
  endfacet
  facet normal 9.659258e-01 2.588190e-01 -0.000000e+00
    outer loop
      vertex   1.393214e+02 -2.467470e+01 6.850000e+00
      vertex   1.393214e+02 -2.467470e+01 1.018333e+01
      vertex   1.393733e+02 -2.486832e+01 6.850000e+00
    endloop
  endfacet
  facet normal 9.659258e-01 2.588190e-01 -0.000000e+00
    outer loop
      vertex   1.393733e+02 -2.486832e+01 6.850000e+00
      vertex   1.393214e+02 -2.467470e+01 1.018333e+01
      vertex   1.393733e+02 -2.486832e+01 1.018333e+01
    endloop
  endfacet
  facet normal 9.063078e-01 4.226183e-01 -0.000000e+00
    outer loop
      vertex   1.393733e+02 -2.486832e+01 6.850000e+00
      vertex   1.393733e+02 -2.486832e+01 1.018333e+01
      vertex   1.394580e+02 -2.505000e+01 6.850000e+00
    endloop
  endfacet
  facet normal 9.063078e-01 4.226183e-01 -4.504325e-16
    outer loop
      vertex   1.394580e+02 -2.505000e+01 6.850000e+00
      vertex   1.393733e+02 -2.486832e+01 1.018333e+01
      vertex   1.394580e+02 -2.505000e+01 1.018333e+01
    endloop
  endfacet
  facet normal 8.191520e-01 5.735764e-01 -6.113259e-16
    outer loop
      vertex   1.394580e+02 -2.505000e+01 6.850000e+00
      vertex   1.394580e+02 -2.505000e+01 1.018333e+01
      vertex   1.395729e+02 -2.521421e+01 6.850000e+00
    endloop
  endfacet
  facet normal 8.191520e-01 5.735764e-01 -0.000000e+00
    outer loop
      vertex   1.395729e+02 -2.521421e+01 6.850000e+00
      vertex   1.394580e+02 -2.505000e+01 1.018333e+01
      vertex   1.395729e+02 -2.521421e+01 1.018333e+01
    endloop
  endfacet
  facet normal 7.071068e-01 7.071068e-01 -0.000000e+00
    outer loop
      vertex   1.395729e+02 -2.521421e+01 6.850000e+00
      vertex   1.395729e+02 -2.521421e+01 1.018333e+01
      vertex   1.397147e+02 -2.535595e+01 6.850000e+00
    endloop
  endfacet
  facet normal 7.071068e-01 7.071068e-01 -7.536444e-16
    outer loop
      vertex   1.397147e+02 -2.535595e+01 6.850000e+00
      vertex   1.395729e+02 -2.521421e+01 1.018333e+01
      vertex   1.397147e+02 -2.535595e+01 1.018333e+01
    endloop
  endfacet
  facet normal 5.735764e-01 8.191520e-01 -8.730638e-16
    outer loop
      vertex   1.397147e+02 -2.535595e+01 6.850000e+00
      vertex   1.397147e+02 -2.535595e+01 1.018333e+01
      vertex   1.398789e+02 -2.547093e+01 6.850000e+00
    endloop
  endfacet
  facet normal 5.735764e-01 8.191520e-01 8.730638e-16
    outer loop
      vertex   1.398789e+02 -2.547093e+01 6.850000e+00
      vertex   1.397147e+02 -2.535595e+01 1.018333e+01
      vertex   1.398789e+02 -2.547093e+01 1.018333e+01
    endloop
  endfacet
  facet normal 4.226183e-01 9.063078e-01 9.659556e-16
    outer loop
      vertex   1.398789e+02 -2.547093e+01 6.850000e+00
      vertex   1.398789e+02 -2.547093e+01 1.018333e+01
      vertex   1.400606e+02 -2.555565e+01 6.850000e+00
    endloop
  endfacet
  facet normal 4.226183e-01 9.063078e-01 -0.000000e+00
    outer loop
      vertex   1.400606e+02 -2.555565e+01 6.850000e+00
      vertex   1.398789e+02 -2.547093e+01 1.018333e+01
      vertex   1.400606e+02 -2.555565e+01 1.018333e+01
    endloop
  endfacet
  facet normal 2.588190e-01 9.659258e-01 -0.000000e+00
    outer loop
      vertex   1.400606e+02 -2.555565e+01 6.850000e+00
      vertex   1.400606e+02 -2.555565e+01 1.018333e+01
      vertex   1.402542e+02 -2.560753e+01 6.850000e+00
    endloop
  endfacet
  facet normal 2.588190e-01 9.659258e-01 -0.000000e+00
    outer loop
      vertex   1.402542e+02 -2.560753e+01 6.850000e+00
      vertex   1.400606e+02 -2.555565e+01 1.018333e+01
      vertex   1.402542e+02 -2.560753e+01 1.018333e+01
    endloop
  endfacet
  facet normal 8.715574e-02 9.961947e-01 -0.000000e+00
    outer loop
      vertex   1.402542e+02 -2.560753e+01 6.850000e+00
      vertex   1.402542e+02 -2.560753e+01 1.018333e+01
      vertex   1.404539e+02 -2.562500e+01 6.850000e+00
    endloop
  endfacet
  facet normal 8.715574e-02 9.961947e-01 -0.000000e+00
    outer loop
      vertex   1.404539e+02 -2.562500e+01 6.850000e+00
      vertex   1.402542e+02 -2.560753e+01 1.018333e+01
      vertex   1.404539e+02 -2.562500e+01 1.018333e+01
    endloop
  endfacet
  facet normal -8.715574e-02 9.961947e-01 0.000000e+00
    outer loop
      vertex   1.404539e+02 -2.562500e+01 6.850000e+00
      vertex   1.404539e+02 -2.562500e+01 1.018333e+01
      vertex   1.406536e+02 -2.560753e+01 6.850000e+00
    endloop
  endfacet
  facet normal -8.715574e-02 9.961947e-01 0.000000e+00
    outer loop
      vertex   1.406536e+02 -2.560753e+01 6.850000e+00
      vertex   1.404539e+02 -2.562500e+01 1.018333e+01
      vertex   1.406536e+02 -2.560753e+01 1.018333e+01
    endloop
  endfacet
  facet normal -2.588190e-01 9.659258e-01 0.000000e+00
    outer loop
      vertex   1.406536e+02 -2.560753e+01 6.850000e+00
      vertex   1.406536e+02 -2.560753e+01 1.018333e+01
      vertex   1.408472e+02 -2.555565e+01 6.850000e+00
    endloop
  endfacet
  facet normal -2.588190e-01 9.659258e-01 0.000000e+00
    outer loop
      vertex   1.408472e+02 -2.555565e+01 6.850000e+00
      vertex   1.406536e+02 -2.560753e+01 1.018333e+01
      vertex   1.408472e+02 -2.555565e+01 1.018333e+01
    endloop
  endfacet
  facet normal -4.226183e-01 9.063078e-01 0.000000e+00
    outer loop
      vertex   1.408472e+02 -2.555565e+01 6.850000e+00
      vertex   1.408472e+02 -2.555565e+01 1.018333e+01
      vertex   1.410289e+02 -2.547093e+01 6.850000e+00
    endloop
  endfacet
  facet normal -4.226183e-01 9.063078e-01 0.000000e+00
    outer loop
      vertex   1.410289e+02 -2.547093e+01 6.850000e+00
      vertex   1.408472e+02 -2.555565e+01 1.018333e+01
      vertex   1.410289e+02 -2.547093e+01 1.018333e+01
    endloop
  endfacet
  facet normal -5.735764e-01 8.191520e-01 0.000000e+00
    outer loop
      vertex   1.410289e+02 -2.547093e+01 6.850000e+00
      vertex   1.410289e+02 -2.547093e+01 1.018333e+01
      vertex   1.411931e+02 -2.535595e+01 6.850000e+00
    endloop
  endfacet
  facet normal -5.735764e-01 8.191520e-01 -8.730638e-16
    outer loop
      vertex   1.411931e+02 -2.535595e+01 6.850000e+00
      vertex   1.410289e+02 -2.547093e+01 1.018333e+01
      vertex   1.411931e+02 -2.535595e+01 1.018333e+01
    endloop
  endfacet
  facet normal -7.071068e-01 7.071068e-01 -7.536444e-16
    outer loop
      vertex   1.411931e+02 -2.535595e+01 6.850000e+00
      vertex   1.411931e+02 -2.535595e+01 1.018333e+01
      vertex   1.413348e+02 -2.521421e+01 6.850000e+00
    endloop
  endfacet
  facet normal -7.071068e-01 7.071068e-01 0.000000e+00
    outer loop
      vertex   1.413348e+02 -2.521421e+01 6.850000e+00
      vertex   1.411931e+02 -2.535595e+01 1.018333e+01
      vertex   1.413348e+02 -2.521421e+01 1.018333e+01
    endloop
  endfacet
  facet normal -8.191520e-01 5.735764e-01 0.000000e+00
    outer loop
      vertex   1.413348e+02 -2.521421e+01 6.850000e+00
      vertex   1.413348e+02 -2.521421e+01 1.018333e+01
      vertex   1.414498e+02 -2.505000e+01 6.850000e+00
    endloop
  endfacet
  facet normal -8.191520e-01 5.735764e-01 -6.113259e-16
    outer loop
      vertex   1.414498e+02 -2.505000e+01 6.850000e+00
      vertex   1.413348e+02 -2.521421e+01 1.018333e+01
      vertex   1.414498e+02 -2.505000e+01 1.018333e+01
    endloop
  endfacet
  facet normal -9.063078e-01 4.226183e-01 -4.504325e-16
    outer loop
      vertex   1.414498e+02 -2.505000e+01 6.850000e+00
      vertex   1.414498e+02 -2.505000e+01 1.018333e+01
      vertex   1.415345e+02 -2.486832e+01 6.850000e+00
    endloop
  endfacet
  facet normal -9.063078e-01 4.226183e-01 0.000000e+00
    outer loop
      vertex   1.415345e+02 -2.486832e+01 6.850000e+00
      vertex   1.414498e+02 -2.505000e+01 1.018333e+01
      vertex   1.415345e+02 -2.486832e+01 1.018333e+01
    endloop
  endfacet
  facet normal -9.659258e-01 2.588190e-01 0.000000e+00
    outer loop
      vertex   1.415345e+02 -2.486832e+01 6.850000e+00
      vertex   1.415345e+02 -2.486832e+01 1.018333e+01
      vertex   1.415864e+02 -2.467470e+01 6.850000e+00
    endloop
  endfacet
  facet normal -9.659258e-01 2.588190e-01 0.000000e+00
    outer loop
      vertex   1.415864e+02 -2.467470e+01 6.850000e+00
      vertex   1.415345e+02 -2.486832e+01 1.018333e+01
      vertex   1.415864e+02 -2.467470e+01 1.018333e+01
    endloop
  endfacet
  facet normal -9.961947e-01 8.715574e-02 0.000000e+00
    outer loop
      vertex   1.416039e+02 -2.447500e+01 1.351667e+01
      vertex   1.416039e+02 -2.447500e+01 1.018333e+01
      vertex   1.415864e+02 -2.467470e+01 1.351667e+01
    endloop
  endfacet
  facet normal -9.961947e-01 8.715574e-02 0.000000e+00
    outer loop
      vertex   1.415864e+02 -2.467470e+01 1.351667e+01
      vertex   1.416039e+02 -2.447500e+01 1.018333e+01
      vertex   1.415864e+02 -2.467470e+01 1.018333e+01
    endloop
  endfacet
  facet normal -9.659258e-01 2.588190e-01 0.000000e+00
    outer loop
      vertex   1.415864e+02 -2.467470e+01 1.351667e+01
      vertex   1.415864e+02 -2.467470e+01 1.018333e+01
      vertex   1.415345e+02 -2.486832e+01 1.351667e+01
    endloop
  endfacet
  facet normal -9.659258e-01 2.588190e-01 0.000000e+00
    outer loop
      vertex   1.415345e+02 -2.486832e+01 1.351667e+01
      vertex   1.415864e+02 -2.467470e+01 1.018333e+01
      vertex   1.415345e+02 -2.486832e+01 1.018333e+01
    endloop
  endfacet
  facet normal -9.063078e-01 4.226183e-01 0.000000e+00
    outer loop
      vertex   1.415345e+02 -2.486832e+01 1.351667e+01
      vertex   1.415345e+02 -2.486832e+01 1.018333e+01
      vertex   1.414498e+02 -2.505000e+01 1.351667e+01
    endloop
  endfacet
  facet normal -9.063078e-01 4.226183e-01 0.000000e+00
    outer loop
      vertex   1.414498e+02 -2.505000e+01 1.351667e+01
      vertex   1.415345e+02 -2.486832e+01 1.018333e+01
      vertex   1.414498e+02 -2.505000e+01 1.018333e+01
    endloop
  endfacet
  facet normal -8.191520e-01 5.735764e-01 0.000000e+00
    outer loop
      vertex   1.414498e+02 -2.505000e+01 1.351667e+01
      vertex   1.414498e+02 -2.505000e+01 1.018333e+01
      vertex   1.413348e+02 -2.521421e+01 1.351667e+01
    endloop
  endfacet
  facet normal -8.191520e-01 5.735764e-01 0.000000e+00
    outer loop
      vertex   1.413348e+02 -2.521421e+01 1.351667e+01
      vertex   1.414498e+02 -2.505000e+01 1.018333e+01
      vertex   1.413348e+02 -2.521421e+01 1.018333e+01
    endloop
  endfacet
  facet normal -7.071068e-01 7.071068e-01 0.000000e+00
    outer loop
      vertex   1.413348e+02 -2.521421e+01 1.351667e+01
      vertex   1.413348e+02 -2.521421e+01 1.018333e+01
      vertex   1.411931e+02 -2.535595e+01 1.351667e+01
    endloop
  endfacet
  facet normal -7.071068e-01 7.071068e-01 0.000000e+00
    outer loop
      vertex   1.411931e+02 -2.535595e+01 1.351667e+01
      vertex   1.413348e+02 -2.521421e+01 1.018333e+01
      vertex   1.411931e+02 -2.535595e+01 1.018333e+01
    endloop
  endfacet
  facet normal -5.735764e-01 8.191520e-01 0.000000e+00
    outer loop
      vertex   1.411931e+02 -2.535595e+01 1.351667e+01
      vertex   1.411931e+02 -2.535595e+01 1.018333e+01
      vertex   1.410289e+02 -2.547093e+01 1.351667e+01
    endloop
  endfacet
  facet normal -5.735764e-01 8.191520e-01 0.000000e+00
    outer loop
      vertex   1.410289e+02 -2.547093e+01 1.351667e+01
      vertex   1.411931e+02 -2.535595e+01 1.018333e+01
      vertex   1.410289e+02 -2.547093e+01 1.018333e+01
    endloop
  endfacet
  facet normal -4.226183e-01 9.063078e-01 0.000000e+00
    outer loop
      vertex   1.410289e+02 -2.547093e+01 1.351667e+01
      vertex   1.410289e+02 -2.547093e+01 1.018333e+01
      vertex   1.408472e+02 -2.555565e+01 1.351667e+01
    endloop
  endfacet
  facet normal -4.226183e-01 9.063078e-01 0.000000e+00
    outer loop
      vertex   1.408472e+02 -2.555565e+01 1.351667e+01
      vertex   1.410289e+02 -2.547093e+01 1.018333e+01
      vertex   1.408472e+02 -2.555565e+01 1.018333e+01
    endloop
  endfacet
  facet normal -2.588190e-01 9.659258e-01 0.000000e+00
    outer loop
      vertex   1.408472e+02 -2.555565e+01 1.351667e+01
      vertex   1.408472e+02 -2.555565e+01 1.018333e+01
      vertex   1.406536e+02 -2.560753e+01 1.351667e+01
    endloop
  endfacet
  facet normal -2.588190e-01 9.659258e-01 0.000000e+00
    outer loop
      vertex   1.406536e+02 -2.560753e+01 1.351667e+01
      vertex   1.408472e+02 -2.555565e+01 1.018333e+01
      vertex   1.406536e+02 -2.560753e+01 1.018333e+01
    endloop
  endfacet
  facet normal -8.715574e-02 9.961947e-01 0.000000e+00
    outer loop
      vertex   1.406536e+02 -2.560753e+01 1.351667e+01
      vertex   1.406536e+02 -2.560753e+01 1.018333e+01
      vertex   1.404539e+02 -2.562500e+01 1.351667e+01
    endloop
  endfacet
  facet normal -8.715574e-02 9.961947e-01 0.000000e+00
    outer loop
      vertex   1.404539e+02 -2.562500e+01 1.351667e+01
      vertex   1.406536e+02 -2.560753e+01 1.018333e+01
      vertex   1.404539e+02 -2.562500e+01 1.018333e+01
    endloop
  endfacet
  facet normal 8.715574e-02 9.961947e-01 0.000000e+00
    outer loop
      vertex   1.404539e+02 -2.562500e+01 1.351667e+01
      vertex   1.404539e+02 -2.562500e+01 1.018333e+01
      vertex   1.402542e+02 -2.560753e+01 1.351667e+01
    endloop
  endfacet
  facet normal 8.715574e-02 9.961947e-01 0.000000e+00
    outer loop
      vertex   1.402542e+02 -2.560753e+01 1.351667e+01
      vertex   1.404539e+02 -2.562500e+01 1.018333e+01
      vertex   1.402542e+02 -2.560753e+01 1.018333e+01
    endloop
  endfacet
  facet normal 2.588190e-01 9.659258e-01 0.000000e+00
    outer loop
      vertex   1.402542e+02 -2.560753e+01 1.351667e+01
      vertex   1.402542e+02 -2.560753e+01 1.018333e+01
      vertex   1.400606e+02 -2.555565e+01 1.351667e+01
    endloop
  endfacet
  facet normal 2.588190e-01 9.659258e-01 0.000000e+00
    outer loop
      vertex   1.400606e+02 -2.555565e+01 1.351667e+01
      vertex   1.402542e+02 -2.560753e+01 1.018333e+01
      vertex   1.400606e+02 -2.555565e+01 1.018333e+01
    endloop
  endfacet
  facet normal 4.226183e-01 9.063078e-01 0.000000e+00
    outer loop
      vertex   1.400606e+02 -2.555565e+01 1.351667e+01
      vertex   1.400606e+02 -2.555565e+01 1.018333e+01
      vertex   1.398789e+02 -2.547093e+01 1.351667e+01
    endloop
  endfacet
  facet normal 4.226183e-01 9.063078e-01 0.000000e+00
    outer loop
      vertex   1.398789e+02 -2.547093e+01 1.351667e+01
      vertex   1.400606e+02 -2.555565e+01 1.018333e+01
      vertex   1.398789e+02 -2.547093e+01 1.018333e+01
    endloop
  endfacet
  facet normal 5.735764e-01 8.191520e-01 0.000000e+00
    outer loop
      vertex   1.398789e+02 -2.547093e+01 1.351667e+01
      vertex   1.398789e+02 -2.547093e+01 1.018333e+01
      vertex   1.397147e+02 -2.535595e+01 1.351667e+01
    endloop
  endfacet
  facet normal 5.735764e-01 8.191520e-01 0.000000e+00
    outer loop
      vertex   1.397147e+02 -2.535595e+01 1.351667e+01
      vertex   1.398789e+02 -2.547093e+01 1.018333e+01
      vertex   1.397147e+02 -2.535595e+01 1.018333e+01
    endloop
  endfacet
  facet normal 7.071068e-01 7.071068e-01 0.000000e+00
    outer loop
      vertex   1.397147e+02 -2.535595e+01 1.351667e+01
      vertex   1.397147e+02 -2.535595e+01 1.018333e+01
      vertex   1.395729e+02 -2.521421e+01 1.351667e+01
    endloop
  endfacet
  facet normal 7.071068e-01 7.071068e-01 0.000000e+00
    outer loop
      vertex   1.395729e+02 -2.521421e+01 1.351667e+01
      vertex   1.397147e+02 -2.535595e+01 1.018333e+01
      vertex   1.395729e+02 -2.521421e+01 1.018333e+01
    endloop
  endfacet
  facet normal 8.191520e-01 5.735764e-01 0.000000e+00
    outer loop
      vertex   1.395729e+02 -2.521421e+01 1.351667e+01
      vertex   1.395729e+02 -2.521421e+01 1.018333e+01
      vertex   1.394580e+02 -2.505000e+01 1.351667e+01
    endloop
  endfacet
  facet normal 8.191520e-01 5.735764e-01 0.000000e+00
    outer loop
      vertex   1.394580e+02 -2.505000e+01 1.351667e+01
      vertex   1.395729e+02 -2.521421e+01 1.018333e+01
      vertex   1.394580e+02 -2.505000e+01 1.018333e+01
    endloop
  endfacet
  facet normal 9.063078e-01 4.226183e-01 0.000000e+00
    outer loop
      vertex   1.394580e+02 -2.505000e+01 1.351667e+01
      vertex   1.394580e+02 -2.505000e+01 1.018333e+01
      vertex   1.393733e+02 -2.486832e+01 1.351667e+01
    endloop
  endfacet
  facet normal 9.063078e-01 4.226183e-01 0.000000e+00
    outer loop
      vertex   1.393733e+02 -2.486832e+01 1.351667e+01
      vertex   1.394580e+02 -2.505000e+01 1.018333e+01
      vertex   1.393733e+02 -2.486832e+01 1.018333e+01
    endloop
  endfacet
  facet normal 9.659258e-01 2.588190e-01 0.000000e+00
    outer loop
      vertex   1.393733e+02 -2.486832e+01 1.351667e+01
      vertex   1.393733e+02 -2.486832e+01 1.018333e+01
      vertex   1.393214e+02 -2.467470e+01 1.351667e+01
    endloop
  endfacet
  facet normal 9.659258e-01 2.588190e-01 0.000000e+00
    outer loop
      vertex   1.393214e+02 -2.467470e+01 1.351667e+01
      vertex   1.393733e+02 -2.486832e+01 1.018333e+01
      vertex   1.393214e+02 -2.467470e+01 1.018333e+01
    endloop
  endfacet
  facet normal 9.961947e-01 8.715574e-02 0.000000e+00
    outer loop
      vertex   1.393214e+02 -2.467470e+01 1.351667e+01
      vertex   1.393214e+02 -2.467470e+01 1.018333e+01
      vertex   1.393039e+02 -2.447500e+01 1.351667e+01
    endloop
  endfacet
  facet normal 9.961947e-01 8.715574e-02 0.000000e+00
    outer loop
      vertex   1.393039e+02 -2.447500e+01 1.351667e+01
      vertex   1.393214e+02 -2.467470e+01 1.018333e+01
      vertex   1.393039e+02 -2.447500e+01 1.018333e+01
    endloop
  endfacet
  facet normal 9.961947e-01 -8.715574e-02 0.000000e+00
    outer loop
      vertex   1.393039e+02 -2.447500e+01 1.351667e+01
      vertex   1.393039e+02 -2.447500e+01 1.018333e+01
      vertex   1.393214e+02 -2.427530e+01 1.351667e+01
    endloop
  endfacet
  facet normal 9.961947e-01 -8.715574e-02 0.000000e+00
    outer loop
      vertex   1.393214e+02 -2.427530e+01 1.351667e+01
      vertex   1.393039e+02 -2.447500e+01 1.018333e+01
      vertex   1.393214e+02 -2.427530e+01 1.018333e+01
    endloop
  endfacet
  facet normal 9.659258e-01 -2.588190e-01 0.000000e+00
    outer loop
      vertex   1.393214e+02 -2.427530e+01 1.351667e+01
      vertex   1.393214e+02 -2.427530e+01 1.018333e+01
      vertex   1.393733e+02 -2.408168e+01 1.351667e+01
    endloop
  endfacet
  facet normal 9.659258e-01 -2.588190e-01 0.000000e+00
    outer loop
      vertex   1.393733e+02 -2.408168e+01 1.351667e+01
      vertex   1.393214e+02 -2.427530e+01 1.018333e+01
      vertex   1.393733e+02 -2.408168e+01 1.018333e+01
    endloop
  endfacet
  facet normal 9.063078e-01 -4.226183e-01 0.000000e+00
    outer loop
      vertex   1.393733e+02 -2.408168e+01 1.351667e+01
      vertex   1.393733e+02 -2.408168e+01 1.018333e+01
      vertex   1.394580e+02 -2.390000e+01 1.351667e+01
    endloop
  endfacet
  facet normal 9.063078e-01 -4.226183e-01 0.000000e+00
    outer loop
      vertex   1.394580e+02 -2.390000e+01 1.351667e+01
      vertex   1.393733e+02 -2.408168e+01 1.018333e+01
      vertex   1.394580e+02 -2.390000e+01 1.018333e+01
    endloop
  endfacet
  facet normal 8.191520e-01 -5.735764e-01 0.000000e+00
    outer loop
      vertex   1.394580e+02 -2.390000e+01 1.351667e+01
      vertex   1.394580e+02 -2.390000e+01 1.018333e+01
      vertex   1.395729e+02 -2.373579e+01 1.351667e+01
    endloop
  endfacet
  facet normal 8.191520e-01 -5.735764e-01 0.000000e+00
    outer loop
      vertex   1.395729e+02 -2.373579e+01 1.351667e+01
      vertex   1.394580e+02 -2.390000e+01 1.018333e+01
      vertex   1.395729e+02 -2.373579e+01 1.018333e+01
    endloop
  endfacet
  facet normal 7.071068e-01 -7.071068e-01 0.000000e+00
    outer loop
      vertex   1.395729e+02 -2.373579e+01 1.351667e+01
      vertex   1.395729e+02 -2.373579e+01 1.018333e+01
      vertex   1.397147e+02 -2.359405e+01 1.351667e+01
    endloop
  endfacet
  facet normal 7.071068e-01 -7.071068e-01 0.000000e+00
    outer loop
      vertex   1.397147e+02 -2.359405e+01 1.351667e+01
      vertex   1.395729e+02 -2.373579e+01 1.018333e+01
      vertex   1.397147e+02 -2.359405e+01 1.018333e+01
    endloop
  endfacet
  facet normal 5.735764e-01 -8.191520e-01 0.000000e+00
    outer loop
      vertex   1.397147e+02 -2.359405e+01 1.351667e+01
      vertex   1.397147e+02 -2.359405e+01 1.018333e+01
      vertex   1.398789e+02 -2.347907e+01 1.351667e+01
    endloop
  endfacet
  facet normal 5.735764e-01 -8.191520e-01 0.000000e+00
    outer loop
      vertex   1.398789e+02 -2.347907e+01 1.351667e+01
      vertex   1.397147e+02 -2.359405e+01 1.018333e+01
      vertex   1.398789e+02 -2.347907e+01 1.018333e+01
    endloop
  endfacet
  facet normal 4.226183e-01 -9.063078e-01 0.000000e+00
    outer loop
      vertex   1.398789e+02 -2.347907e+01 1.351667e+01
      vertex   1.398789e+02 -2.347907e+01 1.018333e+01
      vertex   1.400606e+02 -2.339435e+01 1.351667e+01
    endloop
  endfacet
  facet normal 4.226183e-01 -9.063078e-01 0.000000e+00
    outer loop
      vertex   1.400606e+02 -2.339435e+01 1.351667e+01
      vertex   1.398789e+02 -2.347907e+01 1.018333e+01
      vertex   1.400606e+02 -2.339435e+01 1.018333e+01
    endloop
  endfacet
  facet normal 2.588190e-01 -9.659258e-01 0.000000e+00
    outer loop
      vertex   1.400606e+02 -2.339435e+01 1.351667e+01
      vertex   1.400606e+02 -2.339435e+01 1.018333e+01
      vertex   1.402542e+02 -2.334247e+01 1.351667e+01
    endloop
  endfacet
  facet normal 2.588190e-01 -9.659258e-01 0.000000e+00
    outer loop
      vertex   1.402542e+02 -2.334247e+01 1.351667e+01
      vertex   1.400606e+02 -2.339435e+01 1.018333e+01
      vertex   1.402542e+02 -2.334247e+01 1.018333e+01
    endloop
  endfacet
  facet normal 8.715574e-02 -9.961947e-01 0.000000e+00
    outer loop
      vertex   1.402542e+02 -2.334247e+01 1.351667e+01
      vertex   1.402542e+02 -2.334247e+01 1.018333e+01
      vertex   1.404539e+02 -2.332500e+01 1.351667e+01
    endloop
  endfacet
  facet normal 8.715574e-02 -9.961947e-01 0.000000e+00
    outer loop
      vertex   1.404539e+02 -2.332500e+01 1.351667e+01
      vertex   1.402542e+02 -2.334247e+01 1.018333e+01
      vertex   1.404539e+02 -2.332500e+01 1.018333e+01
    endloop
  endfacet
  facet normal -8.715574e-02 -9.961947e-01 -0.000000e+00
    outer loop
      vertex   1.404539e+02 -2.332500e+01 1.351667e+01
      vertex   1.404539e+02 -2.332500e+01 1.018333e+01
      vertex   1.406536e+02 -2.334247e+01 1.351667e+01
    endloop
  endfacet
  facet normal -8.715574e-02 -9.961947e-01 -0.000000e+00
    outer loop
      vertex   1.406536e+02 -2.334247e+01 1.351667e+01
      vertex   1.404539e+02 -2.332500e+01 1.018333e+01
      vertex   1.406536e+02 -2.334247e+01 1.018333e+01
    endloop
  endfacet
  facet normal -2.588190e-01 -9.659258e-01 -0.000000e+00
    outer loop
      vertex   1.406536e+02 -2.334247e+01 1.351667e+01
      vertex   1.406536e+02 -2.334247e+01 1.018333e+01
      vertex   1.408472e+02 -2.339435e+01 1.351667e+01
    endloop
  endfacet
  facet normal -2.588190e-01 -9.659258e-01 -0.000000e+00
    outer loop
      vertex   1.408472e+02 -2.339435e+01 1.351667e+01
      vertex   1.406536e+02 -2.334247e+01 1.018333e+01
      vertex   1.408472e+02 -2.339435e+01 1.018333e+01
    endloop
  endfacet
  facet normal -4.226183e-01 -9.063078e-01 -0.000000e+00
    outer loop
      vertex   1.408472e+02 -2.339435e+01 1.351667e+01
      vertex   1.408472e+02 -2.339435e+01 1.018333e+01
      vertex   1.410289e+02 -2.347907e+01 1.351667e+01
    endloop
  endfacet
  facet normal -4.226183e-01 -9.063078e-01 -0.000000e+00
    outer loop
      vertex   1.410289e+02 -2.347907e+01 1.351667e+01
      vertex   1.408472e+02 -2.339435e+01 1.018333e+01
      vertex   1.410289e+02 -2.347907e+01 1.018333e+01
    endloop
  endfacet
  facet normal -5.735764e-01 -8.191520e-01 -0.000000e+00
    outer loop
      vertex   1.410289e+02 -2.347907e+01 1.351667e+01
      vertex   1.410289e+02 -2.347907e+01 1.018333e+01
      vertex   1.411931e+02 -2.359405e+01 1.351667e+01
    endloop
  endfacet
  facet normal -5.735764e-01 -8.191520e-01 -0.000000e+00
    outer loop
      vertex   1.411931e+02 -2.359405e+01 1.351667e+01
      vertex   1.410289e+02 -2.347907e+01 1.018333e+01
      vertex   1.411931e+02 -2.359405e+01 1.018333e+01
    endloop
  endfacet
  facet normal -7.071068e-01 -7.071068e-01 -0.000000e+00
    outer loop
      vertex   1.411931e+02 -2.359405e+01 1.351667e+01
      vertex   1.411931e+02 -2.359405e+01 1.018333e+01
      vertex   1.413348e+02 -2.373579e+01 1.351667e+01
    endloop
  endfacet
  facet normal -7.071068e-01 -7.071068e-01 -0.000000e+00
    outer loop
      vertex   1.413348e+02 -2.373579e+01 1.351667e+01
      vertex   1.411931e+02 -2.359405e+01 1.018333e+01
      vertex   1.413348e+02 -2.373579e+01 1.018333e+01
    endloop
  endfacet
  facet normal -8.191520e-01 -5.735764e-01 -0.000000e+00
    outer loop
      vertex   1.413348e+02 -2.373579e+01 1.351667e+01
      vertex   1.413348e+02 -2.373579e+01 1.018333e+01
      vertex   1.414498e+02 -2.390000e+01 1.351667e+01
    endloop
  endfacet
  facet normal -8.191520e-01 -5.735764e-01 -0.000000e+00
    outer loop
      vertex   1.414498e+02 -2.390000e+01 1.351667e+01
      vertex   1.413348e+02 -2.373579e+01 1.018333e+01
      vertex   1.414498e+02 -2.390000e+01 1.018333e+01
    endloop
  endfacet
  facet normal -9.063078e-01 -4.226183e-01 -0.000000e+00
    outer loop
      vertex   1.414498e+02 -2.390000e+01 1.351667e+01
      vertex   1.414498e+02 -2.390000e+01 1.018333e+01
      vertex   1.415345e+02 -2.408168e+01 1.351667e+01
    endloop
  endfacet
  facet normal -9.063078e-01 -4.226183e-01 -0.000000e+00
    outer loop
      vertex   1.415345e+02 -2.408168e+01 1.351667e+01
      vertex   1.414498e+02 -2.390000e+01 1.018333e+01
      vertex   1.415345e+02 -2.408168e+01 1.018333e+01
    endloop
  endfacet
  facet normal -9.659258e-01 -2.588190e-01 -0.000000e+00
    outer loop
      vertex   1.415345e+02 -2.408168e+01 1.351667e+01
      vertex   1.415345e+02 -2.408168e+01 1.018333e+01
      vertex   1.415864e+02 -2.427530e+01 1.351667e+01
    endloop
  endfacet
  facet normal -9.659258e-01 -2.588190e-01 -0.000000e+00
    outer loop
      vertex   1.415864e+02 -2.427530e+01 1.351667e+01
      vertex   1.415345e+02 -2.408168e+01 1.018333e+01
      vertex   1.415864e+02 -2.427530e+01 1.018333e+01
    endloop
  endfacet
  facet normal -9.961947e-01 -8.715574e-02 -0.000000e+00
    outer loop
      vertex   1.415864e+02 -2.427530e+01 1.351667e+01
      vertex   1.415864e+02 -2.427530e+01 1.018333e+01
      vertex   1.416039e+02 -2.447500e+01 1.351667e+01
    endloop
  endfacet
  facet normal -9.961947e-01 -8.715574e-02 -0.000000e+00
    outer loop
      vertex   1.416039e+02 -2.447500e+01 1.351667e+01
      vertex   1.415864e+02 -2.427530e+01 1.018333e+01
      vertex   1.416039e+02 -2.447500e+01 1.018333e+01
    endloop
  endfacet
  facet normal 0.000000e+00 0.000000e+00 -1.000000e+00
    outer loop
      vertex   1.415864e+02 -2.467470e+01 1.685000e+01
      vertex   1.393214e+02 -2.467470e+01 1.685000e+01
      vertex   1.416039e+02 -2.447500e+01 1.685000e+01
    endloop
  endfacet
  facet normal -0.000000e+00 0.000000e+00 -1.000000e+00
    outer loop
      vertex   1.416039e+02 -2.447500e+01 1.685000e+01
      vertex   1.393214e+02 -2.467470e+01 1.685000e+01
      vertex   1.393039e+02 -2.447500e+01 1.685000e+01
    endloop
  endfacet
  facet normal 0.000000e+00 0.000000e+00 -1.000000e+00
    outer loop
      vertex   1.416039e+02 -2.447500e+01 1.685000e+01
      vertex   1.393039e+02 -2.447500e+01 1.685000e+01
      vertex   1.415864e+02 -2.427530e+01 1.685000e+01
    endloop
  endfacet
  facet normal -0.000000e+00 0.000000e+00 -1.000000e+00
    outer loop
      vertex   1.415864e+02 -2.427530e+01 1.685000e+01
      vertex   1.393039e+02 -2.447500e+01 1.685000e+01
      vertex   1.393214e+02 -2.427530e+01 1.685000e+01
    endloop
  endfacet
  facet normal 0.000000e+00 0.000000e+00 -1.000000e+00
    outer loop
      vertex   1.415864e+02 -2.427530e+01 1.685000e+01
      vertex   1.393214e+02 -2.427530e+01 1.685000e+01
      vertex   1.415345e+02 -2.408168e+01 1.685000e+01
    endloop
  endfacet
  facet normal -0.000000e+00 0.000000e+00 -1.000000e+00
    outer loop
      vertex   1.415345e+02 -2.408168e+01 1.685000e+01
      vertex   1.393214e+02 -2.427530e+01 1.685000e+01
      vertex   1.393733e+02 -2.408168e+01 1.685000e+01
    endloop
  endfacet
  facet normal 0.000000e+00 0.000000e+00 -1.000000e+00
    outer loop
      vertex   1.415345e+02 -2.408168e+01 1.685000e+01
      vertex   1.393733e+02 -2.408168e+01 1.685000e+01
      vertex   1.414498e+02 -2.390000e+01 1.685000e+01
    endloop
  endfacet
  facet normal -0.000000e+00 0.000000e+00 -1.000000e+00
    outer loop
      vertex   1.414498e+02 -2.390000e+01 1.685000e+01
      vertex   1.393733e+02 -2.408168e+01 1.685000e+01
      vertex   1.394580e+02 -2.390000e+01 1.685000e+01
    endloop
  endfacet
  facet normal 0.000000e+00 0.000000e+00 -1.000000e+00
    outer loop
      vertex   1.414498e+02 -2.390000e+01 1.685000e+01
      vertex   1.394580e+02 -2.390000e+01 1.685000e+01
      vertex   1.413348e+02 -2.373579e+01 1.685000e+01
    endloop
  endfacet
  facet normal -0.000000e+00 0.000000e+00 -1.000000e+00
    outer loop
      vertex   1.413348e+02 -2.373579e+01 1.685000e+01
      vertex   1.394580e+02 -2.390000e+01 1.685000e+01
      vertex   1.395729e+02 -2.373579e+01 1.685000e+01
    endloop
  endfacet
  facet normal 0.000000e+00 0.000000e+00 -1.000000e+00
    outer loop
      vertex   1.413348e+02 -2.373579e+01 1.685000e+01
      vertex   1.395729e+02 -2.373579e+01 1.685000e+01
      vertex   1.411931e+02 -2.359405e+01 1.685000e+01
    endloop
  endfacet
  facet normal -0.000000e+00 0.000000e+00 -1.000000e+00
    outer loop
      vertex   1.411931e+02 -2.359405e+01 1.685000e+01
      vertex   1.395729e+02 -2.373579e+01 1.685000e+01
      vertex   1.397147e+02 -2.359405e+01 1.685000e+01
    endloop
  endfacet
  facet normal 0.000000e+00 0.000000e+00 -1.000000e+00
    outer loop
      vertex   1.411931e+02 -2.359405e+01 1.685000e+01
      vertex   1.397147e+02 -2.359405e+01 1.685000e+01
      vertex   1.410289e+02 -2.347907e+01 1.685000e+01
    endloop
  endfacet
  facet normal -0.000000e+00 0.000000e+00 -1.000000e+00
    outer loop
      vertex   1.410289e+02 -2.347907e+01 1.685000e+01
      vertex   1.397147e+02 -2.359405e+01 1.685000e+01
      vertex   1.398789e+02 -2.347907e+01 1.685000e+01
    endloop
  endfacet
  facet normal 0.000000e+00 0.000000e+00 -1.000000e+00
    outer loop
      vertex   1.410289e+02 -2.347907e+01 1.685000e+01
      vertex   1.398789e+02 -2.347907e+01 1.685000e+01
      vertex   1.408472e+02 -2.339435e+01 1.685000e+01
    endloop
  endfacet
  facet normal -0.000000e+00 0.000000e+00 -1.000000e+00
    outer loop
      vertex   1.408472e+02 -2.339435e+01 1.685000e+01
      vertex   1.398789e+02 -2.347907e+01 1.685000e+01
      vertex   1.400606e+02 -2.339435e+01 1.685000e+01
    endloop
  endfacet
  facet normal 0.000000e+00 0.000000e+00 -1.000000e+00
    outer loop
      vertex   1.408472e+02 -2.339435e+01 1.685000e+01
      vertex   1.400606e+02 -2.339435e+01 1.685000e+01
      vertex   1.406536e+02 -2.334247e+01 1.685000e+01
    endloop
  endfacet
  facet normal -0.000000e+00 0.000000e+00 -1.000000e+00
    outer loop
      vertex   1.406536e+02 -2.334247e+01 1.685000e+01
      vertex   1.400606e+02 -2.339435e+01 1.685000e+01
      vertex   1.402542e+02 -2.334247e+01 1.685000e+01
    endloop
  endfacet
  facet normal 0.000000e+00 0.000000e+00 -1.000000e+00
    outer loop
      vertex   1.406536e+02 -2.334247e+01 1.685000e+01
      vertex   1.402542e+02 -2.334247e+01 1.685000e+01
      vertex   1.404539e+02 -2.332500e+01 1.685000e+01
    endloop
  endfacet
  facet normal 0.000000e+00 0.000000e+00 -1.000000e+00
    outer loop
      vertex   1.393214e+02 -2.467470e+01 1.685000e+01
      vertex   1.415864e+02 -2.467470e+01 1.685000e+01
      vertex   1.393733e+02 -2.486832e+01 1.685000e+01
    endloop
  endfacet
  facet normal 0.000000e+00 0.000000e+00 -1.000000e+00
    outer loop
      vertex   1.393733e+02 -2.486832e+01 1.685000e+01
      vertex   1.415864e+02 -2.467470e+01 1.685000e+01
      vertex   1.415345e+02 -2.486832e+01 1.685000e+01
    endloop
  endfacet
  facet normal 0.000000e+00 0.000000e+00 -1.000000e+00
    outer loop
      vertex   1.393733e+02 -2.486832e+01 1.685000e+01
      vertex   1.415345e+02 -2.486832e+01 1.685000e+01
      vertex   1.394580e+02 -2.505000e+01 1.685000e+01
    endloop
  endfacet
  facet normal 0.000000e+00 0.000000e+00 -1.000000e+00
    outer loop
      vertex   1.394580e+02 -2.505000e+01 1.685000e+01
      vertex   1.415345e+02 -2.486832e+01 1.685000e+01
      vertex   1.414498e+02 -2.505000e+01 1.685000e+01
    endloop
  endfacet
  facet normal 0.000000e+00 0.000000e+00 -1.000000e+00
    outer loop
      vertex   1.394580e+02 -2.505000e+01 1.685000e+01
      vertex   1.414498e+02 -2.505000e+01 1.685000e+01
      vertex   1.395729e+02 -2.521421e+01 1.685000e+01
    endloop
  endfacet
  facet normal 0.000000e+00 0.000000e+00 -1.000000e+00
    outer loop
      vertex   1.395729e+02 -2.521421e+01 1.685000e+01
      vertex   1.414498e+02 -2.505000e+01 1.685000e+01
      vertex   1.413348e+02 -2.521421e+01 1.685000e+01
    endloop
  endfacet
  facet normal 0.000000e+00 0.000000e+00 -1.000000e+00
    outer loop
      vertex   1.395729e+02 -2.521421e+01 1.685000e+01
      vertex   1.413348e+02 -2.521421e+01 1.685000e+01
      vertex   1.397147e+02 -2.535595e+01 1.685000e+01
    endloop
  endfacet
  facet normal 0.000000e+00 0.000000e+00 -1.000000e+00
    outer loop
      vertex   1.397147e+02 -2.535595e+01 1.685000e+01
      vertex   1.413348e+02 -2.521421e+01 1.685000e+01
      vertex   1.411931e+02 -2.535595e+01 1.685000e+01
    endloop
  endfacet
  facet normal 0.000000e+00 0.000000e+00 -1.000000e+00
    outer loop
      vertex   1.397147e+02 -2.535595e+01 1.685000e+01
      vertex   1.411931e+02 -2.535595e+01 1.685000e+01
      vertex   1.398789e+02 -2.547093e+01 1.685000e+01
    endloop
  endfacet
  facet normal 0.000000e+00 0.000000e+00 -1.000000e+00
    outer loop
      vertex   1.398789e+02 -2.547093e+01 1.685000e+01
      vertex   1.411931e+02 -2.535595e+01 1.685000e+01
      vertex   1.410289e+02 -2.547093e+01 1.685000e+01
    endloop
  endfacet
  facet normal 0.000000e+00 0.000000e+00 -1.000000e+00
    outer loop
      vertex   1.398789e+02 -2.547093e+01 1.685000e+01
      vertex   1.410289e+02 -2.547093e+01 1.685000e+01
      vertex   1.400606e+02 -2.555565e+01 1.685000e+01
    endloop
  endfacet
  facet normal 0.000000e+00 0.000000e+00 -1.000000e+00
    outer loop
      vertex   1.400606e+02 -2.555565e+01 1.685000e+01
      vertex   1.410289e+02 -2.547093e+01 1.685000e+01
      vertex   1.408472e+02 -2.555565e+01 1.685000e+01
    endloop
  endfacet
  facet normal 0.000000e+00 0.000000e+00 -1.000000e+00
    outer loop
      vertex   1.400606e+02 -2.555565e+01 1.685000e+01
      vertex   1.408472e+02 -2.555565e+01 1.685000e+01
      vertex   1.402542e+02 -2.560753e+01 1.685000e+01
    endloop
  endfacet
  facet normal 0.000000e+00 0.000000e+00 -1.000000e+00
    outer loop
      vertex   1.402542e+02 -2.560753e+01 1.685000e+01
      vertex   1.408472e+02 -2.555565e+01 1.685000e+01
      vertex   1.406536e+02 -2.560753e+01 1.685000e+01
    endloop
  endfacet
  facet normal 0.000000e+00 0.000000e+00 -1.000000e+00
    outer loop
      vertex   1.402542e+02 -2.560753e+01 1.685000e+01
      vertex   1.406536e+02 -2.560753e+01 1.685000e+01
      vertex   1.404539e+02 -2.562500e+01 1.685000e+01
    endloop
  endfacet
  facet normal -9.961947e-01 -8.715574e-02 -0.000000e+00
    outer loop
      vertex   1.648035e+02 -1.042027e+02 1.685000e+01
      vertex   1.648035e+02 -1.042027e+02 1.351667e+01
      vertex   1.648209e+02 -1.044024e+02 1.685000e+01
    endloop
  endfacet
  facet normal -9.961947e-01 -8.715574e-02 -0.000000e+00
    outer loop
      vertex   1.648209e+02 -1.044024e+02 1.685000e+01
      vertex   1.648035e+02 -1.042027e+02 1.351667e+01
      vertex   1.648209e+02 -1.044024e+02 1.351667e+01
    endloop
  endfacet
  facet normal -9.961947e-01 8.715574e-02 0.000000e+00
    outer loop
      vertex   1.648209e+02 -1.044024e+02 1.685000e+01
      vertex   1.648209e+02 -1.044024e+02 1.351667e+01
      vertex   1.648035e+02 -1.046021e+02 1.685000e+01
    endloop
  endfacet
  facet normal -9.961947e-01 8.715574e-02 0.000000e+00
    outer loop
      vertex   1.648035e+02 -1.046021e+02 1.685000e+01
      vertex   1.648209e+02 -1.044024e+02 1.351667e+01
      vertex   1.648035e+02 -1.046021e+02 1.351667e+01
    endloop
  endfacet
  facet normal -9.659258e-01 2.588190e-01 0.000000e+00
    outer loop
      vertex   1.648035e+02 -1.046021e+02 1.685000e+01
      vertex   1.648035e+02 -1.046021e+02 1.351667e+01
      vertex   1.647516e+02 -1.047958e+02 1.685000e+01
    endloop
  endfacet
  facet normal -9.659258e-01 2.588190e-01 0.000000e+00
    outer loop
      vertex   1.647516e+02 -1.047958e+02 1.685000e+01
      vertex   1.648035e+02 -1.046021e+02 1.351667e+01
      vertex   1.647516e+02 -1.047958e+02 1.351667e+01
    endloop
  endfacet
  facet normal -9.063078e-01 4.226183e-01 0.000000e+00
    outer loop
      vertex   1.647516e+02 -1.047958e+02 1.685000e+01
      vertex   1.647516e+02 -1.047958e+02 1.351667e+01
      vertex   1.646669e+02 -1.049774e+02 1.685000e+01
    endloop
  endfacet
  facet normal -9.063078e-01 4.226183e-01 0.000000e+00
    outer loop
      vertex   1.646669e+02 -1.049774e+02 1.685000e+01
      vertex   1.647516e+02 -1.047958e+02 1.351667e+01
      vertex   1.646669e+02 -1.049774e+02 1.351667e+01
    endloop
  endfacet
  facet normal -8.191520e-01 5.735764e-01 0.000000e+00
    outer loop
      vertex   1.646669e+02 -1.049774e+02 1.685000e+01
      vertex   1.646669e+02 -1.049774e+02 1.351667e+01
      vertex   1.645519e+02 -1.051416e+02 1.685000e+01
    endloop
  endfacet
  facet normal -8.191520e-01 5.735764e-01 0.000000e+00
    outer loop
      vertex   1.645519e+02 -1.051416e+02 1.685000e+01
      vertex   1.646669e+02 -1.049774e+02 1.351667e+01
      vertex   1.645519e+02 -1.051416e+02 1.351667e+01
    endloop
  endfacet
  facet normal -7.071068e-01 7.071068e-01 0.000000e+00
    outer loop
      vertex   1.645519e+02 -1.051416e+02 1.685000e+01
      vertex   1.645519e+02 -1.051416e+02 1.351667e+01
      vertex   1.644101e+02 -1.052834e+02 1.685000e+01
    endloop
  endfacet
  facet normal -7.071068e-01 7.071068e-01 0.000000e+00
    outer loop
      vertex   1.644101e+02 -1.052834e+02 1.685000e+01
      vertex   1.645519e+02 -1.051416e+02 1.351667e+01
      vertex   1.644101e+02 -1.052834e+02 1.351667e+01
    endloop
  endfacet
  facet normal -5.735764e-01 8.191520e-01 0.000000e+00
    outer loop
      vertex   1.644101e+02 -1.052834e+02 1.685000e+01
      vertex   1.644101e+02 -1.052834e+02 1.351667e+01
      vertex   1.642459e+02 -1.053984e+02 1.685000e+01
    endloop
  endfacet
  facet normal -5.735764e-01 8.191520e-01 0.000000e+00
    outer loop
      vertex   1.642459e+02 -1.053984e+02 1.685000e+01
      vertex   1.644101e+02 -1.052834e+02 1.351667e+01
      vertex   1.642459e+02 -1.053984e+02 1.351667e+01
    endloop
  endfacet
  facet normal -4.226183e-01 9.063078e-01 0.000000e+00
    outer loop
      vertex   1.642459e+02 -1.053984e+02 1.685000e+01
      vertex   1.642459e+02 -1.053984e+02 1.351667e+01
      vertex   1.640642e+02 -1.054831e+02 1.685000e+01
    endloop
  endfacet
  facet normal -4.226183e-01 9.063078e-01 0.000000e+00
    outer loop
      vertex   1.640642e+02 -1.054831e+02 1.685000e+01
      vertex   1.642459e+02 -1.053984e+02 1.351667e+01
      vertex   1.640642e+02 -1.054831e+02 1.351667e+01
    endloop
  endfacet
  facet normal -2.588190e-01 9.659258e-01 0.000000e+00
    outer loop
      vertex   1.640642e+02 -1.054831e+02 1.685000e+01
      vertex   1.640642e+02 -1.054831e+02 1.351667e+01
      vertex   1.638706e+02 -1.055350e+02 1.685000e+01
    endloop
  endfacet
  facet normal -2.588190e-01 9.659258e-01 0.000000e+00
    outer loop
      vertex   1.638706e+02 -1.055350e+02 1.685000e+01
      vertex   1.640642e+02 -1.054831e+02 1.351667e+01
      vertex   1.638706e+02 -1.055350e+02 1.351667e+01
    endloop
  endfacet
  facet normal -8.715574e-02 9.961947e-01 0.000000e+00
    outer loop
      vertex   1.638706e+02 -1.055350e+02 1.685000e+01
      vertex   1.638706e+02 -1.055350e+02 1.351667e+01
      vertex   1.636709e+02 -1.055524e+02 1.685000e+01
    endloop
  endfacet
  facet normal -8.715574e-02 9.961947e-01 0.000000e+00
    outer loop
      vertex   1.636709e+02 -1.055524e+02 1.685000e+01
      vertex   1.638706e+02 -1.055350e+02 1.351667e+01
      vertex   1.636709e+02 -1.055524e+02 1.351667e+01
    endloop
  endfacet
  facet normal 8.715574e-02 9.961947e-01 0.000000e+00
    outer loop
      vertex   1.636709e+02 -1.055524e+02 1.685000e+01
      vertex   1.636709e+02 -1.055524e+02 1.351667e+01
      vertex   1.634712e+02 -1.055350e+02 1.685000e+01
    endloop
  endfacet
  facet normal 8.715574e-02 9.961947e-01 0.000000e+00
    outer loop
      vertex   1.634712e+02 -1.055350e+02 1.685000e+01
      vertex   1.636709e+02 -1.055524e+02 1.351667e+01
      vertex   1.634712e+02 -1.055350e+02 1.351667e+01
    endloop
  endfacet
  facet normal 2.588190e-01 9.659258e-01 0.000000e+00
    outer loop
      vertex   1.634712e+02 -1.055350e+02 1.685000e+01
      vertex   1.634712e+02 -1.055350e+02 1.351667e+01
      vertex   1.632776e+02 -1.054831e+02 1.685000e+01
    endloop
  endfacet
  facet normal 2.588190e-01 9.659258e-01 0.000000e+00
    outer loop
      vertex   1.632776e+02 -1.054831e+02 1.685000e+01
      vertex   1.634712e+02 -1.055350e+02 1.351667e+01
      vertex   1.632776e+02 -1.054831e+02 1.351667e+01
    endloop
  endfacet
  facet normal 4.226183e-01 9.063078e-01 0.000000e+00
    outer loop
      vertex   1.632776e+02 -1.054831e+02 1.685000e+01
      vertex   1.632776e+02 -1.054831e+02 1.351667e+01
      vertex   1.630959e+02 -1.053984e+02 1.685000e+01
    endloop
  endfacet
  facet normal 4.226183e-01 9.063078e-01 0.000000e+00
    outer loop
      vertex   1.630959e+02 -1.053984e+02 1.685000e+01
      vertex   1.632776e+02 -1.054831e+02 1.351667e+01
      vertex   1.630959e+02 -1.053984e+02 1.351667e+01
    endloop
  endfacet
  facet normal 5.735764e-01 8.191520e-01 0.000000e+00
    outer loop
      vertex   1.630959e+02 -1.053984e+02 1.685000e+01
      vertex   1.630959e+02 -1.053984e+02 1.351667e+01
      vertex   1.629317e+02 -1.052834e+02 1.685000e+01
    endloop
  endfacet
  facet normal 5.735764e-01 8.191520e-01 0.000000e+00
    outer loop
      vertex   1.629317e+02 -1.052834e+02 1.685000e+01
      vertex   1.630959e+02 -1.053984e+02 1.351667e+01
      vertex   1.629317e+02 -1.052834e+02 1.351667e+01
    endloop
  endfacet
  facet normal 7.071068e-01 7.071068e-01 0.000000e+00
    outer loop
      vertex   1.629317e+02 -1.052834e+02 1.685000e+01
      vertex   1.629317e+02 -1.052834e+02 1.351667e+01
      vertex   1.627900e+02 -1.051416e+02 1.685000e+01
    endloop
  endfacet
  facet normal 7.071068e-01 7.071068e-01 0.000000e+00
    outer loop
      vertex   1.627900e+02 -1.051416e+02 1.685000e+01
      vertex   1.629317e+02 -1.052834e+02 1.351667e+01
      vertex   1.627900e+02 -1.051416e+02 1.351667e+01
    endloop
  endfacet
  facet normal 8.191520e-01 5.735764e-01 0.000000e+00
    outer loop
      vertex   1.627900e+02 -1.051416e+02 1.685000e+01
      vertex   1.627900e+02 -1.051416e+02 1.351667e+01
      vertex   1.626750e+02 -1.049774e+02 1.685000e+01
    endloop
  endfacet
  facet normal 8.191520e-01 5.735764e-01 0.000000e+00
    outer loop
      vertex   1.626750e+02 -1.049774e+02 1.685000e+01
      vertex   1.627900e+02 -1.051416e+02 1.351667e+01
      vertex   1.626750e+02 -1.049774e+02 1.351667e+01
    endloop
  endfacet
  facet normal 9.063078e-01 4.226183e-01 0.000000e+00
    outer loop
      vertex   1.626750e+02 -1.049774e+02 1.685000e+01
      vertex   1.626750e+02 -1.049774e+02 1.351667e+01
      vertex   1.625903e+02 -1.047958e+02 1.685000e+01
    endloop
  endfacet
  facet normal 9.063078e-01 4.226183e-01 0.000000e+00
    outer loop
      vertex   1.625903e+02 -1.047958e+02 1.685000e+01
      vertex   1.626750e+02 -1.049774e+02 1.351667e+01
      vertex   1.625903e+02 -1.047958e+02 1.351667e+01
    endloop
  endfacet
  facet normal 9.659258e-01 2.588190e-01 0.000000e+00
    outer loop
      vertex   1.625903e+02 -1.047958e+02 1.685000e+01
      vertex   1.625903e+02 -1.047958e+02 1.351667e+01
      vertex   1.625384e+02 -1.046021e+02 1.685000e+01
    endloop
  endfacet
  facet normal 9.659258e-01 2.588190e-01 0.000000e+00
    outer loop
      vertex   1.625384e+02 -1.046021e+02 1.685000e+01
      vertex   1.625903e+02 -1.047958e+02 1.351667e+01
      vertex   1.625384e+02 -1.046021e+02 1.351667e+01
    endloop
  endfacet
  facet normal 9.961947e-01 8.715574e-02 0.000000e+00
    outer loop
      vertex   1.625384e+02 -1.046021e+02 1.685000e+01
      vertex   1.625384e+02 -1.046021e+02 1.351667e+01
      vertex   1.625209e+02 -1.044024e+02 1.685000e+01
    endloop
  endfacet
  facet normal 9.961947e-01 8.715574e-02 0.000000e+00
    outer loop
      vertex   1.625209e+02 -1.044024e+02 1.685000e+01
      vertex   1.625384e+02 -1.046021e+02 1.351667e+01
      vertex   1.625209e+02 -1.044024e+02 1.351667e+01
    endloop
  endfacet
  facet normal 9.961947e-01 -8.715574e-02 0.000000e+00
    outer loop
      vertex   1.625209e+02 -1.044024e+02 1.685000e+01
      vertex   1.625209e+02 -1.044024e+02 1.351667e+01
      vertex   1.625384e+02 -1.042027e+02 1.685000e+01
    endloop
  endfacet
  facet normal 9.961947e-01 -8.715574e-02 0.000000e+00
    outer loop
      vertex   1.625384e+02 -1.042027e+02 1.685000e+01
      vertex   1.625209e+02 -1.044024e+02 1.351667e+01
      vertex   1.625384e+02 -1.042027e+02 1.351667e+01
    endloop
  endfacet
  facet normal 9.659258e-01 -2.588190e-01 0.000000e+00
    outer loop
      vertex   1.625384e+02 -1.042027e+02 1.685000e+01
      vertex   1.625384e+02 -1.042027e+02 1.351667e+01
      vertex   1.625903e+02 -1.040091e+02 1.685000e+01
    endloop
  endfacet
  facet normal 9.659258e-01 -2.588190e-01 0.000000e+00
    outer loop
      vertex   1.625903e+02 -1.040091e+02 1.685000e+01
      vertex   1.625384e+02 -1.042027e+02 1.351667e+01
      vertex   1.625903e+02 -1.040091e+02 1.351667e+01
    endloop
  endfacet
  facet normal 9.063078e-01 -4.226183e-01 0.000000e+00
    outer loop
      vertex   1.625903e+02 -1.040091e+02 1.685000e+01
      vertex   1.625903e+02 -1.040091e+02 1.351667e+01
      vertex   1.626750e+02 -1.038274e+02 1.685000e+01
    endloop
  endfacet
  facet normal 9.063078e-01 -4.226183e-01 0.000000e+00
    outer loop
      vertex   1.626750e+02 -1.038274e+02 1.685000e+01
      vertex   1.625903e+02 -1.040091e+02 1.351667e+01
      vertex   1.626750e+02 -1.038274e+02 1.351667e+01
    endloop
  endfacet
  facet normal 8.191520e-01 -5.735764e-01 0.000000e+00
    outer loop
      vertex   1.626750e+02 -1.038274e+02 1.685000e+01
      vertex   1.626750e+02 -1.038274e+02 1.351667e+01
      vertex   1.627900e+02 -1.036632e+02 1.685000e+01
    endloop
  endfacet
  facet normal 8.191520e-01 -5.735764e-01 0.000000e+00
    outer loop
      vertex   1.627900e+02 -1.036632e+02 1.685000e+01
      vertex   1.626750e+02 -1.038274e+02 1.351667e+01
      vertex   1.627900e+02 -1.036632e+02 1.351667e+01
    endloop
  endfacet
  facet normal 7.071068e-01 -7.071068e-01 0.000000e+00
    outer loop
      vertex   1.627900e+02 -1.036632e+02 1.685000e+01
      vertex   1.627900e+02 -1.036632e+02 1.351667e+01
      vertex   1.629317e+02 -1.035215e+02 1.685000e+01
    endloop
  endfacet
  facet normal 7.071068e-01 -7.071068e-01 0.000000e+00
    outer loop
      vertex   1.629317e+02 -1.035215e+02 1.685000e+01
      vertex   1.627900e+02 -1.036632e+02 1.351667e+01
      vertex   1.629317e+02 -1.035215e+02 1.351667e+01
    endloop
  endfacet
  facet normal 5.735764e-01 -8.191520e-01 0.000000e+00
    outer loop
      vertex   1.629317e+02 -1.035215e+02 1.685000e+01
      vertex   1.629317e+02 -1.035215e+02 1.351667e+01
      vertex   1.630959e+02 -1.034065e+02 1.685000e+01
    endloop
  endfacet
  facet normal 5.735764e-01 -8.191520e-01 0.000000e+00
    outer loop
      vertex   1.630959e+02 -1.034065e+02 1.685000e+01
      vertex   1.629317e+02 -1.035215e+02 1.351667e+01
      vertex   1.630959e+02 -1.034065e+02 1.351667e+01
    endloop
  endfacet
  facet normal 4.226183e-01 -9.063078e-01 0.000000e+00
    outer loop
      vertex   1.630959e+02 -1.034065e+02 1.685000e+01
      vertex   1.630959e+02 -1.034065e+02 1.351667e+01
      vertex   1.632776e+02 -1.033218e+02 1.685000e+01
    endloop
  endfacet
  facet normal 4.226183e-01 -9.063078e-01 0.000000e+00
    outer loop
      vertex   1.632776e+02 -1.033218e+02 1.685000e+01
      vertex   1.630959e+02 -1.034065e+02 1.351667e+01
      vertex   1.632776e+02 -1.033218e+02 1.351667e+01
    endloop
  endfacet
  facet normal 2.588190e-01 -9.659258e-01 0.000000e+00
    outer loop
      vertex   1.632776e+02 -1.033218e+02 1.685000e+01
      vertex   1.632776e+02 -1.033218e+02 1.351667e+01
      vertex   1.634712e+02 -1.032699e+02 1.685000e+01
    endloop
  endfacet
  facet normal 2.588190e-01 -9.659258e-01 0.000000e+00
    outer loop
      vertex   1.634712e+02 -1.032699e+02 1.685000e+01
      vertex   1.632776e+02 -1.033218e+02 1.351667e+01
      vertex   1.634712e+02 -1.032699e+02 1.351667e+01
    endloop
  endfacet
  facet normal 8.715574e-02 -9.961947e-01 0.000000e+00
    outer loop
      vertex   1.634712e+02 -1.032699e+02 1.685000e+01
      vertex   1.634712e+02 -1.032699e+02 1.351667e+01
      vertex   1.636709e+02 -1.032524e+02 1.685000e+01
    endloop
  endfacet
  facet normal 8.715574e-02 -9.961947e-01 0.000000e+00
    outer loop
      vertex   1.636709e+02 -1.032524e+02 1.685000e+01
      vertex   1.634712e+02 -1.032699e+02 1.351667e+01
      vertex   1.636709e+02 -1.032524e+02 1.351667e+01
    endloop
  endfacet
  facet normal -8.715574e-02 -9.961947e-01 -0.000000e+00
    outer loop
      vertex   1.636709e+02 -1.032524e+02 1.685000e+01
      vertex   1.636709e+02 -1.032524e+02 1.351667e+01
      vertex   1.638706e+02 -1.032699e+02 1.685000e+01
    endloop
  endfacet
  facet normal -8.715574e-02 -9.961947e-01 -0.000000e+00
    outer loop
      vertex   1.638706e+02 -1.032699e+02 1.685000e+01
      vertex   1.636709e+02 -1.032524e+02 1.351667e+01
      vertex   1.638706e+02 -1.032699e+02 1.351667e+01
    endloop
  endfacet
  facet normal -2.588190e-01 -9.659258e-01 -0.000000e+00
    outer loop
      vertex   1.638706e+02 -1.032699e+02 1.685000e+01
      vertex   1.638706e+02 -1.032699e+02 1.351667e+01
      vertex   1.640642e+02 -1.033218e+02 1.685000e+01
    endloop
  endfacet
  facet normal -2.588190e-01 -9.659258e-01 -0.000000e+00
    outer loop
      vertex   1.640642e+02 -1.033218e+02 1.685000e+01
      vertex   1.638706e+02 -1.032699e+02 1.351667e+01
      vertex   1.640642e+02 -1.033218e+02 1.351667e+01
    endloop
  endfacet
  facet normal -4.226183e-01 -9.063078e-01 -0.000000e+00
    outer loop
      vertex   1.640642e+02 -1.033218e+02 1.685000e+01
      vertex   1.640642e+02 -1.033218e+02 1.351667e+01
      vertex   1.642459e+02 -1.034065e+02 1.685000e+01
    endloop
  endfacet
  facet normal -4.226183e-01 -9.063078e-01 -0.000000e+00
    outer loop
      vertex   1.642459e+02 -1.034065e+02 1.685000e+01
      vertex   1.640642e+02 -1.033218e+02 1.351667e+01
      vertex   1.642459e+02 -1.034065e+02 1.351667e+01
    endloop
  endfacet
  facet normal -5.735764e-01 -8.191520e-01 -0.000000e+00
    outer loop
      vertex   1.642459e+02 -1.034065e+02 1.685000e+01
      vertex   1.642459e+02 -1.034065e+02 1.351667e+01
      vertex   1.644101e+02 -1.035215e+02 1.685000e+01
    endloop
  endfacet
  facet normal -5.735764e-01 -8.191520e-01 -0.000000e+00
    outer loop
      vertex   1.644101e+02 -1.035215e+02 1.685000e+01
      vertex   1.642459e+02 -1.034065e+02 1.351667e+01
      vertex   1.644101e+02 -1.035215e+02 1.351667e+01
    endloop
  endfacet
  facet normal -7.071068e-01 -7.071068e-01 -0.000000e+00
    outer loop
      vertex   1.644101e+02 -1.035215e+02 1.685000e+01
      vertex   1.644101e+02 -1.035215e+02 1.351667e+01
      vertex   1.645519e+02 -1.036632e+02 1.685000e+01
    endloop
  endfacet
  facet normal -7.071068e-01 -7.071068e-01 -0.000000e+00
    outer loop
      vertex   1.645519e+02 -1.036632e+02 1.685000e+01
      vertex   1.644101e+02 -1.035215e+02 1.351667e+01
      vertex   1.645519e+02 -1.036632e+02 1.351667e+01
    endloop
  endfacet
  facet normal -8.191520e-01 -5.735764e-01 -0.000000e+00
    outer loop
      vertex   1.645519e+02 -1.036632e+02 1.685000e+01
      vertex   1.645519e+02 -1.036632e+02 1.351667e+01
      vertex   1.646669e+02 -1.038274e+02 1.685000e+01
    endloop
  endfacet
  facet normal -8.191520e-01 -5.735764e-01 -0.000000e+00
    outer loop
      vertex   1.646669e+02 -1.038274e+02 1.685000e+01
      vertex   1.645519e+02 -1.036632e+02 1.351667e+01
      vertex   1.646669e+02 -1.038274e+02 1.351667e+01
    endloop
  endfacet
  facet normal -9.063078e-01 -4.226183e-01 -0.000000e+00
    outer loop
      vertex   1.646669e+02 -1.038274e+02 1.685000e+01
      vertex   1.646669e+02 -1.038274e+02 1.351667e+01
      vertex   1.647516e+02 -1.040091e+02 1.685000e+01
    endloop
  endfacet
  facet normal -9.063078e-01 -4.226183e-01 -0.000000e+00
    outer loop
      vertex   1.647516e+02 -1.040091e+02 1.685000e+01
      vertex   1.646669e+02 -1.038274e+02 1.351667e+01
      vertex   1.647516e+02 -1.040091e+02 1.351667e+01
    endloop
  endfacet
  facet normal -9.659258e-01 -2.588190e-01 -0.000000e+00
    outer loop
      vertex   1.647516e+02 -1.040091e+02 1.685000e+01
      vertex   1.647516e+02 -1.040091e+02 1.351667e+01
      vertex   1.648035e+02 -1.042027e+02 1.685000e+01
    endloop
  endfacet
  facet normal -9.659258e-01 -2.588190e-01 -0.000000e+00
    outer loop
      vertex   1.648035e+02 -1.042027e+02 1.685000e+01
      vertex   1.647516e+02 -1.040091e+02 1.351667e+01
      vertex   1.648035e+02 -1.042027e+02 1.351667e+01
    endloop
  endfacet
  facet normal -9.961947e-01 8.715574e-02 0.000000e+00
    outer loop
      vertex   1.648035e+02 -1.046021e+02 6.850000e+00
      vertex   1.648035e+02 -1.046021e+02 1.018333e+01
      vertex   1.648209e+02 -1.044024e+02 6.850000e+00
    endloop
  endfacet
  facet normal -9.961947e-01 8.715574e-02 0.000000e+00
    outer loop
      vertex   1.648209e+02 -1.044024e+02 6.850000e+00
      vertex   1.648035e+02 -1.046021e+02 1.018333e+01
      vertex   1.648209e+02 -1.044024e+02 1.018333e+01
    endloop
  endfacet
  facet normal -9.961947e-01 -8.715574e-02 0.000000e+00
    outer loop
      vertex   1.648209e+02 -1.044024e+02 6.850000e+00
      vertex   1.648209e+02 -1.044024e+02 1.018333e+01
      vertex   1.648035e+02 -1.042027e+02 6.850000e+00
    endloop
  endfacet
  facet normal -9.961947e-01 -8.715574e-02 0.000000e+00
    outer loop
      vertex   1.648035e+02 -1.042027e+02 6.850000e+00
      vertex   1.648209e+02 -1.044024e+02 1.018333e+01
      vertex   1.648035e+02 -1.042027e+02 1.018333e+01
    endloop
  endfacet
  facet normal -9.659258e-01 -2.588190e-01 0.000000e+00
    outer loop
      vertex   1.648035e+02 -1.042027e+02 6.850000e+00
      vertex   1.648035e+02 -1.042027e+02 1.018333e+01
      vertex   1.647516e+02 -1.040091e+02 6.850000e+00
    endloop
  endfacet
  facet normal -9.659258e-01 -2.588190e-01 0.000000e+00
    outer loop
      vertex   1.647516e+02 -1.040091e+02 6.850000e+00
      vertex   1.648035e+02 -1.042027e+02 1.018333e+01
      vertex   1.647516e+02 -1.040091e+02 1.018333e+01
    endloop
  endfacet
  facet normal -9.063078e-01 -4.226183e-01 0.000000e+00
    outer loop
      vertex   1.647516e+02 -1.040091e+02 6.850000e+00
      vertex   1.647516e+02 -1.040091e+02 1.018333e+01
      vertex   1.646669e+02 -1.038274e+02 6.850000e+00
    endloop
  endfacet
  facet normal -9.063078e-01 -4.226183e-01 0.000000e+00
    outer loop
      vertex   1.646669e+02 -1.038274e+02 6.850000e+00
      vertex   1.647516e+02 -1.040091e+02 1.018333e+01
      vertex   1.646669e+02 -1.038274e+02 1.018333e+01
    endloop
  endfacet
  facet normal -8.191520e-01 -5.735764e-01 0.000000e+00
    outer loop
      vertex   1.646669e+02 -1.038274e+02 6.850000e+00
      vertex   1.646669e+02 -1.038274e+02 1.018333e+01
      vertex   1.645519e+02 -1.036632e+02 6.850000e+00
    endloop
  endfacet
  facet normal -8.191520e-01 -5.735764e-01 0.000000e+00
    outer loop
      vertex   1.645519e+02 -1.036632e+02 6.850000e+00
      vertex   1.646669e+02 -1.038274e+02 1.018333e+01
      vertex   1.645519e+02 -1.036632e+02 1.018333e+01
    endloop
  endfacet
  facet normal -7.071068e-01 -7.071068e-01 0.000000e+00
    outer loop
      vertex   1.645519e+02 -1.036632e+02 6.850000e+00
      vertex   1.645519e+02 -1.036632e+02 1.018333e+01
      vertex   1.644101e+02 -1.035215e+02 6.850000e+00
    endloop
  endfacet
  facet normal -7.071068e-01 -7.071068e-01 0.000000e+00
    outer loop
      vertex   1.644101e+02 -1.035215e+02 6.850000e+00
      vertex   1.645519e+02 -1.036632e+02 1.018333e+01
      vertex   1.644101e+02 -1.035215e+02 1.018333e+01
    endloop
  endfacet
  facet normal -5.735764e-01 -8.191520e-01 0.000000e+00
    outer loop
      vertex   1.644101e+02 -1.035215e+02 6.850000e+00
      vertex   1.644101e+02 -1.035215e+02 1.018333e+01
      vertex   1.642459e+02 -1.034065e+02 6.850000e+00
    endloop
  endfacet
  facet normal -5.735764e-01 -8.191520e-01 0.000000e+00
    outer loop
      vertex   1.642459e+02 -1.034065e+02 6.850000e+00
      vertex   1.644101e+02 -1.035215e+02 1.018333e+01
      vertex   1.642459e+02 -1.034065e+02 1.018333e+01
    endloop
  endfacet
  facet normal -4.226183e-01 -9.063078e-01 0.000000e+00
    outer loop
      vertex   1.642459e+02 -1.034065e+02 6.850000e+00
      vertex   1.642459e+02 -1.034065e+02 1.018333e+01
      vertex   1.640642e+02 -1.033218e+02 6.850000e+00
    endloop
  endfacet
  facet normal -4.226183e-01 -9.063078e-01 0.000000e+00
    outer loop
      vertex   1.640642e+02 -1.033218e+02 6.850000e+00
      vertex   1.642459e+02 -1.034065e+02 1.018333e+01
      vertex   1.640642e+02 -1.033218e+02 1.018333e+01
    endloop
  endfacet
  facet normal -2.588190e-01 -9.659258e-01 0.000000e+00
    outer loop
      vertex   1.640642e+02 -1.033218e+02 6.850000e+00
      vertex   1.640642e+02 -1.033218e+02 1.018333e+01
      vertex   1.638706e+02 -1.032699e+02 6.850000e+00
    endloop
  endfacet
  facet normal -2.588190e-01 -9.659258e-01 0.000000e+00
    outer loop
      vertex   1.638706e+02 -1.032699e+02 6.850000e+00
      vertex   1.640642e+02 -1.033218e+02 1.018333e+01
      vertex   1.638706e+02 -1.032699e+02 1.018333e+01
    endloop
  endfacet
  facet normal -8.715574e-02 -9.961947e-01 0.000000e+00
    outer loop
      vertex   1.638706e+02 -1.032699e+02 6.850000e+00
      vertex   1.638706e+02 -1.032699e+02 1.018333e+01
      vertex   1.636709e+02 -1.032524e+02 6.850000e+00
    endloop
  endfacet
  facet normal -8.715574e-02 -9.961947e-01 0.000000e+00
    outer loop
      vertex   1.636709e+02 -1.032524e+02 6.850000e+00
      vertex   1.638706e+02 -1.032699e+02 1.018333e+01
      vertex   1.636709e+02 -1.032524e+02 1.018333e+01
    endloop
  endfacet
  facet normal 8.715574e-02 -9.961947e-01 0.000000e+00
    outer loop
      vertex   1.636709e+02 -1.032524e+02 6.850000e+00
      vertex   1.636709e+02 -1.032524e+02 1.018333e+01
      vertex   1.634712e+02 -1.032699e+02 6.850000e+00
    endloop
  endfacet
  facet normal 8.715574e-02 -9.961947e-01 0.000000e+00
    outer loop
      vertex   1.634712e+02 -1.032699e+02 6.850000e+00
      vertex   1.636709e+02 -1.032524e+02 1.018333e+01
      vertex   1.634712e+02 -1.032699e+02 1.018333e+01
    endloop
  endfacet
  facet normal 2.588190e-01 -9.659258e-01 0.000000e+00
    outer loop
      vertex   1.634712e+02 -1.032699e+02 6.850000e+00
      vertex   1.634712e+02 -1.032699e+02 1.018333e+01
      vertex   1.632776e+02 -1.033218e+02 6.850000e+00
    endloop
  endfacet
  facet normal 2.588190e-01 -9.659258e-01 0.000000e+00
    outer loop
      vertex   1.632776e+02 -1.033218e+02 6.850000e+00
      vertex   1.634712e+02 -1.032699e+02 1.018333e+01
      vertex   1.632776e+02 -1.033218e+02 1.018333e+01
    endloop
  endfacet
  facet normal 4.226183e-01 -9.063078e-01 0.000000e+00
    outer loop
      vertex   1.632776e+02 -1.033218e+02 6.850000e+00
      vertex   1.632776e+02 -1.033218e+02 1.018333e+01
      vertex   1.630959e+02 -1.034065e+02 6.850000e+00
    endloop
  endfacet
  facet normal 4.226183e-01 -9.063078e-01 0.000000e+00
    outer loop
      vertex   1.630959e+02 -1.034065e+02 6.850000e+00
      vertex   1.632776e+02 -1.033218e+02 1.018333e+01
      vertex   1.630959e+02 -1.034065e+02 1.018333e+01
    endloop
  endfacet
  facet normal 5.735764e-01 -8.191520e-01 0.000000e+00
    outer loop
      vertex   1.630959e+02 -1.034065e+02 6.850000e+00
      vertex   1.630959e+02 -1.034065e+02 1.018333e+01
      vertex   1.629317e+02 -1.035215e+02 6.850000e+00
    endloop
  endfacet
  facet normal 5.735764e-01 -8.191520e-01 0.000000e+00
    outer loop
      vertex   1.629317e+02 -1.035215e+02 6.850000e+00
      vertex   1.630959e+02 -1.034065e+02 1.018333e+01
      vertex   1.629317e+02 -1.035215e+02 1.018333e+01
    endloop
  endfacet
  facet normal 7.071068e-01 -7.071068e-01 0.000000e+00
    outer loop
      vertex   1.629317e+02 -1.035215e+02 6.850000e+00
      vertex   1.629317e+02 -1.035215e+02 1.018333e+01
      vertex   1.627900e+02 -1.036632e+02 6.850000e+00
    endloop
  endfacet
  facet normal 7.071068e-01 -7.071068e-01 0.000000e+00
    outer loop
      vertex   1.627900e+02 -1.036632e+02 6.850000e+00
      vertex   1.629317e+02 -1.035215e+02 1.018333e+01
      vertex   1.627900e+02 -1.036632e+02 1.018333e+01
    endloop
  endfacet
  facet normal 8.191520e-01 -5.735764e-01 0.000000e+00
    outer loop
      vertex   1.627900e+02 -1.036632e+02 6.850000e+00
      vertex   1.627900e+02 -1.036632e+02 1.018333e+01
      vertex   1.626750e+02 -1.038274e+02 6.850000e+00
    endloop
  endfacet
  facet normal 8.191520e-01 -5.735764e-01 0.000000e+00
    outer loop
      vertex   1.626750e+02 -1.038274e+02 6.850000e+00
      vertex   1.627900e+02 -1.036632e+02 1.018333e+01
      vertex   1.626750e+02 -1.038274e+02 1.018333e+01
    endloop
  endfacet
  facet normal 9.063078e-01 -4.226183e-01 0.000000e+00
    outer loop
      vertex   1.626750e+02 -1.038274e+02 6.850000e+00
      vertex   1.626750e+02 -1.038274e+02 1.018333e+01
      vertex   1.625903e+02 -1.040091e+02 6.850000e+00
    endloop
  endfacet
  facet normal 9.063078e-01 -4.226183e-01 0.000000e+00
    outer loop
      vertex   1.625903e+02 -1.040091e+02 6.850000e+00
      vertex   1.626750e+02 -1.038274e+02 1.018333e+01
      vertex   1.625903e+02 -1.040091e+02 1.018333e+01
    endloop
  endfacet
  facet normal 9.659258e-01 -2.588190e-01 0.000000e+00
    outer loop
      vertex   1.625903e+02 -1.040091e+02 6.850000e+00
      vertex   1.625903e+02 -1.040091e+02 1.018333e+01
      vertex   1.625384e+02 -1.042027e+02 6.850000e+00
    endloop
  endfacet
  facet normal 9.659258e-01 -2.588190e-01 0.000000e+00
    outer loop
      vertex   1.625384e+02 -1.042027e+02 6.850000e+00
      vertex   1.625903e+02 -1.040091e+02 1.018333e+01
      vertex   1.625384e+02 -1.042027e+02 1.018333e+01
    endloop
  endfacet
  facet normal 9.961947e-01 -8.715574e-02 0.000000e+00
    outer loop
      vertex   1.625384e+02 -1.042027e+02 6.850000e+00
      vertex   1.625384e+02 -1.042027e+02 1.018333e+01
      vertex   1.625209e+02 -1.044024e+02 6.850000e+00
    endloop
  endfacet
  facet normal 9.961947e-01 -8.715574e-02 0.000000e+00
    outer loop
      vertex   1.625209e+02 -1.044024e+02 6.850000e+00
      vertex   1.625384e+02 -1.042027e+02 1.018333e+01
      vertex   1.625209e+02 -1.044024e+02 1.018333e+01
    endloop
  endfacet
  facet normal 9.961947e-01 8.715574e-02 -0.000000e+00
    outer loop
      vertex   1.625209e+02 -1.044024e+02 6.850000e+00
      vertex   1.625209e+02 -1.044024e+02 1.018333e+01
      vertex   1.625384e+02 -1.046021e+02 6.850000e+00
    endloop
  endfacet
  facet normal 9.961947e-01 8.715574e-02 -0.000000e+00
    outer loop
      vertex   1.625384e+02 -1.046021e+02 6.850000e+00
      vertex   1.625209e+02 -1.044024e+02 1.018333e+01
      vertex   1.625384e+02 -1.046021e+02 1.018333e+01
    endloop
  endfacet
  facet normal 9.659258e-01 2.588190e-01 -0.000000e+00
    outer loop
      vertex   1.625384e+02 -1.046021e+02 6.850000e+00
      vertex   1.625384e+02 -1.046021e+02 1.018333e+01
      vertex   1.625903e+02 -1.047958e+02 6.850000e+00
    endloop
  endfacet
  facet normal 9.659258e-01 2.588190e-01 -0.000000e+00
    outer loop
      vertex   1.625903e+02 -1.047958e+02 6.850000e+00
      vertex   1.625384e+02 -1.046021e+02 1.018333e+01
      vertex   1.625903e+02 -1.047958e+02 1.018333e+01
    endloop
  endfacet
  facet normal 9.063078e-01 4.226183e-01 -0.000000e+00
    outer loop
      vertex   1.625903e+02 -1.047958e+02 6.850000e+00
      vertex   1.625903e+02 -1.047958e+02 1.018333e+01
      vertex   1.626750e+02 -1.049774e+02 6.850000e+00
    endloop
  endfacet
  facet normal 9.063078e-01 4.226183e-01 -0.000000e+00
    outer loop
      vertex   1.626750e+02 -1.049774e+02 6.850000e+00
      vertex   1.625903e+02 -1.047958e+02 1.018333e+01
      vertex   1.626750e+02 -1.049774e+02 1.018333e+01
    endloop
  endfacet
  facet normal 8.191520e-01 5.735764e-01 -0.000000e+00
    outer loop
      vertex   1.626750e+02 -1.049774e+02 6.850000e+00
      vertex   1.626750e+02 -1.049774e+02 1.018333e+01
      vertex   1.627900e+02 -1.051416e+02 6.850000e+00
    endloop
  endfacet
  facet normal 8.191520e-01 5.735764e-01 -0.000000e+00
    outer loop
      vertex   1.627900e+02 -1.051416e+02 6.850000e+00
      vertex   1.626750e+02 -1.049774e+02 1.018333e+01
      vertex   1.627900e+02 -1.051416e+02 1.018333e+01
    endloop
  endfacet
  facet normal 7.071068e-01 7.071068e-01 -0.000000e+00
    outer loop
      vertex   1.627900e+02 -1.051416e+02 6.850000e+00
      vertex   1.627900e+02 -1.051416e+02 1.018333e+01
      vertex   1.629317e+02 -1.052834e+02 6.850000e+00
    endloop
  endfacet
  facet normal 7.071068e-01 7.071068e-01 -0.000000e+00
    outer loop
      vertex   1.629317e+02 -1.052834e+02 6.850000e+00
      vertex   1.627900e+02 -1.051416e+02 1.018333e+01
      vertex   1.629317e+02 -1.052834e+02 1.018333e+01
    endloop
  endfacet
  facet normal 5.735764e-01 8.191520e-01 -0.000000e+00
    outer loop
      vertex   1.629317e+02 -1.052834e+02 6.850000e+00
      vertex   1.629317e+02 -1.052834e+02 1.018333e+01
      vertex   1.630959e+02 -1.053984e+02 6.850000e+00
    endloop
  endfacet
  facet normal 5.735764e-01 8.191520e-01 -0.000000e+00
    outer loop
      vertex   1.630959e+02 -1.053984e+02 6.850000e+00
      vertex   1.629317e+02 -1.052834e+02 1.018333e+01
      vertex   1.630959e+02 -1.053984e+02 1.018333e+01
    endloop
  endfacet
  facet normal 4.226183e-01 9.063078e-01 -0.000000e+00
    outer loop
      vertex   1.630959e+02 -1.053984e+02 6.850000e+00
      vertex   1.630959e+02 -1.053984e+02 1.018333e+01
      vertex   1.632776e+02 -1.054831e+02 6.850000e+00
    endloop
  endfacet
  facet normal 4.226183e-01 9.063078e-01 -0.000000e+00
    outer loop
      vertex   1.632776e+02 -1.054831e+02 6.850000e+00
      vertex   1.630959e+02 -1.053984e+02 1.018333e+01
      vertex   1.632776e+02 -1.054831e+02 1.018333e+01
    endloop
  endfacet
  facet normal 2.588190e-01 9.659258e-01 -0.000000e+00
    outer loop
      vertex   1.632776e+02 -1.054831e+02 6.850000e+00
      vertex   1.632776e+02 -1.054831e+02 1.018333e+01
      vertex   1.634712e+02 -1.055350e+02 6.850000e+00
    endloop
  endfacet
  facet normal 2.588190e-01 9.659258e-01 -0.000000e+00
    outer loop
      vertex   1.634712e+02 -1.055350e+02 6.850000e+00
      vertex   1.632776e+02 -1.054831e+02 1.018333e+01
      vertex   1.634712e+02 -1.055350e+02 1.018333e+01
    endloop
  endfacet
  facet normal 8.715574e-02 9.961947e-01 -0.000000e+00
    outer loop
      vertex   1.634712e+02 -1.055350e+02 6.850000e+00
      vertex   1.634712e+02 -1.055350e+02 1.018333e+01
      vertex   1.636709e+02 -1.055524e+02 6.850000e+00
    endloop
  endfacet
  facet normal 8.715574e-02 9.961947e-01 -0.000000e+00
    outer loop
      vertex   1.636709e+02 -1.055524e+02 6.850000e+00
      vertex   1.634712e+02 -1.055350e+02 1.018333e+01
      vertex   1.636709e+02 -1.055524e+02 1.018333e+01
    endloop
  endfacet
  facet normal -8.715574e-02 9.961947e-01 0.000000e+00
    outer loop
      vertex   1.636709e+02 -1.055524e+02 6.850000e+00
      vertex   1.636709e+02 -1.055524e+02 1.018333e+01
      vertex   1.638706e+02 -1.055350e+02 6.850000e+00
    endloop
  endfacet
  facet normal -8.715574e-02 9.961947e-01 0.000000e+00
    outer loop
      vertex   1.638706e+02 -1.055350e+02 6.850000e+00
      vertex   1.636709e+02 -1.055524e+02 1.018333e+01
      vertex   1.638706e+02 -1.055350e+02 1.018333e+01
    endloop
  endfacet
  facet normal -2.588190e-01 9.659258e-01 0.000000e+00
    outer loop
      vertex   1.638706e+02 -1.055350e+02 6.850000e+00
      vertex   1.638706e+02 -1.055350e+02 1.018333e+01
      vertex   1.640642e+02 -1.054831e+02 6.850000e+00
    endloop
  endfacet
  facet normal -2.588190e-01 9.659258e-01 0.000000e+00
    outer loop
      vertex   1.640642e+02 -1.054831e+02 6.850000e+00
      vertex   1.638706e+02 -1.055350e+02 1.018333e+01
      vertex   1.640642e+02 -1.054831e+02 1.018333e+01
    endloop
  endfacet
  facet normal -4.226183e-01 9.063078e-01 0.000000e+00
    outer loop
      vertex   1.640642e+02 -1.054831e+02 6.850000e+00
      vertex   1.640642e+02 -1.054831e+02 1.018333e+01
      vertex   1.642459e+02 -1.053984e+02 6.850000e+00
    endloop
  endfacet
  facet normal -4.226183e-01 9.063078e-01 0.000000e+00
    outer loop
      vertex   1.642459e+02 -1.053984e+02 6.850000e+00
      vertex   1.640642e+02 -1.054831e+02 1.018333e+01
      vertex   1.642459e+02 -1.053984e+02 1.018333e+01
    endloop
  endfacet
  facet normal -5.735764e-01 8.191520e-01 0.000000e+00
    outer loop
      vertex   1.642459e+02 -1.053984e+02 6.850000e+00
      vertex   1.642459e+02 -1.053984e+02 1.018333e+01
      vertex   1.644101e+02 -1.052834e+02 6.850000e+00
    endloop
  endfacet
  facet normal -5.735764e-01 8.191520e-01 0.000000e+00
    outer loop
      vertex   1.644101e+02 -1.052834e+02 6.850000e+00
      vertex   1.642459e+02 -1.053984e+02 1.018333e+01
      vertex   1.644101e+02 -1.052834e+02 1.018333e+01
    endloop
  endfacet
  facet normal -7.071068e-01 7.071068e-01 0.000000e+00
    outer loop
      vertex   1.644101e+02 -1.052834e+02 6.850000e+00
      vertex   1.644101e+02 -1.052834e+02 1.018333e+01
      vertex   1.645519e+02 -1.051416e+02 6.850000e+00
    endloop
  endfacet
  facet normal -7.071068e-01 7.071068e-01 0.000000e+00
    outer loop
      vertex   1.645519e+02 -1.051416e+02 6.850000e+00
      vertex   1.644101e+02 -1.052834e+02 1.018333e+01
      vertex   1.645519e+02 -1.051416e+02 1.018333e+01
    endloop
  endfacet
  facet normal -8.191520e-01 5.735764e-01 0.000000e+00
    outer loop
      vertex   1.645519e+02 -1.051416e+02 6.850000e+00
      vertex   1.645519e+02 -1.051416e+02 1.018333e+01
      vertex   1.646669e+02 -1.049774e+02 6.850000e+00
    endloop
  endfacet
  facet normal -8.191520e-01 5.735764e-01 0.000000e+00
    outer loop
      vertex   1.646669e+02 -1.049774e+02 6.850000e+00
      vertex   1.645519e+02 -1.051416e+02 1.018333e+01
      vertex   1.646669e+02 -1.049774e+02 1.018333e+01
    endloop
  endfacet
  facet normal -9.063078e-01 4.226183e-01 0.000000e+00
    outer loop
      vertex   1.646669e+02 -1.049774e+02 6.850000e+00
      vertex   1.646669e+02 -1.049774e+02 1.018333e+01
      vertex   1.647516e+02 -1.047958e+02 6.850000e+00
    endloop
  endfacet
  facet normal -9.063078e-01 4.226183e-01 0.000000e+00
    outer loop
      vertex   1.647516e+02 -1.047958e+02 6.850000e+00
      vertex   1.646669e+02 -1.049774e+02 1.018333e+01
      vertex   1.647516e+02 -1.047958e+02 1.018333e+01
    endloop
  endfacet
  facet normal -9.659258e-01 2.588190e-01 0.000000e+00
    outer loop
      vertex   1.647516e+02 -1.047958e+02 6.850000e+00
      vertex   1.647516e+02 -1.047958e+02 1.018333e+01
      vertex   1.648035e+02 -1.046021e+02 6.850000e+00
    endloop
  endfacet
  facet normal -9.659258e-01 2.588190e-01 0.000000e+00
    outer loop
      vertex   1.648035e+02 -1.046021e+02 6.850000e+00
      vertex   1.647516e+02 -1.047958e+02 1.018333e+01
      vertex   1.648035e+02 -1.046021e+02 1.018333e+01
    endloop
  endfacet
  facet normal -9.961947e-01 8.715574e-02 0.000000e+00
    outer loop
      vertex   1.648209e+02 -1.044024e+02 1.351667e+01
      vertex   1.648209e+02 -1.044024e+02 1.018333e+01
      vertex   1.648035e+02 -1.046021e+02 1.351667e+01
    endloop
  endfacet
  facet normal -9.961947e-01 8.715574e-02 0.000000e+00
    outer loop
      vertex   1.648035e+02 -1.046021e+02 1.351667e+01
      vertex   1.648209e+02 -1.044024e+02 1.018333e+01
      vertex   1.648035e+02 -1.046021e+02 1.018333e+01
    endloop
  endfacet
  facet normal -9.659258e-01 2.588190e-01 0.000000e+00
    outer loop
      vertex   1.648035e+02 -1.046021e+02 1.351667e+01
      vertex   1.648035e+02 -1.046021e+02 1.018333e+01
      vertex   1.647516e+02 -1.047958e+02 1.351667e+01
    endloop
  endfacet
  facet normal -9.659258e-01 2.588190e-01 0.000000e+00
    outer loop
      vertex   1.647516e+02 -1.047958e+02 1.351667e+01
      vertex   1.648035e+02 -1.046021e+02 1.018333e+01
      vertex   1.647516e+02 -1.047958e+02 1.018333e+01
    endloop
  endfacet
  facet normal -9.063078e-01 4.226183e-01 0.000000e+00
    outer loop
      vertex   1.647516e+02 -1.047958e+02 1.351667e+01
      vertex   1.647516e+02 -1.047958e+02 1.018333e+01
      vertex   1.646669e+02 -1.049774e+02 1.351667e+01
    endloop
  endfacet
  facet normal -9.063078e-01 4.226183e-01 0.000000e+00
    outer loop
      vertex   1.646669e+02 -1.049774e+02 1.351667e+01
      vertex   1.647516e+02 -1.047958e+02 1.018333e+01
      vertex   1.646669e+02 -1.049774e+02 1.018333e+01
    endloop
  endfacet
  facet normal -8.191520e-01 5.735764e-01 0.000000e+00
    outer loop
      vertex   1.646669e+02 -1.049774e+02 1.351667e+01
      vertex   1.646669e+02 -1.049774e+02 1.018333e+01
      vertex   1.645519e+02 -1.051416e+02 1.351667e+01
    endloop
  endfacet
  facet normal -8.191520e-01 5.735764e-01 0.000000e+00
    outer loop
      vertex   1.645519e+02 -1.051416e+02 1.351667e+01
      vertex   1.646669e+02 -1.049774e+02 1.018333e+01
      vertex   1.645519e+02 -1.051416e+02 1.018333e+01
    endloop
  endfacet
  facet normal -7.071068e-01 7.071068e-01 0.000000e+00
    outer loop
      vertex   1.645519e+02 -1.051416e+02 1.351667e+01
      vertex   1.645519e+02 -1.051416e+02 1.018333e+01
      vertex   1.644101e+02 -1.052834e+02 1.351667e+01
    endloop
  endfacet
  facet normal -7.071068e-01 7.071068e-01 0.000000e+00
    outer loop
      vertex   1.644101e+02 -1.052834e+02 1.351667e+01
      vertex   1.645519e+02 -1.051416e+02 1.018333e+01
      vertex   1.644101e+02 -1.052834e+02 1.018333e+01
    endloop
  endfacet
  facet normal -5.735764e-01 8.191520e-01 0.000000e+00
    outer loop
      vertex   1.644101e+02 -1.052834e+02 1.351667e+01
      vertex   1.644101e+02 -1.052834e+02 1.018333e+01
      vertex   1.642459e+02 -1.053984e+02 1.351667e+01
    endloop
  endfacet
  facet normal -5.735764e-01 8.191520e-01 0.000000e+00
    outer loop
      vertex   1.642459e+02 -1.053984e+02 1.351667e+01
      vertex   1.644101e+02 -1.052834e+02 1.018333e+01
      vertex   1.642459e+02 -1.053984e+02 1.018333e+01
    endloop
  endfacet
  facet normal -4.226183e-01 9.063078e-01 0.000000e+00
    outer loop
      vertex   1.642459e+02 -1.053984e+02 1.351667e+01
      vertex   1.642459e+02 -1.053984e+02 1.018333e+01
      vertex   1.640642e+02 -1.054831e+02 1.351667e+01
    endloop
  endfacet
  facet normal -4.226183e-01 9.063078e-01 0.000000e+00
    outer loop
      vertex   1.640642e+02 -1.054831e+02 1.351667e+01
      vertex   1.642459e+02 -1.053984e+02 1.018333e+01
      vertex   1.640642e+02 -1.054831e+02 1.018333e+01
    endloop
  endfacet
  facet normal -2.588190e-01 9.659258e-01 0.000000e+00
    outer loop
      vertex   1.640642e+02 -1.054831e+02 1.351667e+01
      vertex   1.640642e+02 -1.054831e+02 1.018333e+01
      vertex   1.638706e+02 -1.055350e+02 1.351667e+01
    endloop
  endfacet
  facet normal -2.588190e-01 9.659258e-01 0.000000e+00
    outer loop
      vertex   1.638706e+02 -1.055350e+02 1.351667e+01
      vertex   1.640642e+02 -1.054831e+02 1.018333e+01
      vertex   1.638706e+02 -1.055350e+02 1.018333e+01
    endloop
  endfacet
  facet normal -8.715574e-02 9.961947e-01 0.000000e+00
    outer loop
      vertex   1.638706e+02 -1.055350e+02 1.351667e+01
      vertex   1.638706e+02 -1.055350e+02 1.018333e+01
      vertex   1.636709e+02 -1.055524e+02 1.351667e+01
    endloop
  endfacet
  facet normal -8.715574e-02 9.961947e-01 0.000000e+00
    outer loop
      vertex   1.636709e+02 -1.055524e+02 1.351667e+01
      vertex   1.638706e+02 -1.055350e+02 1.018333e+01
      vertex   1.636709e+02 -1.055524e+02 1.018333e+01
    endloop
  endfacet
  facet normal 8.715574e-02 9.961947e-01 0.000000e+00
    outer loop
      vertex   1.636709e+02 -1.055524e+02 1.351667e+01
      vertex   1.636709e+02 -1.055524e+02 1.018333e+01
      vertex   1.634712e+02 -1.055350e+02 1.351667e+01
    endloop
  endfacet
  facet normal 8.715574e-02 9.961947e-01 0.000000e+00
    outer loop
      vertex   1.634712e+02 -1.055350e+02 1.351667e+01
      vertex   1.636709e+02 -1.055524e+02 1.018333e+01
      vertex   1.634712e+02 -1.055350e+02 1.018333e+01
    endloop
  endfacet
  facet normal 2.588190e-01 9.659258e-01 0.000000e+00
    outer loop
      vertex   1.634712e+02 -1.055350e+02 1.351667e+01
      vertex   1.634712e+02 -1.055350e+02 1.018333e+01
      vertex   1.632776e+02 -1.054831e+02 1.351667e+01
    endloop
  endfacet
  facet normal 2.588190e-01 9.659258e-01 0.000000e+00
    outer loop
      vertex   1.632776e+02 -1.054831e+02 1.351667e+01
      vertex   1.634712e+02 -1.055350e+02 1.018333e+01
      vertex   1.632776e+02 -1.054831e+02 1.018333e+01
    endloop
  endfacet
  facet normal 4.226183e-01 9.063078e-01 0.000000e+00
    outer loop
      vertex   1.632776e+02 -1.054831e+02 1.351667e+01
      vertex   1.632776e+02 -1.054831e+02 1.018333e+01
      vertex   1.630959e+02 -1.053984e+02 1.351667e+01
    endloop
  endfacet
  facet normal 4.226183e-01 9.063078e-01 0.000000e+00
    outer loop
      vertex   1.630959e+02 -1.053984e+02 1.351667e+01
      vertex   1.632776e+02 -1.054831e+02 1.018333e+01
      vertex   1.630959e+02 -1.053984e+02 1.018333e+01
    endloop
  endfacet
  facet normal 5.735764e-01 8.191520e-01 0.000000e+00
    outer loop
      vertex   1.630959e+02 -1.053984e+02 1.351667e+01
      vertex   1.630959e+02 -1.053984e+02 1.018333e+01
      vertex   1.629317e+02 -1.052834e+02 1.351667e+01
    endloop
  endfacet
  facet normal 5.735764e-01 8.191520e-01 0.000000e+00
    outer loop
      vertex   1.629317e+02 -1.052834e+02 1.351667e+01
      vertex   1.630959e+02 -1.053984e+02 1.018333e+01
      vertex   1.629317e+02 -1.052834e+02 1.018333e+01
    endloop
  endfacet
  facet normal 7.071068e-01 7.071068e-01 0.000000e+00
    outer loop
      vertex   1.629317e+02 -1.052834e+02 1.351667e+01
      vertex   1.629317e+02 -1.052834e+02 1.018333e+01
      vertex   1.627900e+02 -1.051416e+02 1.351667e+01
    endloop
  endfacet
  facet normal 7.071068e-01 7.071068e-01 0.000000e+00
    outer loop
      vertex   1.627900e+02 -1.051416e+02 1.351667e+01
      vertex   1.629317e+02 -1.052834e+02 1.018333e+01
      vertex   1.627900e+02 -1.051416e+02 1.018333e+01
    endloop
  endfacet
  facet normal 8.191520e-01 5.735764e-01 0.000000e+00
    outer loop
      vertex   1.627900e+02 -1.051416e+02 1.351667e+01
      vertex   1.627900e+02 -1.051416e+02 1.018333e+01
      vertex   1.626750e+02 -1.049774e+02 1.351667e+01
    endloop
  endfacet
  facet normal 8.191520e-01 5.735764e-01 0.000000e+00
    outer loop
      vertex   1.626750e+02 -1.049774e+02 1.351667e+01
      vertex   1.627900e+02 -1.051416e+02 1.018333e+01
      vertex   1.626750e+02 -1.049774e+02 1.018333e+01
    endloop
  endfacet
  facet normal 9.063078e-01 4.226183e-01 0.000000e+00
    outer loop
      vertex   1.626750e+02 -1.049774e+02 1.351667e+01
      vertex   1.626750e+02 -1.049774e+02 1.018333e+01
      vertex   1.625903e+02 -1.047958e+02 1.351667e+01
    endloop
  endfacet
  facet normal 9.063078e-01 4.226183e-01 0.000000e+00
    outer loop
      vertex   1.625903e+02 -1.047958e+02 1.351667e+01
      vertex   1.626750e+02 -1.049774e+02 1.018333e+01
      vertex   1.625903e+02 -1.047958e+02 1.018333e+01
    endloop
  endfacet
  facet normal 9.659258e-01 2.588190e-01 0.000000e+00
    outer loop
      vertex   1.625903e+02 -1.047958e+02 1.351667e+01
      vertex   1.625903e+02 -1.047958e+02 1.018333e+01
      vertex   1.625384e+02 -1.046021e+02 1.351667e+01
    endloop
  endfacet
  facet normal 9.659258e-01 2.588190e-01 0.000000e+00
    outer loop
      vertex   1.625384e+02 -1.046021e+02 1.351667e+01
      vertex   1.625903e+02 -1.047958e+02 1.018333e+01
      vertex   1.625384e+02 -1.046021e+02 1.018333e+01
    endloop
  endfacet
  facet normal 9.961947e-01 8.715574e-02 0.000000e+00
    outer loop
      vertex   1.625384e+02 -1.046021e+02 1.351667e+01
      vertex   1.625384e+02 -1.046021e+02 1.018333e+01
      vertex   1.625209e+02 -1.044024e+02 1.351667e+01
    endloop
  endfacet
  facet normal 9.961947e-01 8.715574e-02 0.000000e+00
    outer loop
      vertex   1.625209e+02 -1.044024e+02 1.351667e+01
      vertex   1.625384e+02 -1.046021e+02 1.018333e+01
      vertex   1.625209e+02 -1.044024e+02 1.018333e+01
    endloop
  endfacet
  facet normal 9.961947e-01 -8.715574e-02 0.000000e+00
    outer loop
      vertex   1.625209e+02 -1.044024e+02 1.351667e+01
      vertex   1.625209e+02 -1.044024e+02 1.018333e+01
      vertex   1.625384e+02 -1.042027e+02 1.351667e+01
    endloop
  endfacet
  facet normal 9.961947e-01 -8.715574e-02 0.000000e+00
    outer loop
      vertex   1.625384e+02 -1.042027e+02 1.351667e+01
      vertex   1.625209e+02 -1.044024e+02 1.018333e+01
      vertex   1.625384e+02 -1.042027e+02 1.018333e+01
    endloop
  endfacet
  facet normal 9.659258e-01 -2.588190e-01 0.000000e+00
    outer loop
      vertex   1.625384e+02 -1.042027e+02 1.351667e+01
      vertex   1.625384e+02 -1.042027e+02 1.018333e+01
      vertex   1.625903e+02 -1.040091e+02 1.351667e+01
    endloop
  endfacet
  facet normal 9.659258e-01 -2.588190e-01 0.000000e+00
    outer loop
      vertex   1.625903e+02 -1.040091e+02 1.351667e+01
      vertex   1.625384e+02 -1.042027e+02 1.018333e+01
      vertex   1.625903e+02 -1.040091e+02 1.018333e+01
    endloop
  endfacet
  facet normal 9.063078e-01 -4.226183e-01 0.000000e+00
    outer loop
      vertex   1.625903e+02 -1.040091e+02 1.351667e+01
      vertex   1.625903e+02 -1.040091e+02 1.018333e+01
      vertex   1.626750e+02 -1.038274e+02 1.351667e+01
    endloop
  endfacet
  facet normal 9.063078e-01 -4.226183e-01 0.000000e+00
    outer loop
      vertex   1.626750e+02 -1.038274e+02 1.351667e+01
      vertex   1.625903e+02 -1.040091e+02 1.018333e+01
      vertex   1.626750e+02 -1.038274e+02 1.018333e+01
    endloop
  endfacet
  facet normal 8.191520e-01 -5.735764e-01 0.000000e+00
    outer loop
      vertex   1.626750e+02 -1.038274e+02 1.351667e+01
      vertex   1.626750e+02 -1.038274e+02 1.018333e+01
      vertex   1.627900e+02 -1.036632e+02 1.351667e+01
    endloop
  endfacet
  facet normal 8.191520e-01 -5.735764e-01 0.000000e+00
    outer loop
      vertex   1.627900e+02 -1.036632e+02 1.351667e+01
      vertex   1.626750e+02 -1.038274e+02 1.018333e+01
      vertex   1.627900e+02 -1.036632e+02 1.018333e+01
    endloop
  endfacet
  facet normal 7.071068e-01 -7.071068e-01 0.000000e+00
    outer loop
      vertex   1.627900e+02 -1.036632e+02 1.351667e+01
      vertex   1.627900e+02 -1.036632e+02 1.018333e+01
      vertex   1.629317e+02 -1.035215e+02 1.351667e+01
    endloop
  endfacet
  facet normal 7.071068e-01 -7.071068e-01 0.000000e+00
    outer loop
      vertex   1.629317e+02 -1.035215e+02 1.351667e+01
      vertex   1.627900e+02 -1.036632e+02 1.018333e+01
      vertex   1.629317e+02 -1.035215e+02 1.018333e+01
    endloop
  endfacet
  facet normal 5.735764e-01 -8.191520e-01 0.000000e+00
    outer loop
      vertex   1.629317e+02 -1.035215e+02 1.351667e+01
      vertex   1.629317e+02 -1.035215e+02 1.018333e+01
      vertex   1.630959e+02 -1.034065e+02 1.351667e+01
    endloop
  endfacet
  facet normal 5.735764e-01 -8.191520e-01 0.000000e+00
    outer loop
      vertex   1.630959e+02 -1.034065e+02 1.351667e+01
      vertex   1.629317e+02 -1.035215e+02 1.018333e+01
      vertex   1.630959e+02 -1.034065e+02 1.018333e+01
    endloop
  endfacet
  facet normal 4.226183e-01 -9.063078e-01 0.000000e+00
    outer loop
      vertex   1.630959e+02 -1.034065e+02 1.351667e+01
      vertex   1.630959e+02 -1.034065e+02 1.018333e+01
      vertex   1.632776e+02 -1.033218e+02 1.351667e+01
    endloop
  endfacet
  facet normal 4.226183e-01 -9.063078e-01 0.000000e+00
    outer loop
      vertex   1.632776e+02 -1.033218e+02 1.351667e+01
      vertex   1.630959e+02 -1.034065e+02 1.018333e+01
      vertex   1.632776e+02 -1.033218e+02 1.018333e+01
    endloop
  endfacet
  facet normal 2.588190e-01 -9.659258e-01 0.000000e+00
    outer loop
      vertex   1.632776e+02 -1.033218e+02 1.351667e+01
      vertex   1.632776e+02 -1.033218e+02 1.018333e+01
      vertex   1.634712e+02 -1.032699e+02 1.351667e+01
    endloop
  endfacet
  facet normal 2.588190e-01 -9.659258e-01 0.000000e+00
    outer loop
      vertex   1.634712e+02 -1.032699e+02 1.351667e+01
      vertex   1.632776e+02 -1.033218e+02 1.018333e+01
      vertex   1.634712e+02 -1.032699e+02 1.018333e+01
    endloop
  endfacet
  facet normal 8.715574e-02 -9.961947e-01 0.000000e+00
    outer loop
      vertex   1.634712e+02 -1.032699e+02 1.351667e+01
      vertex   1.634712e+02 -1.032699e+02 1.018333e+01
      vertex   1.636709e+02 -1.032524e+02 1.351667e+01
    endloop
  endfacet
  facet normal 8.715574e-02 -9.961947e-01 0.000000e+00
    outer loop
      vertex   1.636709e+02 -1.032524e+02 1.351667e+01
      vertex   1.634712e+02 -1.032699e+02 1.018333e+01
      vertex   1.636709e+02 -1.032524e+02 1.018333e+01
    endloop
  endfacet
  facet normal -8.715574e-02 -9.961947e-01 -0.000000e+00
    outer loop
      vertex   1.636709e+02 -1.032524e+02 1.351667e+01
      vertex   1.636709e+02 -1.032524e+02 1.018333e+01
      vertex   1.638706e+02 -1.032699e+02 1.351667e+01
    endloop
  endfacet
  facet normal -8.715574e-02 -9.961947e-01 -0.000000e+00
    outer loop
      vertex   1.638706e+02 -1.032699e+02 1.351667e+01
      vertex   1.636709e+02 -1.032524e+02 1.018333e+01
      vertex   1.638706e+02 -1.032699e+02 1.018333e+01
    endloop
  endfacet
  facet normal -2.588190e-01 -9.659258e-01 -0.000000e+00
    outer loop
      vertex   1.638706e+02 -1.032699e+02 1.351667e+01
      vertex   1.638706e+02 -1.032699e+02 1.018333e+01
      vertex   1.640642e+02 -1.033218e+02 1.351667e+01
    endloop
  endfacet
  facet normal -2.588190e-01 -9.659258e-01 -0.000000e+00
    outer loop
      vertex   1.640642e+02 -1.033218e+02 1.351667e+01
      vertex   1.638706e+02 -1.032699e+02 1.018333e+01
      vertex   1.640642e+02 -1.033218e+02 1.018333e+01
    endloop
  endfacet
  facet normal -4.226183e-01 -9.063078e-01 -0.000000e+00
    outer loop
      vertex   1.640642e+02 -1.033218e+02 1.351667e+01
      vertex   1.640642e+02 -1.033218e+02 1.018333e+01
      vertex   1.642459e+02 -1.034065e+02 1.351667e+01
    endloop
  endfacet
  facet normal -4.226183e-01 -9.063078e-01 -0.000000e+00
    outer loop
      vertex   1.642459e+02 -1.034065e+02 1.351667e+01
      vertex   1.640642e+02 -1.033218e+02 1.018333e+01
      vertex   1.642459e+02 -1.034065e+02 1.018333e+01
    endloop
  endfacet
  facet normal -5.735764e-01 -8.191520e-01 -0.000000e+00
    outer loop
      vertex   1.642459e+02 -1.034065e+02 1.351667e+01
      vertex   1.642459e+02 -1.034065e+02 1.018333e+01
      vertex   1.644101e+02 -1.035215e+02 1.351667e+01
    endloop
  endfacet
  facet normal -5.735764e-01 -8.191520e-01 -0.000000e+00
    outer loop
      vertex   1.644101e+02 -1.035215e+02 1.351667e+01
      vertex   1.642459e+02 -1.034065e+02 1.018333e+01
      vertex   1.644101e+02 -1.035215e+02 1.018333e+01
    endloop
  endfacet
  facet normal -7.071068e-01 -7.071068e-01 -0.000000e+00
    outer loop
      vertex   1.644101e+02 -1.035215e+02 1.351667e+01
      vertex   1.644101e+02 -1.035215e+02 1.018333e+01
      vertex   1.645519e+02 -1.036632e+02 1.351667e+01
    endloop
  endfacet
  facet normal -7.071068e-01 -7.071068e-01 -0.000000e+00
    outer loop
      vertex   1.645519e+02 -1.036632e+02 1.351667e+01
      vertex   1.644101e+02 -1.035215e+02 1.018333e+01
      vertex   1.645519e+02 -1.036632e+02 1.018333e+01
    endloop
  endfacet
  facet normal -8.191520e-01 -5.735764e-01 -0.000000e+00
    outer loop
      vertex   1.645519e+02 -1.036632e+02 1.351667e+01
      vertex   1.645519e+02 -1.036632e+02 1.018333e+01
      vertex   1.646669e+02 -1.038274e+02 1.351667e+01
    endloop
  endfacet
  facet normal -8.191520e-01 -5.735764e-01 -0.000000e+00
    outer loop
      vertex   1.646669e+02 -1.038274e+02 1.351667e+01
      vertex   1.645519e+02 -1.036632e+02 1.018333e+01
      vertex   1.646669e+02 -1.038274e+02 1.018333e+01
    endloop
  endfacet
  facet normal -9.063078e-01 -4.226183e-01 -0.000000e+00
    outer loop
      vertex   1.646669e+02 -1.038274e+02 1.351667e+01
      vertex   1.646669e+02 -1.038274e+02 1.018333e+01
      vertex   1.647516e+02 -1.040091e+02 1.351667e+01
    endloop
  endfacet
  facet normal -9.063078e-01 -4.226183e-01 -0.000000e+00
    outer loop
      vertex   1.647516e+02 -1.040091e+02 1.351667e+01
      vertex   1.646669e+02 -1.038274e+02 1.018333e+01
      vertex   1.647516e+02 -1.040091e+02 1.018333e+01
    endloop
  endfacet
  facet normal -9.659258e-01 -2.588190e-01 -0.000000e+00
    outer loop
      vertex   1.647516e+02 -1.040091e+02 1.351667e+01
      vertex   1.647516e+02 -1.040091e+02 1.018333e+01
      vertex   1.648035e+02 -1.042027e+02 1.351667e+01
    endloop
  endfacet
  facet normal -9.659258e-01 -2.588190e-01 -0.000000e+00
    outer loop
      vertex   1.648035e+02 -1.042027e+02 1.351667e+01
      vertex   1.647516e+02 -1.040091e+02 1.018333e+01
      vertex   1.648035e+02 -1.042027e+02 1.018333e+01
    endloop
  endfacet
  facet normal -9.961947e-01 -8.715574e-02 -0.000000e+00
    outer loop
      vertex   1.648035e+02 -1.042027e+02 1.351667e+01
      vertex   1.648035e+02 -1.042027e+02 1.018333e+01
      vertex   1.648209e+02 -1.044024e+02 1.351667e+01
    endloop
  endfacet
  facet normal -9.961947e-01 -8.715574e-02 -0.000000e+00
    outer loop
      vertex   1.648209e+02 -1.044024e+02 1.351667e+01
      vertex   1.648035e+02 -1.042027e+02 1.018333e+01
      vertex   1.648209e+02 -1.044024e+02 1.018333e+01
    endloop
  endfacet
  facet normal 0.000000e+00 0.000000e+00 -1.000000e+00
    outer loop
      vertex   1.648035e+02 -1.046021e+02 1.685000e+01
      vertex   1.625384e+02 -1.046021e+02 1.685000e+01
      vertex   1.648209e+02 -1.044024e+02 1.685000e+01
    endloop
  endfacet
  facet normal -0.000000e+00 0.000000e+00 -1.000000e+00
    outer loop
      vertex   1.648209e+02 -1.044024e+02 1.685000e+01
      vertex   1.625384e+02 -1.046021e+02 1.685000e+01
      vertex   1.625209e+02 -1.044024e+02 1.685000e+01
    endloop
  endfacet
  facet normal 0.000000e+00 0.000000e+00 -1.000000e+00
    outer loop
      vertex   1.648209e+02 -1.044024e+02 1.685000e+01
      vertex   1.625209e+02 -1.044024e+02 1.685000e+01
      vertex   1.648035e+02 -1.042027e+02 1.685000e+01
    endloop
  endfacet
  facet normal -0.000000e+00 0.000000e+00 -1.000000e+00
    outer loop
      vertex   1.648035e+02 -1.042027e+02 1.685000e+01
      vertex   1.625209e+02 -1.044024e+02 1.685000e+01
      vertex   1.625384e+02 -1.042027e+02 1.685000e+01
    endloop
  endfacet
  facet normal 0.000000e+00 0.000000e+00 -1.000000e+00
    outer loop
      vertex   1.648035e+02 -1.042027e+02 1.685000e+01
      vertex   1.625384e+02 -1.042027e+02 1.685000e+01
      vertex   1.647516e+02 -1.040091e+02 1.685000e+01
    endloop
  endfacet
  facet normal -0.000000e+00 0.000000e+00 -1.000000e+00
    outer loop
      vertex   1.647516e+02 -1.040091e+02 1.685000e+01
      vertex   1.625384e+02 -1.042027e+02 1.685000e+01
      vertex   1.625903e+02 -1.040091e+02 1.685000e+01
    endloop
  endfacet
  facet normal 0.000000e+00 0.000000e+00 -1.000000e+00
    outer loop
      vertex   1.647516e+02 -1.040091e+02 1.685000e+01
      vertex   1.625903e+02 -1.040091e+02 1.685000e+01
      vertex   1.646669e+02 -1.038274e+02 1.685000e+01
    endloop
  endfacet
  facet normal -0.000000e+00 0.000000e+00 -1.000000e+00
    outer loop
      vertex   1.646669e+02 -1.038274e+02 1.685000e+01
      vertex   1.625903e+02 -1.040091e+02 1.685000e+01
      vertex   1.626750e+02 -1.038274e+02 1.685000e+01
    endloop
  endfacet
  facet normal 0.000000e+00 0.000000e+00 -1.000000e+00
    outer loop
      vertex   1.646669e+02 -1.038274e+02 1.685000e+01
      vertex   1.626750e+02 -1.038274e+02 1.685000e+01
      vertex   1.645519e+02 -1.036632e+02 1.685000e+01
    endloop
  endfacet
  facet normal -0.000000e+00 0.000000e+00 -1.000000e+00
    outer loop
      vertex   1.645519e+02 -1.036632e+02 1.685000e+01
      vertex   1.626750e+02 -1.038274e+02 1.685000e+01
      vertex   1.627900e+02 -1.036632e+02 1.685000e+01
    endloop
  endfacet
  facet normal 0.000000e+00 0.000000e+00 -1.000000e+00
    outer loop
      vertex   1.645519e+02 -1.036632e+02 1.685000e+01
      vertex   1.627900e+02 -1.036632e+02 1.685000e+01
      vertex   1.644101e+02 -1.035215e+02 1.685000e+01
    endloop
  endfacet
  facet normal -0.000000e+00 0.000000e+00 -1.000000e+00
    outer loop
      vertex   1.644101e+02 -1.035215e+02 1.685000e+01
      vertex   1.627900e+02 -1.036632e+02 1.685000e+01
      vertex   1.629317e+02 -1.035215e+02 1.685000e+01
    endloop
  endfacet
  facet normal 0.000000e+00 0.000000e+00 -1.000000e+00
    outer loop
      vertex   1.644101e+02 -1.035215e+02 1.685000e+01
      vertex   1.629317e+02 -1.035215e+02 1.685000e+01
      vertex   1.642459e+02 -1.034065e+02 1.685000e+01
    endloop
  endfacet
  facet normal -0.000000e+00 0.000000e+00 -1.000000e+00
    outer loop
      vertex   1.642459e+02 -1.034065e+02 1.685000e+01
      vertex   1.629317e+02 -1.035215e+02 1.685000e+01
      vertex   1.630959e+02 -1.034065e+02 1.685000e+01
    endloop
  endfacet
  facet normal 0.000000e+00 0.000000e+00 -1.000000e+00
    outer loop
      vertex   1.642459e+02 -1.034065e+02 1.685000e+01
      vertex   1.630959e+02 -1.034065e+02 1.685000e+01
      vertex   1.640642e+02 -1.033218e+02 1.685000e+01
    endloop
  endfacet
  facet normal -0.000000e+00 0.000000e+00 -1.000000e+00
    outer loop
      vertex   1.640642e+02 -1.033218e+02 1.685000e+01
      vertex   1.630959e+02 -1.034065e+02 1.685000e+01
      vertex   1.632776e+02 -1.033218e+02 1.685000e+01
    endloop
  endfacet
  facet normal 0.000000e+00 0.000000e+00 -1.000000e+00
    outer loop
      vertex   1.640642e+02 -1.033218e+02 1.685000e+01
      vertex   1.632776e+02 -1.033218e+02 1.685000e+01
      vertex   1.638706e+02 -1.032699e+02 1.685000e+01
    endloop
  endfacet
  facet normal -0.000000e+00 0.000000e+00 -1.000000e+00
    outer loop
      vertex   1.638706e+02 -1.032699e+02 1.685000e+01
      vertex   1.632776e+02 -1.033218e+02 1.685000e+01
      vertex   1.634712e+02 -1.032699e+02 1.685000e+01
    endloop
  endfacet
  facet normal 0.000000e+00 0.000000e+00 -1.000000e+00
    outer loop
      vertex   1.638706e+02 -1.032699e+02 1.685000e+01
      vertex   1.634712e+02 -1.032699e+02 1.685000e+01
      vertex   1.636709e+02 -1.032524e+02 1.685000e+01
    endloop
  endfacet
  facet normal 0.000000e+00 0.000000e+00 -1.000000e+00
    outer loop
      vertex   1.625384e+02 -1.046021e+02 1.685000e+01
      vertex   1.648035e+02 -1.046021e+02 1.685000e+01
      vertex   1.625903e+02 -1.047958e+02 1.685000e+01
    endloop
  endfacet
  facet normal 0.000000e+00 0.000000e+00 -1.000000e+00
    outer loop
      vertex   1.625903e+02 -1.047958e+02 1.685000e+01
      vertex   1.648035e+02 -1.046021e+02 1.685000e+01
      vertex   1.647516e+02 -1.047958e+02 1.685000e+01
    endloop
  endfacet
  facet normal 0.000000e+00 0.000000e+00 -1.000000e+00
    outer loop
      vertex   1.625903e+02 -1.047958e+02 1.685000e+01
      vertex   1.647516e+02 -1.047958e+02 1.685000e+01
      vertex   1.626750e+02 -1.049774e+02 1.685000e+01
    endloop
  endfacet
  facet normal 0.000000e+00 0.000000e+00 -1.000000e+00
    outer loop
      vertex   1.626750e+02 -1.049774e+02 1.685000e+01
      vertex   1.647516e+02 -1.047958e+02 1.685000e+01
      vertex   1.646669e+02 -1.049774e+02 1.685000e+01
    endloop
  endfacet
  facet normal 0.000000e+00 0.000000e+00 -1.000000e+00
    outer loop
      vertex   1.626750e+02 -1.049774e+02 1.685000e+01
      vertex   1.646669e+02 -1.049774e+02 1.685000e+01
      vertex   1.627900e+02 -1.051416e+02 1.685000e+01
    endloop
  endfacet
  facet normal 0.000000e+00 0.000000e+00 -1.000000e+00
    outer loop
      vertex   1.627900e+02 -1.051416e+02 1.685000e+01
      vertex   1.646669e+02 -1.049774e+02 1.685000e+01
      vertex   1.645519e+02 -1.051416e+02 1.685000e+01
    endloop
  endfacet
  facet normal 0.000000e+00 0.000000e+00 -1.000000e+00
    outer loop
      vertex   1.627900e+02 -1.051416e+02 1.685000e+01
      vertex   1.645519e+02 -1.051416e+02 1.685000e+01
      vertex   1.629317e+02 -1.052834e+02 1.685000e+01
    endloop
  endfacet
  facet normal 0.000000e+00 0.000000e+00 -1.000000e+00
    outer loop
      vertex   1.629317e+02 -1.052834e+02 1.685000e+01
      vertex   1.645519e+02 -1.051416e+02 1.685000e+01
      vertex   1.644101e+02 -1.052834e+02 1.685000e+01
    endloop
  endfacet
  facet normal 0.000000e+00 0.000000e+00 -1.000000e+00
    outer loop
      vertex   1.629317e+02 -1.052834e+02 1.685000e+01
      vertex   1.644101e+02 -1.052834e+02 1.685000e+01
      vertex   1.630959e+02 -1.053984e+02 1.685000e+01
    endloop
  endfacet
  facet normal 0.000000e+00 0.000000e+00 -1.000000e+00
    outer loop
      vertex   1.630959e+02 -1.053984e+02 1.685000e+01
      vertex   1.644101e+02 -1.052834e+02 1.685000e+01
      vertex   1.642459e+02 -1.053984e+02 1.685000e+01
    endloop
  endfacet
  facet normal 0.000000e+00 0.000000e+00 -1.000000e+00
    outer loop
      vertex   1.630959e+02 -1.053984e+02 1.685000e+01
      vertex   1.642459e+02 -1.053984e+02 1.685000e+01
      vertex   1.632776e+02 -1.054831e+02 1.685000e+01
    endloop
  endfacet
  facet normal 0.000000e+00 0.000000e+00 -1.000000e+00
    outer loop
      vertex   1.632776e+02 -1.054831e+02 1.685000e+01
      vertex   1.642459e+02 -1.053984e+02 1.685000e+01
      vertex   1.640642e+02 -1.054831e+02 1.685000e+01
    endloop
  endfacet
  facet normal 0.000000e+00 0.000000e+00 -1.000000e+00
    outer loop
      vertex   1.632776e+02 -1.054831e+02 1.685000e+01
      vertex   1.640642e+02 -1.054831e+02 1.685000e+01
      vertex   1.634712e+02 -1.055350e+02 1.685000e+01
    endloop
  endfacet
  facet normal 0.000000e+00 0.000000e+00 -1.000000e+00
    outer loop
      vertex   1.634712e+02 -1.055350e+02 1.685000e+01
      vertex   1.640642e+02 -1.054831e+02 1.685000e+01
      vertex   1.638706e+02 -1.055350e+02 1.685000e+01
    endloop
  endfacet
  facet normal 0.000000e+00 0.000000e+00 -1.000000e+00
    outer loop
      vertex   1.634712e+02 -1.055350e+02 1.685000e+01
      vertex   1.638706e+02 -1.055350e+02 1.685000e+01
      vertex   1.636709e+02 -1.055524e+02 1.685000e+01
    endloop
  endfacet
  facet normal -9.961947e-01 -8.715574e-02 -0.000000e+00
    outer loop
      vertex   7.146707e+01 -2.308468e+01 1.685000e+01
      vertex   7.146707e+01 -2.308468e+01 1.351667e+01
      vertex   7.148454e+01 -2.328438e+01 1.685000e+01
    endloop
  endfacet
  facet normal -9.961947e-01 -8.715574e-02 -0.000000e+00
    outer loop
      vertex   7.148454e+01 -2.328438e+01 1.685000e+01
      vertex   7.146707e+01 -2.308468e+01 1.351667e+01
      vertex   7.148454e+01 -2.328438e+01 1.351667e+01
    endloop
  endfacet
  facet normal -9.961947e-01 8.715574e-02 0.000000e+00
    outer loop
      vertex   7.148454e+01 -2.328438e+01 1.685000e+01
      vertex   7.148454e+01 -2.328438e+01 1.351667e+01
      vertex   7.146707e+01 -2.348407e+01 1.685000e+01
    endloop
  endfacet
  facet normal -9.961947e-01 8.715574e-02 0.000000e+00
    outer loop
      vertex   7.146707e+01 -2.348407e+01 1.685000e+01
      vertex   7.148454e+01 -2.328438e+01 1.351667e+01
      vertex   7.146707e+01 -2.348407e+01 1.351667e+01
    endloop
  endfacet
  facet normal -9.659258e-01 2.588190e-01 0.000000e+00
    outer loop
      vertex   7.146707e+01 -2.348407e+01 1.685000e+01
      vertex   7.146707e+01 -2.348407e+01 1.351667e+01
      vertex   7.141518e+01 -2.367770e+01 1.685000e+01
    endloop
  endfacet
  facet normal -9.659258e-01 2.588190e-01 0.000000e+00
    outer loop
      vertex   7.141518e+01 -2.367770e+01 1.685000e+01
      vertex   7.146707e+01 -2.348407e+01 1.351667e+01
      vertex   7.141518e+01 -2.367770e+01 1.351667e+01
    endloop
  endfacet
  facet normal -9.063078e-01 4.226183e-01 0.000000e+00
    outer loop
      vertex   7.141518e+01 -2.367770e+01 1.685000e+01
      vertex   7.141518e+01 -2.367770e+01 1.351667e+01
      vertex   7.133047e+01 -2.385938e+01 1.685000e+01
    endloop
  endfacet
  facet normal -9.063078e-01 4.226183e-01 0.000000e+00
    outer loop
      vertex   7.133047e+01 -2.385938e+01 1.685000e+01
      vertex   7.141518e+01 -2.367770e+01 1.351667e+01
      vertex   7.133047e+01 -2.385938e+01 1.351667e+01
    endloop
  endfacet
  facet normal -8.191520e-01 5.735764e-01 0.000000e+00
    outer loop
      vertex   7.133047e+01 -2.385938e+01 1.685000e+01
      vertex   7.133047e+01 -2.385938e+01 1.351667e+01
      vertex   7.121549e+01 -2.402358e+01 1.685000e+01
    endloop
  endfacet
  facet normal -8.191520e-01 5.735764e-01 0.000000e+00
    outer loop
      vertex   7.121549e+01 -2.402358e+01 1.685000e+01
      vertex   7.133047e+01 -2.385938e+01 1.351667e+01
      vertex   7.121549e+01 -2.402358e+01 1.351667e+01
    endloop
  endfacet
  facet normal -7.071068e-01 7.071068e-01 0.000000e+00
    outer loop
      vertex   7.121549e+01 -2.402358e+01 1.685000e+01
      vertex   7.121549e+01 -2.402358e+01 1.351667e+01
      vertex   7.107374e+01 -2.416533e+01 1.685000e+01
    endloop
  endfacet
  facet normal -7.071068e-01 7.071068e-01 0.000000e+00
    outer loop
      vertex   7.107374e+01 -2.416533e+01 1.685000e+01
      vertex   7.121549e+01 -2.402358e+01 1.351667e+01
      vertex   7.107374e+01 -2.416533e+01 1.351667e+01
    endloop
  endfacet
  facet normal -5.735764e-01 8.191520e-01 0.000000e+00
    outer loop
      vertex   7.107374e+01 -2.416533e+01 1.685000e+01
      vertex   7.107374e+01 -2.416533e+01 1.351667e+01
      vertex   7.090954e+01 -2.428030e+01 1.685000e+01
    endloop
  endfacet
  facet normal -5.735764e-01 8.191520e-01 0.000000e+00
    outer loop
      vertex   7.090954e+01 -2.428030e+01 1.685000e+01
      vertex   7.107374e+01 -2.416533e+01 1.351667e+01
      vertex   7.090954e+01 -2.428030e+01 1.351667e+01
    endloop
  endfacet
  facet normal -4.226183e-01 9.063078e-01 0.000000e+00
    outer loop
      vertex   7.090954e+01 -2.428030e+01 1.685000e+01
      vertex   7.090954e+01 -2.428030e+01 1.351667e+01
      vertex   7.072786e+01 -2.436502e+01 1.685000e+01
    endloop
  endfacet
  facet normal -4.226183e-01 9.063078e-01 0.000000e+00
    outer loop
      vertex   7.072786e+01 -2.436502e+01 1.685000e+01
      vertex   7.090954e+01 -2.428030e+01 1.351667e+01
      vertex   7.072786e+01 -2.436502e+01 1.351667e+01
    endloop
  endfacet
  facet normal -2.588190e-01 9.659258e-01 0.000000e+00
    outer loop
      vertex   7.072786e+01 -2.436502e+01 1.685000e+01
      vertex   7.072786e+01 -2.436502e+01 1.351667e+01
      vertex   7.053423e+01 -2.441690e+01 1.685000e+01
    endloop
  endfacet
  facet normal -2.588190e-01 9.659258e-01 0.000000e+00
    outer loop
      vertex   7.053423e+01 -2.441690e+01 1.685000e+01
      vertex   7.072786e+01 -2.436502e+01 1.351667e+01
      vertex   7.053423e+01 -2.441690e+01 1.351667e+01
    endloop
  endfacet
  facet normal -8.715574e-02 9.961947e-01 0.000000e+00
    outer loop
      vertex   7.053423e+01 -2.441690e+01 1.685000e+01
      vertex   7.053423e+01 -2.441690e+01 1.351667e+01
      vertex   7.033454e+01 -2.443438e+01 1.685000e+01
    endloop
  endfacet
  facet normal -8.715574e-02 9.961947e-01 0.000000e+00
    outer loop
      vertex   7.033454e+01 -2.443438e+01 1.685000e+01
      vertex   7.053423e+01 -2.441690e+01 1.351667e+01
      vertex   7.033454e+01 -2.443438e+01 1.351667e+01
    endloop
  endfacet
  facet normal 8.715574e-02 9.961947e-01 0.000000e+00
    outer loop
      vertex   7.033454e+01 -2.443438e+01 1.685000e+01
      vertex   7.033454e+01 -2.443438e+01 1.351667e+01
      vertex   7.013484e+01 -2.441690e+01 1.685000e+01
    endloop
  endfacet
  facet normal 8.715574e-02 9.961947e-01 0.000000e+00
    outer loop
      vertex   7.013484e+01 -2.441690e+01 1.685000e+01
      vertex   7.033454e+01 -2.443438e+01 1.351667e+01
      vertex   7.013484e+01 -2.441690e+01 1.351667e+01
    endloop
  endfacet
  facet normal 2.588190e-01 9.659258e-01 0.000000e+00
    outer loop
      vertex   7.013484e+01 -2.441690e+01 1.685000e+01
      vertex   7.013484e+01 -2.441690e+01 1.351667e+01
      vertex   6.994121e+01 -2.436502e+01 1.685000e+01
    endloop
  endfacet
  facet normal 2.588190e-01 9.659258e-01 0.000000e+00
    outer loop
      vertex   6.994121e+01 -2.436502e+01 1.685000e+01
      vertex   7.013484e+01 -2.441690e+01 1.351667e+01
      vertex   6.994121e+01 -2.436502e+01 1.351667e+01
    endloop
  endfacet
  facet normal 4.226183e-01 9.063078e-01 0.000000e+00
    outer loop
      vertex   6.994121e+01 -2.436502e+01 1.685000e+01
      vertex   6.994121e+01 -2.436502e+01 1.351667e+01
      vertex   6.975954e+01 -2.428030e+01 1.685000e+01
    endloop
  endfacet
  facet normal 4.226183e-01 9.063078e-01 0.000000e+00
    outer loop
      vertex   6.975954e+01 -2.428030e+01 1.685000e+01
      vertex   6.994121e+01 -2.436502e+01 1.351667e+01
      vertex   6.975954e+01 -2.428030e+01 1.351667e+01
    endloop
  endfacet
  facet normal 5.735764e-01 8.191520e-01 0.000000e+00
    outer loop
      vertex   6.975954e+01 -2.428030e+01 1.685000e+01
      vertex   6.975954e+01 -2.428030e+01 1.351667e+01
      vertex   6.959533e+01 -2.416533e+01 1.685000e+01
    endloop
  endfacet
  facet normal 5.735764e-01 8.191520e-01 0.000000e+00
    outer loop
      vertex   6.959533e+01 -2.416533e+01 1.685000e+01
      vertex   6.975954e+01 -2.428030e+01 1.351667e+01
      vertex   6.959533e+01 -2.416533e+01 1.351667e+01
    endloop
  endfacet
  facet normal 7.071068e-01 7.071068e-01 0.000000e+00
    outer loop
      vertex   6.959533e+01 -2.416533e+01 1.685000e+01
      vertex   6.959533e+01 -2.416533e+01 1.351667e+01
      vertex   6.945359e+01 -2.402358e+01 1.685000e+01
    endloop
  endfacet
  facet normal 7.071068e-01 7.071068e-01 0.000000e+00
    outer loop
      vertex   6.945359e+01 -2.402358e+01 1.685000e+01
      vertex   6.959533e+01 -2.416533e+01 1.351667e+01
      vertex   6.945359e+01 -2.402358e+01 1.351667e+01
    endloop
  endfacet
  facet normal 8.191520e-01 5.735764e-01 0.000000e+00
    outer loop
      vertex   6.945359e+01 -2.402358e+01 1.685000e+01
      vertex   6.945359e+01 -2.402358e+01 1.351667e+01
      vertex   6.933861e+01 -2.385938e+01 1.685000e+01
    endloop
  endfacet
  facet normal 8.191520e-01 5.735764e-01 0.000000e+00
    outer loop
      vertex   6.933861e+01 -2.385938e+01 1.685000e+01
      vertex   6.945359e+01 -2.402358e+01 1.351667e+01
      vertex   6.933861e+01 -2.385938e+01 1.351667e+01
    endloop
  endfacet
  facet normal 9.063078e-01 4.226183e-01 0.000000e+00
    outer loop
      vertex   6.933861e+01 -2.385938e+01 1.685000e+01
      vertex   6.933861e+01 -2.385938e+01 1.351667e+01
      vertex   6.925389e+01 -2.367770e+01 1.685000e+01
    endloop
  endfacet
  facet normal 9.063078e-01 4.226183e-01 0.000000e+00
    outer loop
      vertex   6.925389e+01 -2.367770e+01 1.685000e+01
      vertex   6.933861e+01 -2.385938e+01 1.351667e+01
      vertex   6.925389e+01 -2.367770e+01 1.351667e+01
    endloop
  endfacet
  facet normal 9.659258e-01 2.588190e-01 0.000000e+00
    outer loop
      vertex   6.925389e+01 -2.367770e+01 1.685000e+01
      vertex   6.925389e+01 -2.367770e+01 1.351667e+01
      vertex   6.920201e+01 -2.348407e+01 1.685000e+01
    endloop
  endfacet
  facet normal 9.659258e-01 2.588190e-01 0.000000e+00
    outer loop
      vertex   6.920201e+01 -2.348407e+01 1.685000e+01
      vertex   6.925389e+01 -2.367770e+01 1.351667e+01
      vertex   6.920201e+01 -2.348407e+01 1.351667e+01
    endloop
  endfacet
  facet normal 9.961947e-01 8.715574e-02 0.000000e+00
    outer loop
      vertex   6.920201e+01 -2.348407e+01 1.685000e+01
      vertex   6.920201e+01 -2.348407e+01 1.351667e+01
      vertex   6.918454e+01 -2.328438e+01 1.685000e+01
    endloop
  endfacet
  facet normal 9.961947e-01 8.715574e-02 0.000000e+00
    outer loop
      vertex   6.918454e+01 -2.328438e+01 1.685000e+01
      vertex   6.920201e+01 -2.348407e+01 1.351667e+01
      vertex   6.918454e+01 -2.328438e+01 1.351667e+01
    endloop
  endfacet
  facet normal 9.961947e-01 -8.715574e-02 0.000000e+00
    outer loop
      vertex   6.918454e+01 -2.328438e+01 1.685000e+01
      vertex   6.918454e+01 -2.328438e+01 1.351667e+01
      vertex   6.920201e+01 -2.308468e+01 1.685000e+01
    endloop
  endfacet
  facet normal 9.961947e-01 -8.715574e-02 0.000000e+00
    outer loop
      vertex   6.920201e+01 -2.308468e+01 1.685000e+01
      vertex   6.918454e+01 -2.328438e+01 1.351667e+01
      vertex   6.920201e+01 -2.308468e+01 1.351667e+01
    endloop
  endfacet
  facet normal 9.659258e-01 -2.588190e-01 0.000000e+00
    outer loop
      vertex   6.920201e+01 -2.308468e+01 1.685000e+01
      vertex   6.920201e+01 -2.308468e+01 1.351667e+01
      vertex   6.925389e+01 -2.289105e+01 1.685000e+01
    endloop
  endfacet
  facet normal 9.659258e-01 -2.588190e-01 0.000000e+00
    outer loop
      vertex   6.925389e+01 -2.289105e+01 1.685000e+01
      vertex   6.920201e+01 -2.308468e+01 1.351667e+01
      vertex   6.925389e+01 -2.289105e+01 1.351667e+01
    endloop
  endfacet
  facet normal 9.063078e-01 -4.226183e-01 0.000000e+00
    outer loop
      vertex   6.925389e+01 -2.289105e+01 1.685000e+01
      vertex   6.925389e+01 -2.289105e+01 1.351667e+01
      vertex   6.933861e+01 -2.270938e+01 1.685000e+01
    endloop
  endfacet
  facet normal 9.063078e-01 -4.226183e-01 0.000000e+00
    outer loop
      vertex   6.933861e+01 -2.270938e+01 1.685000e+01
      vertex   6.925389e+01 -2.289105e+01 1.351667e+01
      vertex   6.933861e+01 -2.270938e+01 1.351667e+01
    endloop
  endfacet
  facet normal 8.191520e-01 -5.735764e-01 0.000000e+00
    outer loop
      vertex   6.933861e+01 -2.270938e+01 1.685000e+01
      vertex   6.933861e+01 -2.270938e+01 1.351667e+01
      vertex   6.945359e+01 -2.254517e+01 1.685000e+01
    endloop
  endfacet
  facet normal 8.191520e-01 -5.735764e-01 0.000000e+00
    outer loop
      vertex   6.945359e+01 -2.254517e+01 1.685000e+01
      vertex   6.933861e+01 -2.270938e+01 1.351667e+01
      vertex   6.945359e+01 -2.254517e+01 1.351667e+01
    endloop
  endfacet
  facet normal 7.071068e-01 -7.071068e-01 0.000000e+00
    outer loop
      vertex   6.945359e+01 -2.254517e+01 1.685000e+01
      vertex   6.945359e+01 -2.254517e+01 1.351667e+01
      vertex   6.959533e+01 -2.240342e+01 1.685000e+01
    endloop
  endfacet
  facet normal 7.071068e-01 -7.071068e-01 0.000000e+00
    outer loop
      vertex   6.959533e+01 -2.240342e+01 1.685000e+01
      vertex   6.945359e+01 -2.254517e+01 1.351667e+01
      vertex   6.959533e+01 -2.240342e+01 1.351667e+01
    endloop
  endfacet
  facet normal 5.735764e-01 -8.191520e-01 0.000000e+00
    outer loop
      vertex   6.959533e+01 -2.240342e+01 1.685000e+01
      vertex   6.959533e+01 -2.240342e+01 1.351667e+01
      vertex   6.975954e+01 -2.228845e+01 1.685000e+01
    endloop
  endfacet
  facet normal 5.735764e-01 -8.191520e-01 0.000000e+00
    outer loop
      vertex   6.975954e+01 -2.228845e+01 1.685000e+01
      vertex   6.959533e+01 -2.240342e+01 1.351667e+01
      vertex   6.975954e+01 -2.228845e+01 1.351667e+01
    endloop
  endfacet
  facet normal 4.226183e-01 -9.063078e-01 0.000000e+00
    outer loop
      vertex   6.975954e+01 -2.228845e+01 1.685000e+01
      vertex   6.975954e+01 -2.228845e+01 1.351667e+01
      vertex   6.994121e+01 -2.220373e+01 1.685000e+01
    endloop
  endfacet
  facet normal 4.226183e-01 -9.063078e-01 0.000000e+00
    outer loop
      vertex   6.994121e+01 -2.220373e+01 1.685000e+01
      vertex   6.975954e+01 -2.228845e+01 1.351667e+01
      vertex   6.994121e+01 -2.220373e+01 1.351667e+01
    endloop
  endfacet
  facet normal 2.588190e-01 -9.659258e-01 0.000000e+00
    outer loop
      vertex   6.994121e+01 -2.220373e+01 1.685000e+01
      vertex   6.994121e+01 -2.220373e+01 1.351667e+01
      vertex   7.013484e+01 -2.215185e+01 1.685000e+01
    endloop
  endfacet
  facet normal 2.588190e-01 -9.659258e-01 0.000000e+00
    outer loop
      vertex   7.013484e+01 -2.215185e+01 1.685000e+01
      vertex   6.994121e+01 -2.220373e+01 1.351667e+01
      vertex   7.013484e+01 -2.215185e+01 1.351667e+01
    endloop
  endfacet
  facet normal 8.715574e-02 -9.961947e-01 0.000000e+00
    outer loop
      vertex   7.013484e+01 -2.215185e+01 1.685000e+01
      vertex   7.013484e+01 -2.215185e+01 1.351667e+01
      vertex   7.033454e+01 -2.213437e+01 1.685000e+01
    endloop
  endfacet
  facet normal 8.715574e-02 -9.961947e-01 0.000000e+00
    outer loop
      vertex   7.033454e+01 -2.213437e+01 1.685000e+01
      vertex   7.013484e+01 -2.215185e+01 1.351667e+01
      vertex   7.033454e+01 -2.213437e+01 1.351667e+01
    endloop
  endfacet
  facet normal -8.715574e-02 -9.961947e-01 -0.000000e+00
    outer loop
      vertex   7.033454e+01 -2.213437e+01 1.685000e+01
      vertex   7.033454e+01 -2.213437e+01 1.351667e+01
      vertex   7.053423e+01 -2.215185e+01 1.685000e+01
    endloop
  endfacet
  facet normal -8.715574e-02 -9.961947e-01 -0.000000e+00
    outer loop
      vertex   7.053423e+01 -2.215185e+01 1.685000e+01
      vertex   7.033454e+01 -2.213437e+01 1.351667e+01
      vertex   7.053423e+01 -2.215185e+01 1.351667e+01
    endloop
  endfacet
  facet normal -2.588190e-01 -9.659258e-01 -0.000000e+00
    outer loop
      vertex   7.053423e+01 -2.215185e+01 1.685000e+01
      vertex   7.053423e+01 -2.215185e+01 1.351667e+01
      vertex   7.072786e+01 -2.220373e+01 1.685000e+01
    endloop
  endfacet
  facet normal -2.588190e-01 -9.659258e-01 -0.000000e+00
    outer loop
      vertex   7.072786e+01 -2.220373e+01 1.685000e+01
      vertex   7.053423e+01 -2.215185e+01 1.351667e+01
      vertex   7.072786e+01 -2.220373e+01 1.351667e+01
    endloop
  endfacet
  facet normal -4.226183e-01 -9.063078e-01 -0.000000e+00
    outer loop
      vertex   7.072786e+01 -2.220373e+01 1.685000e+01
      vertex   7.072786e+01 -2.220373e+01 1.351667e+01
      vertex   7.090954e+01 -2.228845e+01 1.685000e+01
    endloop
  endfacet
  facet normal -4.226183e-01 -9.063078e-01 -0.000000e+00
    outer loop
      vertex   7.090954e+01 -2.228845e+01 1.685000e+01
      vertex   7.072786e+01 -2.220373e+01 1.351667e+01
      vertex   7.090954e+01 -2.228845e+01 1.351667e+01
    endloop
  endfacet
  facet normal -5.735764e-01 -8.191520e-01 -0.000000e+00
    outer loop
      vertex   7.090954e+01 -2.228845e+01 1.685000e+01
      vertex   7.090954e+01 -2.228845e+01 1.351667e+01
      vertex   7.107374e+01 -2.240342e+01 1.685000e+01
    endloop
  endfacet
  facet normal -5.735764e-01 -8.191520e-01 -0.000000e+00
    outer loop
      vertex   7.107374e+01 -2.240342e+01 1.685000e+01
      vertex   7.090954e+01 -2.228845e+01 1.351667e+01
      vertex   7.107374e+01 -2.240342e+01 1.351667e+01
    endloop
  endfacet
  facet normal -7.071068e-01 -7.071068e-01 -0.000000e+00
    outer loop
      vertex   7.107374e+01 -2.240342e+01 1.685000e+01
      vertex   7.107374e+01 -2.240342e+01 1.351667e+01
      vertex   7.121549e+01 -2.254517e+01 1.685000e+01
    endloop
  endfacet
  facet normal -7.071068e-01 -7.071068e-01 -0.000000e+00
    outer loop
      vertex   7.121549e+01 -2.254517e+01 1.685000e+01
      vertex   7.107374e+01 -2.240342e+01 1.351667e+01
      vertex   7.121549e+01 -2.254517e+01 1.351667e+01
    endloop
  endfacet
  facet normal -8.191520e-01 -5.735764e-01 -0.000000e+00
    outer loop
      vertex   7.121549e+01 -2.254517e+01 1.685000e+01
      vertex   7.121549e+01 -2.254517e+01 1.351667e+01
      vertex   7.133047e+01 -2.270938e+01 1.685000e+01
    endloop
  endfacet
  facet normal -8.191520e-01 -5.735764e-01 -0.000000e+00
    outer loop
      vertex   7.133047e+01 -2.270938e+01 1.685000e+01
      vertex   7.121549e+01 -2.254517e+01 1.351667e+01
      vertex   7.133047e+01 -2.270938e+01 1.351667e+01
    endloop
  endfacet
  facet normal -9.063078e-01 -4.226183e-01 -0.000000e+00
    outer loop
      vertex   7.133047e+01 -2.270938e+01 1.685000e+01
      vertex   7.133047e+01 -2.270938e+01 1.351667e+01
      vertex   7.141518e+01 -2.289105e+01 1.685000e+01
    endloop
  endfacet
  facet normal -9.063078e-01 -4.226183e-01 -0.000000e+00
    outer loop
      vertex   7.141518e+01 -2.289105e+01 1.685000e+01
      vertex   7.133047e+01 -2.270938e+01 1.351667e+01
      vertex   7.141518e+01 -2.289105e+01 1.351667e+01
    endloop
  endfacet
  facet normal -9.659258e-01 -2.588190e-01 -0.000000e+00
    outer loop
      vertex   7.141518e+01 -2.289105e+01 1.685000e+01
      vertex   7.141518e+01 -2.289105e+01 1.351667e+01
      vertex   7.146707e+01 -2.308468e+01 1.685000e+01
    endloop
  endfacet
  facet normal -9.659258e-01 -2.588190e-01 -0.000000e+00
    outer loop
      vertex   7.146707e+01 -2.308468e+01 1.685000e+01
      vertex   7.141518e+01 -2.289105e+01 1.351667e+01
      vertex   7.146707e+01 -2.308468e+01 1.351667e+01
    endloop
  endfacet
  facet normal -9.961947e-01 8.715574e-02 0.000000e+00
    outer loop
      vertex   7.146707e+01 -2.348407e+01 6.850000e+00
      vertex   7.146707e+01 -2.348407e+01 1.018333e+01
      vertex   7.148454e+01 -2.328438e+01 6.850000e+00
    endloop
  endfacet
  facet normal -9.961947e-01 8.715574e-02 0.000000e+00
    outer loop
      vertex   7.148454e+01 -2.328438e+01 6.850000e+00
      vertex   7.146707e+01 -2.348407e+01 1.018333e+01
      vertex   7.148454e+01 -2.328438e+01 1.018333e+01
    endloop
  endfacet
  facet normal -9.961947e-01 -8.715574e-02 0.000000e+00
    outer loop
      vertex   7.148454e+01 -2.328438e+01 6.850000e+00
      vertex   7.148454e+01 -2.328438e+01 1.018333e+01
      vertex   7.146707e+01 -2.308468e+01 6.850000e+00
    endloop
  endfacet
  facet normal -9.961947e-01 -8.715574e-02 0.000000e+00
    outer loop
      vertex   7.146707e+01 -2.308468e+01 6.850000e+00
      vertex   7.148454e+01 -2.328438e+01 1.018333e+01
      vertex   7.146707e+01 -2.308468e+01 1.018333e+01
    endloop
  endfacet
  facet normal -9.659258e-01 -2.588190e-01 0.000000e+00
    outer loop
      vertex   7.146707e+01 -2.308468e+01 6.850000e+00
      vertex   7.146707e+01 -2.308468e+01 1.018333e+01
      vertex   7.141518e+01 -2.289105e+01 6.850000e+00
    endloop
  endfacet
  facet normal -9.659258e-01 -2.588190e-01 0.000000e+00
    outer loop
      vertex   7.141518e+01 -2.289105e+01 6.850000e+00
      vertex   7.146707e+01 -2.308468e+01 1.018333e+01
      vertex   7.141518e+01 -2.289105e+01 1.018333e+01
    endloop
  endfacet
  facet normal -9.063078e-01 -4.226183e-01 0.000000e+00
    outer loop
      vertex   7.141518e+01 -2.289105e+01 6.850000e+00
      vertex   7.141518e+01 -2.289105e+01 1.018333e+01
      vertex   7.133047e+01 -2.270938e+01 6.850000e+00
    endloop
  endfacet
  facet normal -9.063078e-01 -4.226183e-01 0.000000e+00
    outer loop
      vertex   7.133047e+01 -2.270938e+01 6.850000e+00
      vertex   7.141518e+01 -2.289105e+01 1.018333e+01
      vertex   7.133047e+01 -2.270938e+01 1.018333e+01
    endloop
  endfacet
  facet normal -8.191520e-01 -5.735764e-01 0.000000e+00
    outer loop
      vertex   7.133047e+01 -2.270938e+01 6.850000e+00
      vertex   7.133047e+01 -2.270938e+01 1.018333e+01
      vertex   7.121549e+01 -2.254517e+01 6.850000e+00
    endloop
  endfacet
  facet normal -8.191520e-01 -5.735764e-01 0.000000e+00
    outer loop
      vertex   7.121549e+01 -2.254517e+01 6.850000e+00
      vertex   7.133047e+01 -2.270938e+01 1.018333e+01
      vertex   7.121549e+01 -2.254517e+01 1.018333e+01
    endloop
  endfacet
  facet normal -7.071068e-01 -7.071068e-01 0.000000e+00
    outer loop
      vertex   7.121549e+01 -2.254517e+01 6.850000e+00
      vertex   7.121549e+01 -2.254517e+01 1.018333e+01
      vertex   7.107374e+01 -2.240342e+01 6.850000e+00
    endloop
  endfacet
  facet normal -7.071068e-01 -7.071068e-01 0.000000e+00
    outer loop
      vertex   7.107374e+01 -2.240342e+01 6.850000e+00
      vertex   7.121549e+01 -2.254517e+01 1.018333e+01
      vertex   7.107374e+01 -2.240342e+01 1.018333e+01
    endloop
  endfacet
  facet normal -5.735764e-01 -8.191520e-01 0.000000e+00
    outer loop
      vertex   7.107374e+01 -2.240342e+01 6.850000e+00
      vertex   7.107374e+01 -2.240342e+01 1.018333e+01
      vertex   7.090954e+01 -2.228845e+01 6.850000e+00
    endloop
  endfacet
  facet normal -5.735764e-01 -8.191520e-01 0.000000e+00
    outer loop
      vertex   7.090954e+01 -2.228845e+01 6.850000e+00
      vertex   7.107374e+01 -2.240342e+01 1.018333e+01
      vertex   7.090954e+01 -2.228845e+01 1.018333e+01
    endloop
  endfacet
  facet normal -4.226183e-01 -9.063078e-01 0.000000e+00
    outer loop
      vertex   7.090954e+01 -2.228845e+01 6.850000e+00
      vertex   7.090954e+01 -2.228845e+01 1.018333e+01
      vertex   7.072786e+01 -2.220373e+01 6.850000e+00
    endloop
  endfacet
  facet normal -4.226183e-01 -9.063078e-01 0.000000e+00
    outer loop
      vertex   7.072786e+01 -2.220373e+01 6.850000e+00
      vertex   7.090954e+01 -2.228845e+01 1.018333e+01
      vertex   7.072786e+01 -2.220373e+01 1.018333e+01
    endloop
  endfacet
  facet normal -2.588190e-01 -9.659258e-01 0.000000e+00
    outer loop
      vertex   7.072786e+01 -2.220373e+01 6.850000e+00
      vertex   7.072786e+01 -2.220373e+01 1.018333e+01
      vertex   7.053423e+01 -2.215185e+01 6.850000e+00
    endloop
  endfacet
  facet normal -2.588190e-01 -9.659258e-01 0.000000e+00
    outer loop
      vertex   7.053423e+01 -2.215185e+01 6.850000e+00
      vertex   7.072786e+01 -2.220373e+01 1.018333e+01
      vertex   7.053423e+01 -2.215185e+01 1.018333e+01
    endloop
  endfacet
  facet normal -8.715574e-02 -9.961947e-01 0.000000e+00
    outer loop
      vertex   7.053423e+01 -2.215185e+01 6.850000e+00
      vertex   7.053423e+01 -2.215185e+01 1.018333e+01
      vertex   7.033454e+01 -2.213437e+01 6.850000e+00
    endloop
  endfacet
  facet normal -8.715574e-02 -9.961947e-01 0.000000e+00
    outer loop
      vertex   7.033454e+01 -2.213437e+01 6.850000e+00
      vertex   7.053423e+01 -2.215185e+01 1.018333e+01
      vertex   7.033454e+01 -2.213437e+01 1.018333e+01
    endloop
  endfacet
  facet normal 8.715574e-02 -9.961947e-01 0.000000e+00
    outer loop
      vertex   7.033454e+01 -2.213437e+01 6.850000e+00
      vertex   7.033454e+01 -2.213437e+01 1.018333e+01
      vertex   7.013484e+01 -2.215185e+01 6.850000e+00
    endloop
  endfacet
  facet normal 8.715574e-02 -9.961947e-01 0.000000e+00
    outer loop
      vertex   7.013484e+01 -2.215185e+01 6.850000e+00
      vertex   7.033454e+01 -2.213437e+01 1.018333e+01
      vertex   7.013484e+01 -2.215185e+01 1.018333e+01
    endloop
  endfacet
  facet normal 2.588190e-01 -9.659258e-01 0.000000e+00
    outer loop
      vertex   7.013484e+01 -2.215185e+01 6.850000e+00
      vertex   7.013484e+01 -2.215185e+01 1.018333e+01
      vertex   6.994121e+01 -2.220373e+01 6.850000e+00
    endloop
  endfacet
  facet normal 2.588190e-01 -9.659258e-01 0.000000e+00
    outer loop
      vertex   6.994121e+01 -2.220373e+01 6.850000e+00
      vertex   7.013484e+01 -2.215185e+01 1.018333e+01
      vertex   6.994121e+01 -2.220373e+01 1.018333e+01
    endloop
  endfacet
  facet normal 4.226183e-01 -9.063078e-01 0.000000e+00
    outer loop
      vertex   6.994121e+01 -2.220373e+01 6.850000e+00
      vertex   6.994121e+01 -2.220373e+01 1.018333e+01
      vertex   6.975954e+01 -2.228845e+01 6.850000e+00
    endloop
  endfacet
  facet normal 4.226183e-01 -9.063078e-01 0.000000e+00
    outer loop
      vertex   6.975954e+01 -2.228845e+01 6.850000e+00
      vertex   6.994121e+01 -2.220373e+01 1.018333e+01
      vertex   6.975954e+01 -2.228845e+01 1.018333e+01
    endloop
  endfacet
  facet normal 5.735764e-01 -8.191520e-01 0.000000e+00
    outer loop
      vertex   6.975954e+01 -2.228845e+01 6.850000e+00
      vertex   6.975954e+01 -2.228845e+01 1.018333e+01
      vertex   6.959533e+01 -2.240342e+01 6.850000e+00
    endloop
  endfacet
  facet normal 5.735764e-01 -8.191520e-01 0.000000e+00
    outer loop
      vertex   6.959533e+01 -2.240342e+01 6.850000e+00
      vertex   6.975954e+01 -2.228845e+01 1.018333e+01
      vertex   6.959533e+01 -2.240342e+01 1.018333e+01
    endloop
  endfacet
  facet normal 7.071068e-01 -7.071068e-01 0.000000e+00
    outer loop
      vertex   6.959533e+01 -2.240342e+01 6.850000e+00
      vertex   6.959533e+01 -2.240342e+01 1.018333e+01
      vertex   6.945359e+01 -2.254517e+01 6.850000e+00
    endloop
  endfacet
  facet normal 7.071068e-01 -7.071068e-01 0.000000e+00
    outer loop
      vertex   6.945359e+01 -2.254517e+01 6.850000e+00
      vertex   6.959533e+01 -2.240342e+01 1.018333e+01
      vertex   6.945359e+01 -2.254517e+01 1.018333e+01
    endloop
  endfacet
  facet normal 8.191520e-01 -5.735764e-01 0.000000e+00
    outer loop
      vertex   6.945359e+01 -2.254517e+01 6.850000e+00
      vertex   6.945359e+01 -2.254517e+01 1.018333e+01
      vertex   6.933861e+01 -2.270938e+01 6.850000e+00
    endloop
  endfacet
  facet normal 8.191520e-01 -5.735764e-01 0.000000e+00
    outer loop
      vertex   6.933861e+01 -2.270938e+01 6.850000e+00
      vertex   6.945359e+01 -2.254517e+01 1.018333e+01
      vertex   6.933861e+01 -2.270938e+01 1.018333e+01
    endloop
  endfacet
  facet normal 9.063078e-01 -4.226183e-01 0.000000e+00
    outer loop
      vertex   6.933861e+01 -2.270938e+01 6.850000e+00
      vertex   6.933861e+01 -2.270938e+01 1.018333e+01
      vertex   6.925389e+01 -2.289105e+01 6.850000e+00
    endloop
  endfacet
  facet normal 9.063078e-01 -4.226183e-01 0.000000e+00
    outer loop
      vertex   6.925389e+01 -2.289105e+01 6.850000e+00
      vertex   6.933861e+01 -2.270938e+01 1.018333e+01
      vertex   6.925389e+01 -2.289105e+01 1.018333e+01
    endloop
  endfacet
  facet normal 9.659258e-01 -2.588190e-01 0.000000e+00
    outer loop
      vertex   6.925389e+01 -2.289105e+01 6.850000e+00
      vertex   6.925389e+01 -2.289105e+01 1.018333e+01
      vertex   6.920201e+01 -2.308468e+01 6.850000e+00
    endloop
  endfacet
  facet normal 9.659258e-01 -2.588190e-01 0.000000e+00
    outer loop
      vertex   6.920201e+01 -2.308468e+01 6.850000e+00
      vertex   6.925389e+01 -2.289105e+01 1.018333e+01
      vertex   6.920201e+01 -2.308468e+01 1.018333e+01
    endloop
  endfacet
  facet normal 9.961947e-01 -8.715574e-02 0.000000e+00
    outer loop
      vertex   6.920201e+01 -2.308468e+01 6.850000e+00
      vertex   6.920201e+01 -2.308468e+01 1.018333e+01
      vertex   6.918454e+01 -2.328438e+01 6.850000e+00
    endloop
  endfacet
  facet normal 9.961947e-01 -8.715574e-02 0.000000e+00
    outer loop
      vertex   6.918454e+01 -2.328438e+01 6.850000e+00
      vertex   6.920201e+01 -2.308468e+01 1.018333e+01
      vertex   6.918454e+01 -2.328438e+01 1.018333e+01
    endloop
  endfacet
  facet normal 9.961947e-01 8.715574e-02 -0.000000e+00
    outer loop
      vertex   6.918454e+01 -2.328438e+01 6.850000e+00
      vertex   6.918454e+01 -2.328438e+01 1.018333e+01
      vertex   6.920201e+01 -2.348407e+01 6.850000e+00
    endloop
  endfacet
  facet normal 9.961947e-01 8.715574e-02 -0.000000e+00
    outer loop
      vertex   6.920201e+01 -2.348407e+01 6.850000e+00
      vertex   6.918454e+01 -2.328438e+01 1.018333e+01
      vertex   6.920201e+01 -2.348407e+01 1.018333e+01
    endloop
  endfacet
  facet normal 9.659258e-01 2.588190e-01 -0.000000e+00
    outer loop
      vertex   6.920201e+01 -2.348407e+01 6.850000e+00
      vertex   6.920201e+01 -2.348407e+01 1.018333e+01
      vertex   6.925389e+01 -2.367770e+01 6.850000e+00
    endloop
  endfacet
  facet normal 9.659258e-01 2.588190e-01 -0.000000e+00
    outer loop
      vertex   6.925389e+01 -2.367770e+01 6.850000e+00
      vertex   6.920201e+01 -2.348407e+01 1.018333e+01
      vertex   6.925389e+01 -2.367770e+01 1.018333e+01
    endloop
  endfacet
  facet normal 9.063078e-01 4.226183e-01 -0.000000e+00
    outer loop
      vertex   6.925389e+01 -2.367770e+01 6.850000e+00
      vertex   6.925389e+01 -2.367770e+01 1.018333e+01
      vertex   6.933861e+01 -2.385938e+01 6.850000e+00
    endloop
  endfacet
  facet normal 9.063078e-01 4.226183e-01 -0.000000e+00
    outer loop
      vertex   6.933861e+01 -2.385938e+01 6.850000e+00
      vertex   6.925389e+01 -2.367770e+01 1.018333e+01
      vertex   6.933861e+01 -2.385938e+01 1.018333e+01
    endloop
  endfacet
  facet normal 8.191520e-01 5.735764e-01 -0.000000e+00
    outer loop
      vertex   6.933861e+01 -2.385938e+01 6.850000e+00
      vertex   6.933861e+01 -2.385938e+01 1.018333e+01
      vertex   6.945359e+01 -2.402358e+01 6.850000e+00
    endloop
  endfacet
  facet normal 8.191520e-01 5.735764e-01 -0.000000e+00
    outer loop
      vertex   6.945359e+01 -2.402358e+01 6.850000e+00
      vertex   6.933861e+01 -2.385938e+01 1.018333e+01
      vertex   6.945359e+01 -2.402358e+01 1.018333e+01
    endloop
  endfacet
  facet normal 7.071068e-01 7.071068e-01 -0.000000e+00
    outer loop
      vertex   6.945359e+01 -2.402358e+01 6.850000e+00
      vertex   6.945359e+01 -2.402358e+01 1.018333e+01
      vertex   6.959533e+01 -2.416533e+01 6.850000e+00
    endloop
  endfacet
  facet normal 7.071068e-01 7.071068e-01 -0.000000e+00
    outer loop
      vertex   6.959533e+01 -2.416533e+01 6.850000e+00
      vertex   6.945359e+01 -2.402358e+01 1.018333e+01
      vertex   6.959533e+01 -2.416533e+01 1.018333e+01
    endloop
  endfacet
  facet normal 5.735764e-01 8.191520e-01 -0.000000e+00
    outer loop
      vertex   6.959533e+01 -2.416533e+01 6.850000e+00
      vertex   6.959533e+01 -2.416533e+01 1.018333e+01
      vertex   6.975954e+01 -2.428030e+01 6.850000e+00
    endloop
  endfacet
  facet normal 5.735764e-01 8.191520e-01 -0.000000e+00
    outer loop
      vertex   6.975954e+01 -2.428030e+01 6.850000e+00
      vertex   6.959533e+01 -2.416533e+01 1.018333e+01
      vertex   6.975954e+01 -2.428030e+01 1.018333e+01
    endloop
  endfacet
  facet normal 4.226183e-01 9.063078e-01 -0.000000e+00
    outer loop
      vertex   6.975954e+01 -2.428030e+01 6.850000e+00
      vertex   6.975954e+01 -2.428030e+01 1.018333e+01
      vertex   6.994121e+01 -2.436502e+01 6.850000e+00
    endloop
  endfacet
  facet normal 4.226183e-01 9.063078e-01 -0.000000e+00
    outer loop
      vertex   6.994121e+01 -2.436502e+01 6.850000e+00
      vertex   6.975954e+01 -2.428030e+01 1.018333e+01
      vertex   6.994121e+01 -2.436502e+01 1.018333e+01
    endloop
  endfacet
  facet normal 2.588190e-01 9.659258e-01 -0.000000e+00
    outer loop
      vertex   6.994121e+01 -2.436502e+01 6.850000e+00
      vertex   6.994121e+01 -2.436502e+01 1.018333e+01
      vertex   7.013484e+01 -2.441690e+01 6.850000e+00
    endloop
  endfacet
  facet normal 2.588190e-01 9.659258e-01 -0.000000e+00
    outer loop
      vertex   7.013484e+01 -2.441690e+01 6.850000e+00
      vertex   6.994121e+01 -2.436502e+01 1.018333e+01
      vertex   7.013484e+01 -2.441690e+01 1.018333e+01
    endloop
  endfacet
  facet normal 8.715574e-02 9.961947e-01 -0.000000e+00
    outer loop
      vertex   7.013484e+01 -2.441690e+01 6.850000e+00
      vertex   7.013484e+01 -2.441690e+01 1.018333e+01
      vertex   7.033454e+01 -2.443438e+01 6.850000e+00
    endloop
  endfacet
  facet normal 8.715574e-02 9.961947e-01 -0.000000e+00
    outer loop
      vertex   7.033454e+01 -2.443438e+01 6.850000e+00
      vertex   7.013484e+01 -2.441690e+01 1.018333e+01
      vertex   7.033454e+01 -2.443438e+01 1.018333e+01
    endloop
  endfacet
  facet normal -8.715574e-02 9.961947e-01 0.000000e+00
    outer loop
      vertex   7.033454e+01 -2.443438e+01 6.850000e+00
      vertex   7.033454e+01 -2.443438e+01 1.018333e+01
      vertex   7.053423e+01 -2.441690e+01 6.850000e+00
    endloop
  endfacet
  facet normal -8.715574e-02 9.961947e-01 0.000000e+00
    outer loop
      vertex   7.053423e+01 -2.441690e+01 6.850000e+00
      vertex   7.033454e+01 -2.443438e+01 1.018333e+01
      vertex   7.053423e+01 -2.441690e+01 1.018333e+01
    endloop
  endfacet
  facet normal -2.588190e-01 9.659258e-01 0.000000e+00
    outer loop
      vertex   7.053423e+01 -2.441690e+01 6.850000e+00
      vertex   7.053423e+01 -2.441690e+01 1.018333e+01
      vertex   7.072786e+01 -2.436502e+01 6.850000e+00
    endloop
  endfacet
  facet normal -2.588190e-01 9.659258e-01 0.000000e+00
    outer loop
      vertex   7.072786e+01 -2.436502e+01 6.850000e+00
      vertex   7.053423e+01 -2.441690e+01 1.018333e+01
      vertex   7.072786e+01 -2.436502e+01 1.018333e+01
    endloop
  endfacet
  facet normal -4.226183e-01 9.063078e-01 0.000000e+00
    outer loop
      vertex   7.072786e+01 -2.436502e+01 6.850000e+00
      vertex   7.072786e+01 -2.436502e+01 1.018333e+01
      vertex   7.090954e+01 -2.428030e+01 6.850000e+00
    endloop
  endfacet
  facet normal -4.226183e-01 9.063078e-01 0.000000e+00
    outer loop
      vertex   7.090954e+01 -2.428030e+01 6.850000e+00
      vertex   7.072786e+01 -2.436502e+01 1.018333e+01
      vertex   7.090954e+01 -2.428030e+01 1.018333e+01
    endloop
  endfacet
  facet normal -5.735764e-01 8.191520e-01 0.000000e+00
    outer loop
      vertex   7.090954e+01 -2.428030e+01 6.850000e+00
      vertex   7.090954e+01 -2.428030e+01 1.018333e+01
      vertex   7.107374e+01 -2.416533e+01 6.850000e+00
    endloop
  endfacet
  facet normal -5.735764e-01 8.191520e-01 0.000000e+00
    outer loop
      vertex   7.107374e+01 -2.416533e+01 6.850000e+00
      vertex   7.090954e+01 -2.428030e+01 1.018333e+01
      vertex   7.107374e+01 -2.416533e+01 1.018333e+01
    endloop
  endfacet
  facet normal -7.071068e-01 7.071068e-01 0.000000e+00
    outer loop
      vertex   7.107374e+01 -2.416533e+01 6.850000e+00
      vertex   7.107374e+01 -2.416533e+01 1.018333e+01
      vertex   7.121549e+01 -2.402358e+01 6.850000e+00
    endloop
  endfacet
  facet normal -7.071068e-01 7.071068e-01 0.000000e+00
    outer loop
      vertex   7.121549e+01 -2.402358e+01 6.850000e+00
      vertex   7.107374e+01 -2.416533e+01 1.018333e+01
      vertex   7.121549e+01 -2.402358e+01 1.018333e+01
    endloop
  endfacet
  facet normal -8.191520e-01 5.735764e-01 0.000000e+00
    outer loop
      vertex   7.121549e+01 -2.402358e+01 6.850000e+00
      vertex   7.121549e+01 -2.402358e+01 1.018333e+01
      vertex   7.133047e+01 -2.385938e+01 6.850000e+00
    endloop
  endfacet
  facet normal -8.191520e-01 5.735764e-01 0.000000e+00
    outer loop
      vertex   7.133047e+01 -2.385938e+01 6.850000e+00
      vertex   7.121549e+01 -2.402358e+01 1.018333e+01
      vertex   7.133047e+01 -2.385938e+01 1.018333e+01
    endloop
  endfacet
  facet normal -9.063078e-01 4.226183e-01 0.000000e+00
    outer loop
      vertex   7.133047e+01 -2.385938e+01 6.850000e+00
      vertex   7.133047e+01 -2.385938e+01 1.018333e+01
      vertex   7.141518e+01 -2.367770e+01 6.850000e+00
    endloop
  endfacet
  facet normal -9.063078e-01 4.226183e-01 0.000000e+00
    outer loop
      vertex   7.141518e+01 -2.367770e+01 6.850000e+00
      vertex   7.133047e+01 -2.385938e+01 1.018333e+01
      vertex   7.141518e+01 -2.367770e+01 1.018333e+01
    endloop
  endfacet
  facet normal -9.659258e-01 2.588190e-01 0.000000e+00
    outer loop
      vertex   7.141518e+01 -2.367770e+01 6.850000e+00
      vertex   7.141518e+01 -2.367770e+01 1.018333e+01
      vertex   7.146707e+01 -2.348407e+01 6.850000e+00
    endloop
  endfacet
  facet normal -9.659258e-01 2.588190e-01 0.000000e+00
    outer loop
      vertex   7.146707e+01 -2.348407e+01 6.850000e+00
      vertex   7.141518e+01 -2.367770e+01 1.018333e+01
      vertex   7.146707e+01 -2.348407e+01 1.018333e+01
    endloop
  endfacet
  facet normal -9.961947e-01 8.715574e-02 0.000000e+00
    outer loop
      vertex   7.148454e+01 -2.328438e+01 1.351667e+01
      vertex   7.148454e+01 -2.328438e+01 1.018333e+01
      vertex   7.146707e+01 -2.348407e+01 1.351667e+01
    endloop
  endfacet
  facet normal -9.961947e-01 8.715574e-02 0.000000e+00
    outer loop
      vertex   7.146707e+01 -2.348407e+01 1.351667e+01
      vertex   7.148454e+01 -2.328438e+01 1.018333e+01
      vertex   7.146707e+01 -2.348407e+01 1.018333e+01
    endloop
  endfacet
  facet normal -9.659258e-01 2.588190e-01 0.000000e+00
    outer loop
      vertex   7.146707e+01 -2.348407e+01 1.351667e+01
      vertex   7.146707e+01 -2.348407e+01 1.018333e+01
      vertex   7.141518e+01 -2.367770e+01 1.351667e+01
    endloop
  endfacet
  facet normal -9.659258e-01 2.588190e-01 0.000000e+00
    outer loop
      vertex   7.141518e+01 -2.367770e+01 1.351667e+01
      vertex   7.146707e+01 -2.348407e+01 1.018333e+01
      vertex   7.141518e+01 -2.367770e+01 1.018333e+01
    endloop
  endfacet
  facet normal -9.063078e-01 4.226183e-01 0.000000e+00
    outer loop
      vertex   7.141518e+01 -2.367770e+01 1.351667e+01
      vertex   7.141518e+01 -2.367770e+01 1.018333e+01
      vertex   7.133047e+01 -2.385938e+01 1.351667e+01
    endloop
  endfacet
  facet normal -9.063078e-01 4.226183e-01 0.000000e+00
    outer loop
      vertex   7.133047e+01 -2.385938e+01 1.351667e+01
      vertex   7.141518e+01 -2.367770e+01 1.018333e+01
      vertex   7.133047e+01 -2.385938e+01 1.018333e+01
    endloop
  endfacet
  facet normal -8.191520e-01 5.735764e-01 0.000000e+00
    outer loop
      vertex   7.133047e+01 -2.385938e+01 1.351667e+01
      vertex   7.133047e+01 -2.385938e+01 1.018333e+01
      vertex   7.121549e+01 -2.402358e+01 1.351667e+01
    endloop
  endfacet
  facet normal -8.191520e-01 5.735764e-01 0.000000e+00
    outer loop
      vertex   7.121549e+01 -2.402358e+01 1.351667e+01
      vertex   7.133047e+01 -2.385938e+01 1.018333e+01
      vertex   7.121549e+01 -2.402358e+01 1.018333e+01
    endloop
  endfacet
  facet normal -7.071068e-01 7.071068e-01 0.000000e+00
    outer loop
      vertex   7.121549e+01 -2.402358e+01 1.351667e+01
      vertex   7.121549e+01 -2.402358e+01 1.018333e+01
      vertex   7.107374e+01 -2.416533e+01 1.351667e+01
    endloop
  endfacet
  facet normal -7.071068e-01 7.071068e-01 0.000000e+00
    outer loop
      vertex   7.107374e+01 -2.416533e+01 1.351667e+01
      vertex   7.121549e+01 -2.402358e+01 1.018333e+01
      vertex   7.107374e+01 -2.416533e+01 1.018333e+01
    endloop
  endfacet
  facet normal -5.735764e-01 8.191520e-01 0.000000e+00
    outer loop
      vertex   7.107374e+01 -2.416533e+01 1.351667e+01
      vertex   7.107374e+01 -2.416533e+01 1.018333e+01
      vertex   7.090954e+01 -2.428030e+01 1.351667e+01
    endloop
  endfacet
  facet normal -5.735764e-01 8.191520e-01 0.000000e+00
    outer loop
      vertex   7.090954e+01 -2.428030e+01 1.351667e+01
      vertex   7.107374e+01 -2.416533e+01 1.018333e+01
      vertex   7.090954e+01 -2.428030e+01 1.018333e+01
    endloop
  endfacet
  facet normal -4.226183e-01 9.063078e-01 0.000000e+00
    outer loop
      vertex   7.090954e+01 -2.428030e+01 1.351667e+01
      vertex   7.090954e+01 -2.428030e+01 1.018333e+01
      vertex   7.072786e+01 -2.436502e+01 1.351667e+01
    endloop
  endfacet
  facet normal -4.226183e-01 9.063078e-01 0.000000e+00
    outer loop
      vertex   7.072786e+01 -2.436502e+01 1.351667e+01
      vertex   7.090954e+01 -2.428030e+01 1.018333e+01
      vertex   7.072786e+01 -2.436502e+01 1.018333e+01
    endloop
  endfacet
  facet normal -2.588190e-01 9.659258e-01 0.000000e+00
    outer loop
      vertex   7.072786e+01 -2.436502e+01 1.351667e+01
      vertex   7.072786e+01 -2.436502e+01 1.018333e+01
      vertex   7.053423e+01 -2.441690e+01 1.351667e+01
    endloop
  endfacet
  facet normal -2.588190e-01 9.659258e-01 0.000000e+00
    outer loop
      vertex   7.053423e+01 -2.441690e+01 1.351667e+01
      vertex   7.072786e+01 -2.436502e+01 1.018333e+01
      vertex   7.053423e+01 -2.441690e+01 1.018333e+01
    endloop
  endfacet
  facet normal -8.715574e-02 9.961947e-01 0.000000e+00
    outer loop
      vertex   7.053423e+01 -2.441690e+01 1.351667e+01
      vertex   7.053423e+01 -2.441690e+01 1.018333e+01
      vertex   7.033454e+01 -2.443438e+01 1.351667e+01
    endloop
  endfacet
  facet normal -8.715574e-02 9.961947e-01 0.000000e+00
    outer loop
      vertex   7.033454e+01 -2.443438e+01 1.351667e+01
      vertex   7.053423e+01 -2.441690e+01 1.018333e+01
      vertex   7.033454e+01 -2.443438e+01 1.018333e+01
    endloop
  endfacet
  facet normal 8.715574e-02 9.961947e-01 0.000000e+00
    outer loop
      vertex   7.033454e+01 -2.443438e+01 1.351667e+01
      vertex   7.033454e+01 -2.443438e+01 1.018333e+01
      vertex   7.013484e+01 -2.441690e+01 1.351667e+01
    endloop
  endfacet
  facet normal 8.715574e-02 9.961947e-01 0.000000e+00
    outer loop
      vertex   7.013484e+01 -2.441690e+01 1.351667e+01
      vertex   7.033454e+01 -2.443438e+01 1.018333e+01
      vertex   7.013484e+01 -2.441690e+01 1.018333e+01
    endloop
  endfacet
  facet normal 2.588190e-01 9.659258e-01 0.000000e+00
    outer loop
      vertex   7.013484e+01 -2.441690e+01 1.351667e+01
      vertex   7.013484e+01 -2.441690e+01 1.018333e+01
      vertex   6.994121e+01 -2.436502e+01 1.351667e+01
    endloop
  endfacet
  facet normal 2.588190e-01 9.659258e-01 0.000000e+00
    outer loop
      vertex   6.994121e+01 -2.436502e+01 1.351667e+01
      vertex   7.013484e+01 -2.441690e+01 1.018333e+01
      vertex   6.994121e+01 -2.436502e+01 1.018333e+01
    endloop
  endfacet
  facet normal 4.226183e-01 9.063078e-01 0.000000e+00
    outer loop
      vertex   6.994121e+01 -2.436502e+01 1.351667e+01
      vertex   6.994121e+01 -2.436502e+01 1.018333e+01
      vertex   6.975954e+01 -2.428030e+01 1.351667e+01
    endloop
  endfacet
  facet normal 4.226183e-01 9.063078e-01 0.000000e+00
    outer loop
      vertex   6.975954e+01 -2.428030e+01 1.351667e+01
      vertex   6.994121e+01 -2.436502e+01 1.018333e+01
      vertex   6.975954e+01 -2.428030e+01 1.018333e+01
    endloop
  endfacet
  facet normal 5.735764e-01 8.191520e-01 0.000000e+00
    outer loop
      vertex   6.975954e+01 -2.428030e+01 1.351667e+01
      vertex   6.975954e+01 -2.428030e+01 1.018333e+01
      vertex   6.959533e+01 -2.416533e+01 1.351667e+01
    endloop
  endfacet
  facet normal 5.735764e-01 8.191520e-01 0.000000e+00
    outer loop
      vertex   6.959533e+01 -2.416533e+01 1.351667e+01
      vertex   6.975954e+01 -2.428030e+01 1.018333e+01
      vertex   6.959533e+01 -2.416533e+01 1.018333e+01
    endloop
  endfacet
  facet normal 7.071068e-01 7.071068e-01 0.000000e+00
    outer loop
      vertex   6.959533e+01 -2.416533e+01 1.351667e+01
      vertex   6.959533e+01 -2.416533e+01 1.018333e+01
      vertex   6.945359e+01 -2.402358e+01 1.351667e+01
    endloop
  endfacet
  facet normal 7.071068e-01 7.071068e-01 0.000000e+00
    outer loop
      vertex   6.945359e+01 -2.402358e+01 1.351667e+01
      vertex   6.959533e+01 -2.416533e+01 1.018333e+01
      vertex   6.945359e+01 -2.402358e+01 1.018333e+01
    endloop
  endfacet
  facet normal 8.191520e-01 5.735764e-01 0.000000e+00
    outer loop
      vertex   6.945359e+01 -2.402358e+01 1.351667e+01
      vertex   6.945359e+01 -2.402358e+01 1.018333e+01
      vertex   6.933861e+01 -2.385938e+01 1.351667e+01
    endloop
  endfacet
  facet normal 8.191520e-01 5.735764e-01 0.000000e+00
    outer loop
      vertex   6.933861e+01 -2.385938e+01 1.351667e+01
      vertex   6.945359e+01 -2.402358e+01 1.018333e+01
      vertex   6.933861e+01 -2.385938e+01 1.018333e+01
    endloop
  endfacet
  facet normal 9.063078e-01 4.226183e-01 0.000000e+00
    outer loop
      vertex   6.933861e+01 -2.385938e+01 1.351667e+01
      vertex   6.933861e+01 -2.385938e+01 1.018333e+01
      vertex   6.925389e+01 -2.367770e+01 1.351667e+01
    endloop
  endfacet
  facet normal 9.063078e-01 4.226183e-01 0.000000e+00
    outer loop
      vertex   6.925389e+01 -2.367770e+01 1.351667e+01
      vertex   6.933861e+01 -2.385938e+01 1.018333e+01
      vertex   6.925389e+01 -2.367770e+01 1.018333e+01
    endloop
  endfacet
  facet normal 9.659258e-01 2.588190e-01 0.000000e+00
    outer loop
      vertex   6.925389e+01 -2.367770e+01 1.351667e+01
      vertex   6.925389e+01 -2.367770e+01 1.018333e+01
      vertex   6.920201e+01 -2.348407e+01 1.351667e+01
    endloop
  endfacet
  facet normal 9.659258e-01 2.588190e-01 0.000000e+00
    outer loop
      vertex   6.920201e+01 -2.348407e+01 1.351667e+01
      vertex   6.925389e+01 -2.367770e+01 1.018333e+01
      vertex   6.920201e+01 -2.348407e+01 1.018333e+01
    endloop
  endfacet
  facet normal 9.961947e-01 8.715574e-02 0.000000e+00
    outer loop
      vertex   6.920201e+01 -2.348407e+01 1.351667e+01
      vertex   6.920201e+01 -2.348407e+01 1.018333e+01
      vertex   6.918454e+01 -2.328438e+01 1.351667e+01
    endloop
  endfacet
  facet normal 9.961947e-01 8.715574e-02 0.000000e+00
    outer loop
      vertex   6.918454e+01 -2.328438e+01 1.351667e+01
      vertex   6.920201e+01 -2.348407e+01 1.018333e+01
      vertex   6.918454e+01 -2.328438e+01 1.018333e+01
    endloop
  endfacet
  facet normal 9.961947e-01 -8.715574e-02 0.000000e+00
    outer loop
      vertex   6.918454e+01 -2.328438e+01 1.351667e+01
      vertex   6.918454e+01 -2.328438e+01 1.018333e+01
      vertex   6.920201e+01 -2.308468e+01 1.351667e+01
    endloop
  endfacet
  facet normal 9.961947e-01 -8.715574e-02 0.000000e+00
    outer loop
      vertex   6.920201e+01 -2.308468e+01 1.351667e+01
      vertex   6.918454e+01 -2.328438e+01 1.018333e+01
      vertex   6.920201e+01 -2.308468e+01 1.018333e+01
    endloop
  endfacet
  facet normal 9.659258e-01 -2.588190e-01 0.000000e+00
    outer loop
      vertex   6.920201e+01 -2.308468e+01 1.351667e+01
      vertex   6.920201e+01 -2.308468e+01 1.018333e+01
      vertex   6.925389e+01 -2.289105e+01 1.351667e+01
    endloop
  endfacet
  facet normal 9.659258e-01 -2.588190e-01 0.000000e+00
    outer loop
      vertex   6.925389e+01 -2.289105e+01 1.351667e+01
      vertex   6.920201e+01 -2.308468e+01 1.018333e+01
      vertex   6.925389e+01 -2.289105e+01 1.018333e+01
    endloop
  endfacet
  facet normal 9.063078e-01 -4.226183e-01 0.000000e+00
    outer loop
      vertex   6.925389e+01 -2.289105e+01 1.351667e+01
      vertex   6.925389e+01 -2.289105e+01 1.018333e+01
      vertex   6.933861e+01 -2.270938e+01 1.351667e+01
    endloop
  endfacet
  facet normal 9.063078e-01 -4.226183e-01 0.000000e+00
    outer loop
      vertex   6.933861e+01 -2.270938e+01 1.351667e+01
      vertex   6.925389e+01 -2.289105e+01 1.018333e+01
      vertex   6.933861e+01 -2.270938e+01 1.018333e+01
    endloop
  endfacet
  facet normal 8.191520e-01 -5.735764e-01 0.000000e+00
    outer loop
      vertex   6.933861e+01 -2.270938e+01 1.351667e+01
      vertex   6.933861e+01 -2.270938e+01 1.018333e+01
      vertex   6.945359e+01 -2.254517e+01 1.351667e+01
    endloop
  endfacet
  facet normal 8.191520e-01 -5.735764e-01 0.000000e+00
    outer loop
      vertex   6.945359e+01 -2.254517e+01 1.351667e+01
      vertex   6.933861e+01 -2.270938e+01 1.018333e+01
      vertex   6.945359e+01 -2.254517e+01 1.018333e+01
    endloop
  endfacet
  facet normal 7.071068e-01 -7.071068e-01 0.000000e+00
    outer loop
      vertex   6.945359e+01 -2.254517e+01 1.351667e+01
      vertex   6.945359e+01 -2.254517e+01 1.018333e+01
      vertex   6.959533e+01 -2.240342e+01 1.351667e+01
    endloop
  endfacet
  facet normal 7.071068e-01 -7.071068e-01 0.000000e+00
    outer loop
      vertex   6.959533e+01 -2.240342e+01 1.351667e+01
      vertex   6.945359e+01 -2.254517e+01 1.018333e+01
      vertex   6.959533e+01 -2.240342e+01 1.018333e+01
    endloop
  endfacet
  facet normal 5.735764e-01 -8.191520e-01 0.000000e+00
    outer loop
      vertex   6.959533e+01 -2.240342e+01 1.351667e+01
      vertex   6.959533e+01 -2.240342e+01 1.018333e+01
      vertex   6.975954e+01 -2.228845e+01 1.351667e+01
    endloop
  endfacet
  facet normal 5.735764e-01 -8.191520e-01 0.000000e+00
    outer loop
      vertex   6.975954e+01 -2.228845e+01 1.351667e+01
      vertex   6.959533e+01 -2.240342e+01 1.018333e+01
      vertex   6.975954e+01 -2.228845e+01 1.018333e+01
    endloop
  endfacet
  facet normal 4.226183e-01 -9.063078e-01 0.000000e+00
    outer loop
      vertex   6.975954e+01 -2.228845e+01 1.351667e+01
      vertex   6.975954e+01 -2.228845e+01 1.018333e+01
      vertex   6.994121e+01 -2.220373e+01 1.351667e+01
    endloop
  endfacet
  facet normal 4.226183e-01 -9.063078e-01 0.000000e+00
    outer loop
      vertex   6.994121e+01 -2.220373e+01 1.351667e+01
      vertex   6.975954e+01 -2.228845e+01 1.018333e+01
      vertex   6.994121e+01 -2.220373e+01 1.018333e+01
    endloop
  endfacet
  facet normal 2.588190e-01 -9.659258e-01 0.000000e+00
    outer loop
      vertex   6.994121e+01 -2.220373e+01 1.351667e+01
      vertex   6.994121e+01 -2.220373e+01 1.018333e+01
      vertex   7.013484e+01 -2.215185e+01 1.351667e+01
    endloop
  endfacet
  facet normal 2.588190e-01 -9.659258e-01 0.000000e+00
    outer loop
      vertex   7.013484e+01 -2.215185e+01 1.351667e+01
      vertex   6.994121e+01 -2.220373e+01 1.018333e+01
      vertex   7.013484e+01 -2.215185e+01 1.018333e+01
    endloop
  endfacet
  facet normal 8.715574e-02 -9.961947e-01 0.000000e+00
    outer loop
      vertex   7.013484e+01 -2.215185e+01 1.351667e+01
      vertex   7.013484e+01 -2.215185e+01 1.018333e+01
      vertex   7.033454e+01 -2.213437e+01 1.351667e+01
    endloop
  endfacet
  facet normal 8.715574e-02 -9.961947e-01 0.000000e+00
    outer loop
      vertex   7.033454e+01 -2.213437e+01 1.351667e+01
      vertex   7.013484e+01 -2.215185e+01 1.018333e+01
      vertex   7.033454e+01 -2.213437e+01 1.018333e+01
    endloop
  endfacet
  facet normal -8.715574e-02 -9.961947e-01 -0.000000e+00
    outer loop
      vertex   7.033454e+01 -2.213437e+01 1.351667e+01
      vertex   7.033454e+01 -2.213437e+01 1.018333e+01
      vertex   7.053423e+01 -2.215185e+01 1.351667e+01
    endloop
  endfacet
  facet normal -8.715574e-02 -9.961947e-01 -0.000000e+00
    outer loop
      vertex   7.053423e+01 -2.215185e+01 1.351667e+01
      vertex   7.033454e+01 -2.213437e+01 1.018333e+01
      vertex   7.053423e+01 -2.215185e+01 1.018333e+01
    endloop
  endfacet
  facet normal -2.588190e-01 -9.659258e-01 -0.000000e+00
    outer loop
      vertex   7.053423e+01 -2.215185e+01 1.351667e+01
      vertex   7.053423e+01 -2.215185e+01 1.018333e+01
      vertex   7.072786e+01 -2.220373e+01 1.351667e+01
    endloop
  endfacet
  facet normal -2.588190e-01 -9.659258e-01 -0.000000e+00
    outer loop
      vertex   7.072786e+01 -2.220373e+01 1.351667e+01
      vertex   7.053423e+01 -2.215185e+01 1.018333e+01
      vertex   7.072786e+01 -2.220373e+01 1.018333e+01
    endloop
  endfacet
  facet normal -4.226183e-01 -9.063078e-01 -0.000000e+00
    outer loop
      vertex   7.072786e+01 -2.220373e+01 1.351667e+01
      vertex   7.072786e+01 -2.220373e+01 1.018333e+01
      vertex   7.090954e+01 -2.228845e+01 1.351667e+01
    endloop
  endfacet
  facet normal -4.226183e-01 -9.063078e-01 -0.000000e+00
    outer loop
      vertex   7.090954e+01 -2.228845e+01 1.351667e+01
      vertex   7.072786e+01 -2.220373e+01 1.018333e+01
      vertex   7.090954e+01 -2.228845e+01 1.018333e+01
    endloop
  endfacet
  facet normal -5.735764e-01 -8.191520e-01 -0.000000e+00
    outer loop
      vertex   7.090954e+01 -2.228845e+01 1.351667e+01
      vertex   7.090954e+01 -2.228845e+01 1.018333e+01
      vertex   7.107374e+01 -2.240342e+01 1.351667e+01
    endloop
  endfacet
  facet normal -5.735764e-01 -8.191520e-01 -0.000000e+00
    outer loop
      vertex   7.107374e+01 -2.240342e+01 1.351667e+01
      vertex   7.090954e+01 -2.228845e+01 1.018333e+01
      vertex   7.107374e+01 -2.240342e+01 1.018333e+01
    endloop
  endfacet
  facet normal -7.071068e-01 -7.071068e-01 -0.000000e+00
    outer loop
      vertex   7.107374e+01 -2.240342e+01 1.351667e+01
      vertex   7.107374e+01 -2.240342e+01 1.018333e+01
      vertex   7.121549e+01 -2.254517e+01 1.351667e+01
    endloop
  endfacet
  facet normal -7.071068e-01 -7.071068e-01 -0.000000e+00
    outer loop
      vertex   7.121549e+01 -2.254517e+01 1.351667e+01
      vertex   7.107374e+01 -2.240342e+01 1.018333e+01
      vertex   7.121549e+01 -2.254517e+01 1.018333e+01
    endloop
  endfacet
  facet normal -8.191520e-01 -5.735764e-01 -0.000000e+00
    outer loop
      vertex   7.121549e+01 -2.254517e+01 1.351667e+01
      vertex   7.121549e+01 -2.254517e+01 1.018333e+01
      vertex   7.133047e+01 -2.270938e+01 1.351667e+01
    endloop
  endfacet
  facet normal -8.191520e-01 -5.735764e-01 -0.000000e+00
    outer loop
      vertex   7.133047e+01 -2.270938e+01 1.351667e+01
      vertex   7.121549e+01 -2.254517e+01 1.018333e+01
      vertex   7.133047e+01 -2.270938e+01 1.018333e+01
    endloop
  endfacet
  facet normal -9.063078e-01 -4.226183e-01 -0.000000e+00
    outer loop
      vertex   7.133047e+01 -2.270938e+01 1.351667e+01
      vertex   7.133047e+01 -2.270938e+01 1.018333e+01
      vertex   7.141518e+01 -2.289105e+01 1.351667e+01
    endloop
  endfacet
  facet normal -9.063078e-01 -4.226183e-01 -0.000000e+00
    outer loop
      vertex   7.141518e+01 -2.289105e+01 1.351667e+01
      vertex   7.133047e+01 -2.270938e+01 1.018333e+01
      vertex   7.141518e+01 -2.289105e+01 1.018333e+01
    endloop
  endfacet
  facet normal -9.659258e-01 -2.588190e-01 -0.000000e+00
    outer loop
      vertex   7.141518e+01 -2.289105e+01 1.351667e+01
      vertex   7.141518e+01 -2.289105e+01 1.018333e+01
      vertex   7.146707e+01 -2.308468e+01 1.351667e+01
    endloop
  endfacet
  facet normal -9.659258e-01 -2.588190e-01 -0.000000e+00
    outer loop
      vertex   7.146707e+01 -2.308468e+01 1.351667e+01
      vertex   7.141518e+01 -2.289105e+01 1.018333e+01
      vertex   7.146707e+01 -2.308468e+01 1.018333e+01
    endloop
  endfacet
  facet normal -9.961947e-01 -8.715574e-02 -0.000000e+00
    outer loop
      vertex   7.146707e+01 -2.308468e+01 1.351667e+01
      vertex   7.146707e+01 -2.308468e+01 1.018333e+01
      vertex   7.148454e+01 -2.328438e+01 1.351667e+01
    endloop
  endfacet
  facet normal -9.961947e-01 -8.715574e-02 -0.000000e+00
    outer loop
      vertex   7.148454e+01 -2.328438e+01 1.351667e+01
      vertex   7.146707e+01 -2.308468e+01 1.018333e+01
      vertex   7.148454e+01 -2.328438e+01 1.018333e+01
    endloop
  endfacet
  facet normal 0.000000e+00 0.000000e+00 -1.000000e+00
    outer loop
      vertex   7.146707e+01 -2.348407e+01 1.685000e+01
      vertex   6.920201e+01 -2.348407e+01 1.685000e+01
      vertex   7.148454e+01 -2.328438e+01 1.685000e+01
    endloop
  endfacet
  facet normal -0.000000e+00 0.000000e+00 -1.000000e+00
    outer loop
      vertex   7.148454e+01 -2.328438e+01 1.685000e+01
      vertex   6.920201e+01 -2.348407e+01 1.685000e+01
      vertex   6.918454e+01 -2.328438e+01 1.685000e+01
    endloop
  endfacet
  facet normal 0.000000e+00 0.000000e+00 -1.000000e+00
    outer loop
      vertex   7.148454e+01 -2.328438e+01 1.685000e+01
      vertex   6.918454e+01 -2.328438e+01 1.685000e+01
      vertex   7.146707e+01 -2.308468e+01 1.685000e+01
    endloop
  endfacet
  facet normal -0.000000e+00 0.000000e+00 -1.000000e+00
    outer loop
      vertex   7.146707e+01 -2.308468e+01 1.685000e+01
      vertex   6.918454e+01 -2.328438e+01 1.685000e+01
      vertex   6.920201e+01 -2.308468e+01 1.685000e+01
    endloop
  endfacet
  facet normal 0.000000e+00 0.000000e+00 -1.000000e+00
    outer loop
      vertex   7.146707e+01 -2.308468e+01 1.685000e+01
      vertex   6.920201e+01 -2.308468e+01 1.685000e+01
      vertex   7.141518e+01 -2.289105e+01 1.685000e+01
    endloop
  endfacet
  facet normal -0.000000e+00 0.000000e+00 -1.000000e+00
    outer loop
      vertex   7.141518e+01 -2.289105e+01 1.685000e+01
      vertex   6.920201e+01 -2.308468e+01 1.685000e+01
      vertex   6.925389e+01 -2.289105e+01 1.685000e+01
    endloop
  endfacet
  facet normal 0.000000e+00 0.000000e+00 -1.000000e+00
    outer loop
      vertex   7.141518e+01 -2.289105e+01 1.685000e+01
      vertex   6.925389e+01 -2.289105e+01 1.685000e+01
      vertex   7.133047e+01 -2.270938e+01 1.685000e+01
    endloop
  endfacet
  facet normal -0.000000e+00 0.000000e+00 -1.000000e+00
    outer loop
      vertex   7.133047e+01 -2.270938e+01 1.685000e+01
      vertex   6.925389e+01 -2.289105e+01 1.685000e+01
      vertex   6.933861e+01 -2.270938e+01 1.685000e+01
    endloop
  endfacet
  facet normal 0.000000e+00 0.000000e+00 -1.000000e+00
    outer loop
      vertex   7.133047e+01 -2.270938e+01 1.685000e+01
      vertex   6.933861e+01 -2.270938e+01 1.685000e+01
      vertex   7.121549e+01 -2.254517e+01 1.685000e+01
    endloop
  endfacet
  facet normal -0.000000e+00 0.000000e+00 -1.000000e+00
    outer loop
      vertex   7.121549e+01 -2.254517e+01 1.685000e+01
      vertex   6.933861e+01 -2.270938e+01 1.685000e+01
      vertex   6.945359e+01 -2.254517e+01 1.685000e+01
    endloop
  endfacet
  facet normal 0.000000e+00 0.000000e+00 -1.000000e+00
    outer loop
      vertex   7.121549e+01 -2.254517e+01 1.685000e+01
      vertex   6.945359e+01 -2.254517e+01 1.685000e+01
      vertex   7.107374e+01 -2.240342e+01 1.685000e+01
    endloop
  endfacet
  facet normal -0.000000e+00 0.000000e+00 -1.000000e+00
    outer loop
      vertex   7.107374e+01 -2.240342e+01 1.685000e+01
      vertex   6.945359e+01 -2.254517e+01 1.685000e+01
      vertex   6.959533e+01 -2.240342e+01 1.685000e+01
    endloop
  endfacet
  facet normal 0.000000e+00 0.000000e+00 -1.000000e+00
    outer loop
      vertex   7.107374e+01 -2.240342e+01 1.685000e+01
      vertex   6.959533e+01 -2.240342e+01 1.685000e+01
      vertex   7.090954e+01 -2.228845e+01 1.685000e+01
    endloop
  endfacet
  facet normal -0.000000e+00 0.000000e+00 -1.000000e+00
    outer loop
      vertex   7.090954e+01 -2.228845e+01 1.685000e+01
      vertex   6.959533e+01 -2.240342e+01 1.685000e+01
      vertex   6.975954e+01 -2.228845e+01 1.685000e+01
    endloop
  endfacet
  facet normal 0.000000e+00 0.000000e+00 -1.000000e+00
    outer loop
      vertex   7.090954e+01 -2.228845e+01 1.685000e+01
      vertex   6.975954e+01 -2.228845e+01 1.685000e+01
      vertex   7.072786e+01 -2.220373e+01 1.685000e+01
    endloop
  endfacet
  facet normal -0.000000e+00 0.000000e+00 -1.000000e+00
    outer loop
      vertex   7.072786e+01 -2.220373e+01 1.685000e+01
      vertex   6.975954e+01 -2.228845e+01 1.685000e+01
      vertex   6.994121e+01 -2.220373e+01 1.685000e+01
    endloop
  endfacet
  facet normal 0.000000e+00 0.000000e+00 -1.000000e+00
    outer loop
      vertex   7.072786e+01 -2.220373e+01 1.685000e+01
      vertex   6.994121e+01 -2.220373e+01 1.685000e+01
      vertex   7.053423e+01 -2.215185e+01 1.685000e+01
    endloop
  endfacet
  facet normal -0.000000e+00 0.000000e+00 -1.000000e+00
    outer loop
      vertex   7.053423e+01 -2.215185e+01 1.685000e+01
      vertex   6.994121e+01 -2.220373e+01 1.685000e+01
      vertex   7.013484e+01 -2.215185e+01 1.685000e+01
    endloop
  endfacet
  facet normal 0.000000e+00 0.000000e+00 -1.000000e+00
    outer loop
      vertex   7.053423e+01 -2.215185e+01 1.685000e+01
      vertex   7.013484e+01 -2.215185e+01 1.685000e+01
      vertex   7.033454e+01 -2.213437e+01 1.685000e+01
    endloop
  endfacet
  facet normal 0.000000e+00 0.000000e+00 -1.000000e+00
    outer loop
      vertex   6.920201e+01 -2.348407e+01 1.685000e+01
      vertex   7.146707e+01 -2.348407e+01 1.685000e+01
      vertex   6.925389e+01 -2.367770e+01 1.685000e+01
    endloop
  endfacet
  facet normal 0.000000e+00 0.000000e+00 -1.000000e+00
    outer loop
      vertex   6.925389e+01 -2.367770e+01 1.685000e+01
      vertex   7.146707e+01 -2.348407e+01 1.685000e+01
      vertex   7.141518e+01 -2.367770e+01 1.685000e+01
    endloop
  endfacet
  facet normal 0.000000e+00 0.000000e+00 -1.000000e+00
    outer loop
      vertex   6.925389e+01 -2.367770e+01 1.685000e+01
      vertex   7.141518e+01 -2.367770e+01 1.685000e+01
      vertex   6.933861e+01 -2.385938e+01 1.685000e+01
    endloop
  endfacet
  facet normal 0.000000e+00 0.000000e+00 -1.000000e+00
    outer loop
      vertex   6.933861e+01 -2.385938e+01 1.685000e+01
      vertex   7.141518e+01 -2.367770e+01 1.685000e+01
      vertex   7.133047e+01 -2.385938e+01 1.685000e+01
    endloop
  endfacet
  facet normal 0.000000e+00 0.000000e+00 -1.000000e+00
    outer loop
      vertex   6.933861e+01 -2.385938e+01 1.685000e+01
      vertex   7.133047e+01 -2.385938e+01 1.685000e+01
      vertex   6.945359e+01 -2.402358e+01 1.685000e+01
    endloop
  endfacet
  facet normal 0.000000e+00 0.000000e+00 -1.000000e+00
    outer loop
      vertex   6.945359e+01 -2.402358e+01 1.685000e+01
      vertex   7.133047e+01 -2.385938e+01 1.685000e+01
      vertex   7.121549e+01 -2.402358e+01 1.685000e+01
    endloop
  endfacet
  facet normal 0.000000e+00 0.000000e+00 -1.000000e+00
    outer loop
      vertex   6.945359e+01 -2.402358e+01 1.685000e+01
      vertex   7.121549e+01 -2.402358e+01 1.685000e+01
      vertex   6.959533e+01 -2.416533e+01 1.685000e+01
    endloop
  endfacet
  facet normal 0.000000e+00 0.000000e+00 -1.000000e+00
    outer loop
      vertex   6.959533e+01 -2.416533e+01 1.685000e+01
      vertex   7.121549e+01 -2.402358e+01 1.685000e+01
      vertex   7.107374e+01 -2.416533e+01 1.685000e+01
    endloop
  endfacet
  facet normal 0.000000e+00 0.000000e+00 -1.000000e+00
    outer loop
      vertex   6.959533e+01 -2.416533e+01 1.685000e+01
      vertex   7.107374e+01 -2.416533e+01 1.685000e+01
      vertex   6.975954e+01 -2.428030e+01 1.685000e+01
    endloop
  endfacet
  facet normal 0.000000e+00 0.000000e+00 -1.000000e+00
    outer loop
      vertex   6.975954e+01 -2.428030e+01 1.685000e+01
      vertex   7.107374e+01 -2.416533e+01 1.685000e+01
      vertex   7.090954e+01 -2.428030e+01 1.685000e+01
    endloop
  endfacet
  facet normal 0.000000e+00 0.000000e+00 -1.000000e+00
    outer loop
      vertex   6.975954e+01 -2.428030e+01 1.685000e+01
      vertex   7.090954e+01 -2.428030e+01 1.685000e+01
      vertex   6.994121e+01 -2.436502e+01 1.685000e+01
    endloop
  endfacet
  facet normal 0.000000e+00 0.000000e+00 -1.000000e+00
    outer loop
      vertex   6.994121e+01 -2.436502e+01 1.685000e+01
      vertex   7.090954e+01 -2.428030e+01 1.685000e+01
      vertex   7.072786e+01 -2.436502e+01 1.685000e+01
    endloop
  endfacet
  facet normal 0.000000e+00 0.000000e+00 -1.000000e+00
    outer loop
      vertex   6.994121e+01 -2.436502e+01 1.685000e+01
      vertex   7.072786e+01 -2.436502e+01 1.685000e+01
      vertex   7.013484e+01 -2.441690e+01 1.685000e+01
    endloop
  endfacet
  facet normal 0.000000e+00 0.000000e+00 -1.000000e+00
    outer loop
      vertex   7.013484e+01 -2.441690e+01 1.685000e+01
      vertex   7.072786e+01 -2.436502e+01 1.685000e+01
      vertex   7.053423e+01 -2.441690e+01 1.685000e+01
    endloop
  endfacet
  facet normal 0.000000e+00 0.000000e+00 -1.000000e+00
    outer loop
      vertex   7.013484e+01 -2.441690e+01 1.685000e+01
      vertex   7.053423e+01 -2.441690e+01 1.685000e+01
      vertex   7.033454e+01 -2.443438e+01 1.685000e+01
    endloop
  endfacet
  facet normal -9.961947e-01 -8.715574e-02 -0.000000e+00
    outer loop
      vertex   8.693495e+01 -1.283104e+02 1.685000e+01
      vertex   8.693495e+01 -1.283104e+02 1.351667e+01
      vertex   8.695242e+01 -1.285101e+02 1.685000e+01
    endloop
  endfacet
  facet normal -9.961947e-01 -8.715574e-02 -0.000000e+00
    outer loop
      vertex   8.695242e+01 -1.285101e+02 1.685000e+01
      vertex   8.693495e+01 -1.283104e+02 1.351667e+01
      vertex   8.695242e+01 -1.285101e+02 1.351667e+01
    endloop
  endfacet
  facet normal -9.961947e-01 8.715574e-02 0.000000e+00
    outer loop
      vertex   8.695242e+01 -1.285101e+02 1.685000e+01
      vertex   8.695242e+01 -1.285101e+02 1.351667e+01
      vertex   8.693495e+01 -1.287098e+02 1.685000e+01
    endloop
  endfacet
  facet normal -9.961947e-01 8.715574e-02 0.000000e+00
    outer loop
      vertex   8.693495e+01 -1.287098e+02 1.685000e+01
      vertex   8.695242e+01 -1.285101e+02 1.351667e+01
      vertex   8.693495e+01 -1.287098e+02 1.351667e+01
    endloop
  endfacet
  facet normal -9.659258e-01 2.588190e-01 0.000000e+00
    outer loop
      vertex   8.693495e+01 -1.287098e+02 1.685000e+01
      vertex   8.693495e+01 -1.287098e+02 1.351667e+01
      vertex   8.688307e+01 -1.289034e+02 1.685000e+01
    endloop
  endfacet
  facet normal -9.659258e-01 2.588190e-01 0.000000e+00
    outer loop
      vertex   8.688307e+01 -1.289034e+02 1.685000e+01
      vertex   8.693495e+01 -1.287098e+02 1.351667e+01
      vertex   8.688307e+01 -1.289034e+02 1.351667e+01
    endloop
  endfacet
  facet normal -9.063078e-01 4.226183e-01 0.000000e+00
    outer loop
      vertex   8.688307e+01 -1.289034e+02 1.685000e+01
      vertex   8.688307e+01 -1.289034e+02 1.351667e+01
      vertex   8.679835e+01 -1.290851e+02 1.685000e+01
    endloop
  endfacet
  facet normal -9.063078e-01 4.226183e-01 0.000000e+00
    outer loop
      vertex   8.679835e+01 -1.290851e+02 1.685000e+01
      vertex   8.688307e+01 -1.289034e+02 1.351667e+01
      vertex   8.679835e+01 -1.290851e+02 1.351667e+01
    endloop
  endfacet
  facet normal -8.191520e-01 5.735764e-01 0.000000e+00
    outer loop
      vertex   8.679835e+01 -1.290851e+02 1.685000e+01
      vertex   8.679835e+01 -1.290851e+02 1.351667e+01
      vertex   8.668338e+01 -1.292493e+02 1.685000e+01
    endloop
  endfacet
  facet normal -8.191520e-01 5.735764e-01 0.000000e+00
    outer loop
      vertex   8.668338e+01 -1.292493e+02 1.685000e+01
      vertex   8.679835e+01 -1.290851e+02 1.351667e+01
      vertex   8.668338e+01 -1.292493e+02 1.351667e+01
    endloop
  endfacet
  facet normal -7.071068e-01 7.071068e-01 0.000000e+00
    outer loop
      vertex   8.668338e+01 -1.292493e+02 1.685000e+01
      vertex   8.668338e+01 -1.292493e+02 1.351667e+01
      vertex   8.654163e+01 -1.293910e+02 1.685000e+01
    endloop
  endfacet
  facet normal -7.071068e-01 7.071068e-01 0.000000e+00
    outer loop
      vertex   8.654163e+01 -1.293910e+02 1.685000e+01
      vertex   8.668338e+01 -1.292493e+02 1.351667e+01
      vertex   8.654163e+01 -1.293910e+02 1.351667e+01
    endloop
  endfacet
  facet normal -5.735764e-01 8.191520e-01 0.000000e+00
    outer loop
      vertex   8.654163e+01 -1.293910e+02 1.685000e+01
      vertex   8.654163e+01 -1.293910e+02 1.351667e+01
      vertex   8.637742e+01 -1.295060e+02 1.685000e+01
    endloop
  endfacet
  facet normal -5.735764e-01 8.191520e-01 0.000000e+00
    outer loop
      vertex   8.637742e+01 -1.295060e+02 1.685000e+01
      vertex   8.654163e+01 -1.293910e+02 1.351667e+01
      vertex   8.637742e+01 -1.295060e+02 1.351667e+01
    endloop
  endfacet
  facet normal -4.226183e-01 9.063078e-01 0.000000e+00
    outer loop
      vertex   8.637742e+01 -1.295060e+02 1.685000e+01
      vertex   8.637742e+01 -1.295060e+02 1.351667e+01
      vertex   8.619575e+01 -1.295907e+02 1.685000e+01
    endloop
  endfacet
  facet normal -4.226183e-01 9.063078e-01 0.000000e+00
    outer loop
      vertex   8.619575e+01 -1.295907e+02 1.685000e+01
      vertex   8.637742e+01 -1.295060e+02 1.351667e+01
      vertex   8.619575e+01 -1.295907e+02 1.351667e+01
    endloop
  endfacet
  facet normal -2.588190e-01 9.659258e-01 0.000000e+00
    outer loop
      vertex   8.619575e+01 -1.295907e+02 1.685000e+01
      vertex   8.619575e+01 -1.295907e+02 1.351667e+01
      vertex   8.600212e+01 -1.296426e+02 1.685000e+01
    endloop
  endfacet
  facet normal -2.588190e-01 9.659258e-01 0.000000e+00
    outer loop
      vertex   8.600212e+01 -1.296426e+02 1.685000e+01
      vertex   8.619575e+01 -1.295907e+02 1.351667e+01
      vertex   8.600212e+01 -1.296426e+02 1.351667e+01
    endloop
  endfacet
  facet normal -8.715574e-02 9.961947e-01 0.000000e+00
    outer loop
      vertex   8.600212e+01 -1.296426e+02 1.685000e+01
      vertex   8.600212e+01 -1.296426e+02 1.351667e+01
      vertex   8.580242e+01 -1.296601e+02 1.685000e+01
    endloop
  endfacet
  facet normal -8.715574e-02 9.961947e-01 0.000000e+00
    outer loop
      vertex   8.580242e+01 -1.296601e+02 1.685000e+01
      vertex   8.600212e+01 -1.296426e+02 1.351667e+01
      vertex   8.580242e+01 -1.296601e+02 1.351667e+01
    endloop
  endfacet
  facet normal 8.715574e-02 9.961947e-01 0.000000e+00
    outer loop
      vertex   8.580242e+01 -1.296601e+02 1.685000e+01
      vertex   8.580242e+01 -1.296601e+02 1.351667e+01
      vertex   8.560273e+01 -1.296426e+02 1.685000e+01
    endloop
  endfacet
  facet normal 8.715574e-02 9.961947e-01 0.000000e+00
    outer loop
      vertex   8.560273e+01 -1.296426e+02 1.685000e+01
      vertex   8.580242e+01 -1.296601e+02 1.351667e+01
      vertex   8.560273e+01 -1.296426e+02 1.351667e+01
    endloop
  endfacet
  facet normal 2.588190e-01 9.659258e-01 0.000000e+00
    outer loop
      vertex   8.560273e+01 -1.296426e+02 1.685000e+01
      vertex   8.560273e+01 -1.296426e+02 1.351667e+01
      vertex   8.540910e+01 -1.295907e+02 1.685000e+01
    endloop
  endfacet
  facet normal 2.588190e-01 9.659258e-01 0.000000e+00
    outer loop
      vertex   8.540910e+01 -1.295907e+02 1.685000e+01
      vertex   8.560273e+01 -1.296426e+02 1.351667e+01
      vertex   8.540910e+01 -1.295907e+02 1.351667e+01
    endloop
  endfacet
  facet normal 4.226183e-01 9.063078e-01 0.000000e+00
    outer loop
      vertex   8.540910e+01 -1.295907e+02 1.685000e+01
      vertex   8.540910e+01 -1.295907e+02 1.351667e+01
      vertex   8.522742e+01 -1.295060e+02 1.685000e+01
    endloop
  endfacet
  facet normal 4.226183e-01 9.063078e-01 0.000000e+00
    outer loop
      vertex   8.522742e+01 -1.295060e+02 1.685000e+01
      vertex   8.540910e+01 -1.295907e+02 1.351667e+01
      vertex   8.522742e+01 -1.295060e+02 1.351667e+01
    endloop
  endfacet
  facet normal 5.735764e-01 8.191520e-01 0.000000e+00
    outer loop
      vertex   8.522742e+01 -1.295060e+02 1.685000e+01
      vertex   8.522742e+01 -1.295060e+02 1.351667e+01
      vertex   8.506322e+01 -1.293910e+02 1.685000e+01
    endloop
  endfacet
  facet normal 5.735764e-01 8.191520e-01 0.000000e+00
    outer loop
      vertex   8.506322e+01 -1.293910e+02 1.685000e+01
      vertex   8.522742e+01 -1.295060e+02 1.351667e+01
      vertex   8.506322e+01 -1.293910e+02 1.351667e+01
    endloop
  endfacet
  facet normal 7.071068e-01 7.071068e-01 0.000000e+00
    outer loop
      vertex   8.506322e+01 -1.293910e+02 1.685000e+01
      vertex   8.506322e+01 -1.293910e+02 1.351667e+01
      vertex   8.492147e+01 -1.292493e+02 1.685000e+01
    endloop
  endfacet
  facet normal 7.071068e-01 7.071068e-01 0.000000e+00
    outer loop
      vertex   8.492147e+01 -1.292493e+02 1.685000e+01
      vertex   8.506322e+01 -1.293910e+02 1.351667e+01
      vertex   8.492147e+01 -1.292493e+02 1.351667e+01
    endloop
  endfacet
  facet normal 8.191520e-01 5.735764e-01 0.000000e+00
    outer loop
      vertex   8.492147e+01 -1.292493e+02 1.685000e+01
      vertex   8.492147e+01 -1.292493e+02 1.351667e+01
      vertex   8.480650e+01 -1.290851e+02 1.685000e+01
    endloop
  endfacet
  facet normal 8.191520e-01 5.735764e-01 0.000000e+00
    outer loop
      vertex   8.480650e+01 -1.290851e+02 1.685000e+01
      vertex   8.492147e+01 -1.292493e+02 1.351667e+01
      vertex   8.480650e+01 -1.290851e+02 1.351667e+01
    endloop
  endfacet
  facet normal 9.063078e-01 4.226183e-01 0.000000e+00
    outer loop
      vertex   8.480650e+01 -1.290851e+02 1.685000e+01
      vertex   8.480650e+01 -1.290851e+02 1.351667e+01
      vertex   8.472178e+01 -1.289034e+02 1.685000e+01
    endloop
  endfacet
  facet normal 9.063078e-01 4.226183e-01 0.000000e+00
    outer loop
      vertex   8.472178e+01 -1.289034e+02 1.685000e+01
      vertex   8.480650e+01 -1.290851e+02 1.351667e+01
      vertex   8.472178e+01 -1.289034e+02 1.351667e+01
    endloop
  endfacet
  facet normal 9.659258e-01 2.588190e-01 0.000000e+00
    outer loop
      vertex   8.472178e+01 -1.289034e+02 1.685000e+01
      vertex   8.472178e+01 -1.289034e+02 1.351667e+01
      vertex   8.466990e+01 -1.287098e+02 1.685000e+01
    endloop
  endfacet
  facet normal 9.659258e-01 2.588190e-01 0.000000e+00
    outer loop
      vertex   8.466990e+01 -1.287098e+02 1.685000e+01
      vertex   8.472178e+01 -1.289034e+02 1.351667e+01
      vertex   8.466990e+01 -1.287098e+02 1.351667e+01
    endloop
  endfacet
  facet normal 9.961947e-01 8.715574e-02 0.000000e+00
    outer loop
      vertex   8.466990e+01 -1.287098e+02 1.685000e+01
      vertex   8.466990e+01 -1.287098e+02 1.351667e+01
      vertex   8.465242e+01 -1.285101e+02 1.685000e+01
    endloop
  endfacet
  facet normal 9.961947e-01 8.715574e-02 0.000000e+00
    outer loop
      vertex   8.465242e+01 -1.285101e+02 1.685000e+01
      vertex   8.466990e+01 -1.287098e+02 1.351667e+01
      vertex   8.465242e+01 -1.285101e+02 1.351667e+01
    endloop
  endfacet
  facet normal 9.961947e-01 -8.715574e-02 0.000000e+00
    outer loop
      vertex   8.465242e+01 -1.285101e+02 1.685000e+01
      vertex   8.465242e+01 -1.285101e+02 1.351667e+01
      vertex   8.466990e+01 -1.283104e+02 1.685000e+01
    endloop
  endfacet
  facet normal 9.961947e-01 -8.715574e-02 0.000000e+00
    outer loop
      vertex   8.466990e+01 -1.283104e+02 1.685000e+01
      vertex   8.465242e+01 -1.285101e+02 1.351667e+01
      vertex   8.466990e+01 -1.283104e+02 1.351667e+01
    endloop
  endfacet
  facet normal 9.659258e-01 -2.588190e-01 0.000000e+00
    outer loop
      vertex   8.466990e+01 -1.283104e+02 1.685000e+01
      vertex   8.466990e+01 -1.283104e+02 1.351667e+01
      vertex   8.472178e+01 -1.281168e+02 1.685000e+01
    endloop
  endfacet
  facet normal 9.659258e-01 -2.588190e-01 0.000000e+00
    outer loop
      vertex   8.472178e+01 -1.281168e+02 1.685000e+01
      vertex   8.466990e+01 -1.283104e+02 1.351667e+01
      vertex   8.472178e+01 -1.281168e+02 1.351667e+01
    endloop
  endfacet
  facet normal 9.063078e-01 -4.226183e-01 0.000000e+00
    outer loop
      vertex   8.472178e+01 -1.281168e+02 1.685000e+01
      vertex   8.472178e+01 -1.281168e+02 1.351667e+01
      vertex   8.480650e+01 -1.279351e+02 1.685000e+01
    endloop
  endfacet
  facet normal 9.063078e-01 -4.226183e-01 0.000000e+00
    outer loop
      vertex   8.480650e+01 -1.279351e+02 1.685000e+01
      vertex   8.472178e+01 -1.281168e+02 1.351667e+01
      vertex   8.480650e+01 -1.279351e+02 1.351667e+01
    endloop
  endfacet
  facet normal 8.191520e-01 -5.735764e-01 0.000000e+00
    outer loop
      vertex   8.480650e+01 -1.279351e+02 1.685000e+01
      vertex   8.480650e+01 -1.279351e+02 1.351667e+01
      vertex   8.492147e+01 -1.277709e+02 1.685000e+01
    endloop
  endfacet
  facet normal 8.191520e-01 -5.735764e-01 0.000000e+00
    outer loop
      vertex   8.492147e+01 -1.277709e+02 1.685000e+01
      vertex   8.480650e+01 -1.279351e+02 1.351667e+01
      vertex   8.492147e+01 -1.277709e+02 1.351667e+01
    endloop
  endfacet
  facet normal 7.071068e-01 -7.071068e-01 0.000000e+00
    outer loop
      vertex   8.492147e+01 -1.277709e+02 1.685000e+01
      vertex   8.492147e+01 -1.277709e+02 1.351667e+01
      vertex   8.506322e+01 -1.276291e+02 1.685000e+01
    endloop
  endfacet
  facet normal 7.071068e-01 -7.071068e-01 0.000000e+00
    outer loop
      vertex   8.506322e+01 -1.276291e+02 1.685000e+01
      vertex   8.492147e+01 -1.277709e+02 1.351667e+01
      vertex   8.506322e+01 -1.276291e+02 1.351667e+01
    endloop
  endfacet
  facet normal 5.735764e-01 -8.191520e-01 0.000000e+00
    outer loop
      vertex   8.506322e+01 -1.276291e+02 1.685000e+01
      vertex   8.506322e+01 -1.276291e+02 1.351667e+01
      vertex   8.522742e+01 -1.275141e+02 1.685000e+01
    endloop
  endfacet
  facet normal 5.735764e-01 -8.191520e-01 0.000000e+00
    outer loop
      vertex   8.522742e+01 -1.275141e+02 1.685000e+01
      vertex   8.506322e+01 -1.276291e+02 1.351667e+01
      vertex   8.522742e+01 -1.275141e+02 1.351667e+01
    endloop
  endfacet
  facet normal 4.226183e-01 -9.063078e-01 0.000000e+00
    outer loop
      vertex   8.522742e+01 -1.275141e+02 1.685000e+01
      vertex   8.522742e+01 -1.275141e+02 1.351667e+01
      vertex   8.540910e+01 -1.274294e+02 1.685000e+01
    endloop
  endfacet
  facet normal 4.226183e-01 -9.063078e-01 0.000000e+00
    outer loop
      vertex   8.540910e+01 -1.274294e+02 1.685000e+01
      vertex   8.522742e+01 -1.275141e+02 1.351667e+01
      vertex   8.540910e+01 -1.274294e+02 1.351667e+01
    endloop
  endfacet
  facet normal 2.588190e-01 -9.659258e-01 0.000000e+00
    outer loop
      vertex   8.540910e+01 -1.274294e+02 1.685000e+01
      vertex   8.540910e+01 -1.274294e+02 1.351667e+01
      vertex   8.560273e+01 -1.273775e+02 1.685000e+01
    endloop
  endfacet
  facet normal 2.588190e-01 -9.659258e-01 0.000000e+00
    outer loop
      vertex   8.560273e+01 -1.273775e+02 1.685000e+01
      vertex   8.540910e+01 -1.274294e+02 1.351667e+01
      vertex   8.560273e+01 -1.273775e+02 1.351667e+01
    endloop
  endfacet
  facet normal 8.715574e-02 -9.961947e-01 0.000000e+00
    outer loop
      vertex   8.560273e+01 -1.273775e+02 1.685000e+01
      vertex   8.560273e+01 -1.273775e+02 1.351667e+01
      vertex   8.580242e+01 -1.273601e+02 1.685000e+01
    endloop
  endfacet
  facet normal 8.715574e-02 -9.961947e-01 0.000000e+00
    outer loop
      vertex   8.580242e+01 -1.273601e+02 1.685000e+01
      vertex   8.560273e+01 -1.273775e+02 1.351667e+01
      vertex   8.580242e+01 -1.273601e+02 1.351667e+01
    endloop
  endfacet
  facet normal -8.715574e-02 -9.961947e-01 -0.000000e+00
    outer loop
      vertex   8.580242e+01 -1.273601e+02 1.685000e+01
      vertex   8.580242e+01 -1.273601e+02 1.351667e+01
      vertex   8.600212e+01 -1.273775e+02 1.685000e+01
    endloop
  endfacet
  facet normal -8.715574e-02 -9.961947e-01 -0.000000e+00
    outer loop
      vertex   8.600212e+01 -1.273775e+02 1.685000e+01
      vertex   8.580242e+01 -1.273601e+02 1.351667e+01
      vertex   8.600212e+01 -1.273775e+02 1.351667e+01
    endloop
  endfacet
  facet normal -2.588190e-01 -9.659258e-01 -0.000000e+00
    outer loop
      vertex   8.600212e+01 -1.273775e+02 1.685000e+01
      vertex   8.600212e+01 -1.273775e+02 1.351667e+01
      vertex   8.619575e+01 -1.274294e+02 1.685000e+01
    endloop
  endfacet
  facet normal -2.588190e-01 -9.659258e-01 -0.000000e+00
    outer loop
      vertex   8.619575e+01 -1.274294e+02 1.685000e+01
      vertex   8.600212e+01 -1.273775e+02 1.351667e+01
      vertex   8.619575e+01 -1.274294e+02 1.351667e+01
    endloop
  endfacet
  facet normal -4.226183e-01 -9.063078e-01 -0.000000e+00
    outer loop
      vertex   8.619575e+01 -1.274294e+02 1.685000e+01
      vertex   8.619575e+01 -1.274294e+02 1.351667e+01
      vertex   8.637742e+01 -1.275141e+02 1.685000e+01
    endloop
  endfacet
  facet normal -4.226183e-01 -9.063078e-01 -0.000000e+00
    outer loop
      vertex   8.637742e+01 -1.275141e+02 1.685000e+01
      vertex   8.619575e+01 -1.274294e+02 1.351667e+01
      vertex   8.637742e+01 -1.275141e+02 1.351667e+01
    endloop
  endfacet
  facet normal -5.735764e-01 -8.191520e-01 -0.000000e+00
    outer loop
      vertex   8.637742e+01 -1.275141e+02 1.685000e+01
      vertex   8.637742e+01 -1.275141e+02 1.351667e+01
      vertex   8.654163e+01 -1.276291e+02 1.685000e+01
    endloop
  endfacet
  facet normal -5.735764e-01 -8.191520e-01 -0.000000e+00
    outer loop
      vertex   8.654163e+01 -1.276291e+02 1.685000e+01
      vertex   8.637742e+01 -1.275141e+02 1.351667e+01
      vertex   8.654163e+01 -1.276291e+02 1.351667e+01
    endloop
  endfacet
  facet normal -7.071068e-01 -7.071068e-01 -0.000000e+00
    outer loop
      vertex   8.654163e+01 -1.276291e+02 1.685000e+01
      vertex   8.654163e+01 -1.276291e+02 1.351667e+01
      vertex   8.668338e+01 -1.277709e+02 1.685000e+01
    endloop
  endfacet
  facet normal -7.071068e-01 -7.071068e-01 -0.000000e+00
    outer loop
      vertex   8.668338e+01 -1.277709e+02 1.685000e+01
      vertex   8.654163e+01 -1.276291e+02 1.351667e+01
      vertex   8.668338e+01 -1.277709e+02 1.351667e+01
    endloop
  endfacet
  facet normal -8.191520e-01 -5.735764e-01 -0.000000e+00
    outer loop
      vertex   8.668338e+01 -1.277709e+02 1.685000e+01
      vertex   8.668338e+01 -1.277709e+02 1.351667e+01
      vertex   8.679835e+01 -1.279351e+02 1.685000e+01
    endloop
  endfacet
  facet normal -8.191520e-01 -5.735764e-01 -0.000000e+00
    outer loop
      vertex   8.679835e+01 -1.279351e+02 1.685000e+01
      vertex   8.668338e+01 -1.277709e+02 1.351667e+01
      vertex   8.679835e+01 -1.279351e+02 1.351667e+01
    endloop
  endfacet
  facet normal -9.063078e-01 -4.226183e-01 -0.000000e+00
    outer loop
      vertex   8.679835e+01 -1.279351e+02 1.685000e+01
      vertex   8.679835e+01 -1.279351e+02 1.351667e+01
      vertex   8.688307e+01 -1.281168e+02 1.685000e+01
    endloop
  endfacet
  facet normal -9.063078e-01 -4.226183e-01 -0.000000e+00
    outer loop
      vertex   8.688307e+01 -1.281168e+02 1.685000e+01
      vertex   8.679835e+01 -1.279351e+02 1.351667e+01
      vertex   8.688307e+01 -1.281168e+02 1.351667e+01
    endloop
  endfacet
  facet normal -9.659258e-01 -2.588190e-01 -0.000000e+00
    outer loop
      vertex   8.688307e+01 -1.281168e+02 1.685000e+01
      vertex   8.688307e+01 -1.281168e+02 1.351667e+01
      vertex   8.693495e+01 -1.283104e+02 1.685000e+01
    endloop
  endfacet
  facet normal -9.659258e-01 -2.588190e-01 -0.000000e+00
    outer loop
      vertex   8.693495e+01 -1.283104e+02 1.685000e+01
      vertex   8.688307e+01 -1.281168e+02 1.351667e+01
      vertex   8.693495e+01 -1.283104e+02 1.351667e+01
    endloop
  endfacet
  facet normal -9.961947e-01 8.715574e-02 0.000000e+00
    outer loop
      vertex   8.693495e+01 -1.287098e+02 6.850000e+00
      vertex   8.693495e+01 -1.287098e+02 1.018333e+01
      vertex   8.695242e+01 -1.285101e+02 6.850000e+00
    endloop
  endfacet
  facet normal -9.961947e-01 8.715574e-02 0.000000e+00
    outer loop
      vertex   8.695242e+01 -1.285101e+02 6.850000e+00
      vertex   8.693495e+01 -1.287098e+02 1.018333e+01
      vertex   8.695242e+01 -1.285101e+02 1.018333e+01
    endloop
  endfacet
  facet normal -9.961947e-01 -8.715574e-02 0.000000e+00
    outer loop
      vertex   8.695242e+01 -1.285101e+02 6.850000e+00
      vertex   8.695242e+01 -1.285101e+02 1.018333e+01
      vertex   8.693495e+01 -1.283104e+02 6.850000e+00
    endloop
  endfacet
  facet normal -9.961947e-01 -8.715574e-02 0.000000e+00
    outer loop
      vertex   8.693495e+01 -1.283104e+02 6.850000e+00
      vertex   8.695242e+01 -1.285101e+02 1.018333e+01
      vertex   8.693495e+01 -1.283104e+02 1.018333e+01
    endloop
  endfacet
  facet normal -9.659258e-01 -2.588190e-01 0.000000e+00
    outer loop
      vertex   8.693495e+01 -1.283104e+02 6.850000e+00
      vertex   8.693495e+01 -1.283104e+02 1.018333e+01
      vertex   8.688307e+01 -1.281168e+02 6.850000e+00
    endloop
  endfacet
  facet normal -9.659258e-01 -2.588190e-01 0.000000e+00
    outer loop
      vertex   8.688307e+01 -1.281168e+02 6.850000e+00
      vertex   8.693495e+01 -1.283104e+02 1.018333e+01
      vertex   8.688307e+01 -1.281168e+02 1.018333e+01
    endloop
  endfacet
  facet normal -9.063078e-01 -4.226183e-01 0.000000e+00
    outer loop
      vertex   8.688307e+01 -1.281168e+02 6.850000e+00
      vertex   8.688307e+01 -1.281168e+02 1.018333e+01
      vertex   8.679835e+01 -1.279351e+02 6.850000e+00
    endloop
  endfacet
  facet normal -9.063078e-01 -4.226183e-01 0.000000e+00
    outer loop
      vertex   8.679835e+01 -1.279351e+02 6.850000e+00
      vertex   8.688307e+01 -1.281168e+02 1.018333e+01
      vertex   8.679835e+01 -1.279351e+02 1.018333e+01
    endloop
  endfacet
  facet normal -8.191520e-01 -5.735764e-01 0.000000e+00
    outer loop
      vertex   8.679835e+01 -1.279351e+02 6.850000e+00
      vertex   8.679835e+01 -1.279351e+02 1.018333e+01
      vertex   8.668338e+01 -1.277709e+02 6.850000e+00
    endloop
  endfacet
  facet normal -8.191520e-01 -5.735764e-01 0.000000e+00
    outer loop
      vertex   8.668338e+01 -1.277709e+02 6.850000e+00
      vertex   8.679835e+01 -1.279351e+02 1.018333e+01
      vertex   8.668338e+01 -1.277709e+02 1.018333e+01
    endloop
  endfacet
  facet normal -7.071068e-01 -7.071068e-01 0.000000e+00
    outer loop
      vertex   8.668338e+01 -1.277709e+02 6.850000e+00
      vertex   8.668338e+01 -1.277709e+02 1.018333e+01
      vertex   8.654163e+01 -1.276291e+02 6.850000e+00
    endloop
  endfacet
  facet normal -7.071068e-01 -7.071068e-01 0.000000e+00
    outer loop
      vertex   8.654163e+01 -1.276291e+02 6.850000e+00
      vertex   8.668338e+01 -1.277709e+02 1.018333e+01
      vertex   8.654163e+01 -1.276291e+02 1.018333e+01
    endloop
  endfacet
  facet normal -5.735764e-01 -8.191520e-01 0.000000e+00
    outer loop
      vertex   8.654163e+01 -1.276291e+02 6.850000e+00
      vertex   8.654163e+01 -1.276291e+02 1.018333e+01
      vertex   8.637742e+01 -1.275141e+02 6.850000e+00
    endloop
  endfacet
  facet normal -5.735764e-01 -8.191520e-01 0.000000e+00
    outer loop
      vertex   8.637742e+01 -1.275141e+02 6.850000e+00
      vertex   8.654163e+01 -1.276291e+02 1.018333e+01
      vertex   8.637742e+01 -1.275141e+02 1.018333e+01
    endloop
  endfacet
  facet normal -4.226183e-01 -9.063078e-01 0.000000e+00
    outer loop
      vertex   8.637742e+01 -1.275141e+02 6.850000e+00
      vertex   8.637742e+01 -1.275141e+02 1.018333e+01
      vertex   8.619575e+01 -1.274294e+02 6.850000e+00
    endloop
  endfacet
  facet normal -4.226183e-01 -9.063078e-01 0.000000e+00
    outer loop
      vertex   8.619575e+01 -1.274294e+02 6.850000e+00
      vertex   8.637742e+01 -1.275141e+02 1.018333e+01
      vertex   8.619575e+01 -1.274294e+02 1.018333e+01
    endloop
  endfacet
  facet normal -2.588190e-01 -9.659258e-01 0.000000e+00
    outer loop
      vertex   8.619575e+01 -1.274294e+02 6.850000e+00
      vertex   8.619575e+01 -1.274294e+02 1.018333e+01
      vertex   8.600212e+01 -1.273775e+02 6.850000e+00
    endloop
  endfacet
  facet normal -2.588190e-01 -9.659258e-01 0.000000e+00
    outer loop
      vertex   8.600212e+01 -1.273775e+02 6.850000e+00
      vertex   8.619575e+01 -1.274294e+02 1.018333e+01
      vertex   8.600212e+01 -1.273775e+02 1.018333e+01
    endloop
  endfacet
  facet normal -8.715574e-02 -9.961947e-01 0.000000e+00
    outer loop
      vertex   8.600212e+01 -1.273775e+02 6.850000e+00
      vertex   8.600212e+01 -1.273775e+02 1.018333e+01
      vertex   8.580242e+01 -1.273601e+02 6.850000e+00
    endloop
  endfacet
  facet normal -8.715574e-02 -9.961947e-01 0.000000e+00
    outer loop
      vertex   8.580242e+01 -1.273601e+02 6.850000e+00
      vertex   8.600212e+01 -1.273775e+02 1.018333e+01
      vertex   8.580242e+01 -1.273601e+02 1.018333e+01
    endloop
  endfacet
  facet normal 8.715574e-02 -9.961947e-01 0.000000e+00
    outer loop
      vertex   8.580242e+01 -1.273601e+02 6.850000e+00
      vertex   8.580242e+01 -1.273601e+02 1.018333e+01
      vertex   8.560273e+01 -1.273775e+02 6.850000e+00
    endloop
  endfacet
  facet normal 8.715574e-02 -9.961947e-01 0.000000e+00
    outer loop
      vertex   8.560273e+01 -1.273775e+02 6.850000e+00
      vertex   8.580242e+01 -1.273601e+02 1.018333e+01
      vertex   8.560273e+01 -1.273775e+02 1.018333e+01
    endloop
  endfacet
  facet normal 2.588190e-01 -9.659258e-01 0.000000e+00
    outer loop
      vertex   8.560273e+01 -1.273775e+02 6.850000e+00
      vertex   8.560273e+01 -1.273775e+02 1.018333e+01
      vertex   8.540910e+01 -1.274294e+02 6.850000e+00
    endloop
  endfacet
  facet normal 2.588190e-01 -9.659258e-01 0.000000e+00
    outer loop
      vertex   8.540910e+01 -1.274294e+02 6.850000e+00
      vertex   8.560273e+01 -1.273775e+02 1.018333e+01
      vertex   8.540910e+01 -1.274294e+02 1.018333e+01
    endloop
  endfacet
  facet normal 4.226183e-01 -9.063078e-01 0.000000e+00
    outer loop
      vertex   8.540910e+01 -1.274294e+02 6.850000e+00
      vertex   8.540910e+01 -1.274294e+02 1.018333e+01
      vertex   8.522742e+01 -1.275141e+02 6.850000e+00
    endloop
  endfacet
  facet normal 4.226183e-01 -9.063078e-01 0.000000e+00
    outer loop
      vertex   8.522742e+01 -1.275141e+02 6.850000e+00
      vertex   8.540910e+01 -1.274294e+02 1.018333e+01
      vertex   8.522742e+01 -1.275141e+02 1.018333e+01
    endloop
  endfacet
  facet normal 5.735764e-01 -8.191520e-01 0.000000e+00
    outer loop
      vertex   8.522742e+01 -1.275141e+02 6.850000e+00
      vertex   8.522742e+01 -1.275141e+02 1.018333e+01
      vertex   8.506322e+01 -1.276291e+02 6.850000e+00
    endloop
  endfacet
  facet normal 5.735764e-01 -8.191520e-01 0.000000e+00
    outer loop
      vertex   8.506322e+01 -1.276291e+02 6.850000e+00
      vertex   8.522742e+01 -1.275141e+02 1.018333e+01
      vertex   8.506322e+01 -1.276291e+02 1.018333e+01
    endloop
  endfacet
  facet normal 7.071068e-01 -7.071068e-01 0.000000e+00
    outer loop
      vertex   8.506322e+01 -1.276291e+02 6.850000e+00
      vertex   8.506322e+01 -1.276291e+02 1.018333e+01
      vertex   8.492147e+01 -1.277709e+02 6.850000e+00
    endloop
  endfacet
  facet normal 7.071068e-01 -7.071068e-01 0.000000e+00
    outer loop
      vertex   8.492147e+01 -1.277709e+02 6.850000e+00
      vertex   8.506322e+01 -1.276291e+02 1.018333e+01
      vertex   8.492147e+01 -1.277709e+02 1.018333e+01
    endloop
  endfacet
  facet normal 8.191520e-01 -5.735764e-01 0.000000e+00
    outer loop
      vertex   8.492147e+01 -1.277709e+02 6.850000e+00
      vertex   8.492147e+01 -1.277709e+02 1.018333e+01
      vertex   8.480650e+01 -1.279351e+02 6.850000e+00
    endloop
  endfacet
  facet normal 8.191520e-01 -5.735764e-01 0.000000e+00
    outer loop
      vertex   8.480650e+01 -1.279351e+02 6.850000e+00
      vertex   8.492147e+01 -1.277709e+02 1.018333e+01
      vertex   8.480650e+01 -1.279351e+02 1.018333e+01
    endloop
  endfacet
  facet normal 9.063078e-01 -4.226183e-01 0.000000e+00
    outer loop
      vertex   8.480650e+01 -1.279351e+02 6.850000e+00
      vertex   8.480650e+01 -1.279351e+02 1.018333e+01
      vertex   8.472178e+01 -1.281168e+02 6.850000e+00
    endloop
  endfacet
  facet normal 9.063078e-01 -4.226183e-01 0.000000e+00
    outer loop
      vertex   8.472178e+01 -1.281168e+02 6.850000e+00
      vertex   8.480650e+01 -1.279351e+02 1.018333e+01
      vertex   8.472178e+01 -1.281168e+02 1.018333e+01
    endloop
  endfacet
  facet normal 9.659258e-01 -2.588190e-01 0.000000e+00
    outer loop
      vertex   8.472178e+01 -1.281168e+02 6.850000e+00
      vertex   8.472178e+01 -1.281168e+02 1.018333e+01
      vertex   8.466990e+01 -1.283104e+02 6.850000e+00
    endloop
  endfacet
  facet normal 9.659258e-01 -2.588190e-01 0.000000e+00
    outer loop
      vertex   8.466990e+01 -1.283104e+02 6.850000e+00
      vertex   8.472178e+01 -1.281168e+02 1.018333e+01
      vertex   8.466990e+01 -1.283104e+02 1.018333e+01
    endloop
  endfacet
  facet normal 9.961947e-01 -8.715574e-02 0.000000e+00
    outer loop
      vertex   8.466990e+01 -1.283104e+02 6.850000e+00
      vertex   8.466990e+01 -1.283104e+02 1.018333e+01
      vertex   8.465242e+01 -1.285101e+02 6.850000e+00
    endloop
  endfacet
  facet normal 9.961947e-01 -8.715574e-02 0.000000e+00
    outer loop
      vertex   8.465242e+01 -1.285101e+02 6.850000e+00
      vertex   8.466990e+01 -1.283104e+02 1.018333e+01
      vertex   8.465242e+01 -1.285101e+02 1.018333e+01
    endloop
  endfacet
  facet normal 9.961947e-01 8.715574e-02 -0.000000e+00
    outer loop
      vertex   8.465242e+01 -1.285101e+02 6.850000e+00
      vertex   8.465242e+01 -1.285101e+02 1.018333e+01
      vertex   8.466990e+01 -1.287098e+02 6.850000e+00
    endloop
  endfacet
  facet normal 9.961947e-01 8.715574e-02 -0.000000e+00
    outer loop
      vertex   8.466990e+01 -1.287098e+02 6.850000e+00
      vertex   8.465242e+01 -1.285101e+02 1.018333e+01
      vertex   8.466990e+01 -1.287098e+02 1.018333e+01
    endloop
  endfacet
  facet normal 9.659258e-01 2.588190e-01 -0.000000e+00
    outer loop
      vertex   8.466990e+01 -1.287098e+02 6.850000e+00
      vertex   8.466990e+01 -1.287098e+02 1.018333e+01
      vertex   8.472178e+01 -1.289034e+02 6.850000e+00
    endloop
  endfacet
  facet normal 9.659258e-01 2.588190e-01 -0.000000e+00
    outer loop
      vertex   8.472178e+01 -1.289034e+02 6.850000e+00
      vertex   8.466990e+01 -1.287098e+02 1.018333e+01
      vertex   8.472178e+01 -1.289034e+02 1.018333e+01
    endloop
  endfacet
  facet normal 9.063078e-01 4.226183e-01 -0.000000e+00
    outer loop
      vertex   8.472178e+01 -1.289034e+02 6.850000e+00
      vertex   8.472178e+01 -1.289034e+02 1.018333e+01
      vertex   8.480650e+01 -1.290851e+02 6.850000e+00
    endloop
  endfacet
  facet normal 9.063078e-01 4.226183e-01 -0.000000e+00
    outer loop
      vertex   8.480650e+01 -1.290851e+02 6.850000e+00
      vertex   8.472178e+01 -1.289034e+02 1.018333e+01
      vertex   8.480650e+01 -1.290851e+02 1.018333e+01
    endloop
  endfacet
  facet normal 8.191520e-01 5.735764e-01 -0.000000e+00
    outer loop
      vertex   8.480650e+01 -1.290851e+02 6.850000e+00
      vertex   8.480650e+01 -1.290851e+02 1.018333e+01
      vertex   8.492147e+01 -1.292493e+02 6.850000e+00
    endloop
  endfacet
  facet normal 8.191520e-01 5.735764e-01 -0.000000e+00
    outer loop
      vertex   8.492147e+01 -1.292493e+02 6.850000e+00
      vertex   8.480650e+01 -1.290851e+02 1.018333e+01
      vertex   8.492147e+01 -1.292493e+02 1.018333e+01
    endloop
  endfacet
  facet normal 7.071068e-01 7.071068e-01 -0.000000e+00
    outer loop
      vertex   8.492147e+01 -1.292493e+02 6.850000e+00
      vertex   8.492147e+01 -1.292493e+02 1.018333e+01
      vertex   8.506322e+01 -1.293910e+02 6.850000e+00
    endloop
  endfacet
  facet normal 7.071068e-01 7.071068e-01 -0.000000e+00
    outer loop
      vertex   8.506322e+01 -1.293910e+02 6.850000e+00
      vertex   8.492147e+01 -1.292493e+02 1.018333e+01
      vertex   8.506322e+01 -1.293910e+02 1.018333e+01
    endloop
  endfacet
  facet normal 5.735764e-01 8.191520e-01 -0.000000e+00
    outer loop
      vertex   8.506322e+01 -1.293910e+02 6.850000e+00
      vertex   8.506322e+01 -1.293910e+02 1.018333e+01
      vertex   8.522742e+01 -1.295060e+02 6.850000e+00
    endloop
  endfacet
  facet normal 5.735764e-01 8.191520e-01 -0.000000e+00
    outer loop
      vertex   8.522742e+01 -1.295060e+02 6.850000e+00
      vertex   8.506322e+01 -1.293910e+02 1.018333e+01
      vertex   8.522742e+01 -1.295060e+02 1.018333e+01
    endloop
  endfacet
  facet normal 4.226183e-01 9.063078e-01 -0.000000e+00
    outer loop
      vertex   8.522742e+01 -1.295060e+02 6.850000e+00
      vertex   8.522742e+01 -1.295060e+02 1.018333e+01
      vertex   8.540910e+01 -1.295907e+02 6.850000e+00
    endloop
  endfacet
  facet normal 4.226183e-01 9.063078e-01 -0.000000e+00
    outer loop
      vertex   8.540910e+01 -1.295907e+02 6.850000e+00
      vertex   8.522742e+01 -1.295060e+02 1.018333e+01
      vertex   8.540910e+01 -1.295907e+02 1.018333e+01
    endloop
  endfacet
  facet normal 2.588190e-01 9.659258e-01 -0.000000e+00
    outer loop
      vertex   8.540910e+01 -1.295907e+02 6.850000e+00
      vertex   8.540910e+01 -1.295907e+02 1.018333e+01
      vertex   8.560273e+01 -1.296426e+02 6.850000e+00
    endloop
  endfacet
  facet normal 2.588190e-01 9.659258e-01 -0.000000e+00
    outer loop
      vertex   8.560273e+01 -1.296426e+02 6.850000e+00
      vertex   8.540910e+01 -1.295907e+02 1.018333e+01
      vertex   8.560273e+01 -1.296426e+02 1.018333e+01
    endloop
  endfacet
  facet normal 8.715574e-02 9.961947e-01 -0.000000e+00
    outer loop
      vertex   8.560273e+01 -1.296426e+02 6.850000e+00
      vertex   8.560273e+01 -1.296426e+02 1.018333e+01
      vertex   8.580242e+01 -1.296601e+02 6.850000e+00
    endloop
  endfacet
  facet normal 8.715574e-02 9.961947e-01 -0.000000e+00
    outer loop
      vertex   8.580242e+01 -1.296601e+02 6.850000e+00
      vertex   8.560273e+01 -1.296426e+02 1.018333e+01
      vertex   8.580242e+01 -1.296601e+02 1.018333e+01
    endloop
  endfacet
  facet normal -8.715574e-02 9.961947e-01 0.000000e+00
    outer loop
      vertex   8.580242e+01 -1.296601e+02 6.850000e+00
      vertex   8.580242e+01 -1.296601e+02 1.018333e+01
      vertex   8.600212e+01 -1.296426e+02 6.850000e+00
    endloop
  endfacet
  facet normal -8.715574e-02 9.961947e-01 0.000000e+00
    outer loop
      vertex   8.600212e+01 -1.296426e+02 6.850000e+00
      vertex   8.580242e+01 -1.296601e+02 1.018333e+01
      vertex   8.600212e+01 -1.296426e+02 1.018333e+01
    endloop
  endfacet
  facet normal -2.588190e-01 9.659258e-01 0.000000e+00
    outer loop
      vertex   8.600212e+01 -1.296426e+02 6.850000e+00
      vertex   8.600212e+01 -1.296426e+02 1.018333e+01
      vertex   8.619575e+01 -1.295907e+02 6.850000e+00
    endloop
  endfacet
  facet normal -2.588190e-01 9.659258e-01 0.000000e+00
    outer loop
      vertex   8.619575e+01 -1.295907e+02 6.850000e+00
      vertex   8.600212e+01 -1.296426e+02 1.018333e+01
      vertex   8.619575e+01 -1.295907e+02 1.018333e+01
    endloop
  endfacet
  facet normal -4.226183e-01 9.063078e-01 0.000000e+00
    outer loop
      vertex   8.619575e+01 -1.295907e+02 6.850000e+00
      vertex   8.619575e+01 -1.295907e+02 1.018333e+01
      vertex   8.637742e+01 -1.295060e+02 6.850000e+00
    endloop
  endfacet
  facet normal -4.226183e-01 9.063078e-01 0.000000e+00
    outer loop
      vertex   8.637742e+01 -1.295060e+02 6.850000e+00
      vertex   8.619575e+01 -1.295907e+02 1.018333e+01
      vertex   8.637742e+01 -1.295060e+02 1.018333e+01
    endloop
  endfacet
  facet normal -5.735764e-01 8.191520e-01 0.000000e+00
    outer loop
      vertex   8.637742e+01 -1.295060e+02 6.850000e+00
      vertex   8.637742e+01 -1.295060e+02 1.018333e+01
      vertex   8.654163e+01 -1.293910e+02 6.850000e+00
    endloop
  endfacet
  facet normal -5.735764e-01 8.191520e-01 0.000000e+00
    outer loop
      vertex   8.654163e+01 -1.293910e+02 6.850000e+00
      vertex   8.637742e+01 -1.295060e+02 1.018333e+01
      vertex   8.654163e+01 -1.293910e+02 1.018333e+01
    endloop
  endfacet
  facet normal -7.071068e-01 7.071068e-01 0.000000e+00
    outer loop
      vertex   8.654163e+01 -1.293910e+02 6.850000e+00
      vertex   8.654163e+01 -1.293910e+02 1.018333e+01
      vertex   8.668338e+01 -1.292493e+02 6.850000e+00
    endloop
  endfacet
  facet normal -7.071068e-01 7.071068e-01 0.000000e+00
    outer loop
      vertex   8.668338e+01 -1.292493e+02 6.850000e+00
      vertex   8.654163e+01 -1.293910e+02 1.018333e+01
      vertex   8.668338e+01 -1.292493e+02 1.018333e+01
    endloop
  endfacet
  facet normal -8.191520e-01 5.735764e-01 0.000000e+00
    outer loop
      vertex   8.668338e+01 -1.292493e+02 6.850000e+00
      vertex   8.668338e+01 -1.292493e+02 1.018333e+01
      vertex   8.679835e+01 -1.290851e+02 6.850000e+00
    endloop
  endfacet
  facet normal -8.191520e-01 5.735764e-01 0.000000e+00
    outer loop
      vertex   8.679835e+01 -1.290851e+02 6.850000e+00
      vertex   8.668338e+01 -1.292493e+02 1.018333e+01
      vertex   8.679835e+01 -1.290851e+02 1.018333e+01
    endloop
  endfacet
  facet normal -9.063078e-01 4.226183e-01 0.000000e+00
    outer loop
      vertex   8.679835e+01 -1.290851e+02 6.850000e+00
      vertex   8.679835e+01 -1.290851e+02 1.018333e+01
      vertex   8.688307e+01 -1.289034e+02 6.850000e+00
    endloop
  endfacet
  facet normal -9.063078e-01 4.226183e-01 0.000000e+00
    outer loop
      vertex   8.688307e+01 -1.289034e+02 6.850000e+00
      vertex   8.679835e+01 -1.290851e+02 1.018333e+01
      vertex   8.688307e+01 -1.289034e+02 1.018333e+01
    endloop
  endfacet
  facet normal -9.659258e-01 2.588190e-01 0.000000e+00
    outer loop
      vertex   8.688307e+01 -1.289034e+02 6.850000e+00
      vertex   8.688307e+01 -1.289034e+02 1.018333e+01
      vertex   8.693495e+01 -1.287098e+02 6.850000e+00
    endloop
  endfacet
  facet normal -9.659258e-01 2.588190e-01 0.000000e+00
    outer loop
      vertex   8.693495e+01 -1.287098e+02 6.850000e+00
      vertex   8.688307e+01 -1.289034e+02 1.018333e+01
      vertex   8.693495e+01 -1.287098e+02 1.018333e+01
    endloop
  endfacet
  facet normal -9.961947e-01 8.715574e-02 0.000000e+00
    outer loop
      vertex   8.695242e+01 -1.285101e+02 1.351667e+01
      vertex   8.695242e+01 -1.285101e+02 1.018333e+01
      vertex   8.693495e+01 -1.287098e+02 1.351667e+01
    endloop
  endfacet
  facet normal -9.961947e-01 8.715574e-02 0.000000e+00
    outer loop
      vertex   8.693495e+01 -1.287098e+02 1.351667e+01
      vertex   8.695242e+01 -1.285101e+02 1.018333e+01
      vertex   8.693495e+01 -1.287098e+02 1.018333e+01
    endloop
  endfacet
  facet normal -9.659258e-01 2.588190e-01 0.000000e+00
    outer loop
      vertex   8.693495e+01 -1.287098e+02 1.351667e+01
      vertex   8.693495e+01 -1.287098e+02 1.018333e+01
      vertex   8.688307e+01 -1.289034e+02 1.351667e+01
    endloop
  endfacet
  facet normal -9.659258e-01 2.588190e-01 0.000000e+00
    outer loop
      vertex   8.688307e+01 -1.289034e+02 1.351667e+01
      vertex   8.693495e+01 -1.287098e+02 1.018333e+01
      vertex   8.688307e+01 -1.289034e+02 1.018333e+01
    endloop
  endfacet
  facet normal -9.063078e-01 4.226183e-01 0.000000e+00
    outer loop
      vertex   8.688307e+01 -1.289034e+02 1.351667e+01
      vertex   8.688307e+01 -1.289034e+02 1.018333e+01
      vertex   8.679835e+01 -1.290851e+02 1.351667e+01
    endloop
  endfacet
  facet normal -9.063078e-01 4.226183e-01 0.000000e+00
    outer loop
      vertex   8.679835e+01 -1.290851e+02 1.351667e+01
      vertex   8.688307e+01 -1.289034e+02 1.018333e+01
      vertex   8.679835e+01 -1.290851e+02 1.018333e+01
    endloop
  endfacet
  facet normal -8.191520e-01 5.735764e-01 0.000000e+00
    outer loop
      vertex   8.679835e+01 -1.290851e+02 1.351667e+01
      vertex   8.679835e+01 -1.290851e+02 1.018333e+01
      vertex   8.668338e+01 -1.292493e+02 1.351667e+01
    endloop
  endfacet
  facet normal -8.191520e-01 5.735764e-01 0.000000e+00
    outer loop
      vertex   8.668338e+01 -1.292493e+02 1.351667e+01
      vertex   8.679835e+01 -1.290851e+02 1.018333e+01
      vertex   8.668338e+01 -1.292493e+02 1.018333e+01
    endloop
  endfacet
  facet normal -7.071068e-01 7.071068e-01 0.000000e+00
    outer loop
      vertex   8.668338e+01 -1.292493e+02 1.351667e+01
      vertex   8.668338e+01 -1.292493e+02 1.018333e+01
      vertex   8.654163e+01 -1.293910e+02 1.351667e+01
    endloop
  endfacet
  facet normal -7.071068e-01 7.071068e-01 0.000000e+00
    outer loop
      vertex   8.654163e+01 -1.293910e+02 1.351667e+01
      vertex   8.668338e+01 -1.292493e+02 1.018333e+01
      vertex   8.654163e+01 -1.293910e+02 1.018333e+01
    endloop
  endfacet
  facet normal -5.735764e-01 8.191520e-01 0.000000e+00
    outer loop
      vertex   8.654163e+01 -1.293910e+02 1.351667e+01
      vertex   8.654163e+01 -1.293910e+02 1.018333e+01
      vertex   8.637742e+01 -1.295060e+02 1.351667e+01
    endloop
  endfacet
  facet normal -5.735764e-01 8.191520e-01 0.000000e+00
    outer loop
      vertex   8.637742e+01 -1.295060e+02 1.351667e+01
      vertex   8.654163e+01 -1.293910e+02 1.018333e+01
      vertex   8.637742e+01 -1.295060e+02 1.018333e+01
    endloop
  endfacet
  facet normal -4.226183e-01 9.063078e-01 0.000000e+00
    outer loop
      vertex   8.637742e+01 -1.295060e+02 1.351667e+01
      vertex   8.637742e+01 -1.295060e+02 1.018333e+01
      vertex   8.619575e+01 -1.295907e+02 1.351667e+01
    endloop
  endfacet
  facet normal -4.226183e-01 9.063078e-01 0.000000e+00
    outer loop
      vertex   8.619575e+01 -1.295907e+02 1.351667e+01
      vertex   8.637742e+01 -1.295060e+02 1.018333e+01
      vertex   8.619575e+01 -1.295907e+02 1.018333e+01
    endloop
  endfacet
  facet normal -2.588190e-01 9.659258e-01 0.000000e+00
    outer loop
      vertex   8.619575e+01 -1.295907e+02 1.351667e+01
      vertex   8.619575e+01 -1.295907e+02 1.018333e+01
      vertex   8.600212e+01 -1.296426e+02 1.351667e+01
    endloop
  endfacet
  facet normal -2.588190e-01 9.659258e-01 0.000000e+00
    outer loop
      vertex   8.600212e+01 -1.296426e+02 1.351667e+01
      vertex   8.619575e+01 -1.295907e+02 1.018333e+01
      vertex   8.600212e+01 -1.296426e+02 1.018333e+01
    endloop
  endfacet
  facet normal -8.715574e-02 9.961947e-01 0.000000e+00
    outer loop
      vertex   8.600212e+01 -1.296426e+02 1.351667e+01
      vertex   8.600212e+01 -1.296426e+02 1.018333e+01
      vertex   8.580242e+01 -1.296601e+02 1.351667e+01
    endloop
  endfacet
  facet normal -8.715574e-02 9.961947e-01 0.000000e+00
    outer loop
      vertex   8.580242e+01 -1.296601e+02 1.351667e+01
      vertex   8.600212e+01 -1.296426e+02 1.018333e+01
      vertex   8.580242e+01 -1.296601e+02 1.018333e+01
    endloop
  endfacet
  facet normal 8.715574e-02 9.961947e-01 0.000000e+00
    outer loop
      vertex   8.580242e+01 -1.296601e+02 1.351667e+01
      vertex   8.580242e+01 -1.296601e+02 1.018333e+01
      vertex   8.560273e+01 -1.296426e+02 1.351667e+01
    endloop
  endfacet
  facet normal 8.715574e-02 9.961947e-01 0.000000e+00
    outer loop
      vertex   8.560273e+01 -1.296426e+02 1.351667e+01
      vertex   8.580242e+01 -1.296601e+02 1.018333e+01
      vertex   8.560273e+01 -1.296426e+02 1.018333e+01
    endloop
  endfacet
  facet normal 2.588190e-01 9.659258e-01 0.000000e+00
    outer loop
      vertex   8.560273e+01 -1.296426e+02 1.351667e+01
      vertex   8.560273e+01 -1.296426e+02 1.018333e+01
      vertex   8.540910e+01 -1.295907e+02 1.351667e+01
    endloop
  endfacet
  facet normal 2.588190e-01 9.659258e-01 0.000000e+00
    outer loop
      vertex   8.540910e+01 -1.295907e+02 1.351667e+01
      vertex   8.560273e+01 -1.296426e+02 1.018333e+01
      vertex   8.540910e+01 -1.295907e+02 1.018333e+01
    endloop
  endfacet
  facet normal 4.226183e-01 9.063078e-01 0.000000e+00
    outer loop
      vertex   8.540910e+01 -1.295907e+02 1.351667e+01
      vertex   8.540910e+01 -1.295907e+02 1.018333e+01
      vertex   8.522742e+01 -1.295060e+02 1.351667e+01
    endloop
  endfacet
  facet normal 4.226183e-01 9.063078e-01 0.000000e+00
    outer loop
      vertex   8.522742e+01 -1.295060e+02 1.351667e+01
      vertex   8.540910e+01 -1.295907e+02 1.018333e+01
      vertex   8.522742e+01 -1.295060e+02 1.018333e+01
    endloop
  endfacet
  facet normal 5.735764e-01 8.191520e-01 0.000000e+00
    outer loop
      vertex   8.522742e+01 -1.295060e+02 1.351667e+01
      vertex   8.522742e+01 -1.295060e+02 1.018333e+01
      vertex   8.506322e+01 -1.293910e+02 1.351667e+01
    endloop
  endfacet
  facet normal 5.735764e-01 8.191520e-01 0.000000e+00
    outer loop
      vertex   8.506322e+01 -1.293910e+02 1.351667e+01
      vertex   8.522742e+01 -1.295060e+02 1.018333e+01
      vertex   8.506322e+01 -1.293910e+02 1.018333e+01
    endloop
  endfacet
  facet normal 7.071068e-01 7.071068e-01 0.000000e+00
    outer loop
      vertex   8.506322e+01 -1.293910e+02 1.351667e+01
      vertex   8.506322e+01 -1.293910e+02 1.018333e+01
      vertex   8.492147e+01 -1.292493e+02 1.351667e+01
    endloop
  endfacet
  facet normal 7.071068e-01 7.071068e-01 0.000000e+00
    outer loop
      vertex   8.492147e+01 -1.292493e+02 1.351667e+01
      vertex   8.506322e+01 -1.293910e+02 1.018333e+01
      vertex   8.492147e+01 -1.292493e+02 1.018333e+01
    endloop
  endfacet
  facet normal 8.191520e-01 5.735764e-01 0.000000e+00
    outer loop
      vertex   8.492147e+01 -1.292493e+02 1.351667e+01
      vertex   8.492147e+01 -1.292493e+02 1.018333e+01
      vertex   8.480650e+01 -1.290851e+02 1.351667e+01
    endloop
  endfacet
  facet normal 8.191520e-01 5.735764e-01 0.000000e+00
    outer loop
      vertex   8.480650e+01 -1.290851e+02 1.351667e+01
      vertex   8.492147e+01 -1.292493e+02 1.018333e+01
      vertex   8.480650e+01 -1.290851e+02 1.018333e+01
    endloop
  endfacet
  facet normal 9.063078e-01 4.226183e-01 0.000000e+00
    outer loop
      vertex   8.480650e+01 -1.290851e+02 1.351667e+01
      vertex   8.480650e+01 -1.290851e+02 1.018333e+01
      vertex   8.472178e+01 -1.289034e+02 1.351667e+01
    endloop
  endfacet
  facet normal 9.063078e-01 4.226183e-01 0.000000e+00
    outer loop
      vertex   8.472178e+01 -1.289034e+02 1.351667e+01
      vertex   8.480650e+01 -1.290851e+02 1.018333e+01
      vertex   8.472178e+01 -1.289034e+02 1.018333e+01
    endloop
  endfacet
  facet normal 9.659258e-01 2.588190e-01 0.000000e+00
    outer loop
      vertex   8.472178e+01 -1.289034e+02 1.351667e+01
      vertex   8.472178e+01 -1.289034e+02 1.018333e+01
      vertex   8.466990e+01 -1.287098e+02 1.351667e+01
    endloop
  endfacet
  facet normal 9.659258e-01 2.588190e-01 0.000000e+00
    outer loop
      vertex   8.466990e+01 -1.287098e+02 1.351667e+01
      vertex   8.472178e+01 -1.289034e+02 1.018333e+01
      vertex   8.466990e+01 -1.287098e+02 1.018333e+01
    endloop
  endfacet
  facet normal 9.961947e-01 8.715574e-02 0.000000e+00
    outer loop
      vertex   8.466990e+01 -1.287098e+02 1.351667e+01
      vertex   8.466990e+01 -1.287098e+02 1.018333e+01
      vertex   8.465242e+01 -1.285101e+02 1.351667e+01
    endloop
  endfacet
  facet normal 9.961947e-01 8.715574e-02 0.000000e+00
    outer loop
      vertex   8.465242e+01 -1.285101e+02 1.351667e+01
      vertex   8.466990e+01 -1.287098e+02 1.018333e+01
      vertex   8.465242e+01 -1.285101e+02 1.018333e+01
    endloop
  endfacet
  facet normal 9.961947e-01 -8.715574e-02 0.000000e+00
    outer loop
      vertex   8.465242e+01 -1.285101e+02 1.351667e+01
      vertex   8.465242e+01 -1.285101e+02 1.018333e+01
      vertex   8.466990e+01 -1.283104e+02 1.351667e+01
    endloop
  endfacet
  facet normal 9.961947e-01 -8.715574e-02 0.000000e+00
    outer loop
      vertex   8.466990e+01 -1.283104e+02 1.351667e+01
      vertex   8.465242e+01 -1.285101e+02 1.018333e+01
      vertex   8.466990e+01 -1.283104e+02 1.018333e+01
    endloop
  endfacet
  facet normal 9.659258e-01 -2.588190e-01 0.000000e+00
    outer loop
      vertex   8.466990e+01 -1.283104e+02 1.351667e+01
      vertex   8.466990e+01 -1.283104e+02 1.018333e+01
      vertex   8.472178e+01 -1.281168e+02 1.351667e+01
    endloop
  endfacet
  facet normal 9.659258e-01 -2.588190e-01 0.000000e+00
    outer loop
      vertex   8.472178e+01 -1.281168e+02 1.351667e+01
      vertex   8.466990e+01 -1.283104e+02 1.018333e+01
      vertex   8.472178e+01 -1.281168e+02 1.018333e+01
    endloop
  endfacet
  facet normal 9.063078e-01 -4.226183e-01 0.000000e+00
    outer loop
      vertex   8.472178e+01 -1.281168e+02 1.351667e+01
      vertex   8.472178e+01 -1.281168e+02 1.018333e+01
      vertex   8.480650e+01 -1.279351e+02 1.351667e+01
    endloop
  endfacet
  facet normal 9.063078e-01 -4.226183e-01 0.000000e+00
    outer loop
      vertex   8.480650e+01 -1.279351e+02 1.351667e+01
      vertex   8.472178e+01 -1.281168e+02 1.018333e+01
      vertex   8.480650e+01 -1.279351e+02 1.018333e+01
    endloop
  endfacet
  facet normal 8.191520e-01 -5.735764e-01 0.000000e+00
    outer loop
      vertex   8.480650e+01 -1.279351e+02 1.351667e+01
      vertex   8.480650e+01 -1.279351e+02 1.018333e+01
      vertex   8.492147e+01 -1.277709e+02 1.351667e+01
    endloop
  endfacet
  facet normal 8.191520e-01 -5.735764e-01 0.000000e+00
    outer loop
      vertex   8.492147e+01 -1.277709e+02 1.351667e+01
      vertex   8.480650e+01 -1.279351e+02 1.018333e+01
      vertex   8.492147e+01 -1.277709e+02 1.018333e+01
    endloop
  endfacet
  facet normal 7.071068e-01 -7.071068e-01 0.000000e+00
    outer loop
      vertex   8.492147e+01 -1.277709e+02 1.351667e+01
      vertex   8.492147e+01 -1.277709e+02 1.018333e+01
      vertex   8.506322e+01 -1.276291e+02 1.351667e+01
    endloop
  endfacet
  facet normal 7.071068e-01 -7.071068e-01 0.000000e+00
    outer loop
      vertex   8.506322e+01 -1.276291e+02 1.351667e+01
      vertex   8.492147e+01 -1.277709e+02 1.018333e+01
      vertex   8.506322e+01 -1.276291e+02 1.018333e+01
    endloop
  endfacet
  facet normal 5.735764e-01 -8.191520e-01 0.000000e+00
    outer loop
      vertex   8.506322e+01 -1.276291e+02 1.351667e+01
      vertex   8.506322e+01 -1.276291e+02 1.018333e+01
      vertex   8.522742e+01 -1.275141e+02 1.351667e+01
    endloop
  endfacet
  facet normal 5.735764e-01 -8.191520e-01 0.000000e+00
    outer loop
      vertex   8.522742e+01 -1.275141e+02 1.351667e+01
      vertex   8.506322e+01 -1.276291e+02 1.018333e+01
      vertex   8.522742e+01 -1.275141e+02 1.018333e+01
    endloop
  endfacet
  facet normal 4.226183e-01 -9.063078e-01 0.000000e+00
    outer loop
      vertex   8.522742e+01 -1.275141e+02 1.351667e+01
      vertex   8.522742e+01 -1.275141e+02 1.018333e+01
      vertex   8.540910e+01 -1.274294e+02 1.351667e+01
    endloop
  endfacet
  facet normal 4.226183e-01 -9.063078e-01 0.000000e+00
    outer loop
      vertex   8.540910e+01 -1.274294e+02 1.351667e+01
      vertex   8.522742e+01 -1.275141e+02 1.018333e+01
      vertex   8.540910e+01 -1.274294e+02 1.018333e+01
    endloop
  endfacet
  facet normal 2.588190e-01 -9.659258e-01 0.000000e+00
    outer loop
      vertex   8.540910e+01 -1.274294e+02 1.351667e+01
      vertex   8.540910e+01 -1.274294e+02 1.018333e+01
      vertex   8.560273e+01 -1.273775e+02 1.351667e+01
    endloop
  endfacet
  facet normal 2.588190e-01 -9.659258e-01 0.000000e+00
    outer loop
      vertex   8.560273e+01 -1.273775e+02 1.351667e+01
      vertex   8.540910e+01 -1.274294e+02 1.018333e+01
      vertex   8.560273e+01 -1.273775e+02 1.018333e+01
    endloop
  endfacet
  facet normal 8.715574e-02 -9.961947e-01 0.000000e+00
    outer loop
      vertex   8.560273e+01 -1.273775e+02 1.351667e+01
      vertex   8.560273e+01 -1.273775e+02 1.018333e+01
      vertex   8.580242e+01 -1.273601e+02 1.351667e+01
    endloop
  endfacet
  facet normal 8.715574e-02 -9.961947e-01 0.000000e+00
    outer loop
      vertex   8.580242e+01 -1.273601e+02 1.351667e+01
      vertex   8.560273e+01 -1.273775e+02 1.018333e+01
      vertex   8.580242e+01 -1.273601e+02 1.018333e+01
    endloop
  endfacet
  facet normal -8.715574e-02 -9.961947e-01 -0.000000e+00
    outer loop
      vertex   8.580242e+01 -1.273601e+02 1.351667e+01
      vertex   8.580242e+01 -1.273601e+02 1.018333e+01
      vertex   8.600212e+01 -1.273775e+02 1.351667e+01
    endloop
  endfacet
  facet normal -8.715574e-02 -9.961947e-01 -0.000000e+00
    outer loop
      vertex   8.600212e+01 -1.273775e+02 1.351667e+01
      vertex   8.580242e+01 -1.273601e+02 1.018333e+01
      vertex   8.600212e+01 -1.273775e+02 1.018333e+01
    endloop
  endfacet
  facet normal -2.588190e-01 -9.659258e-01 -0.000000e+00
    outer loop
      vertex   8.600212e+01 -1.273775e+02 1.351667e+01
      vertex   8.600212e+01 -1.273775e+02 1.018333e+01
      vertex   8.619575e+01 -1.274294e+02 1.351667e+01
    endloop
  endfacet
  facet normal -2.588190e-01 -9.659258e-01 -0.000000e+00
    outer loop
      vertex   8.619575e+01 -1.274294e+02 1.351667e+01
      vertex   8.600212e+01 -1.273775e+02 1.018333e+01
      vertex   8.619575e+01 -1.274294e+02 1.018333e+01
    endloop
  endfacet
  facet normal -4.226183e-01 -9.063078e-01 -0.000000e+00
    outer loop
      vertex   8.619575e+01 -1.274294e+02 1.351667e+01
      vertex   8.619575e+01 -1.274294e+02 1.018333e+01
      vertex   8.637742e+01 -1.275141e+02 1.351667e+01
    endloop
  endfacet
  facet normal -4.226183e-01 -9.063078e-01 -0.000000e+00
    outer loop
      vertex   8.637742e+01 -1.275141e+02 1.351667e+01
      vertex   8.619575e+01 -1.274294e+02 1.018333e+01
      vertex   8.637742e+01 -1.275141e+02 1.018333e+01
    endloop
  endfacet
  facet normal -5.735764e-01 -8.191520e-01 -0.000000e+00
    outer loop
      vertex   8.637742e+01 -1.275141e+02 1.351667e+01
      vertex   8.637742e+01 -1.275141e+02 1.018333e+01
      vertex   8.654163e+01 -1.276291e+02 1.351667e+01
    endloop
  endfacet
  facet normal -5.735764e-01 -8.191520e-01 -0.000000e+00
    outer loop
      vertex   8.654163e+01 -1.276291e+02 1.351667e+01
      vertex   8.637742e+01 -1.275141e+02 1.018333e+01
      vertex   8.654163e+01 -1.276291e+02 1.018333e+01
    endloop
  endfacet
  facet normal -7.071068e-01 -7.071068e-01 -0.000000e+00
    outer loop
      vertex   8.654163e+01 -1.276291e+02 1.351667e+01
      vertex   8.654163e+01 -1.276291e+02 1.018333e+01
      vertex   8.668338e+01 -1.277709e+02 1.351667e+01
    endloop
  endfacet
  facet normal -7.071068e-01 -7.071068e-01 -0.000000e+00
    outer loop
      vertex   8.668338e+01 -1.277709e+02 1.351667e+01
      vertex   8.654163e+01 -1.276291e+02 1.018333e+01
      vertex   8.668338e+01 -1.277709e+02 1.018333e+01
    endloop
  endfacet
  facet normal -8.191520e-01 -5.735764e-01 -0.000000e+00
    outer loop
      vertex   8.668338e+01 -1.277709e+02 1.351667e+01
      vertex   8.668338e+01 -1.277709e+02 1.018333e+01
      vertex   8.679835e+01 -1.279351e+02 1.351667e+01
    endloop
  endfacet
  facet normal -8.191520e-01 -5.735764e-01 -0.000000e+00
    outer loop
      vertex   8.679835e+01 -1.279351e+02 1.351667e+01
      vertex   8.668338e+01 -1.277709e+02 1.018333e+01
      vertex   8.679835e+01 -1.279351e+02 1.018333e+01
    endloop
  endfacet
  facet normal -9.063078e-01 -4.226183e-01 -0.000000e+00
    outer loop
      vertex   8.679835e+01 -1.279351e+02 1.351667e+01
      vertex   8.679835e+01 -1.279351e+02 1.018333e+01
      vertex   8.688307e+01 -1.281168e+02 1.351667e+01
    endloop
  endfacet
  facet normal -9.063078e-01 -4.226183e-01 -0.000000e+00
    outer loop
      vertex   8.688307e+01 -1.281168e+02 1.351667e+01
      vertex   8.679835e+01 -1.279351e+02 1.018333e+01
      vertex   8.688307e+01 -1.281168e+02 1.018333e+01
    endloop
  endfacet
  facet normal -9.659258e-01 -2.588190e-01 -0.000000e+00
    outer loop
      vertex   8.688307e+01 -1.281168e+02 1.351667e+01
      vertex   8.688307e+01 -1.281168e+02 1.018333e+01
      vertex   8.693495e+01 -1.283104e+02 1.351667e+01
    endloop
  endfacet
  facet normal -9.659258e-01 -2.588190e-01 -0.000000e+00
    outer loop
      vertex   8.693495e+01 -1.283104e+02 1.351667e+01
      vertex   8.688307e+01 -1.281168e+02 1.018333e+01
      vertex   8.693495e+01 -1.283104e+02 1.018333e+01
    endloop
  endfacet
  facet normal -9.961947e-01 -8.715574e-02 -0.000000e+00
    outer loop
      vertex   8.693495e+01 -1.283104e+02 1.351667e+01
      vertex   8.693495e+01 -1.283104e+02 1.018333e+01
      vertex   8.695242e+01 -1.285101e+02 1.351667e+01
    endloop
  endfacet
  facet normal -9.961947e-01 -8.715574e-02 -0.000000e+00
    outer loop
      vertex   8.695242e+01 -1.285101e+02 1.351667e+01
      vertex   8.693495e+01 -1.283104e+02 1.018333e+01
      vertex   8.695242e+01 -1.285101e+02 1.018333e+01
    endloop
  endfacet
  facet normal 0.000000e+00 0.000000e+00 -1.000000e+00
    outer loop
      vertex   8.693495e+01 -1.287098e+02 1.685000e+01
      vertex   8.466990e+01 -1.287098e+02 1.685000e+01
      vertex   8.695242e+01 -1.285101e+02 1.685000e+01
    endloop
  endfacet
  facet normal -0.000000e+00 0.000000e+00 -1.000000e+00
    outer loop
      vertex   8.695242e+01 -1.285101e+02 1.685000e+01
      vertex   8.466990e+01 -1.287098e+02 1.685000e+01
      vertex   8.465242e+01 -1.285101e+02 1.685000e+01
    endloop
  endfacet
  facet normal 0.000000e+00 0.000000e+00 -1.000000e+00
    outer loop
      vertex   8.695242e+01 -1.285101e+02 1.685000e+01
      vertex   8.465242e+01 -1.285101e+02 1.685000e+01
      vertex   8.693495e+01 -1.283104e+02 1.685000e+01
    endloop
  endfacet
  facet normal -0.000000e+00 0.000000e+00 -1.000000e+00
    outer loop
      vertex   8.693495e+01 -1.283104e+02 1.685000e+01
      vertex   8.465242e+01 -1.285101e+02 1.685000e+01
      vertex   8.466990e+01 -1.283104e+02 1.685000e+01
    endloop
  endfacet
  facet normal 0.000000e+00 0.000000e+00 -1.000000e+00
    outer loop
      vertex   8.693495e+01 -1.283104e+02 1.685000e+01
      vertex   8.466990e+01 -1.283104e+02 1.685000e+01
      vertex   8.688307e+01 -1.281168e+02 1.685000e+01
    endloop
  endfacet
  facet normal -0.000000e+00 0.000000e+00 -1.000000e+00
    outer loop
      vertex   8.688307e+01 -1.281168e+02 1.685000e+01
      vertex   8.466990e+01 -1.283104e+02 1.685000e+01
      vertex   8.472178e+01 -1.281168e+02 1.685000e+01
    endloop
  endfacet
  facet normal 0.000000e+00 0.000000e+00 -1.000000e+00
    outer loop
      vertex   8.688307e+01 -1.281168e+02 1.685000e+01
      vertex   8.472178e+01 -1.281168e+02 1.685000e+01
      vertex   8.679835e+01 -1.279351e+02 1.685000e+01
    endloop
  endfacet
  facet normal -0.000000e+00 0.000000e+00 -1.000000e+00
    outer loop
      vertex   8.679835e+01 -1.279351e+02 1.685000e+01
      vertex   8.472178e+01 -1.281168e+02 1.685000e+01
      vertex   8.480650e+01 -1.279351e+02 1.685000e+01
    endloop
  endfacet
  facet normal 0.000000e+00 0.000000e+00 -1.000000e+00
    outer loop
      vertex   8.679835e+01 -1.279351e+02 1.685000e+01
      vertex   8.480650e+01 -1.279351e+02 1.685000e+01
      vertex   8.668338e+01 -1.277709e+02 1.685000e+01
    endloop
  endfacet
  facet normal -0.000000e+00 0.000000e+00 -1.000000e+00
    outer loop
      vertex   8.668338e+01 -1.277709e+02 1.685000e+01
      vertex   8.480650e+01 -1.279351e+02 1.685000e+01
      vertex   8.492147e+01 -1.277709e+02 1.685000e+01
    endloop
  endfacet
  facet normal 0.000000e+00 0.000000e+00 -1.000000e+00
    outer loop
      vertex   8.668338e+01 -1.277709e+02 1.685000e+01
      vertex   8.492147e+01 -1.277709e+02 1.685000e+01
      vertex   8.654163e+01 -1.276291e+02 1.685000e+01
    endloop
  endfacet
  facet normal -0.000000e+00 0.000000e+00 -1.000000e+00
    outer loop
      vertex   8.654163e+01 -1.276291e+02 1.685000e+01
      vertex   8.492147e+01 -1.277709e+02 1.685000e+01
      vertex   8.506322e+01 -1.276291e+02 1.685000e+01
    endloop
  endfacet
  facet normal 0.000000e+00 0.000000e+00 -1.000000e+00
    outer loop
      vertex   8.654163e+01 -1.276291e+02 1.685000e+01
      vertex   8.506322e+01 -1.276291e+02 1.685000e+01
      vertex   8.637742e+01 -1.275141e+02 1.685000e+01
    endloop
  endfacet
  facet normal -0.000000e+00 0.000000e+00 -1.000000e+00
    outer loop
      vertex   8.637742e+01 -1.275141e+02 1.685000e+01
      vertex   8.506322e+01 -1.276291e+02 1.685000e+01
      vertex   8.522742e+01 -1.275141e+02 1.685000e+01
    endloop
  endfacet
  facet normal 0.000000e+00 0.000000e+00 -1.000000e+00
    outer loop
      vertex   8.637742e+01 -1.275141e+02 1.685000e+01
      vertex   8.522742e+01 -1.275141e+02 1.685000e+01
      vertex   8.619575e+01 -1.274294e+02 1.685000e+01
    endloop
  endfacet
  facet normal -0.000000e+00 0.000000e+00 -1.000000e+00
    outer loop
      vertex   8.619575e+01 -1.274294e+02 1.685000e+01
      vertex   8.522742e+01 -1.275141e+02 1.685000e+01
      vertex   8.540910e+01 -1.274294e+02 1.685000e+01
    endloop
  endfacet
  facet normal 0.000000e+00 0.000000e+00 -1.000000e+00
    outer loop
      vertex   8.619575e+01 -1.274294e+02 1.685000e+01
      vertex   8.540910e+01 -1.274294e+02 1.685000e+01
      vertex   8.600212e+01 -1.273775e+02 1.685000e+01
    endloop
  endfacet
  facet normal -0.000000e+00 0.000000e+00 -1.000000e+00
    outer loop
      vertex   8.600212e+01 -1.273775e+02 1.685000e+01
      vertex   8.540910e+01 -1.274294e+02 1.685000e+01
      vertex   8.560273e+01 -1.273775e+02 1.685000e+01
    endloop
  endfacet
  facet normal 0.000000e+00 0.000000e+00 -1.000000e+00
    outer loop
      vertex   8.600212e+01 -1.273775e+02 1.685000e+01
      vertex   8.560273e+01 -1.273775e+02 1.685000e+01
      vertex   8.580242e+01 -1.273601e+02 1.685000e+01
    endloop
  endfacet
  facet normal 0.000000e+00 0.000000e+00 -1.000000e+00
    outer loop
      vertex   8.466990e+01 -1.287098e+02 1.685000e+01
      vertex   8.693495e+01 -1.287098e+02 1.685000e+01
      vertex   8.472178e+01 -1.289034e+02 1.685000e+01
    endloop
  endfacet
  facet normal 0.000000e+00 0.000000e+00 -1.000000e+00
    outer loop
      vertex   8.472178e+01 -1.289034e+02 1.685000e+01
      vertex   8.693495e+01 -1.287098e+02 1.685000e+01
      vertex   8.688307e+01 -1.289034e+02 1.685000e+01
    endloop
  endfacet
  facet normal 0.000000e+00 0.000000e+00 -1.000000e+00
    outer loop
      vertex   8.472178e+01 -1.289034e+02 1.685000e+01
      vertex   8.688307e+01 -1.289034e+02 1.685000e+01
      vertex   8.480650e+01 -1.290851e+02 1.685000e+01
    endloop
  endfacet
  facet normal 0.000000e+00 0.000000e+00 -1.000000e+00
    outer loop
      vertex   8.480650e+01 -1.290851e+02 1.685000e+01
      vertex   8.688307e+01 -1.289034e+02 1.685000e+01
      vertex   8.679835e+01 -1.290851e+02 1.685000e+01
    endloop
  endfacet
  facet normal 0.000000e+00 0.000000e+00 -1.000000e+00
    outer loop
      vertex   8.480650e+01 -1.290851e+02 1.685000e+01
      vertex   8.679835e+01 -1.290851e+02 1.685000e+01
      vertex   8.492147e+01 -1.292493e+02 1.685000e+01
    endloop
  endfacet
  facet normal 0.000000e+00 0.000000e+00 -1.000000e+00
    outer loop
      vertex   8.492147e+01 -1.292493e+02 1.685000e+01
      vertex   8.679835e+01 -1.290851e+02 1.685000e+01
      vertex   8.668338e+01 -1.292493e+02 1.685000e+01
    endloop
  endfacet
  facet normal 0.000000e+00 0.000000e+00 -1.000000e+00
    outer loop
      vertex   8.492147e+01 -1.292493e+02 1.685000e+01
      vertex   8.668338e+01 -1.292493e+02 1.685000e+01
      vertex   8.506322e+01 -1.293910e+02 1.685000e+01
    endloop
  endfacet
  facet normal 0.000000e+00 0.000000e+00 -1.000000e+00
    outer loop
      vertex   8.506322e+01 -1.293910e+02 1.685000e+01
      vertex   8.668338e+01 -1.292493e+02 1.685000e+01
      vertex   8.654163e+01 -1.293910e+02 1.685000e+01
    endloop
  endfacet
  facet normal 0.000000e+00 0.000000e+00 -1.000000e+00
    outer loop
      vertex   8.506322e+01 -1.293910e+02 1.685000e+01
      vertex   8.654163e+01 -1.293910e+02 1.685000e+01
      vertex   8.522742e+01 -1.295060e+02 1.685000e+01
    endloop
  endfacet
  facet normal 0.000000e+00 0.000000e+00 -1.000000e+00
    outer loop
      vertex   8.522742e+01 -1.295060e+02 1.685000e+01
      vertex   8.654163e+01 -1.293910e+02 1.685000e+01
      vertex   8.637742e+01 -1.295060e+02 1.685000e+01
    endloop
  endfacet
  facet normal 0.000000e+00 0.000000e+00 -1.000000e+00
    outer loop
      vertex   8.522742e+01 -1.295060e+02 1.685000e+01
      vertex   8.637742e+01 -1.295060e+02 1.685000e+01
      vertex   8.540910e+01 -1.295907e+02 1.685000e+01
    endloop
  endfacet
  facet normal 0.000000e+00 0.000000e+00 -1.000000e+00
    outer loop
      vertex   8.540910e+01 -1.295907e+02 1.685000e+01
      vertex   8.637742e+01 -1.295060e+02 1.685000e+01
      vertex   8.619575e+01 -1.295907e+02 1.685000e+01
    endloop
  endfacet
  facet normal 0.000000e+00 0.000000e+00 -1.000000e+00
    outer loop
      vertex   8.540910e+01 -1.295907e+02 1.685000e+01
      vertex   8.619575e+01 -1.295907e+02 1.685000e+01
      vertex   8.560273e+01 -1.296426e+02 1.685000e+01
    endloop
  endfacet
  facet normal 0.000000e+00 0.000000e+00 -1.000000e+00
    outer loop
      vertex   8.560273e+01 -1.296426e+02 1.685000e+01
      vertex   8.619575e+01 -1.295907e+02 1.685000e+01
      vertex   8.600212e+01 -1.296426e+02 1.685000e+01
    endloop
  endfacet
  facet normal 0.000000e+00 0.000000e+00 -1.000000e+00
    outer loop
      vertex   8.560273e+01 -1.296426e+02 1.685000e+01
      vertex   8.600212e+01 -1.296426e+02 1.685000e+01
      vertex   8.580242e+01 -1.296601e+02 1.685000e+01
    endloop
  endfacet
  facet normal -9.999969e-01 2.481040e-03 0.000000e+00
    outer loop
      vertex   1.585807e+02 -1.029809e+02 6.850000e+00
      vertex   1.585453e+02 -1.172531e+02 6.850000e+00
      vertex   1.585807e+02 -1.029809e+02 7.650000e+00
    endloop
  endfacet
  facet normal -9.999969e-01 2.481040e-03 4.065481e-18
    outer loop
      vertex   1.585807e+02 -1.029809e+02 7.650000e+00
      vertex   1.585453e+02 -1.172531e+02 6.850000e+00
      vertex   1.585453e+02 -1.172531e+02 7.650000e+00
    endloop
  endfacet
  facet normal -8.661856e-01 4.997225e-01 0.000000e+00
    outer loop
      vertex   1.597859e+02 -1.008919e+02 1.985000e+01
      vertex   1.662010e+02 -8.977236e+01 1.985000e+01
      vertex   1.597859e+02 -1.008919e+02 7.650000e+00
    endloop
  endfacet
  facet normal -8.661856e-01 4.997225e-01 -6.145637e-18
    outer loop
      vertex   1.597859e+02 -1.008919e+02 7.650000e+00
      vertex   1.662010e+02 -8.977236e+01 1.985000e+01
      vertex   1.662010e+02 -8.977236e+01 6.850000e+00
    endloop
  endfacet
  facet normal -8.661856e-01 4.997225e-01 -1.602826e-13
    outer loop
      vertex   1.597859e+02 -1.008919e+02 7.650000e+00
      vertex   1.662010e+02 -8.977236e+01 6.850000e+00
      vertex   1.585807e+02 -1.029809e+02 6.850000e+00
    endloop
  endfacet
  facet normal -8.661856e-01 4.997225e-01 0.000000e+00
    outer loop
      vertex   1.585807e+02 -1.029809e+02 6.850000e+00
      vertex   1.585807e+02 -1.029809e+02 7.650000e+00
      vertex   1.597859e+02 -1.008919e+02 7.650000e+00
    endloop
  endfacet
  facet normal -7.071068e-01 -7.071068e-01 0.000000e+00
    outer loop
      vertex   1.305545e+02 -2.719375e+01 6.850000e+00
      vertex   1.329358e+02 -2.957500e+01 6.850000e+00
      vertex   1.305545e+02 -2.719375e+01 7.650000e+00
    endloop
  endfacet
  facet normal -7.071068e-01 -7.071068e-01 -1.598939e-16
    outer loop
      vertex   1.305545e+02 -2.719375e+01 7.650000e+00
      vertex   1.329358e+02 -2.957500e+01 6.850000e+00
      vertex   1.329358e+02 -2.957500e+01 7.650000e+00
    endloop
  endfacet
  facet normal 0.000000e+00 -1.000000e+00 0.000000e+00
    outer loop
      vertex   1.091233e+02 -2.719375e+01 6.850000e+00
      vertex   1.305545e+02 -2.719375e+01 6.850000e+00
      vertex   1.091233e+02 -2.719375e+01 7.650000e+00
    endloop
  endfacet
  facet normal 0.000000e+00 -1.000000e+00 0.000000e+00
    outer loop
      vertex   1.091233e+02 -2.719375e+01 7.650000e+00
      vertex   1.305545e+02 -2.719375e+01 6.850000e+00
      vertex   1.305545e+02 -2.719375e+01 7.650000e+00
    endloop
  endfacet
  facet normal -7.071068e-01 -7.071068e-01 0.000000e+00
    outer loop
      vertex   1.079327e+02 -2.600313e+01 6.850000e+00
      vertex   1.091233e+02 -2.719375e+01 6.850000e+00
      vertex   1.079327e+02 -2.600313e+01 7.650000e+00
    endloop
  endfacet
  facet normal -7.071068e-01 -7.071068e-01 6.593564e-18
    outer loop
      vertex   1.079327e+02 -2.600313e+01 7.650000e+00
      vertex   1.091233e+02 -2.719375e+01 6.850000e+00
      vertex   1.091233e+02 -2.719375e+01 7.650000e+00
    endloop
  endfacet
  facet normal 0.000000e+00 -1.000000e+00 0.000000e+00
    outer loop
      vertex   7.899546e+01 -2.600313e+01 6.850000e+00
      vertex   1.079327e+02 -2.600313e+01 6.850000e+00
      vertex   7.899546e+01 -2.600313e+01 7.650000e+00
    endloop
  endfacet
  facet normal 0.000000e+00 -1.000000e+00 0.000000e+00
    outer loop
      vertex   7.899546e+01 -2.600313e+01 7.650000e+00
      vertex   1.079327e+02 -2.600313e+01 6.850000e+00
      vertex   1.079327e+02 -2.600313e+01 7.650000e+00
    endloop
  endfacet
  facet normal 7.071068e-01 -7.071068e-01 0.000000e+00
    outer loop
      vertex   7.661421e+01 -2.838437e+01 6.850000e+00
      vertex   7.899546e+01 -2.600313e+01 6.850000e+00
      vertex   7.661421e+01 -2.838437e+01 7.650000e+00
    endloop
  endfacet
  facet normal 7.071068e-01 -7.071068e-01 1.978069e-17
    outer loop
      vertex   7.661421e+01 -2.838437e+01 7.650000e+00
      vertex   7.899546e+01 -2.600313e+01 6.850000e+00
      vertex   7.899546e+01 -2.600313e+01 7.650000e+00
    endloop
  endfacet
  facet normal 0.000000e+00 -1.000000e+00 0.000000e+00
    outer loop
      vertex   6.827984e+01 -2.838437e+01 6.850000e+00
      vertex   7.661421e+01 -2.838437e+01 6.850000e+00
      vertex   6.827984e+01 -2.838437e+01 7.650000e+00
    endloop
  endfacet
  facet normal 0.000000e+00 -1.000000e+00 0.000000e+00
    outer loop
      vertex   6.827984e+01 -2.838437e+01 7.650000e+00
      vertex   7.661421e+01 -2.838437e+01 6.850000e+00
      vertex   7.661421e+01 -2.838437e+01 7.650000e+00
    endloop
  endfacet
  facet normal 7.071068e-01 -7.071068e-01 0.000000e+00
    outer loop
      vertex   6.708921e+01 -2.957500e+01 6.850000e+00
      vertex   6.827984e+01 -2.838437e+01 6.850000e+00
      vertex   6.708921e+01 -2.957500e+01 7.650000e+00
    endloop
  endfacet
  facet normal 7.071068e-01 -7.071068e-01 1.648391e-18
    outer loop
      vertex   6.708921e+01 -2.957500e+01 7.650000e+00
      vertex   6.827984e+01 -2.838437e+01 6.850000e+00
      vertex   6.827984e+01 -2.838437e+01 7.650000e+00
    endloop
  endfacet
  facet normal 0.000000e+00 -1.000000e+00 0.000000e+00
    outer loop
      vertex   3.256109e+01 -2.957500e+01 6.850000e+00
      vertex   6.708921e+01 -2.957500e+01 6.850000e+00
      vertex   3.256109e+01 -2.957500e+01 7.650000e+00
    endloop
  endfacet
  facet normal 0.000000e+00 -1.000000e+00 0.000000e+00
    outer loop
      vertex   3.256109e+01 -2.957500e+01 7.650000e+00
      vertex   6.708921e+01 -2.957500e+01 6.850000e+00
      vertex   6.708921e+01 -2.957500e+01 7.650000e+00
    endloop
  endfacet
  facet normal 7.071068e-01 -7.071068e-01 0.000000e+00
    outer loop
      vertex   2.957500e+01 -3.256109e+01 6.850000e+00
      vertex   3.256109e+01 -2.957500e+01 6.850000e+00
      vertex   2.957500e+01 -3.256109e+01 7.650000e+00
    endloop
  endfacet
  facet normal 7.071068e-01 -7.071068e-01 -1.140698e-16
    outer loop
      vertex   2.957500e+01 -3.256109e+01 7.650000e+00
      vertex   3.256109e+01 -2.957500e+01 6.850000e+00
      vertex   3.256109e+01 -2.957500e+01 7.650000e+00
    endloop
  endfacet
  facet normal 1.000000e+00 0.000000e+00 0.000000e+00
    outer loop
      vertex   2.957500e+01 -1.067420e+02 6.850000e+00
      vertex   2.957500e+01 -3.256109e+01 6.850000e+00
      vertex   2.957500e+01 -1.067420e+02 7.650000e+00
    endloop
  endfacet
  facet normal 1.000000e+00 -0.000000e+00 0.000000e+00
    outer loop
      vertex   2.957500e+01 -1.067420e+02 7.650000e+00
      vertex   2.957500e+01 -3.256109e+01 6.850000e+00
      vertex   2.957500e+01 -3.256109e+01 7.650000e+00
    endloop
  endfacet
  facet normal 7.071068e-01 7.071068e-01 -0.000000e+00
    outer loop
      vertex   3.256109e+01 -1.097281e+02 6.850000e+00
      vertex   2.957500e+01 -1.067420e+02 6.850000e+00
      vertex   3.256109e+01 -1.097281e+02 7.650000e+00
    endloop
  endfacet
  facet normal 7.071068e-01 7.071068e-01 -2.516635e-16
    outer loop
      vertex   3.256109e+01 -1.097281e+02 7.650000e+00
      vertex   2.957500e+01 -1.067420e+02 6.850000e+00
      vertex   2.957500e+01 -1.067420e+02 7.650000e+00
    endloop
  endfacet
  facet normal 0.000000e+00 1.000000e+00 -0.000000e+00
    outer loop
      vertex   6.507016e+01 -1.097281e+02 6.850000e+00
      vertex   3.256109e+01 -1.097281e+02 6.850000e+00
      vertex   6.507016e+01 -1.097281e+02 7.650000e+00
    endloop
  endfacet
  facet normal 0.000000e+00 1.000000e+00 0.000000e+00
    outer loop
      vertex   6.507016e+01 -1.097281e+02 7.650000e+00
      vertex   3.256109e+01 -1.097281e+02 6.850000e+00
      vertex   3.256109e+01 -1.097281e+02 7.650000e+00
    endloop
  endfacet
  facet normal -7.071068e-01 7.071068e-01 0.000000e+00
    outer loop
      vertex   6.745141e+01 -1.073469e+02 6.850000e+00
      vertex   6.507016e+01 -1.097281e+02 6.850000e+00
      vertex   6.745141e+01 -1.073469e+02 7.650000e+00
    endloop
  endfacet
  facet normal -7.071068e-01 7.071068e-01 1.186842e-16
    outer loop
      vertex   6.745141e+01 -1.073469e+02 7.650000e+00
      vertex   6.507016e+01 -1.097281e+02 6.850000e+00
      vertex   6.507016e+01 -1.097281e+02 7.650000e+00
    endloop
  endfacet
  facet normal 0.000000e+00 1.000000e+00 -0.000000e+00
    outer loop
      vertex   7.769340e+01 -1.073469e+02 6.850000e+00
      vertex   6.745141e+01 -1.073469e+02 6.850000e+00
      vertex   7.769340e+01 -1.073469e+02 7.650000e+00
    endloop
  endfacet
  facet normal 0.000000e+00 1.000000e+00 0.000000e+00
    outer loop
      vertex   7.769340e+01 -1.073469e+02 7.650000e+00
      vertex   6.745141e+01 -1.073469e+02 6.850000e+00
      vertex   6.745141e+01 -1.073469e+02 7.650000e+00
    endloop
  endfacet
  facet normal 5.547002e-01 8.320503e-01 -0.000000e+00
    outer loop
      vertex   8.126528e+01 -1.097281e+02 6.850000e+00
      vertex   7.769340e+01 -1.073469e+02 6.850000e+00
      vertex   8.126528e+01 -1.097281e+02 7.650000e+00
    endloop
  endfacet
  facet normal 5.547002e-01 8.320503e-01 -1.034483e-17
    outer loop
      vertex   8.126528e+01 -1.097281e+02 7.650000e+00
      vertex   7.769340e+01 -1.073469e+02 6.850000e+00
      vertex   7.769340e+01 -1.073469e+02 7.650000e+00
    endloop
  endfacet
  facet normal 0.000000e+00 1.000000e+00 -0.000000e+00
    outer loop
      vertex   8.732984e+01 -1.097281e+02 6.850000e+00
      vertex   8.126528e+01 -1.097281e+02 6.850000e+00
      vertex   8.732984e+01 -1.097281e+02 7.650000e+00
    endloop
  endfacet
  facet normal 0.000000e+00 1.000000e+00 0.000000e+00
    outer loop
      vertex   8.732984e+01 -1.097281e+02 7.650000e+00
      vertex   8.126528e+01 -1.097281e+02 6.850000e+00
      vertex   8.126528e+01 -1.097281e+02 7.650000e+00
    endloop
  endfacet
  facet normal 7.071068e-01 7.071068e-01 -0.000000e+00
    outer loop
      vertex   8.910625e+01 -1.115045e+02 6.850000e+00
      vertex   8.732984e+01 -1.097281e+02 6.850000e+00
      vertex   8.910625e+01 -1.115045e+02 7.650000e+00
    endloop
  endfacet
  facet normal 7.071068e-01 7.071068e-01 5.987370e-17
    outer loop
      vertex   8.910625e+01 -1.115045e+02 7.650000e+00
      vertex   8.732984e+01 -1.097281e+02 6.850000e+00
      vertex   8.732984e+01 -1.097281e+02 7.650000e+00
    endloop
  endfacet
  facet normal 1.000000e+00 0.000000e+00 0.000000e+00
    outer loop
      vertex   8.910625e+01 -1.246014e+02 6.850000e+00
      vertex   8.910625e+01 -1.115045e+02 6.850000e+00
      vertex   8.910625e+01 -1.246014e+02 7.650000e+00
    endloop
  endfacet
  facet normal 1.000000e+00 -0.000000e+00 0.000000e+00
    outer loop
      vertex   8.910625e+01 -1.246014e+02 7.650000e+00
      vertex   8.910625e+01 -1.115045e+02 6.850000e+00
      vertex   8.910625e+01 -1.115045e+02 7.650000e+00
    endloop
  endfacet
  facet normal 7.071068e-01 7.071068e-01 -0.000000e+00
    outer loop
      vertex   8.971109e+01 -1.252063e+02 6.850000e+00
      vertex   8.910625e+01 -1.246014e+02 6.850000e+00
      vertex   8.971109e+01 -1.252063e+02 7.650000e+00
    endloop
  endfacet
  facet normal 7.071068e-01 7.071068e-01 2.606594e-17
    outer loop
      vertex   8.971109e+01 -1.252063e+02 7.650000e+00
      vertex   8.910625e+01 -1.246014e+02 6.850000e+00
      vertex   8.910625e+01 -1.246014e+02 7.650000e+00
    endloop
  endfacet
  facet normal 0.000000e+00 1.000000e+00 -0.000000e+00
    outer loop
      vertex   1.072902e+02 -1.252063e+02 6.850000e+00
      vertex   8.971109e+01 -1.252063e+02 6.850000e+00
      vertex   1.072902e+02 -1.252063e+02 7.650000e+00
    endloop
  endfacet
  facet normal 0.000000e+00 1.000000e+00 0.000000e+00
    outer loop
      vertex   1.072902e+02 -1.252063e+02 7.650000e+00
      vertex   8.971109e+01 -1.252063e+02 6.850000e+00
      vertex   8.971109e+01 -1.252063e+02 7.650000e+00
    endloop
  endfacet
  facet normal 2.631174e-01 9.647638e-01 -0.000000e+00
    outer loop
      vertex   1.203870e+02 -1.287781e+02 6.850000e+00
      vertex   1.072902e+02 -1.252063e+02 6.850000e+00
      vertex   1.203870e+02 -1.287781e+02 7.650000e+00
    endloop
  endfacet
  facet normal 2.631174e-01 9.647638e-01 8.014744e-17
    outer loop
      vertex   1.203870e+02 -1.287781e+02 7.650000e+00
      vertex   1.072902e+02 -1.252063e+02 6.850000e+00
      vertex   1.072902e+02 -1.252063e+02 7.650000e+00
    endloop
  endfacet
  facet normal 0.000000e+00 1.000000e+00 -0.000000e+00
    outer loop
      vertex   1.264718e+02 -1.287781e+02 6.850000e+00
      vertex   1.203870e+02 -1.287781e+02 6.850000e+00
      vertex   1.264718e+02 -1.287781e+02 7.650000e+00
    endloop
  endfacet
  facet normal 0.000000e+00 1.000000e+00 0.000000e+00
    outer loop
      vertex   1.264718e+02 -1.287781e+02 7.650000e+00
      vertex   1.203870e+02 -1.287781e+02 6.850000e+00
      vertex   1.203870e+02 -1.287781e+02 7.650000e+00
    endloop
  endfacet
  facet normal 4.961389e-01 8.682431e-01 -0.000000e+00
    outer loop
      vertex   1.431406e+02 -1.383031e+02 6.850000e+00
      vertex   1.264718e+02 -1.287781e+02 6.850000e+00
      vertex   1.431406e+02 -1.383031e+02 7.650000e+00
    endloop
  endfacet
  facet normal 4.961389e-01 8.682431e-01 -5.250908e-16
    outer loop
      vertex   1.431406e+02 -1.383031e+02 7.650000e+00
      vertex   1.264718e+02 -1.287781e+02 6.850000e+00
      vertex   1.264718e+02 -1.287781e+02 7.650000e+00
    endloop
  endfacet
  facet normal 0.000000e+00 1.000000e+00 -0.000000e+00
    outer loop
      vertex   1.448420e+02 -1.383031e+02 6.850000e+00
      vertex   1.431406e+02 -1.383031e+02 6.850000e+00
      vertex   1.448420e+02 -1.383031e+02 7.650000e+00
    endloop
  endfacet
  facet normal 0.000000e+00 1.000000e+00 0.000000e+00
    outer loop
      vertex   1.448420e+02 -1.383031e+02 7.650000e+00
      vertex   1.431406e+02 -1.383031e+02 6.850000e+00
      vertex   1.431406e+02 -1.383031e+02 7.650000e+00
    endloop
  endfacet
  facet normal -7.071068e-01 7.071068e-01 0.000000e+00
    outer loop
      vertex   1.456426e+02 -1.375025e+02 6.850000e+00
      vertex   1.448420e+02 -1.383031e+02 6.850000e+00
      vertex   1.456426e+02 -1.375025e+02 7.650000e+00
    endloop
  endfacet
  facet normal -7.071068e-01 7.071068e-01 2.413362e-17
    outer loop
      vertex   1.456426e+02 -1.375025e+02 7.650000e+00
      vertex   1.448420e+02 -1.383031e+02 6.850000e+00
      vertex   1.448420e+02 -1.383031e+02 7.650000e+00
    endloop
  endfacet
  facet normal -8.715755e-01 4.902612e-01 0.000000e+00
    outer loop
      vertex   1.564412e+02 -1.183051e+02 6.850000e+00
      vertex   1.456426e+02 -1.375025e+02 6.850000e+00
      vertex   1.564412e+02 -1.183051e+02 7.650000e+00
    endloop
  endfacet
  facet normal -8.715755e-01 4.902612e-01 -3.735085e-16
    outer loop
      vertex   1.564412e+02 -1.183051e+02 7.650000e+00
      vertex   1.456426e+02 -1.375025e+02 6.850000e+00
      vertex   1.456426e+02 -1.375025e+02 7.650000e+00
    endloop
  endfacet
  facet normal -4.472136e-01 8.944272e-01 0.000000e+00
    outer loop
      vertex   1.585453e+02 -1.172531e+02 6.850000e+00
      vertex   1.564412e+02 -1.183051e+02 6.850000e+00
      vertex   1.585453e+02 -1.172531e+02 7.650000e+00
    endloop
  endfacet
  facet normal -4.472136e-01 8.944272e-01 -9.394496e-17
    outer loop
      vertex   1.585453e+02 -1.172531e+02 7.650000e+00
      vertex   1.564412e+02 -1.183051e+02 6.850000e+00
      vertex   1.564412e+02 -1.183051e+02 7.650000e+00
    endloop
  endfacet
  facet normal 0.000000e+00 0.000000e+00 -1.000000e+00
    outer loop
      vertex   1.460705e+02 -2.957500e+01 6.850000e+00
      vertex   1.411931e+02 -2.535595e+01 6.850000e+00
      vertex   1.465705e+02 -2.907500e+01 6.850000e+00
    endloop
  endfacet
  facet normal 0.000000e+00 0.000000e+00 -1.000000e+00
    outer loop
      vertex   1.465705e+02 -2.907500e+01 6.850000e+00
      vertex   1.411931e+02 -2.535595e+01 6.850000e+00
      vertex   1.413348e+02 -2.521421e+01 6.850000e+00
    endloop
  endfacet
  facet normal 0.000000e+00 0.000000e+00 -1.000000e+00
    outer loop
      vertex   1.465705e+02 -2.907500e+01 6.850000e+00
      vertex   1.413348e+02 -2.521421e+01 6.850000e+00
      vertex   1.414498e+02 -2.505000e+01 6.850000e+00
    endloop
  endfacet
  facet normal 0.000000e+00 0.000000e+00 -1.000000e+00
    outer loop
      vertex   1.329358e+02 -2.957500e+01 6.850000e+00
      vertex   1.402542e+02 -2.560753e+01 6.850000e+00
      vertex   1.460705e+02 -2.957500e+01 6.850000e+00
    endloop
  endfacet
  facet normal 0.000000e+00 0.000000e+00 -1.000000e+00
    outer loop
      vertex   1.460705e+02 -2.957500e+01 6.850000e+00
      vertex   1.402542e+02 -2.560753e+01 6.850000e+00
      vertex   1.404539e+02 -2.562500e+01 6.850000e+00
    endloop
  endfacet
  facet normal 0.000000e+00 0.000000e+00 -1.000000e+00
    outer loop
      vertex   1.460705e+02 -2.957500e+01 6.850000e+00
      vertex   1.404539e+02 -2.562500e+01 6.850000e+00
      vertex   1.406536e+02 -2.560753e+01 6.850000e+00
    endloop
  endfacet
  facet normal 0.000000e+00 0.000000e+00 -1.000000e+00
    outer loop
      vertex   1.305545e+02 -2.719375e+01 6.850000e+00
      vertex   1.393733e+02 -2.486832e+01 6.850000e+00
      vertex   1.329358e+02 -2.957500e+01 6.850000e+00
    endloop
  endfacet
  facet normal 0.000000e+00 0.000000e+00 -1.000000e+00
    outer loop
      vertex   1.329358e+02 -2.957500e+01 6.850000e+00
      vertex   1.393733e+02 -2.486832e+01 6.850000e+00
      vertex   1.394580e+02 -2.505000e+01 6.850000e+00
    endloop
  endfacet
  facet normal 0.000000e+00 0.000000e+00 -1.000000e+00
    outer loop
      vertex   1.329358e+02 -2.957500e+01 6.850000e+00
      vertex   1.394580e+02 -2.505000e+01 6.850000e+00
      vertex   1.395729e+02 -2.521421e+01 6.850000e+00
    endloop
  endfacet
  facet normal 0.000000e+00 0.000000e+00 -1.000000e+00
    outer loop
      vertex   1.091233e+02 -2.719375e+01 6.850000e+00
      vertex   1.128512e+02 -1.819375e+01 6.850000e+00
      vertex   1.305545e+02 -2.719375e+01 6.850000e+00
    endloop
  endfacet
  facet normal 0.000000e+00 0.000000e+00 -1.000000e+00
    outer loop
      vertex   1.305545e+02 -2.719375e+01 6.850000e+00
      vertex   1.128512e+02 -1.819375e+01 6.850000e+00
      vertex   1.342825e+02 -1.819375e+01 6.850000e+00
    endloop
  endfacet
  facet normal 0.000000e+00 0.000000e+00 -1.000000e+00
    outer loop
      vertex   1.305545e+02 -2.719375e+01 6.850000e+00
      vertex   1.342825e+02 -1.819375e+01 6.850000e+00
      vertex   1.366637e+02 -2.057500e+01 6.850000e+00
    endloop
  endfacet
  facet normal 0.000000e+00 0.000000e+00 -1.000000e+00
    outer loop
      vertex   1.091233e+02 -2.719375e+01 6.850000e+00
      vertex   1.079327e+02 -2.600313e+01 6.850000e+00
      vertex   1.128512e+02 -1.819375e+01 6.850000e+00
    endloop
  endfacet
  facet normal -0.000000e+00 0.000000e+00 -1.000000e+00
    outer loop
      vertex   1.128512e+02 -1.819375e+01 6.850000e+00
      vertex   1.079327e+02 -2.600313e+01 6.850000e+00
      vertex   1.116606e+02 -1.700313e+01 6.850000e+00
    endloop
  endfacet
  facet normal 0.000000e+00 0.000000e+00 -1.000000e+00
    outer loop
      vertex   1.116606e+02 -1.700313e+01 6.850000e+00
      vertex   1.079327e+02 -2.600313e+01 6.850000e+00
      vertex   7.899546e+01 -2.600313e+01 6.850000e+00
    endloop
  endfacet
  facet normal -0.000000e+00 0.000000e+00 -1.000000e+00
    outer loop
      vertex   1.116606e+02 -1.700313e+01 6.850000e+00
      vertex   7.899546e+01 -2.600313e+01 6.850000e+00
      vertex   7.526754e+01 -1.700313e+01 6.850000e+00
    endloop
  endfacet
  facet normal 0.000000e+00 -0.000000e+00 -1.000000e+00
    outer loop
      vertex   7.526754e+01 -1.700313e+01 6.850000e+00
      vertex   7.899546e+01 -2.600313e+01 6.850000e+00
      vertex   7.288629e+01 -1.938437e+01 6.850000e+00
    endloop
  endfacet
  facet normal 0.000000e+00 -0.000000e+00 -1.000000e+00
    outer loop
      vertex   7.288629e+01 -1.938437e+01 6.850000e+00
      vertex   7.899546e+01 -2.600313e+01 6.850000e+00
      vertex   7.146707e+01 -2.308468e+01 6.850000e+00
    endloop
  endfacet
  facet normal 0.000000e+00 0.000000e+00 -1.000000e+00
    outer loop
      vertex   7.288629e+01 -1.938437e+01 6.850000e+00
      vertex   7.146707e+01 -2.308468e+01 6.850000e+00
      vertex   7.141518e+01 -2.289105e+01 6.850000e+00
    endloop
  endfacet
  facet normal 0.000000e+00 0.000000e+00 -1.000000e+00
    outer loop
      vertex   7.661421e+01 -2.838437e+01 6.850000e+00
      vertex   7.141518e+01 -2.367770e+01 6.850000e+00
      vertex   7.899546e+01 -2.600313e+01 6.850000e+00
    endloop
  endfacet
  facet normal 0.000000e+00 0.000000e+00 -1.000000e+00
    outer loop
      vertex   7.899546e+01 -2.600313e+01 6.850000e+00
      vertex   7.141518e+01 -2.367770e+01 6.850000e+00
      vertex   7.146707e+01 -2.348407e+01 6.850000e+00
    endloop
  endfacet
  facet normal 0.000000e+00 0.000000e+00 -1.000000e+00
    outer loop
      vertex   7.899546e+01 -2.600313e+01 6.850000e+00
      vertex   7.146707e+01 -2.348407e+01 6.850000e+00
      vertex   7.148454e+01 -2.328438e+01 6.850000e+00
    endloop
  endfacet
  facet normal 0.000000e+00 0.000000e+00 -1.000000e+00
    outer loop
      vertex   6.827984e+01 -2.838437e+01 6.850000e+00
      vertex   7.072786e+01 -2.436502e+01 6.850000e+00
      vertex   7.661421e+01 -2.838437e+01 6.850000e+00
    endloop
  endfacet
  facet normal 0.000000e+00 0.000000e+00 -1.000000e+00
    outer loop
      vertex   7.661421e+01 -2.838437e+01 6.850000e+00
      vertex   7.072786e+01 -2.436502e+01 6.850000e+00
      vertex   7.090954e+01 -2.428030e+01 6.850000e+00
    endloop
  endfacet
  facet normal 0.000000e+00 0.000000e+00 -1.000000e+00
    outer loop
      vertex   7.661421e+01 -2.838437e+01 6.850000e+00
      vertex   7.090954e+01 -2.428030e+01 6.850000e+00
      vertex   7.107374e+01 -2.416533e+01 6.850000e+00
    endloop
  endfacet
  facet normal 0.000000e+00 0.000000e+00 -1.000000e+00
    outer loop
      vertex   6.708921e+01 -2.957500e+01 6.850000e+00
      vertex   6.336129e+01 -2.057500e+01 6.850000e+00
      vertex   6.827984e+01 -2.838437e+01 6.850000e+00
    endloop
  endfacet
  facet normal 0.000000e+00 0.000000e+00 -1.000000e+00
    outer loop
      vertex   6.827984e+01 -2.838437e+01 6.850000e+00
      vertex   6.336129e+01 -2.057500e+01 6.850000e+00
      vertex   6.925389e+01 -2.367770e+01 6.850000e+00
    endloop
  endfacet
  facet normal 0.000000e+00 0.000000e+00 -1.000000e+00
    outer loop
      vertex   6.827984e+01 -2.838437e+01 6.850000e+00
      vertex   6.925389e+01 -2.367770e+01 6.850000e+00
      vertex   6.933861e+01 -2.385938e+01 6.850000e+00
    endloop
  endfacet
  facet normal 0.000000e+00 0.000000e+00 -1.000000e+00
    outer loop
      vertex   6.708921e+01 -2.957500e+01 6.850000e+00
      vertex   3.256109e+01 -2.957500e+01 6.850000e+00
      vertex   6.336129e+01 -2.057500e+01 6.850000e+00
    endloop
  endfacet
  facet normal -0.000000e+00 0.000000e+00 -1.000000e+00
    outer loop
      vertex   6.336129e+01 -2.057500e+01 6.850000e+00
      vertex   3.256109e+01 -2.957500e+01 6.850000e+00
      vertex   2.883317e+01 -2.057500e+01 6.850000e+00
    endloop
  endfacet
  facet normal 0.000000e+00 -0.000000e+00 -1.000000e+00
    outer loop
      vertex   2.883317e+01 -2.057500e+01 6.850000e+00
      vertex   3.256109e+01 -2.957500e+01 6.850000e+00
      vertex   2.845773e+01 -2.688680e+01 6.850000e+00
    endloop
  endfacet
  facet normal 0.000000e+00 0.000000e+00 -1.000000e+00
    outer loop
      vertex   2.883317e+01 -2.057500e+01 6.850000e+00
      vertex   2.845773e+01 -2.688680e+01 6.850000e+00
      vertex   2.834275e+01 -2.672259e+01 6.850000e+00
    endloop
  endfacet
  facet normal 0.000000e+00 0.000000e+00 -1.000000e+00
    outer loop
      vertex   2.957500e+01 -3.256109e+01 6.850000e+00
      vertex   2.820101e+01 -2.834275e+01 6.850000e+00
      vertex   3.256109e+01 -2.957500e+01 6.850000e+00
    endloop
  endfacet
  facet normal 0.000000e+00 0.000000e+00 -1.000000e+00
    outer loop
      vertex   3.256109e+01 -2.957500e+01 6.850000e+00
      vertex   2.820101e+01 -2.834275e+01 6.850000e+00
      vertex   2.834275e+01 -2.820101e+01 6.850000e+00
    endloop
  endfacet
  facet normal 0.000000e+00 0.000000e+00 -1.000000e+00
    outer loop
      vertex   3.256109e+01 -2.957500e+01 6.850000e+00
      vertex   2.834275e+01 -2.820101e+01 6.850000e+00
      vertex   2.845773e+01 -2.803680e+01 6.850000e+00
    endloop
  endfacet
  facet normal 0.000000e+00 0.000000e+00 -1.000000e+00
    outer loop
      vertex   2.957500e+01 -1.067420e+02 6.850000e+00
      vertex   2.057500e+01 -2.883317e+01 6.850000e+00
      vertex   2.957500e+01 -3.256109e+01 6.850000e+00
    endloop
  endfacet
  facet normal 0.000000e+00 0.000000e+00 -1.000000e+00
    outer loop
      vertex   2.957500e+01 -3.256109e+01 6.850000e+00
      vertex   2.057500e+01 -2.883317e+01 6.850000e+00
      vertex   2.688680e+01 -2.845773e+01 6.850000e+00
    endloop
  endfacet
  facet normal 0.000000e+00 0.000000e+00 -1.000000e+00
    outer loop
      vertex   2.957500e+01 -3.256109e+01 6.850000e+00
      vertex   2.688680e+01 -2.845773e+01 6.850000e+00
      vertex   2.706848e+01 -2.854245e+01 6.850000e+00
    endloop
  endfacet
  facet normal -0.000000e+00 0.000000e+00 -1.000000e+00
    outer loop
      vertex   3.256109e+01 -1.097281e+02 6.850000e+00
      vertex   2.820101e+01 -1.109604e+02 6.850000e+00
      vertex   2.957500e+01 -1.067420e+02 6.850000e+00
    endloop
  endfacet
  facet normal 0.000000e+00 0.000000e+00 -1.000000e+00
    outer loop
      vertex   2.957500e+01 -1.067420e+02 6.850000e+00
      vertex   2.820101e+01 -1.109604e+02 6.850000e+00
      vertex   2.803680e+01 -1.108454e+02 6.850000e+00
    endloop
  endfacet
  facet normal 0.000000e+00 0.000000e+00 -1.000000e+00
    outer loop
      vertex   2.957500e+01 -1.067420e+02 6.850000e+00
      vertex   2.803680e+01 -1.108454e+02 6.850000e+00
      vertex   2.785512e+01 -1.107607e+02 6.850000e+00
    endloop
  endfacet
  facet normal -0.000000e+00 0.000000e+00 -1.000000e+00
    outer loop
      vertex   6.507016e+01 -1.097281e+02 6.850000e+00
      vertex   2.883317e+01 -1.187281e+02 6.850000e+00
      vertex   3.256109e+01 -1.097281e+02 6.850000e+00
    endloop
  endfacet
  facet normal 0.000000e+00 0.000000e+00 -1.000000e+00
    outer loop
      vertex   3.256109e+01 -1.097281e+02 6.850000e+00
      vertex   2.883317e+01 -1.187281e+02 6.850000e+00
      vertex   2.845773e+01 -1.124163e+02 6.850000e+00
    endloop
  endfacet
  facet normal 0.000000e+00 0.000000e+00 -1.000000e+00
    outer loop
      vertex   3.256109e+01 -1.097281e+02 6.850000e+00
      vertex   2.845773e+01 -1.124163e+02 6.850000e+00
      vertex   2.854245e+01 -1.122346e+02 6.850000e+00
    endloop
  endfacet
  facet normal 0.000000e+00 -0.000000e+00 -1.000000e+00
    outer loop
      vertex   6.745141e+01 -1.073469e+02 6.850000e+00
      vertex   7.117933e+01 -1.163469e+02 6.850000e+00
      vertex   6.507016e+01 -1.097281e+02 6.850000e+00
    endloop
  endfacet
  facet normal 0.000000e+00 0.000000e+00 -1.000000e+00
    outer loop
      vertex   6.507016e+01 -1.097281e+02 6.850000e+00
      vertex   7.117933e+01 -1.163469e+02 6.850000e+00
      vertex   6.879808e+01 -1.187281e+02 6.850000e+00
    endloop
  endfacet
  facet normal 0.000000e+00 -0.000000e+00 -1.000000e+00
    outer loop
      vertex   6.507016e+01 -1.097281e+02 6.850000e+00
      vertex   6.879808e+01 -1.187281e+02 6.850000e+00
      vertex   2.883317e+01 -1.187281e+02 6.850000e+00
    endloop
  endfacet
  facet normal 0.000000e+00 0.000000e+00 -1.000000e+00
    outer loop
      vertex   6.745141e+01 -1.073469e+02 6.850000e+00
      vertex   7.769340e+01 -1.073469e+02 6.850000e+00
      vertex   7.117933e+01 -1.163469e+02 6.850000e+00
    endloop
  endfacet
  facet normal 0.000000e+00 0.000000e+00 -1.000000e+00
    outer loop
      vertex   7.117933e+01 -1.163469e+02 6.850000e+00
      vertex   7.769340e+01 -1.073469e+02 6.850000e+00
      vertex   7.496842e+01 -1.163469e+02 6.850000e+00
    endloop
  endfacet
  facet normal 0.000000e+00 0.000000e+00 -1.000000e+00
    outer loop
      vertex   7.496842e+01 -1.163469e+02 6.850000e+00
      vertex   7.769340e+01 -1.073469e+02 6.850000e+00
      vertex   8.126528e+01 -1.097281e+02 6.850000e+00
    endloop
  endfacet
  facet normal 0.000000e+00 0.000000e+00 -1.000000e+00
    outer loop
      vertex   7.496842e+01 -1.163469e+02 6.850000e+00
      vertex   8.126528e+01 -1.097281e+02 6.850000e+00
      vertex   8.265724e+01 -1.147032e+02 6.850000e+00
    endloop
  endfacet
  facet normal 0.000000e+00 0.000000e+00 -1.000000e+00
    outer loop
      vertex   8.265724e+01 -1.147032e+02 6.850000e+00
      vertex   8.126528e+01 -1.097281e+02 6.850000e+00
      vertex   8.274195e+01 -1.145215e+02 6.850000e+00
    endloop
  endfacet
  facet normal 0.000000e+00 0.000000e+00 -1.000000e+00
    outer loop
      vertex   8.274195e+01 -1.145215e+02 6.850000e+00
      vertex   8.126528e+01 -1.097281e+02 6.850000e+00
      vertex   8.285693e+01 -1.143573e+02 6.850000e+00
    endloop
  endfacet
  facet normal 0.000000e+00 0.000000e+00 -1.000000e+00
    outer loop
      vertex   8.285693e+01 -1.143573e+02 6.850000e+00
      vertex   8.126528e+01 -1.097281e+02 6.850000e+00
      vertex   8.299868e+01 -1.142155e+02 6.850000e+00
    endloop
  endfacet
  facet normal 0.000000e+00 0.000000e+00 -1.000000e+00
    outer loop
      vertex   8.299868e+01 -1.142155e+02 6.850000e+00
      vertex   8.126528e+01 -1.097281e+02 6.850000e+00
      vertex   8.316288e+01 -1.141006e+02 6.850000e+00
    endloop
  endfacet
  facet normal 0.000000e+00 0.000000e+00 -1.000000e+00
    outer loop
      vertex   8.316288e+01 -1.141006e+02 6.850000e+00
      vertex   8.126528e+01 -1.097281e+02 6.850000e+00
      vertex   8.334456e+01 -1.140158e+02 6.850000e+00
    endloop
  endfacet
  facet normal 0.000000e+00 0.000000e+00 -1.000000e+00
    outer loop
      vertex   8.334456e+01 -1.140158e+02 6.850000e+00
      vertex   8.126528e+01 -1.097281e+02 6.850000e+00
      vertex   8.353819e+01 -1.139640e+02 6.850000e+00
    endloop
  endfacet
  facet normal 0.000000e+00 0.000000e+00 -1.000000e+00
    outer loop
      vertex   8.353819e+01 -1.139640e+02 6.850000e+00
      vertex   8.126528e+01 -1.097281e+02 6.850000e+00
      vertex   8.373788e+01 -1.139465e+02 6.850000e+00
    endloop
  endfacet
  facet normal 0.000000e+00 0.000000e+00 -1.000000e+00
    outer loop
      vertex   8.373788e+01 -1.139465e+02 6.850000e+00
      vertex   8.126528e+01 -1.097281e+02 6.850000e+00
      vertex   8.393758e+01 -1.139640e+02 6.850000e+00
    endloop
  endfacet
  facet normal 0.000000e+00 0.000000e+00 -1.000000e+00
    outer loop
      vertex   8.393758e+01 -1.139640e+02 6.850000e+00
      vertex   8.126528e+01 -1.097281e+02 6.850000e+00
      vertex   8.732984e+01 -1.097281e+02 6.850000e+00
    endloop
  endfacet
  facet normal 0.000000e+00 0.000000e+00 -1.000000e+00
    outer loop
      vertex   8.393758e+01 -1.139640e+02 6.850000e+00
      vertex   8.732984e+01 -1.097281e+02 6.850000e+00
      vertex   8.413121e+01 -1.140158e+02 6.850000e+00
    endloop
  endfacet
  facet normal 0.000000e+00 0.000000e+00 -1.000000e+00
    outer loop
      vertex   8.413121e+01 -1.140158e+02 6.850000e+00
      vertex   8.732984e+01 -1.097281e+02 6.850000e+00
      vertex   8.431288e+01 -1.141006e+02 6.850000e+00
    endloop
  endfacet
  facet normal 0.000000e+00 0.000000e+00 -1.000000e+00
    outer loop
      vertex   8.431288e+01 -1.141006e+02 6.850000e+00
      vertex   8.732984e+01 -1.097281e+02 6.850000e+00
      vertex   8.447709e+01 -1.142155e+02 6.850000e+00
    endloop
  endfacet
  facet normal 0.000000e+00 0.000000e+00 -1.000000e+00
    outer loop
      vertex   8.447709e+01 -1.142155e+02 6.850000e+00
      vertex   8.732984e+01 -1.097281e+02 6.850000e+00
      vertex   8.910625e+01 -1.115045e+02 6.850000e+00
    endloop
  endfacet
  facet normal 0.000000e+00 0.000000e+00 -1.000000e+00
    outer loop
      vertex   8.447709e+01 -1.142155e+02 6.850000e+00
      vertex   8.910625e+01 -1.115045e+02 6.850000e+00
      vertex   8.461883e+01 -1.143573e+02 6.850000e+00
    endloop
  endfacet
  facet normal 0.000000e+00 0.000000e+00 -1.000000e+00
    outer loop
      vertex   8.461883e+01 -1.143573e+02 6.850000e+00
      vertex   8.910625e+01 -1.115045e+02 6.850000e+00
      vertex   8.473381e+01 -1.145215e+02 6.850000e+00
    endloop
  endfacet
  facet normal 0.000000e+00 0.000000e+00 -1.000000e+00
    outer loop
      vertex   8.473381e+01 -1.145215e+02 6.850000e+00
      vertex   8.910625e+01 -1.115045e+02 6.850000e+00
      vertex   8.481853e+01 -1.147032e+02 6.850000e+00
    endloop
  endfacet
  facet normal 0.000000e+00 0.000000e+00 -1.000000e+00
    outer loop
      vertex   8.481853e+01 -1.147032e+02 6.850000e+00
      vertex   8.910625e+01 -1.115045e+02 6.850000e+00
      vertex   8.487041e+01 -1.148968e+02 6.850000e+00
    endloop
  endfacet
  facet normal 0.000000e+00 0.000000e+00 -1.000000e+00
    outer loop
      vertex   8.487041e+01 -1.148968e+02 6.850000e+00
      vertex   8.910625e+01 -1.115045e+02 6.850000e+00
      vertex   8.488788e+01 -1.150965e+02 6.850000e+00
    endloop
  endfacet
  facet normal 0.000000e+00 -0.000000e+00 -1.000000e+00
    outer loop
      vertex   8.488788e+01 -1.150965e+02 6.850000e+00
      vertex   8.910625e+01 -1.115045e+02 6.850000e+00
      vertex   8.487041e+01 -1.152962e+02 6.850000e+00
    endloop
  endfacet
  facet normal 0.000000e+00 -0.000000e+00 -1.000000e+00
    outer loop
      vertex   8.487041e+01 -1.152962e+02 6.850000e+00
      vertex   8.910625e+01 -1.115045e+02 6.850000e+00
      vertex   8.481853e+01 -1.154898e+02 6.850000e+00
    endloop
  endfacet
  facet normal 0.000000e+00 0.000000e+00 -1.000000e+00
    outer loop
      vertex   8.481853e+01 -1.154898e+02 6.850000e+00
      vertex   8.910625e+01 -1.115045e+02 6.850000e+00
      vertex   8.910625e+01 -1.246014e+02 6.850000e+00
    endloop
  endfacet
  facet normal 0.000000e+00 -0.000000e+00 -1.000000e+00
    outer loop
      vertex   8.481853e+01 -1.154898e+02 6.850000e+00
      vertex   8.910625e+01 -1.246014e+02 6.850000e+00
      vertex   8.473381e+01 -1.156715e+02 6.850000e+00
    endloop
  endfacet
  facet normal 0.000000e+00 -0.000000e+00 -1.000000e+00
    outer loop
      vertex   8.473381e+01 -1.156715e+02 6.850000e+00
      vertex   8.910625e+01 -1.246014e+02 6.850000e+00
      vertex   8.461883e+01 -1.158357e+02 6.850000e+00
    endloop
  endfacet
  facet normal 0.000000e+00 -0.000000e+00 -1.000000e+00
    outer loop
      vertex   8.461883e+01 -1.158357e+02 6.850000e+00
      vertex   8.910625e+01 -1.246014e+02 6.850000e+00
      vertex   8.447709e+01 -1.159774e+02 6.850000e+00
    endloop
  endfacet
  facet normal 0.000000e+00 -0.000000e+00 -1.000000e+00
    outer loop
      vertex   8.447709e+01 -1.159774e+02 6.850000e+00
      vertex   8.910625e+01 -1.246014e+02 6.850000e+00
      vertex   8.431288e+01 -1.160924e+02 6.850000e+00
    endloop
  endfacet
  facet normal 0.000000e+00 -0.000000e+00 -1.000000e+00
    outer loop
      vertex   8.431288e+01 -1.160924e+02 6.850000e+00
      vertex   8.910625e+01 -1.246014e+02 6.850000e+00
      vertex   8.413121e+01 -1.161771e+02 6.850000e+00
    endloop
  endfacet
  facet normal 0.000000e+00 -0.000000e+00 -1.000000e+00
    outer loop
      vertex   8.413121e+01 -1.161771e+02 6.850000e+00
      vertex   8.910625e+01 -1.246014e+02 6.850000e+00
      vertex   8.393758e+01 -1.162290e+02 6.850000e+00
    endloop
  endfacet
  facet normal 0.000000e+00 -0.000000e+00 -1.000000e+00
    outer loop
      vertex   8.393758e+01 -1.162290e+02 6.850000e+00
      vertex   8.910625e+01 -1.246014e+02 6.850000e+00
      vertex   8.010625e+01 -1.192281e+02 6.850000e+00
    endloop
  endfacet
  facet normal 0.000000e+00 0.000000e+00 -1.000000e+00
    outer loop
      vertex   8.393758e+01 -1.162290e+02 6.850000e+00
      vertex   8.010625e+01 -1.192281e+02 6.850000e+00
      vertex   8.373788e+01 -1.162465e+02 6.850000e+00
    endloop
  endfacet
  facet normal -0.000000e+00 0.000000e+00 -1.000000e+00
    outer loop
      vertex   8.373788e+01 -1.162465e+02 6.850000e+00
      vertex   8.010625e+01 -1.192281e+02 6.850000e+00
      vertex   8.353819e+01 -1.162290e+02 6.850000e+00
    endloop
  endfacet
  facet normal 0.000000e+00 0.000000e+00 -1.000000e+00
    outer loop
      vertex   8.353819e+01 -1.162290e+02 6.850000e+00
      vertex   8.010625e+01 -1.192281e+02 6.850000e+00
      vertex   8.009865e+01 -1.191413e+02 6.850000e+00
    endloop
  endfacet
  facet normal 0.000000e+00 0.000000e+00 -1.000000e+00
    outer loop
      vertex   8.353819e+01 -1.162290e+02 6.850000e+00
      vertex   8.009865e+01 -1.191413e+02 6.850000e+00
      vertex   8.007610e+01 -1.190571e+02 6.850000e+00
    endloop
  endfacet
  facet normal -0.000000e+00 0.000000e+00 -1.000000e+00
    outer loop
      vertex   8.971109e+01 -1.252063e+02 6.850000e+00
      vertex   8.654163e+01 -1.276291e+02 6.850000e+00
      vertex   8.910625e+01 -1.246014e+02 6.850000e+00
    endloop
  endfacet
  facet normal 0.000000e+00 0.000000e+00 -1.000000e+00
    outer loop
      vertex   8.910625e+01 -1.246014e+02 6.850000e+00
      vertex   8.654163e+01 -1.276291e+02 6.850000e+00
      vertex   8.637742e+01 -1.275141e+02 6.850000e+00
    endloop
  endfacet
  facet normal 0.000000e+00 0.000000e+00 -1.000000e+00
    outer loop
      vertex   8.910625e+01 -1.246014e+02 6.850000e+00
      vertex   8.637742e+01 -1.275141e+02 6.850000e+00
      vertex   8.619575e+01 -1.274294e+02 6.850000e+00
    endloop
  endfacet
  facet normal -0.000000e+00 0.000000e+00 -1.000000e+00
    outer loop
      vertex   1.072902e+02 -1.252063e+02 6.850000e+00
      vertex   1.060849e+02 -1.342063e+02 6.850000e+00
      vertex   8.971109e+01 -1.252063e+02 6.850000e+00
    endloop
  endfacet
  facet normal 0.000000e+00 -0.000000e+00 -1.000000e+00
    outer loop
      vertex   8.971109e+01 -1.252063e+02 6.850000e+00
      vertex   1.060849e+02 -1.342063e+02 6.850000e+00
      vertex   8.688307e+01 -1.289034e+02 6.850000e+00
    endloop
  endfacet
  facet normal 0.000000e+00 0.000000e+00 -1.000000e+00
    outer loop
      vertex   8.971109e+01 -1.252063e+02 6.850000e+00
      vertex   8.688307e+01 -1.289034e+02 6.850000e+00
      vertex   8.693495e+01 -1.287098e+02 6.850000e+00
    endloop
  endfacet
  facet normal 0.000000e+00 -0.000000e+00 -1.000000e+00
    outer loop
      vertex   1.072902e+02 -1.252063e+02 6.850000e+00
      vertex   1.203870e+02 -1.287781e+02 6.850000e+00
      vertex   1.060849e+02 -1.342063e+02 6.850000e+00
    endloop
  endfacet
  facet normal 0.000000e+00 0.000000e+00 -1.000000e+00
    outer loop
      vertex   1.060849e+02 -1.342063e+02 6.850000e+00
      vertex   1.203870e+02 -1.287781e+02 6.850000e+00
      vertex   1.191818e+02 -1.377781e+02 6.850000e+00
    endloop
  endfacet
  facet normal 0.000000e+00 0.000000e+00 -1.000000e+00
    outer loop
      vertex   1.191818e+02 -1.377781e+02 6.850000e+00
      vertex   1.203870e+02 -1.287781e+02 6.850000e+00
      vertex   1.240817e+02 -1.377781e+02 6.850000e+00
    endloop
  endfacet
  facet normal 0.000000e+00 0.000000e+00 -1.000000e+00
    outer loop
      vertex   1.240817e+02 -1.377781e+02 6.850000e+00
      vertex   1.203870e+02 -1.287781e+02 6.850000e+00
      vertex   1.264718e+02 -1.287781e+02 6.850000e+00
    endloop
  endfacet
  facet normal 0.000000e+00 0.000000e+00 -1.000000e+00
    outer loop
      vertex   1.240817e+02 -1.377781e+02 6.850000e+00
      vertex   1.264718e+02 -1.287781e+02 6.850000e+00
      vertex   1.431406e+02 -1.383031e+02 6.850000e+00
    endloop
  endfacet
  facet normal -0.000000e+00 -0.000000e+00 -1.000000e+00
    outer loop
      vertex   1.448420e+02 -1.383031e+02 6.850000e+00
      vertex   1.457502e+02 -1.424072e+02 6.850000e+00
      vertex   1.431406e+02 -1.383031e+02 6.850000e+00
    endloop
  endfacet
  facet normal 0.000000e+00 0.000000e+00 -1.000000e+00
    outer loop
      vertex   1.431406e+02 -1.383031e+02 6.850000e+00
      vertex   1.457502e+02 -1.424072e+02 6.850000e+00
      vertex   1.455860e+02 -1.425222e+02 6.850000e+00
    endloop
  endfacet
  facet normal 0.000000e+00 0.000000e+00 -1.000000e+00
    outer loop
      vertex   1.431406e+02 -1.383031e+02 6.850000e+00
      vertex   1.455860e+02 -1.425222e+02 6.850000e+00
      vertex   1.454443e+02 -1.426639e+02 6.850000e+00
    endloop
  endfacet
  facet normal 0.000000e+00 -0.000000e+00 -1.000000e+00
    outer loop
      vertex   1.456426e+02 -1.375025e+02 6.850000e+00
      vertex   1.465249e+02 -1.422706e+02 6.850000e+00
      vertex   1.448420e+02 -1.383031e+02 6.850000e+00
    endloop
  endfacet
  facet normal 0.000000e+00 0.000000e+00 -1.000000e+00
    outer loop
      vertex   1.448420e+02 -1.383031e+02 6.850000e+00
      vertex   1.465249e+02 -1.422706e+02 6.850000e+00
      vertex   1.463252e+02 -1.422531e+02 6.850000e+00
    endloop
  endfacet
  facet normal 0.000000e+00 0.000000e+00 -1.000000e+00
    outer loop
      vertex   1.448420e+02 -1.383031e+02 6.850000e+00
      vertex   1.463252e+02 -1.422531e+02 6.850000e+00
      vertex   1.461255e+02 -1.422706e+02 6.850000e+00
    endloop
  endfacet
  facet normal 0.000000e+00 -0.000000e+00 -1.000000e+00
    outer loop
      vertex   1.564412e+02 -1.183051e+02 6.850000e+00
      vertex   1.629331e+02 -1.251215e+02 6.850000e+00
      vertex   1.456426e+02 -1.375025e+02 6.850000e+00
    endloop
  endfacet
  facet normal 0.000000e+00 0.000000e+00 -1.000000e+00
    outer loop
      vertex   1.456426e+02 -1.375025e+02 6.850000e+00
      vertex   1.629331e+02 -1.251215e+02 6.850000e+00
      vertex   1.528807e+02 -1.429923e+02 6.850000e+00
    endloop
  endfacet
  facet normal 0.000000e+00 0.000000e+00 -1.000000e+00
    outer loop
      vertex   1.456426e+02 -1.375025e+02 6.850000e+00
      vertex   1.528807e+02 -1.429923e+02 6.850000e+00
      vertex   1.470644e+02 -1.425222e+02 6.850000e+00
    endloop
  endfacet
  facet normal 0.000000e+00 0.000000e+00 -1.000000e+00
    outer loop
      vertex   1.470644e+02 -1.425222e+02 6.850000e+00
      vertex   1.528807e+02 -1.429923e+02 6.850000e+00
      vertex   1.472062e+02 -1.426639e+02 6.850000e+00
    endloop
  endfacet
  facet normal 0.000000e+00 0.000000e+00 -1.000000e+00
    outer loop
      vertex   1.472062e+02 -1.426639e+02 6.850000e+00
      vertex   1.528807e+02 -1.429923e+02 6.850000e+00
      vertex   1.473212e+02 -1.428281e+02 6.850000e+00
    endloop
  endfacet
  facet normal 0.000000e+00 0.000000e+00 -1.000000e+00
    outer loop
      vertex   1.473212e+02 -1.428281e+02 6.850000e+00
      vertex   1.528807e+02 -1.429923e+02 6.850000e+00
      vertex   1.474059e+02 -1.430098e+02 6.850000e+00
    endloop
  endfacet
  facet normal 0.000000e+00 0.000000e+00 -1.000000e+00
    outer loop
      vertex   1.474059e+02 -1.430098e+02 6.850000e+00
      vertex   1.528807e+02 -1.429923e+02 6.850000e+00
      vertex   1.474578e+02 -1.432034e+02 6.850000e+00
    endloop
  endfacet
  facet normal 0.000000e+00 0.000000e+00 -1.000000e+00
    outer loop
      vertex   1.474578e+02 -1.432034e+02 6.850000e+00
      vertex   1.528807e+02 -1.429923e+02 6.850000e+00
      vertex   1.474752e+02 -1.434031e+02 6.850000e+00
    endloop
  endfacet
  facet normal 0.000000e+00 -0.000000e+00 -1.000000e+00
    outer loop
      vertex   1.474752e+02 -1.434031e+02 6.850000e+00
      vertex   1.528807e+02 -1.429923e+02 6.850000e+00
      vertex   1.474578e+02 -1.436028e+02 6.850000e+00
    endloop
  endfacet
  facet normal 0.000000e+00 -0.000000e+00 -1.000000e+00
    outer loop
      vertex   1.474578e+02 -1.436028e+02 6.850000e+00
      vertex   1.528807e+02 -1.429923e+02 6.850000e+00
      vertex   1.474059e+02 -1.437964e+02 6.850000e+00
    endloop
  endfacet
  facet normal 0.000000e+00 0.000000e+00 -1.000000e+00
    outer loop
      vertex   1.474059e+02 -1.437964e+02 6.850000e+00
      vertex   1.528807e+02 -1.429923e+02 6.850000e+00
      vertex   1.485700e+02 -1.473031e+02 6.850000e+00
    endloop
  endfacet
  facet normal 0.000000e+00 -0.000000e+00 -1.000000e+00
    outer loop
      vertex   1.474059e+02 -1.437964e+02 6.850000e+00
      vertex   1.485700e+02 -1.473031e+02 6.850000e+00
      vertex   1.473212e+02 -1.439781e+02 6.850000e+00
    endloop
  endfacet
  facet normal 0.000000e+00 -0.000000e+00 -1.000000e+00
    outer loop
      vertex   1.473212e+02 -1.439781e+02 6.850000e+00
      vertex   1.485700e+02 -1.473031e+02 6.850000e+00
      vertex   1.472062e+02 -1.441423e+02 6.850000e+00
    endloop
  endfacet
  facet normal 0.000000e+00 -0.000000e+00 -1.000000e+00
    outer loop
      vertex   1.472062e+02 -1.441423e+02 6.850000e+00
      vertex   1.485700e+02 -1.473031e+02 6.850000e+00
      vertex   1.470644e+02 -1.442841e+02 6.850000e+00
    endloop
  endfacet
  facet normal 0.000000e+00 -0.000000e+00 -1.000000e+00
    outer loop
      vertex   1.470644e+02 -1.442841e+02 6.850000e+00
      vertex   1.485700e+02 -1.473031e+02 6.850000e+00
      vertex   1.469002e+02 -1.443991e+02 6.850000e+00
    endloop
  endfacet
  facet normal 0.000000e+00 -0.000000e+00 -1.000000e+00
    outer loop
      vertex   1.469002e+02 -1.443991e+02 6.850000e+00
      vertex   1.485700e+02 -1.473031e+02 6.850000e+00
      vertex   1.467185e+02 -1.444838e+02 6.850000e+00
    endloop
  endfacet
  facet normal 0.000000e+00 -0.000000e+00 -1.000000e+00
    outer loop
      vertex   1.467185e+02 -1.444838e+02 6.850000e+00
      vertex   1.485700e+02 -1.473031e+02 6.850000e+00
      vertex   1.465249e+02 -1.445357e+02 6.850000e+00
    endloop
  endfacet
  facet normal 0.000000e+00 -0.000000e+00 -1.000000e+00
    outer loop
      vertex   1.465249e+02 -1.445357e+02 6.850000e+00
      vertex   1.485700e+02 -1.473031e+02 6.850000e+00
      vertex   1.463252e+02 -1.445531e+02 6.850000e+00
    endloop
  endfacet
  facet normal -0.000000e+00 -0.000000e+00 -1.000000e+00
    outer loop
      vertex   1.463252e+02 -1.445531e+02 6.850000e+00
      vertex   1.485700e+02 -1.473031e+02 6.850000e+00
      vertex   1.461255e+02 -1.445357e+02 6.850000e+00
    endloop
  endfacet
  facet normal -0.000000e+00 -0.000000e+00 -1.000000e+00
    outer loop
      vertex   1.461255e+02 -1.445357e+02 6.850000e+00
      vertex   1.485700e+02 -1.473031e+02 6.850000e+00
      vertex   1.459319e+02 -1.444838e+02 6.850000e+00
    endloop
  endfacet
  facet normal 0.000000e+00 -0.000000e+00 -1.000000e+00
    outer loop
      vertex   1.459319e+02 -1.444838e+02 6.850000e+00
      vertex   1.485700e+02 -1.473031e+02 6.850000e+00
      vertex   1.407505e+02 -1.473031e+02 6.850000e+00
    endloop
  endfacet
  facet normal -0.000000e+00 0.000000e+00 -1.000000e+00
    outer loop
      vertex   1.459319e+02 -1.444838e+02 6.850000e+00
      vertex   1.407505e+02 -1.473031e+02 6.850000e+00
      vertex   1.457502e+02 -1.443991e+02 6.850000e+00
    endloop
  endfacet
  facet normal -0.000000e+00 0.000000e+00 -1.000000e+00
    outer loop
      vertex   1.457502e+02 -1.443991e+02 6.850000e+00
      vertex   1.407505e+02 -1.473031e+02 6.850000e+00
      vertex   1.455860e+02 -1.442841e+02 6.850000e+00
    endloop
  endfacet
  facet normal -0.000000e+00 0.000000e+00 -1.000000e+00
    outer loop
      vertex   1.455860e+02 -1.442841e+02 6.850000e+00
      vertex   1.407505e+02 -1.473031e+02 6.850000e+00
      vertex   1.454443e+02 -1.441423e+02 6.850000e+00
    endloop
  endfacet
  facet normal -0.000000e+00 0.000000e+00 -1.000000e+00
    outer loop
      vertex   1.454443e+02 -1.441423e+02 6.850000e+00
      vertex   1.407505e+02 -1.473031e+02 6.850000e+00
      vertex   1.453293e+02 -1.439781e+02 6.850000e+00
    endloop
  endfacet
  facet normal -0.000000e+00 0.000000e+00 -1.000000e+00
    outer loop
      vertex   1.453293e+02 -1.439781e+02 6.850000e+00
      vertex   1.407505e+02 -1.473031e+02 6.850000e+00
      vertex   1.452446e+02 -1.437964e+02 6.850000e+00
    endloop
  endfacet
  facet normal -0.000000e+00 0.000000e+00 -1.000000e+00
    outer loop
      vertex   1.452446e+02 -1.437964e+02 6.850000e+00
      vertex   1.407505e+02 -1.473031e+02 6.850000e+00
      vertex   1.451927e+02 -1.436028e+02 6.850000e+00
    endloop
  endfacet
  facet normal -0.000000e+00 0.000000e+00 -1.000000e+00
    outer loop
      vertex   1.451927e+02 -1.436028e+02 6.850000e+00
      vertex   1.407505e+02 -1.473031e+02 6.850000e+00
      vertex   1.451752e+02 -1.434031e+02 6.850000e+00
    endloop
  endfacet
  facet normal -0.000000e+00 0.000000e+00 -1.000000e+00
    outer loop
      vertex   1.451752e+02 -1.434031e+02 6.850000e+00
      vertex   1.407505e+02 -1.473031e+02 6.850000e+00
      vertex   1.451927e+02 -1.432034e+02 6.850000e+00
    endloop
  endfacet
  facet normal -0.000000e+00 0.000000e+00 -1.000000e+00
    outer loop
      vertex   1.451927e+02 -1.432034e+02 6.850000e+00
      vertex   1.407505e+02 -1.473031e+02 6.850000e+00
      vertex   1.431406e+02 -1.383031e+02 6.850000e+00
    endloop
  endfacet
  facet normal 0.000000e+00 0.000000e+00 -1.000000e+00
    outer loop
      vertex   1.451927e+02 -1.432034e+02 6.850000e+00
      vertex   1.431406e+02 -1.383031e+02 6.850000e+00
      vertex   1.452446e+02 -1.430098e+02 6.850000e+00
    endloop
  endfacet
  facet normal 0.000000e+00 0.000000e+00 -1.000000e+00
    outer loop
      vertex   1.452446e+02 -1.430098e+02 6.850000e+00
      vertex   1.431406e+02 -1.383031e+02 6.850000e+00
      vertex   1.453293e+02 -1.428281e+02 6.850000e+00
    endloop
  endfacet
  facet normal 0.000000e+00 0.000000e+00 -1.000000e+00
    outer loop
      vertex   1.453293e+02 -1.428281e+02 6.850000e+00
      vertex   1.431406e+02 -1.383031e+02 6.850000e+00
      vertex   1.454443e+02 -1.426639e+02 6.850000e+00
    endloop
  endfacet
  facet normal 0.000000e+00 0.000000e+00 -1.000000e+00
    outer loop
      vertex   1.564412e+02 -1.183051e+02 6.850000e+00
      vertex   1.585453e+02 -1.172531e+02 6.850000e+00
      vertex   1.629331e+02 -1.251215e+02 6.850000e+00
    endloop
  endfacet
  facet normal 0.000000e+00 0.000000e+00 -1.000000e+00
    outer loop
      vertex   1.629331e+02 -1.251215e+02 6.850000e+00
      vertex   1.585453e+02 -1.172531e+02 6.850000e+00
      vertex   1.675315e+02 -1.228223e+02 6.850000e+00
    endloop
  endfacet
  facet normal 0.000000e+00 0.000000e+00 -1.000000e+00
    outer loop
      vertex   1.675315e+02 -1.228223e+02 6.850000e+00
      vertex   1.585453e+02 -1.172531e+02 6.850000e+00
      vertex   1.640642e+02 -1.054831e+02 6.850000e+00
    endloop
  endfacet
  facet normal 0.000000e+00 0.000000e+00 -1.000000e+00
    outer loop
      vertex   1.675315e+02 -1.228223e+02 6.850000e+00
      vertex   1.640642e+02 -1.054831e+02 6.850000e+00
      vertex   1.642459e+02 -1.053984e+02 6.850000e+00
    endloop
  endfacet
  facet normal 0.000000e+00 -0.000000e+00 -1.000000e+00
    outer loop
      vertex   1.585807e+02 -1.029809e+02 6.850000e+00
      vertex   1.629317e+02 -1.052834e+02 6.850000e+00
      vertex   1.585453e+02 -1.172531e+02 6.850000e+00
    endloop
  endfacet
  facet normal 0.000000e+00 0.000000e+00 -1.000000e+00
    outer loop
      vertex   1.585453e+02 -1.172531e+02 6.850000e+00
      vertex   1.629317e+02 -1.052834e+02 6.850000e+00
      vertex   1.630959e+02 -1.053984e+02 6.850000e+00
    endloop
  endfacet
  facet normal 0.000000e+00 0.000000e+00 -1.000000e+00
    outer loop
      vertex   1.585453e+02 -1.172531e+02 6.850000e+00
      vertex   1.630959e+02 -1.053984e+02 6.850000e+00
      vertex   1.632776e+02 -1.054831e+02 6.850000e+00
    endloop
  endfacet
  facet normal 0.000000e+00 0.000000e+00 -1.000000e+00
    outer loop
      vertex   1.662010e+02 -8.977236e+01 6.850000e+00
      vertex   1.634712e+02 -1.032699e+02 6.850000e+00
      vertex   1.585807e+02 -1.029809e+02 6.850000e+00
    endloop
  endfacet
  facet normal 0.000000e+00 0.000000e+00 -1.000000e+00
    outer loop
      vertex   1.585807e+02 -1.029809e+02 6.850000e+00
      vertex   1.634712e+02 -1.032699e+02 6.850000e+00
      vertex   1.632776e+02 -1.033218e+02 6.850000e+00
    endloop
  endfacet
  facet normal 0.000000e+00 0.000000e+00 -1.000000e+00
    outer loop
      vertex   1.585807e+02 -1.029809e+02 6.850000e+00
      vertex   1.632776e+02 -1.033218e+02 6.850000e+00
      vertex   1.630959e+02 -1.034065e+02 6.850000e+00
    endloop
  endfacet
  facet normal 0.000000e+00 -0.000000e+00 -1.000000e+00
    outer loop
      vertex   1.662010e+02 -8.977236e+01 6.850000e+00
      vertex   1.676115e+02 -9.058611e+01 6.850000e+00
      vertex   1.634712e+02 -1.032699e+02 6.850000e+00
    endloop
  endfacet
  facet normal 0.000000e+00 0.000000e+00 -1.000000e+00
    outer loop
      vertex   1.634712e+02 -1.032699e+02 6.850000e+00
      vertex   1.676115e+02 -9.058611e+01 6.850000e+00
      vertex   1.636709e+02 -1.032524e+02 6.850000e+00
    endloop
  endfacet
  facet normal 0.000000e+00 0.000000e+00 -1.000000e+00
    outer loop
      vertex   1.636709e+02 -1.032524e+02 6.850000e+00
      vertex   1.676115e+02 -9.058611e+01 6.850000e+00
      vertex   1.638706e+02 -1.032699e+02 6.850000e+00
    endloop
  endfacet
  facet normal 0.000000e+00 0.000000e+00 -1.000000e+00
    outer loop
      vertex   1.638706e+02 -1.032699e+02 6.850000e+00
      vertex   1.676115e+02 -9.058611e+01 6.850000e+00
      vertex   1.640642e+02 -1.033218e+02 6.850000e+00
    endloop
  endfacet
  facet normal 0.000000e+00 0.000000e+00 -1.000000e+00
    outer loop
      vertex   1.640642e+02 -1.033218e+02 6.850000e+00
      vertex   1.676115e+02 -9.058611e+01 6.850000e+00
      vertex   1.642459e+02 -1.034065e+02 6.850000e+00
    endloop
  endfacet
  facet normal 0.000000e+00 0.000000e+00 -1.000000e+00
    outer loop
      vertex   1.642459e+02 -1.034065e+02 6.850000e+00
      vertex   1.676115e+02 -9.058611e+01 6.850000e+00
      vertex   1.644101e+02 -1.035215e+02 6.850000e+00
    endloop
  endfacet
  facet normal 0.000000e+00 0.000000e+00 -1.000000e+00
    outer loop
      vertex   1.644101e+02 -1.035215e+02 6.850000e+00
      vertex   1.676115e+02 -9.058611e+01 6.850000e+00
      vertex   1.645519e+02 -1.036632e+02 6.850000e+00
    endloop
  endfacet
  facet normal 0.000000e+00 0.000000e+00 -1.000000e+00
    outer loop
      vertex   1.645519e+02 -1.036632e+02 6.850000e+00
      vertex   1.676115e+02 -9.058611e+01 6.850000e+00
      vertex   1.646669e+02 -1.038274e+02 6.850000e+00
    endloop
  endfacet
  facet normal 0.000000e+00 0.000000e+00 -1.000000e+00
    outer loop
      vertex   1.646669e+02 -1.038274e+02 6.850000e+00
      vertex   1.676115e+02 -9.058611e+01 6.850000e+00
      vertex   1.647516e+02 -1.040091e+02 6.850000e+00
    endloop
  endfacet
  facet normal 0.000000e+00 0.000000e+00 -1.000000e+00
    outer loop
      vertex   1.647516e+02 -1.040091e+02 6.850000e+00
      vertex   1.676115e+02 -9.058611e+01 6.850000e+00
      vertex   1.648035e+02 -1.042027e+02 6.850000e+00
    endloop
  endfacet
  facet normal 0.000000e+00 0.000000e+00 -1.000000e+00
    outer loop
      vertex   1.648035e+02 -1.042027e+02 6.850000e+00
      vertex   1.676115e+02 -9.058611e+01 6.850000e+00
      vertex   1.648209e+02 -1.044024e+02 6.850000e+00
    endloop
  endfacet
  facet normal 0.000000e+00 0.000000e+00 -1.000000e+00
    outer loop
      vertex   1.648209e+02 -1.044024e+02 6.850000e+00
      vertex   1.676115e+02 -9.058611e+01 6.850000e+00
      vertex   1.675315e+02 -1.228223e+02 6.850000e+00
    endloop
  endfacet
  facet normal 0.000000e+00 -0.000000e+00 -1.000000e+00
    outer loop
      vertex   1.648209e+02 -1.044024e+02 6.850000e+00
      vertex   1.675315e+02 -1.228223e+02 6.850000e+00
      vertex   1.648035e+02 -1.046021e+02 6.850000e+00
    endloop
  endfacet
  facet normal 0.000000e+00 -0.000000e+00 -1.000000e+00
    outer loop
      vertex   1.648035e+02 -1.046021e+02 6.850000e+00
      vertex   1.675315e+02 -1.228223e+02 6.850000e+00
      vertex   1.647516e+02 -1.047958e+02 6.850000e+00
    endloop
  endfacet
  facet normal 0.000000e+00 -0.000000e+00 -1.000000e+00
    outer loop
      vertex   1.647516e+02 -1.047958e+02 6.850000e+00
      vertex   1.675315e+02 -1.228223e+02 6.850000e+00
      vertex   1.646669e+02 -1.049774e+02 6.850000e+00
    endloop
  endfacet
  facet normal 0.000000e+00 -0.000000e+00 -1.000000e+00
    outer loop
      vertex   1.646669e+02 -1.049774e+02 6.850000e+00
      vertex   1.675315e+02 -1.228223e+02 6.850000e+00
      vertex   1.645519e+02 -1.051416e+02 6.850000e+00
    endloop
  endfacet
  facet normal 0.000000e+00 -0.000000e+00 -1.000000e+00
    outer loop
      vertex   1.645519e+02 -1.051416e+02 6.850000e+00
      vertex   1.675315e+02 -1.228223e+02 6.850000e+00
      vertex   1.644101e+02 -1.052834e+02 6.850000e+00
    endloop
  endfacet
  facet normal 0.000000e+00 -0.000000e+00 -1.000000e+00
    outer loop
      vertex   1.644101e+02 -1.052834e+02 6.850000e+00
      vertex   1.675315e+02 -1.228223e+02 6.850000e+00
      vertex   1.642459e+02 -1.053984e+02 6.850000e+00
    endloop
  endfacet
  facet normal 0.000000e+00 0.000000e+00 -1.000000e+00
    outer loop
      vertex   1.407505e+02 -1.473031e+02 6.850000e+00
      vertex   1.240817e+02 -1.377781e+02 6.850000e+00
      vertex   1.431406e+02 -1.383031e+02 6.850000e+00
    endloop
  endfacet
  facet normal 0.000000e+00 -0.000000e+00 -1.000000e+00
    outer loop
      vertex   8.688307e+01 -1.289034e+02 6.850000e+00
      vertex   1.060849e+02 -1.342063e+02 6.850000e+00
      vertex   8.679835e+01 -1.290851e+02 6.850000e+00
    endloop
  endfacet
  facet normal 0.000000e+00 -0.000000e+00 -1.000000e+00
    outer loop
      vertex   8.679835e+01 -1.290851e+02 6.850000e+00
      vertex   1.060849e+02 -1.342063e+02 6.850000e+00
      vertex   8.598317e+01 -1.342063e+02 6.850000e+00
    endloop
  endfacet
  facet normal 0.000000e+00 0.000000e+00 -1.000000e+00
    outer loop
      vertex   8.679835e+01 -1.290851e+02 6.850000e+00
      vertex   8.598317e+01 -1.342063e+02 6.850000e+00
      vertex   8.668338e+01 -1.292493e+02 6.850000e+00
    endloop
  endfacet
  facet normal 0.000000e+00 0.000000e+00 -1.000000e+00
    outer loop
      vertex   8.668338e+01 -1.292493e+02 6.850000e+00
      vertex   8.598317e+01 -1.342063e+02 6.850000e+00
      vertex   8.654163e+01 -1.293910e+02 6.850000e+00
    endloop
  endfacet
  facet normal 0.000000e+00 0.000000e+00 -1.000000e+00
    outer loop
      vertex   8.654163e+01 -1.293910e+02 6.850000e+00
      vertex   8.598317e+01 -1.342063e+02 6.850000e+00
      vertex   8.637742e+01 -1.295060e+02 6.850000e+00
    endloop
  endfacet
  facet normal 0.000000e+00 0.000000e+00 -1.000000e+00
    outer loop
      vertex   8.637742e+01 -1.295060e+02 6.850000e+00
      vertex   8.598317e+01 -1.342063e+02 6.850000e+00
      vertex   8.619575e+01 -1.295907e+02 6.850000e+00
    endloop
  endfacet
  facet normal 0.000000e+00 0.000000e+00 -1.000000e+00
    outer loop
      vertex   8.619575e+01 -1.295907e+02 6.850000e+00
      vertex   8.598317e+01 -1.342063e+02 6.850000e+00
      vertex   8.600212e+01 -1.296426e+02 6.850000e+00
    endloop
  endfacet
  facet normal 0.000000e+00 0.000000e+00 -1.000000e+00
    outer loop
      vertex   8.600212e+01 -1.296426e+02 6.850000e+00
      vertex   8.598317e+01 -1.342063e+02 6.850000e+00
      vertex   8.580242e+01 -1.296601e+02 6.850000e+00
    endloop
  endfacet
  facet normal -0.000000e+00 -0.000000e+00 -1.000000e+00
    outer loop
      vertex   8.580242e+01 -1.296601e+02 6.850000e+00
      vertex   8.598317e+01 -1.342063e+02 6.850000e+00
      vertex   8.560273e+01 -1.296426e+02 6.850000e+00
    endloop
  endfacet
  facet normal -0.000000e+00 -0.000000e+00 -1.000000e+00
    outer loop
      vertex   8.560273e+01 -1.296426e+02 6.850000e+00
      vertex   8.598317e+01 -1.342063e+02 6.850000e+00
      vertex   8.540910e+01 -1.295907e+02 6.850000e+00
    endloop
  endfacet
  facet normal -0.000000e+00 -0.000000e+00 -1.000000e+00
    outer loop
      vertex   8.540910e+01 -1.295907e+02 6.850000e+00
      vertex   8.598317e+01 -1.342063e+02 6.850000e+00
      vertex   8.522742e+01 -1.295060e+02 6.850000e+00
    endloop
  endfacet
  facet normal -0.000000e+00 -0.000000e+00 -1.000000e+00
    outer loop
      vertex   8.522742e+01 -1.295060e+02 6.850000e+00
      vertex   8.598317e+01 -1.342063e+02 6.850000e+00
      vertex   8.506322e+01 -1.293910e+02 6.850000e+00
    endloop
  endfacet
  facet normal -0.000000e+00 -0.000000e+00 -1.000000e+00
    outer loop
      vertex   8.506322e+01 -1.293910e+02 6.850000e+00
      vertex   8.598317e+01 -1.342063e+02 6.850000e+00
      vertex   8.010625e+01 -1.283293e+02 6.850000e+00
    endloop
  endfacet
  facet normal 0.000000e+00 0.000000e+00 -1.000000e+00
    outer loop
      vertex   8.506322e+01 -1.293910e+02 6.850000e+00
      vertex   8.010625e+01 -1.283293e+02 6.850000e+00
      vertex   8.492147e+01 -1.292493e+02 6.850000e+00
    endloop
  endfacet
  facet normal 0.000000e+00 0.000000e+00 -1.000000e+00
    outer loop
      vertex   8.492147e+01 -1.292493e+02 6.850000e+00
      vertex   8.010625e+01 -1.283293e+02 6.850000e+00
      vertex   8.480650e+01 -1.290851e+02 6.850000e+00
    endloop
  endfacet
  facet normal 0.000000e+00 0.000000e+00 -1.000000e+00
    outer loop
      vertex   8.480650e+01 -1.290851e+02 6.850000e+00
      vertex   8.010625e+01 -1.283293e+02 6.850000e+00
      vertex   8.472178e+01 -1.289034e+02 6.850000e+00
    endloop
  endfacet
  facet normal 0.000000e+00 0.000000e+00 -1.000000e+00
    outer loop
      vertex   8.472178e+01 -1.289034e+02 6.850000e+00
      vertex   8.010625e+01 -1.283293e+02 6.850000e+00
      vertex   8.466990e+01 -1.287098e+02 6.850000e+00
    endloop
  endfacet
  facet normal 0.000000e+00 0.000000e+00 -1.000000e+00
    outer loop
      vertex   8.466990e+01 -1.287098e+02 6.850000e+00
      vertex   8.010625e+01 -1.283293e+02 6.850000e+00
      vertex   8.465242e+01 -1.285101e+02 6.850000e+00
    endloop
  endfacet
  facet normal 0.000000e+00 0.000000e+00 -1.000000e+00
    outer loop
      vertex   8.465242e+01 -1.285101e+02 6.850000e+00
      vertex   8.010625e+01 -1.283293e+02 6.850000e+00
      vertex   8.466990e+01 -1.283104e+02 6.850000e+00
    endloop
  endfacet
  facet normal -0.000000e+00 0.000000e+00 -1.000000e+00
    outer loop
      vertex   8.466990e+01 -1.283104e+02 6.850000e+00
      vertex   8.010625e+01 -1.283293e+02 6.850000e+00
      vertex   8.472178e+01 -1.281168e+02 6.850000e+00
    endloop
  endfacet
  facet normal -0.000000e+00 0.000000e+00 -1.000000e+00
    outer loop
      vertex   8.472178e+01 -1.281168e+02 6.850000e+00
      vertex   8.010625e+01 -1.283293e+02 6.850000e+00
      vertex   8.480650e+01 -1.279351e+02 6.850000e+00
    endloop
  endfacet
  facet normal -0.000000e+00 0.000000e+00 -1.000000e+00
    outer loop
      vertex   8.480650e+01 -1.279351e+02 6.850000e+00
      vertex   8.010625e+01 -1.283293e+02 6.850000e+00
      vertex   8.492147e+01 -1.277709e+02 6.850000e+00
    endloop
  endfacet
  facet normal -0.000000e+00 0.000000e+00 -1.000000e+00
    outer loop
      vertex   8.492147e+01 -1.277709e+02 6.850000e+00
      vertex   8.010625e+01 -1.283293e+02 6.850000e+00
      vertex   8.506322e+01 -1.276291e+02 6.850000e+00
    endloop
  endfacet
  facet normal -0.000000e+00 0.000000e+00 -1.000000e+00
    outer loop
      vertex   8.506322e+01 -1.276291e+02 6.850000e+00
      vertex   8.010625e+01 -1.283293e+02 6.850000e+00
      vertex   8.522742e+01 -1.275141e+02 6.850000e+00
    endloop
  endfacet
  facet normal -0.000000e+00 0.000000e+00 -1.000000e+00
    outer loop
      vertex   8.522742e+01 -1.275141e+02 6.850000e+00
      vertex   8.010625e+01 -1.283293e+02 6.850000e+00
      vertex   8.010625e+01 -1.192281e+02 6.850000e+00
    endloop
  endfacet
  facet normal 0.000000e+00 0.000000e+00 -1.000000e+00
    outer loop
      vertex   8.522742e+01 -1.275141e+02 6.850000e+00
      vertex   8.010625e+01 -1.192281e+02 6.850000e+00
      vertex   8.540910e+01 -1.274294e+02 6.850000e+00
    endloop
  endfacet
  facet normal 0.000000e+00 0.000000e+00 -1.000000e+00
    outer loop
      vertex   8.540910e+01 -1.274294e+02 6.850000e+00
      vertex   8.010625e+01 -1.192281e+02 6.850000e+00
      vertex   8.560273e+01 -1.273775e+02 6.850000e+00
    endloop
  endfacet
  facet normal 0.000000e+00 0.000000e+00 -1.000000e+00
    outer loop
      vertex   8.560273e+01 -1.273775e+02 6.850000e+00
      vertex   8.010625e+01 -1.192281e+02 6.850000e+00
      vertex   8.910625e+01 -1.246014e+02 6.850000e+00
    endloop
  endfacet
  facet normal 0.000000e+00 0.000000e+00 -1.000000e+00
    outer loop
      vertex   8.560273e+01 -1.273775e+02 6.850000e+00
      vertex   8.910625e+01 -1.246014e+02 6.850000e+00
      vertex   8.580242e+01 -1.273601e+02 6.850000e+00
    endloop
  endfacet
  facet normal 0.000000e+00 0.000000e+00 -1.000000e+00
    outer loop
      vertex   8.580242e+01 -1.273601e+02 6.850000e+00
      vertex   8.910625e+01 -1.246014e+02 6.850000e+00
      vertex   8.600212e+01 -1.273775e+02 6.850000e+00
    endloop
  endfacet
  facet normal 0.000000e+00 0.000000e+00 -1.000000e+00
    outer loop
      vertex   8.600212e+01 -1.273775e+02 6.850000e+00
      vertex   8.910625e+01 -1.246014e+02 6.850000e+00
      vertex   8.619575e+01 -1.274294e+02 6.850000e+00
    endloop
  endfacet
  facet normal -0.000000e+00 0.000000e+00 -1.000000e+00
    outer loop
      vertex   8.353819e+01 -1.162290e+02 6.850000e+00
      vertex   8.007610e+01 -1.190571e+02 6.850000e+00
      vertex   8.334456e+01 -1.161771e+02 6.850000e+00
    endloop
  endfacet
  facet normal 0.000000e+00 0.000000e+00 -1.000000e+00
    outer loop
      vertex   8.334456e+01 -1.161771e+02 6.850000e+00
      vertex   8.007610e+01 -1.190571e+02 6.850000e+00
      vertex   8.003926e+01 -1.189781e+02 6.850000e+00
    endloop
  endfacet
  facet normal -0.000000e+00 0.000000e+00 -1.000000e+00
    outer loop
      vertex   8.334456e+01 -1.161771e+02 6.850000e+00
      vertex   8.003926e+01 -1.189781e+02 6.850000e+00
      vertex   8.316288e+01 -1.160924e+02 6.850000e+00
    endloop
  endfacet
  facet normal 0.000000e+00 0.000000e+00 -1.000000e+00
    outer loop
      vertex   8.316288e+01 -1.160924e+02 6.850000e+00
      vertex   8.003926e+01 -1.189781e+02 6.850000e+00
      vertex   7.998927e+01 -1.189067e+02 6.850000e+00
    endloop
  endfacet
  facet normal -0.000000e+00 0.000000e+00 -1.000000e+00
    outer loop
      vertex   8.316288e+01 -1.160924e+02 6.850000e+00
      vertex   7.998927e+01 -1.189067e+02 6.850000e+00
      vertex   8.299868e+01 -1.159774e+02 6.850000e+00
    endloop
  endfacet
  facet normal 0.000000e+00 0.000000e+00 -1.000000e+00
    outer loop
      vertex   8.299868e+01 -1.159774e+02 6.850000e+00
      vertex   7.998927e+01 -1.189067e+02 6.850000e+00
      vertex   7.992764e+01 -1.188451e+02 6.850000e+00
    endloop
  endfacet
  facet normal 0.000000e+00 0.000000e+00 -1.000000e+00
    outer loop
      vertex   8.299868e+01 -1.159774e+02 6.850000e+00
      vertex   7.992764e+01 -1.188451e+02 6.850000e+00
      vertex   7.985625e+01 -1.187951e+02 6.850000e+00
    endloop
  endfacet
  facet normal -0.000000e+00 0.000000e+00 -1.000000e+00
    outer loop
      vertex   8.299868e+01 -1.159774e+02 6.850000e+00
      vertex   7.985625e+01 -1.187951e+02 6.850000e+00
      vertex   8.285693e+01 -1.158357e+02 6.850000e+00
    endloop
  endfacet
  facet normal 0.000000e+00 0.000000e+00 -1.000000e+00
    outer loop
      vertex   8.285693e+01 -1.158357e+02 6.850000e+00
      vertex   7.985625e+01 -1.187951e+02 6.850000e+00
      vertex   7.977726e+01 -1.187583e+02 6.850000e+00
    endloop
  endfacet
  facet normal -0.000000e+00 0.000000e+00 -1.000000e+00
    outer loop
      vertex   8.285693e+01 -1.158357e+02 6.850000e+00
      vertex   7.977726e+01 -1.187583e+02 6.850000e+00
      vertex   8.274195e+01 -1.156715e+02 6.850000e+00
    endloop
  endfacet
  facet normal 0.000000e+00 0.000000e+00 -1.000000e+00
    outer loop
      vertex   8.274195e+01 -1.156715e+02 6.850000e+00
      vertex   7.977726e+01 -1.187583e+02 6.850000e+00
      vertex   7.969307e+01 -1.187357e+02 6.850000e+00
    endloop
  endfacet
  facet normal -0.000000e+00 0.000000e+00 -1.000000e+00
    outer loop
      vertex   8.274195e+01 -1.156715e+02 6.850000e+00
      vertex   7.969307e+01 -1.187357e+02 6.850000e+00
      vertex   8.265724e+01 -1.154898e+02 6.850000e+00
    endloop
  endfacet
  facet normal 0.000000e+00 0.000000e+00 -1.000000e+00
    outer loop
      vertex   8.265724e+01 -1.154898e+02 6.850000e+00
      vertex   7.969307e+01 -1.187357e+02 6.850000e+00
      vertex   7.960625e+01 -1.187281e+02 6.850000e+00
    endloop
  endfacet
  facet normal -0.000000e+00 0.000000e+00 -1.000000e+00
    outer loop
      vertex   8.265724e+01 -1.154898e+02 6.850000e+00
      vertex   7.960625e+01 -1.187281e+02 6.850000e+00
      vertex   8.260535e+01 -1.152962e+02 6.850000e+00
    endloop
  endfacet
  facet normal 0.000000e+00 0.000000e+00 -1.000000e+00
    outer loop
      vertex   8.260535e+01 -1.152962e+02 6.850000e+00
      vertex   7.960625e+01 -1.187281e+02 6.850000e+00
      vertex   7.854029e+01 -1.187281e+02 6.850000e+00
    endloop
  endfacet
  facet normal -0.000000e+00 0.000000e+00 -1.000000e+00
    outer loop
      vertex   8.260535e+01 -1.152962e+02 6.850000e+00
      vertex   7.854029e+01 -1.187281e+02 6.850000e+00
      vertex   8.258788e+01 -1.150965e+02 6.850000e+00
    endloop
  endfacet
  facet normal 0.000000e+00 0.000000e+00 -1.000000e+00
    outer loop
      vertex   8.258788e+01 -1.150965e+02 6.850000e+00
      vertex   7.854029e+01 -1.187281e+02 6.850000e+00
      vertex   7.496842e+01 -1.163469e+02 6.850000e+00
    endloop
  endfacet
  facet normal -0.000000e+00 0.000000e+00 -1.000000e+00
    outer loop
      vertex   8.258788e+01 -1.150965e+02 6.850000e+00
      vertex   7.496842e+01 -1.163469e+02 6.850000e+00
      vertex   8.260535e+01 -1.148968e+02 6.850000e+00
    endloop
  endfacet
  facet normal -0.000000e+00 0.000000e+00 -1.000000e+00
    outer loop
      vertex   8.260535e+01 -1.148968e+02 6.850000e+00
      vertex   7.496842e+01 -1.163469e+02 6.850000e+00
      vertex   8.265724e+01 -1.147032e+02 6.850000e+00
    endloop
  endfacet
  facet normal 0.000000e+00 0.000000e+00 -1.000000e+00
    outer loop
      vertex   2.057500e+01 -1.104700e+02 6.850000e+00
      vertex   2.672259e+01 -1.127223e+02 6.850000e+00
      vertex   2.883317e+01 -1.187281e+02 6.850000e+00
    endloop
  endfacet
  facet normal 0.000000e+00 0.000000e+00 -1.000000e+00
    outer loop
      vertex   2.883317e+01 -1.187281e+02 6.850000e+00
      vertex   2.672259e+01 -1.127223e+02 6.850000e+00
      vertex   2.688680e+01 -1.128373e+02 6.850000e+00
    endloop
  endfacet
  facet normal 0.000000e+00 0.000000e+00 -1.000000e+00
    outer loop
      vertex   2.883317e+01 -1.187281e+02 6.850000e+00
      vertex   2.688680e+01 -1.128373e+02 6.850000e+00
      vertex   2.706848e+01 -1.129220e+02 6.850000e+00
    endloop
  endfacet
  facet normal 0.000000e+00 0.000000e+00 -1.000000e+00
    outer loop
      vertex   2.057500e+01 -2.883317e+01 6.850000e+00
      vertex   2.957500e+01 -1.067420e+02 6.850000e+00
      vertex   2.057500e+01 -1.104700e+02 6.850000e+00
    endloop
  endfacet
  facet normal 0.000000e+00 0.000000e+00 -1.000000e+00
    outer loop
      vertex   2.057500e+01 -1.104700e+02 6.850000e+00
      vertex   2.957500e+01 -1.067420e+02 6.850000e+00
      vertex   2.688680e+01 -1.108454e+02 6.850000e+00
    endloop
  endfacet
  facet normal 0.000000e+00 0.000000e+00 -1.000000e+00
    outer loop
      vertex   2.057500e+01 -1.104700e+02 6.850000e+00
      vertex   2.688680e+01 -1.108454e+02 6.850000e+00
      vertex   2.672259e+01 -1.109604e+02 6.850000e+00
    endloop
  endfacet
  facet normal 0.000000e+00 0.000000e+00 -1.000000e+00
    outer loop
      vertex   2.883317e+01 -2.057500e+01 6.850000e+00
      vertex   2.672259e+01 -2.658085e+01 6.850000e+00
      vertex   2.057500e+01 -2.883317e+01 6.850000e+00
    endloop
  endfacet
  facet normal 0.000000e+00 0.000000e+00 -1.000000e+00
    outer loop
      vertex   2.057500e+01 -2.883317e+01 6.850000e+00
      vertex   2.672259e+01 -2.658085e+01 6.850000e+00
      vertex   2.658085e+01 -2.672259e+01 6.850000e+00
    endloop
  endfacet
  facet normal 0.000000e+00 0.000000e+00 -1.000000e+00
    outer loop
      vertex   2.057500e+01 -2.883317e+01 6.850000e+00
      vertex   2.658085e+01 -2.672259e+01 6.850000e+00
      vertex   2.646587e+01 -2.688680e+01 6.850000e+00
    endloop
  endfacet
  facet normal 0.000000e+00 -0.000000e+00 -1.000000e+00
    outer loop
      vertex   6.455192e+01 -1.938437e+01 6.850000e+00
      vertex   6.925389e+01 -2.289105e+01 6.850000e+00
      vertex   6.336129e+01 -2.057500e+01 6.850000e+00
    endloop
  endfacet
  facet normal 0.000000e+00 0.000000e+00 -1.000000e+00
    outer loop
      vertex   6.336129e+01 -2.057500e+01 6.850000e+00
      vertex   6.925389e+01 -2.289105e+01 6.850000e+00
      vertex   6.920201e+01 -2.308468e+01 6.850000e+00
    endloop
  endfacet
  facet normal 0.000000e+00 0.000000e+00 -1.000000e+00
    outer loop
      vertex   6.336129e+01 -2.057500e+01 6.850000e+00
      vertex   6.920201e+01 -2.308468e+01 6.850000e+00
      vertex   6.918454e+01 -2.328438e+01 6.850000e+00
    endloop
  endfacet
  facet normal -0.000000e+00 0.000000e+00 -1.000000e+00
    outer loop
      vertex   7.288629e+01 -1.938437e+01 6.850000e+00
      vertex   6.994121e+01 -2.220373e+01 6.850000e+00
      vertex   6.455192e+01 -1.938437e+01 6.850000e+00
    endloop
  endfacet
  facet normal 0.000000e+00 0.000000e+00 -1.000000e+00
    outer loop
      vertex   6.455192e+01 -1.938437e+01 6.850000e+00
      vertex   6.994121e+01 -2.220373e+01 6.850000e+00
      vertex   6.975954e+01 -2.228845e+01 6.850000e+00
    endloop
  endfacet
  facet normal 0.000000e+00 0.000000e+00 -1.000000e+00
    outer loop
      vertex   6.455192e+01 -1.938437e+01 6.850000e+00
      vertex   6.975954e+01 -2.228845e+01 6.850000e+00
      vertex   6.959533e+01 -2.240342e+01 6.850000e+00
    endloop
  endfacet
  facet normal -0.000000e+00 0.000000e+00 -1.000000e+00
    outer loop
      vertex   1.465705e+02 -2.057500e+01 6.850000e+00
      vertex   1.406536e+02 -2.334247e+01 6.850000e+00
      vertex   1.366637e+02 -2.057500e+01 6.850000e+00
    endloop
  endfacet
  facet normal 0.000000e+00 0.000000e+00 -1.000000e+00
    outer loop
      vertex   1.366637e+02 -2.057500e+01 6.850000e+00
      vertex   1.406536e+02 -2.334247e+01 6.850000e+00
      vertex   1.404539e+02 -2.332500e+01 6.850000e+00
    endloop
  endfacet
  facet normal 0.000000e+00 0.000000e+00 -1.000000e+00
    outer loop
      vertex   1.366637e+02 -2.057500e+01 6.850000e+00
      vertex   1.404539e+02 -2.332500e+01 6.850000e+00
      vertex   1.402542e+02 -2.334247e+01 6.850000e+00
    endloop
  endfacet
  facet normal 0.000000e+00 0.000000e+00 -1.000000e+00
    outer loop
      vertex   1.465705e+02 -2.907500e+01 6.850000e+00
      vertex   1.416039e+02 -2.447500e+01 6.850000e+00
      vertex   1.465705e+02 -2.057500e+01 6.850000e+00
    endloop
  endfacet
  facet normal 0.000000e+00 0.000000e+00 -1.000000e+00
    outer loop
      vertex   1.465705e+02 -2.057500e+01 6.850000e+00
      vertex   1.416039e+02 -2.447500e+01 6.850000e+00
      vertex   1.415864e+02 -2.427530e+01 6.850000e+00
    endloop
  endfacet
  facet normal 0.000000e+00 0.000000e+00 -1.000000e+00
    outer loop
      vertex   1.465705e+02 -2.057500e+01 6.850000e+00
      vertex   1.415864e+02 -2.427530e+01 6.850000e+00
      vertex   1.415345e+02 -2.408168e+01 6.850000e+00
    endloop
  endfacet
  facet normal 0.000000e+00 0.000000e+00 -1.000000e+00
    outer loop
      vertex   2.859433e+01 -1.120410e+02 6.850000e+00
      vertex   2.861180e+01 -1.118413e+02 6.850000e+00
      vertex   3.256109e+01 -1.097281e+02 6.850000e+00
    endloop
  endfacet
  facet normal 0.000000e+00 0.000000e+00 -1.000000e+00
    outer loop
      vertex   3.256109e+01 -1.097281e+02 6.850000e+00
      vertex   2.861180e+01 -1.118413e+02 6.850000e+00
      vertex   2.859433e+01 -1.116416e+02 6.850000e+00
    endloop
  endfacet
  facet normal 0.000000e+00 0.000000e+00 -1.000000e+00
    outer loop
      vertex   3.256109e+01 -1.097281e+02 6.850000e+00
      vertex   2.859433e+01 -1.116416e+02 6.850000e+00
      vertex   2.854245e+01 -1.114480e+02 6.850000e+00
    endloop
  endfacet
  facet normal 0.000000e+00 0.000000e+00 -1.000000e+00
    outer loop
      vertex   2.854245e+01 -1.114480e+02 6.850000e+00
      vertex   2.845773e+01 -1.112663e+02 6.850000e+00
      vertex   3.256109e+01 -1.097281e+02 6.850000e+00
    endloop
  endfacet
  facet normal 0.000000e+00 0.000000e+00 -1.000000e+00
    outer loop
      vertex   3.256109e+01 -1.097281e+02 6.850000e+00
      vertex   2.845773e+01 -1.112663e+02 6.850000e+00
      vertex   2.834275e+01 -1.111021e+02 6.850000e+00
    endloop
  endfacet
  facet normal 0.000000e+00 0.000000e+00 -1.000000e+00
    outer loop
      vertex   3.256109e+01 -1.097281e+02 6.850000e+00
      vertex   2.834275e+01 -1.111021e+02 6.850000e+00
      vertex   2.820101e+01 -1.109604e+02 6.850000e+00
    endloop
  endfacet
  facet normal 0.000000e+00 0.000000e+00 -1.000000e+00
    outer loop
      vertex   2.785512e+01 -1.107607e+02 6.850000e+00
      vertex   2.766150e+01 -1.107088e+02 6.850000e+00
      vertex   2.957500e+01 -1.067420e+02 6.850000e+00
    endloop
  endfacet
  facet normal 0.000000e+00 0.000000e+00 -1.000000e+00
    outer loop
      vertex   2.957500e+01 -1.067420e+02 6.850000e+00
      vertex   2.766150e+01 -1.107088e+02 6.850000e+00
      vertex   2.746180e+01 -1.106913e+02 6.850000e+00
    endloop
  endfacet
  facet normal 0.000000e+00 0.000000e+00 -1.000000e+00
    outer loop
      vertex   2.957500e+01 -1.067420e+02 6.850000e+00
      vertex   2.746180e+01 -1.106913e+02 6.850000e+00
      vertex   2.726210e+01 -1.107088e+02 6.850000e+00
    endloop
  endfacet
  facet normal -0.000000e+00 0.000000e+00 -1.000000e+00
    outer loop
      vertex   2.726210e+01 -1.107088e+02 6.850000e+00
      vertex   2.706848e+01 -1.107607e+02 6.850000e+00
      vertex   2.957500e+01 -1.067420e+02 6.850000e+00
    endloop
  endfacet
  facet normal 0.000000e+00 0.000000e+00 -1.000000e+00
    outer loop
      vertex   2.957500e+01 -1.067420e+02 6.850000e+00
      vertex   2.706848e+01 -1.107607e+02 6.850000e+00
      vertex   2.688680e+01 -1.108454e+02 6.850000e+00
    endloop
  endfacet
  facet normal -0.000000e+00 0.000000e+00 -1.000000e+00
    outer loop
      vertex   2.672259e+01 -1.109604e+02 6.850000e+00
      vertex   2.658085e+01 -1.111021e+02 6.850000e+00
      vertex   2.057500e+01 -1.104700e+02 6.850000e+00
    endloop
  endfacet
  facet normal 0.000000e+00 0.000000e+00 -1.000000e+00
    outer loop
      vertex   2.057500e+01 -1.104700e+02 6.850000e+00
      vertex   2.658085e+01 -1.111021e+02 6.850000e+00
      vertex   2.646587e+01 -1.112663e+02 6.850000e+00
    endloop
  endfacet
  facet normal 0.000000e+00 0.000000e+00 -1.000000e+00
    outer loop
      vertex   2.057500e+01 -1.104700e+02 6.850000e+00
      vertex   2.646587e+01 -1.112663e+02 6.850000e+00
      vertex   2.638115e+01 -1.114480e+02 6.850000e+00
    endloop
  endfacet
  facet normal -0.000000e+00 0.000000e+00 -1.000000e+00
    outer loop
      vertex   2.638115e+01 -1.114480e+02 6.850000e+00
      vertex   2.632927e+01 -1.116416e+02 6.850000e+00
      vertex   2.057500e+01 -1.104700e+02 6.850000e+00
    endloop
  endfacet
  facet normal 0.000000e+00 0.000000e+00 -1.000000e+00
    outer loop
      vertex   2.057500e+01 -1.104700e+02 6.850000e+00
      vertex   2.632927e+01 -1.116416e+02 6.850000e+00
      vertex   2.631180e+01 -1.118413e+02 6.850000e+00
    endloop
  endfacet
  facet normal 0.000000e+00 0.000000e+00 -1.000000e+00
    outer loop
      vertex   2.057500e+01 -1.104700e+02 6.850000e+00
      vertex   2.631180e+01 -1.118413e+02 6.850000e+00
      vertex   2.632927e+01 -1.120410e+02 6.850000e+00
    endloop
  endfacet
  facet normal -0.000000e+00 -0.000000e+00 -1.000000e+00
    outer loop
      vertex   2.632927e+01 -1.120410e+02 6.850000e+00
      vertex   2.638115e+01 -1.122346e+02 6.850000e+00
      vertex   2.057500e+01 -1.104700e+02 6.850000e+00
    endloop
  endfacet
  facet normal 0.000000e+00 0.000000e+00 -1.000000e+00
    outer loop
      vertex   2.057500e+01 -1.104700e+02 6.850000e+00
      vertex   2.638115e+01 -1.122346e+02 6.850000e+00
      vertex   2.646587e+01 -1.124163e+02 6.850000e+00
    endloop
  endfacet
  facet normal 0.000000e+00 0.000000e+00 -1.000000e+00
    outer loop
      vertex   2.057500e+01 -1.104700e+02 6.850000e+00
      vertex   2.646587e+01 -1.124163e+02 6.850000e+00
      vertex   2.658085e+01 -1.125805e+02 6.850000e+00
    endloop
  endfacet
  facet normal -0.000000e+00 -0.000000e+00 -1.000000e+00
    outer loop
      vertex   2.658085e+01 -1.125805e+02 6.850000e+00
      vertex   2.672259e+01 -1.127223e+02 6.850000e+00
      vertex   2.057500e+01 -1.104700e+02 6.850000e+00
    endloop
  endfacet
  facet normal 0.000000e+00 0.000000e+00 -1.000000e+00
    outer loop
      vertex   2.706848e+01 -1.129220e+02 6.850000e+00
      vertex   2.726210e+01 -1.129739e+02 6.850000e+00
      vertex   2.883317e+01 -1.187281e+02 6.850000e+00
    endloop
  endfacet
  facet normal 0.000000e+00 0.000000e+00 -1.000000e+00
    outer loop
      vertex   2.883317e+01 -1.187281e+02 6.850000e+00
      vertex   2.726210e+01 -1.129739e+02 6.850000e+00
      vertex   2.746180e+01 -1.129913e+02 6.850000e+00
    endloop
  endfacet
  facet normal 0.000000e+00 0.000000e+00 -1.000000e+00
    outer loop
      vertex   2.883317e+01 -1.187281e+02 6.850000e+00
      vertex   2.746180e+01 -1.129913e+02 6.850000e+00
      vertex   2.766150e+01 -1.129739e+02 6.850000e+00
    endloop
  endfacet
  facet normal 0.000000e+00 0.000000e+00 -1.000000e+00
    outer loop
      vertex   2.766150e+01 -1.129739e+02 6.850000e+00
      vertex   2.785512e+01 -1.129220e+02 6.850000e+00
      vertex   2.883317e+01 -1.187281e+02 6.850000e+00
    endloop
  endfacet
  facet normal 0.000000e+00 0.000000e+00 -1.000000e+00
    outer loop
      vertex   2.883317e+01 -1.187281e+02 6.850000e+00
      vertex   2.785512e+01 -1.129220e+02 6.850000e+00
      vertex   2.803680e+01 -1.128373e+02 6.850000e+00
    endloop
  endfacet
  facet normal 0.000000e+00 0.000000e+00 -1.000000e+00
    outer loop
      vertex   2.883317e+01 -1.187281e+02 6.850000e+00
      vertex   2.803680e+01 -1.128373e+02 6.850000e+00
      vertex   2.820101e+01 -1.127223e+02 6.850000e+00
    endloop
  endfacet
  facet normal 0.000000e+00 0.000000e+00 -1.000000e+00
    outer loop
      vertex   2.820101e+01 -1.127223e+02 6.850000e+00
      vertex   2.834275e+01 -1.125805e+02 6.850000e+00
      vertex   2.883317e+01 -1.187281e+02 6.850000e+00
    endloop
  endfacet
  facet normal 0.000000e+00 0.000000e+00 -1.000000e+00
    outer loop
      vertex   2.883317e+01 -1.187281e+02 6.850000e+00
      vertex   2.834275e+01 -1.125805e+02 6.850000e+00
      vertex   2.845773e+01 -1.124163e+02 6.850000e+00
    endloop
  endfacet
  facet normal 0.000000e+00 0.000000e+00 -1.000000e+00
    outer loop
      vertex   2.854245e+01 -1.122346e+02 6.850000e+00
      vertex   2.859433e+01 -1.120410e+02 6.850000e+00
      vertex   3.256109e+01 -1.097281e+02 6.850000e+00
    endloop
  endfacet
  facet normal 0.000000e+00 0.000000e+00 -1.000000e+00
    outer loop
      vertex   1.470644e+02 -1.425222e+02 6.850000e+00
      vertex   1.469002e+02 -1.424072e+02 6.850000e+00
      vertex   1.456426e+02 -1.375025e+02 6.850000e+00
    endloop
  endfacet
  facet normal 0.000000e+00 0.000000e+00 -1.000000e+00
    outer loop
      vertex   1.456426e+02 -1.375025e+02 6.850000e+00
      vertex   1.469002e+02 -1.424072e+02 6.850000e+00
      vertex   1.467185e+02 -1.423225e+02 6.850000e+00
    endloop
  endfacet
  facet normal 0.000000e+00 0.000000e+00 -1.000000e+00
    outer loop
      vertex   1.456426e+02 -1.375025e+02 6.850000e+00
      vertex   1.467185e+02 -1.423225e+02 6.850000e+00
      vertex   1.465249e+02 -1.422706e+02 6.850000e+00
    endloop
  endfacet
  facet normal -0.000000e+00 0.000000e+00 -1.000000e+00
    outer loop
      vertex   1.461255e+02 -1.422706e+02 6.850000e+00
      vertex   1.459319e+02 -1.423225e+02 6.850000e+00
      vertex   1.448420e+02 -1.383031e+02 6.850000e+00
    endloop
  endfacet
  facet normal 0.000000e+00 0.000000e+00 -1.000000e+00
    outer loop
      vertex   1.448420e+02 -1.383031e+02 6.850000e+00
      vertex   1.459319e+02 -1.423225e+02 6.850000e+00
      vertex   1.457502e+02 -1.424072e+02 6.850000e+00
    endloop
  endfacet
  facet normal 0.000000e+00 0.000000e+00 -1.000000e+00
    outer loop
      vertex   2.859433e+01 -2.766150e+01 6.850000e+00
      vertex   2.861180e+01 -2.746180e+01 6.850000e+00
      vertex   3.256109e+01 -2.957500e+01 6.850000e+00
    endloop
  endfacet
  facet normal 0.000000e+00 0.000000e+00 -1.000000e+00
    outer loop
      vertex   3.256109e+01 -2.957500e+01 6.850000e+00
      vertex   2.861180e+01 -2.746180e+01 6.850000e+00
      vertex   2.859433e+01 -2.726210e+01 6.850000e+00
    endloop
  endfacet
  facet normal 0.000000e+00 0.000000e+00 -1.000000e+00
    outer loop
      vertex   3.256109e+01 -2.957500e+01 6.850000e+00
      vertex   2.859433e+01 -2.726210e+01 6.850000e+00
      vertex   2.854245e+01 -2.706848e+01 6.850000e+00
    endloop
  endfacet
  facet normal 0.000000e+00 0.000000e+00 -1.000000e+00
    outer loop
      vertex   2.854245e+01 -2.706848e+01 6.850000e+00
      vertex   2.845773e+01 -2.688680e+01 6.850000e+00
      vertex   3.256109e+01 -2.957500e+01 6.850000e+00
    endloop
  endfacet
  facet normal 0.000000e+00 0.000000e+00 -1.000000e+00
    outer loop
      vertex   2.834275e+01 -2.672259e+01 6.850000e+00
      vertex   2.820101e+01 -2.658085e+01 6.850000e+00
      vertex   2.883317e+01 -2.057500e+01 6.850000e+00
    endloop
  endfacet
  facet normal 0.000000e+00 0.000000e+00 -1.000000e+00
    outer loop
      vertex   2.883317e+01 -2.057500e+01 6.850000e+00
      vertex   2.820101e+01 -2.658085e+01 6.850000e+00
      vertex   2.803680e+01 -2.646587e+01 6.850000e+00
    endloop
  endfacet
  facet normal 0.000000e+00 0.000000e+00 -1.000000e+00
    outer loop
      vertex   2.883317e+01 -2.057500e+01 6.850000e+00
      vertex   2.803680e+01 -2.646587e+01 6.850000e+00
      vertex   2.785512e+01 -2.638115e+01 6.850000e+00
    endloop
  endfacet
  facet normal 0.000000e+00 0.000000e+00 -1.000000e+00
    outer loop
      vertex   2.785512e+01 -2.638115e+01 6.850000e+00
      vertex   2.766150e+01 -2.632927e+01 6.850000e+00
      vertex   2.883317e+01 -2.057500e+01 6.850000e+00
    endloop
  endfacet
  facet normal 0.000000e+00 0.000000e+00 -1.000000e+00
    outer loop
      vertex   2.883317e+01 -2.057500e+01 6.850000e+00
      vertex   2.766150e+01 -2.632927e+01 6.850000e+00
      vertex   2.746180e+01 -2.631180e+01 6.850000e+00
    endloop
  endfacet
  facet normal 0.000000e+00 0.000000e+00 -1.000000e+00
    outer loop
      vertex   2.883317e+01 -2.057500e+01 6.850000e+00
      vertex   2.746180e+01 -2.631180e+01 6.850000e+00
      vertex   2.726210e+01 -2.632927e+01 6.850000e+00
    endloop
  endfacet
  facet normal -0.000000e+00 0.000000e+00 -1.000000e+00
    outer loop
      vertex   2.726210e+01 -2.632927e+01 6.850000e+00
      vertex   2.706848e+01 -2.638115e+01 6.850000e+00
      vertex   2.883317e+01 -2.057500e+01 6.850000e+00
    endloop
  endfacet
  facet normal 0.000000e+00 0.000000e+00 -1.000000e+00
    outer loop
      vertex   2.883317e+01 -2.057500e+01 6.850000e+00
      vertex   2.706848e+01 -2.638115e+01 6.850000e+00
      vertex   2.688680e+01 -2.646587e+01 6.850000e+00
    endloop
  endfacet
  facet normal 0.000000e+00 0.000000e+00 -1.000000e+00
    outer loop
      vertex   2.883317e+01 -2.057500e+01 6.850000e+00
      vertex   2.688680e+01 -2.646587e+01 6.850000e+00
      vertex   2.672259e+01 -2.658085e+01 6.850000e+00
    endloop
  endfacet
  facet normal 0.000000e+00 0.000000e+00 -1.000000e+00
    outer loop
      vertex   2.646587e+01 -2.688680e+01 6.850000e+00
      vertex   2.638115e+01 -2.706848e+01 6.850000e+00
      vertex   2.057500e+01 -2.883317e+01 6.850000e+00
    endloop
  endfacet
  facet normal 0.000000e+00 0.000000e+00 -1.000000e+00
    outer loop
      vertex   2.057500e+01 -2.883317e+01 6.850000e+00
      vertex   2.638115e+01 -2.706848e+01 6.850000e+00
      vertex   2.632927e+01 -2.726210e+01 6.850000e+00
    endloop
  endfacet
  facet normal 0.000000e+00 0.000000e+00 -1.000000e+00
    outer loop
      vertex   2.057500e+01 -2.883317e+01 6.850000e+00
      vertex   2.632927e+01 -2.726210e+01 6.850000e+00
      vertex   2.631180e+01 -2.746180e+01 6.850000e+00
    endloop
  endfacet
  facet normal 0.000000e+00 -0.000000e+00 -1.000000e+00
    outer loop
      vertex   2.631180e+01 -2.746180e+01 6.850000e+00
      vertex   2.632927e+01 -2.766150e+01 6.850000e+00
      vertex   2.057500e+01 -2.883317e+01 6.850000e+00
    endloop
  endfacet
  facet normal 0.000000e+00 0.000000e+00 -1.000000e+00
    outer loop
      vertex   2.057500e+01 -2.883317e+01 6.850000e+00
      vertex   2.632927e+01 -2.766150e+01 6.850000e+00
      vertex   2.638115e+01 -2.785512e+01 6.850000e+00
    endloop
  endfacet
  facet normal 0.000000e+00 0.000000e+00 -1.000000e+00
    outer loop
      vertex   2.057500e+01 -2.883317e+01 6.850000e+00
      vertex   2.638115e+01 -2.785512e+01 6.850000e+00
      vertex   2.646587e+01 -2.803680e+01 6.850000e+00
    endloop
  endfacet
  facet normal 0.000000e+00 -0.000000e+00 -1.000000e+00
    outer loop
      vertex   2.646587e+01 -2.803680e+01 6.850000e+00
      vertex   2.658085e+01 -2.820101e+01 6.850000e+00
      vertex   2.057500e+01 -2.883317e+01 6.850000e+00
    endloop
  endfacet
  facet normal 0.000000e+00 0.000000e+00 -1.000000e+00
    outer loop
      vertex   2.057500e+01 -2.883317e+01 6.850000e+00
      vertex   2.658085e+01 -2.820101e+01 6.850000e+00
      vertex   2.672259e+01 -2.834275e+01 6.850000e+00
    endloop
  endfacet
  facet normal 0.000000e+00 0.000000e+00 -1.000000e+00
    outer loop
      vertex   2.057500e+01 -2.883317e+01 6.850000e+00
      vertex   2.672259e+01 -2.834275e+01 6.850000e+00
      vertex   2.688680e+01 -2.845773e+01 6.850000e+00
    endloop
  endfacet
  facet normal 0.000000e+00 0.000000e+00 -1.000000e+00
    outer loop
      vertex   2.706848e+01 -2.854245e+01 6.850000e+00
      vertex   2.726210e+01 -2.859433e+01 6.850000e+00
      vertex   2.957500e+01 -3.256109e+01 6.850000e+00
    endloop
  endfacet
  facet normal 0.000000e+00 0.000000e+00 -1.000000e+00
    outer loop
      vertex   2.957500e+01 -3.256109e+01 6.850000e+00
      vertex   2.726210e+01 -2.859433e+01 6.850000e+00
      vertex   2.746180e+01 -2.861180e+01 6.850000e+00
    endloop
  endfacet
  facet normal 0.000000e+00 0.000000e+00 -1.000000e+00
    outer loop
      vertex   2.957500e+01 -3.256109e+01 6.850000e+00
      vertex   2.746180e+01 -2.861180e+01 6.850000e+00
      vertex   2.766150e+01 -2.859433e+01 6.850000e+00
    endloop
  endfacet
  facet normal 0.000000e+00 0.000000e+00 -1.000000e+00
    outer loop
      vertex   2.766150e+01 -2.859433e+01 6.850000e+00
      vertex   2.785512e+01 -2.854245e+01 6.850000e+00
      vertex   2.957500e+01 -3.256109e+01 6.850000e+00
    endloop
  endfacet
  facet normal 0.000000e+00 0.000000e+00 -1.000000e+00
    outer loop
      vertex   2.957500e+01 -3.256109e+01 6.850000e+00
      vertex   2.785512e+01 -2.854245e+01 6.850000e+00
      vertex   2.803680e+01 -2.845773e+01 6.850000e+00
    endloop
  endfacet
  facet normal 0.000000e+00 0.000000e+00 -1.000000e+00
    outer loop
      vertex   2.957500e+01 -3.256109e+01 6.850000e+00
      vertex   2.803680e+01 -2.845773e+01 6.850000e+00
      vertex   2.820101e+01 -2.834275e+01 6.850000e+00
    endloop
  endfacet
  facet normal 0.000000e+00 0.000000e+00 -1.000000e+00
    outer loop
      vertex   2.845773e+01 -2.803680e+01 6.850000e+00
      vertex   2.854245e+01 -2.785512e+01 6.850000e+00
      vertex   3.256109e+01 -2.957500e+01 6.850000e+00
    endloop
  endfacet
  facet normal 0.000000e+00 0.000000e+00 -1.000000e+00
    outer loop
      vertex   3.256109e+01 -2.957500e+01 6.850000e+00
      vertex   2.854245e+01 -2.785512e+01 6.850000e+00
      vertex   2.859433e+01 -2.766150e+01 6.850000e+00
    endloop
  endfacet
  facet normal 0.000000e+00 0.000000e+00 -1.000000e+00
    outer loop
      vertex   1.415345e+02 -2.408168e+01 6.850000e+00
      vertex   1.414498e+02 -2.390000e+01 6.850000e+00
      vertex   1.465705e+02 -2.057500e+01 6.850000e+00
    endloop
  endfacet
  facet normal 0.000000e+00 0.000000e+00 -1.000000e+00
    outer loop
      vertex   1.465705e+02 -2.057500e+01 6.850000e+00
      vertex   1.414498e+02 -2.390000e+01 6.850000e+00
      vertex   1.413348e+02 -2.373579e+01 6.850000e+00
    endloop
  endfacet
  facet normal 0.000000e+00 0.000000e+00 -1.000000e+00
    outer loop
      vertex   1.465705e+02 -2.057500e+01 6.850000e+00
      vertex   1.413348e+02 -2.373579e+01 6.850000e+00
      vertex   1.411931e+02 -2.359405e+01 6.850000e+00
    endloop
  endfacet
  facet normal 0.000000e+00 0.000000e+00 -1.000000e+00
    outer loop
      vertex   1.411931e+02 -2.359405e+01 6.850000e+00
      vertex   1.410289e+02 -2.347907e+01 6.850000e+00
      vertex   1.465705e+02 -2.057500e+01 6.850000e+00
    endloop
  endfacet
  facet normal 0.000000e+00 0.000000e+00 -1.000000e+00
    outer loop
      vertex   1.465705e+02 -2.057500e+01 6.850000e+00
      vertex   1.410289e+02 -2.347907e+01 6.850000e+00
      vertex   1.408472e+02 -2.339435e+01 6.850000e+00
    endloop
  endfacet
  facet normal 0.000000e+00 0.000000e+00 -1.000000e+00
    outer loop
      vertex   1.465705e+02 -2.057500e+01 6.850000e+00
      vertex   1.408472e+02 -2.339435e+01 6.850000e+00
      vertex   1.406536e+02 -2.334247e+01 6.850000e+00
    endloop
  endfacet
  facet normal -0.000000e+00 0.000000e+00 -1.000000e+00
    outer loop
      vertex   1.402542e+02 -2.334247e+01 6.850000e+00
      vertex   1.400606e+02 -2.339435e+01 6.850000e+00
      vertex   1.366637e+02 -2.057500e+01 6.850000e+00
    endloop
  endfacet
  facet normal 0.000000e+00 0.000000e+00 -1.000000e+00
    outer loop
      vertex   1.366637e+02 -2.057500e+01 6.850000e+00
      vertex   1.400606e+02 -2.339435e+01 6.850000e+00
      vertex   1.398789e+02 -2.347907e+01 6.850000e+00
    endloop
  endfacet
  facet normal 0.000000e+00 0.000000e+00 -1.000000e+00
    outer loop
      vertex   1.366637e+02 -2.057500e+01 6.850000e+00
      vertex   1.398789e+02 -2.347907e+01 6.850000e+00
      vertex   1.397147e+02 -2.359405e+01 6.850000e+00
    endloop
  endfacet
  facet normal -0.000000e+00 0.000000e+00 -1.000000e+00
    outer loop
      vertex   1.397147e+02 -2.359405e+01 6.850000e+00
      vertex   1.395729e+02 -2.373579e+01 6.850000e+00
      vertex   1.366637e+02 -2.057500e+01 6.850000e+00
    endloop
  endfacet
  facet normal 0.000000e+00 0.000000e+00 -1.000000e+00
    outer loop
      vertex   1.366637e+02 -2.057500e+01 6.850000e+00
      vertex   1.395729e+02 -2.373579e+01 6.850000e+00
      vertex   1.394580e+02 -2.390000e+01 6.850000e+00
    endloop
  endfacet
  facet normal 0.000000e+00 0.000000e+00 -1.000000e+00
    outer loop
      vertex   1.366637e+02 -2.057500e+01 6.850000e+00
      vertex   1.394580e+02 -2.390000e+01 6.850000e+00
      vertex   1.393733e+02 -2.408168e+01 6.850000e+00
    endloop
  endfacet
  facet normal -0.000000e+00 0.000000e+00 -1.000000e+00
    outer loop
      vertex   1.393733e+02 -2.408168e+01 6.850000e+00
      vertex   1.393214e+02 -2.427530e+01 6.850000e+00
      vertex   1.366637e+02 -2.057500e+01 6.850000e+00
    endloop
  endfacet
  facet normal 0.000000e+00 0.000000e+00 -1.000000e+00
    outer loop
      vertex   1.366637e+02 -2.057500e+01 6.850000e+00
      vertex   1.393214e+02 -2.427530e+01 6.850000e+00
      vertex   1.393039e+02 -2.447500e+01 6.850000e+00
    endloop
  endfacet
  facet normal 0.000000e+00 -0.000000e+00 -1.000000e+00
    outer loop
      vertex   1.366637e+02 -2.057500e+01 6.850000e+00
      vertex   1.393039e+02 -2.447500e+01 6.850000e+00
      vertex   1.305545e+02 -2.719375e+01 6.850000e+00
    endloop
  endfacet
  facet normal 0.000000e+00 0.000000e+00 -1.000000e+00
    outer loop
      vertex   1.305545e+02 -2.719375e+01 6.850000e+00
      vertex   1.393039e+02 -2.447500e+01 6.850000e+00
      vertex   1.393214e+02 -2.467470e+01 6.850000e+00
    endloop
  endfacet
  facet normal 0.000000e+00 0.000000e+00 -1.000000e+00
    outer loop
      vertex   1.305545e+02 -2.719375e+01 6.850000e+00
      vertex   1.393214e+02 -2.467470e+01 6.850000e+00
      vertex   1.393733e+02 -2.486832e+01 6.850000e+00
    endloop
  endfacet
  facet normal 0.000000e+00 -0.000000e+00 -1.000000e+00
    outer loop
      vertex   1.395729e+02 -2.521421e+01 6.850000e+00
      vertex   1.397147e+02 -2.535595e+01 6.850000e+00
      vertex   1.329358e+02 -2.957500e+01 6.850000e+00
    endloop
  endfacet
  facet normal 0.000000e+00 0.000000e+00 -1.000000e+00
    outer loop
      vertex   1.329358e+02 -2.957500e+01 6.850000e+00
      vertex   1.397147e+02 -2.535595e+01 6.850000e+00
      vertex   1.398789e+02 -2.547093e+01 6.850000e+00
    endloop
  endfacet
  facet normal 0.000000e+00 0.000000e+00 -1.000000e+00
    outer loop
      vertex   1.329358e+02 -2.957500e+01 6.850000e+00
      vertex   1.398789e+02 -2.547093e+01 6.850000e+00
      vertex   1.400606e+02 -2.555565e+01 6.850000e+00
    endloop
  endfacet
  facet normal 0.000000e+00 -0.000000e+00 -1.000000e+00
    outer loop
      vertex   1.400606e+02 -2.555565e+01 6.850000e+00
      vertex   1.402542e+02 -2.560753e+01 6.850000e+00
      vertex   1.329358e+02 -2.957500e+01 6.850000e+00
    endloop
  endfacet
  facet normal 0.000000e+00 0.000000e+00 -1.000000e+00
    outer loop
      vertex   1.406536e+02 -2.560753e+01 6.850000e+00
      vertex   1.408472e+02 -2.555565e+01 6.850000e+00
      vertex   1.460705e+02 -2.957500e+01 6.850000e+00
    endloop
  endfacet
  facet normal 0.000000e+00 0.000000e+00 -1.000000e+00
    outer loop
      vertex   1.460705e+02 -2.957500e+01 6.850000e+00
      vertex   1.408472e+02 -2.555565e+01 6.850000e+00
      vertex   1.410289e+02 -2.547093e+01 6.850000e+00
    endloop
  endfacet
  facet normal 0.000000e+00 0.000000e+00 -1.000000e+00
    outer loop
      vertex   1.460705e+02 -2.957500e+01 6.850000e+00
      vertex   1.410289e+02 -2.547093e+01 6.850000e+00
      vertex   1.411931e+02 -2.535595e+01 6.850000e+00
    endloop
  endfacet
  facet normal 0.000000e+00 0.000000e+00 -1.000000e+00
    outer loop
      vertex   1.414498e+02 -2.505000e+01 6.850000e+00
      vertex   1.415345e+02 -2.486832e+01 6.850000e+00
      vertex   1.465705e+02 -2.907500e+01 6.850000e+00
    endloop
  endfacet
  facet normal 0.000000e+00 0.000000e+00 -1.000000e+00
    outer loop
      vertex   1.465705e+02 -2.907500e+01 6.850000e+00
      vertex   1.415345e+02 -2.486832e+01 6.850000e+00
      vertex   1.415864e+02 -2.467470e+01 6.850000e+00
    endloop
  endfacet
  facet normal 0.000000e+00 0.000000e+00 -1.000000e+00
    outer loop
      vertex   1.465705e+02 -2.907500e+01 6.850000e+00
      vertex   1.415864e+02 -2.467470e+01 6.850000e+00
      vertex   1.416039e+02 -2.447500e+01 6.850000e+00
    endloop
  endfacet
  facet normal -0.000000e+00 0.000000e+00 -1.000000e+00
    outer loop
      vertex   1.630959e+02 -1.034065e+02 6.850000e+00
      vertex   1.629317e+02 -1.035215e+02 6.850000e+00
      vertex   1.585807e+02 -1.029809e+02 6.850000e+00
    endloop
  endfacet
  facet normal 0.000000e+00 0.000000e+00 -1.000000e+00
    outer loop
      vertex   1.585807e+02 -1.029809e+02 6.850000e+00
      vertex   1.629317e+02 -1.035215e+02 6.850000e+00
      vertex   1.627900e+02 -1.036632e+02 6.850000e+00
    endloop
  endfacet
  facet normal 0.000000e+00 0.000000e+00 -1.000000e+00
    outer loop
      vertex   1.585807e+02 -1.029809e+02 6.850000e+00
      vertex   1.627900e+02 -1.036632e+02 6.850000e+00
      vertex   1.626750e+02 -1.038274e+02 6.850000e+00
    endloop
  endfacet
  facet normal -0.000000e+00 0.000000e+00 -1.000000e+00
    outer loop
      vertex   1.626750e+02 -1.038274e+02 6.850000e+00
      vertex   1.625903e+02 -1.040091e+02 6.850000e+00
      vertex   1.585807e+02 -1.029809e+02 6.850000e+00
    endloop
  endfacet
  facet normal 0.000000e+00 0.000000e+00 -1.000000e+00
    outer loop
      vertex   1.585807e+02 -1.029809e+02 6.850000e+00
      vertex   1.625903e+02 -1.040091e+02 6.850000e+00
      vertex   1.625384e+02 -1.042027e+02 6.850000e+00
    endloop
  endfacet
  facet normal 0.000000e+00 0.000000e+00 -1.000000e+00
    outer loop
      vertex   1.585807e+02 -1.029809e+02 6.850000e+00
      vertex   1.625384e+02 -1.042027e+02 6.850000e+00
      vertex   1.625209e+02 -1.044024e+02 6.850000e+00
    endloop
  endfacet
  facet normal -0.000000e+00 -0.000000e+00 -1.000000e+00
    outer loop
      vertex   1.625209e+02 -1.044024e+02 6.850000e+00
      vertex   1.625384e+02 -1.046021e+02 6.850000e+00
      vertex   1.585807e+02 -1.029809e+02 6.850000e+00
    endloop
  endfacet
  facet normal 0.000000e+00 0.000000e+00 -1.000000e+00
    outer loop
      vertex   1.585807e+02 -1.029809e+02 6.850000e+00
      vertex   1.625384e+02 -1.046021e+02 6.850000e+00
      vertex   1.625903e+02 -1.047958e+02 6.850000e+00
    endloop
  endfacet
  facet normal 0.000000e+00 0.000000e+00 -1.000000e+00
    outer loop
      vertex   1.585807e+02 -1.029809e+02 6.850000e+00
      vertex   1.625903e+02 -1.047958e+02 6.850000e+00
      vertex   1.626750e+02 -1.049774e+02 6.850000e+00
    endloop
  endfacet
  facet normal -0.000000e+00 -0.000000e+00 -1.000000e+00
    outer loop
      vertex   1.626750e+02 -1.049774e+02 6.850000e+00
      vertex   1.627900e+02 -1.051416e+02 6.850000e+00
      vertex   1.585807e+02 -1.029809e+02 6.850000e+00
    endloop
  endfacet
  facet normal 0.000000e+00 0.000000e+00 -1.000000e+00
    outer loop
      vertex   1.585807e+02 -1.029809e+02 6.850000e+00
      vertex   1.627900e+02 -1.051416e+02 6.850000e+00
      vertex   1.629317e+02 -1.052834e+02 6.850000e+00
    endloop
  endfacet
  facet normal 0.000000e+00 -0.000000e+00 -1.000000e+00
    outer loop
      vertex   1.632776e+02 -1.054831e+02 6.850000e+00
      vertex   1.634712e+02 -1.055350e+02 6.850000e+00
      vertex   1.585453e+02 -1.172531e+02 6.850000e+00
    endloop
  endfacet
  facet normal 0.000000e+00 0.000000e+00 -1.000000e+00
    outer loop
      vertex   1.585453e+02 -1.172531e+02 6.850000e+00
      vertex   1.634712e+02 -1.055350e+02 6.850000e+00
      vertex   1.636709e+02 -1.055524e+02 6.850000e+00
    endloop
  endfacet
  facet normal 0.000000e+00 0.000000e+00 -1.000000e+00
    outer loop
      vertex   1.585453e+02 -1.172531e+02 6.850000e+00
      vertex   1.636709e+02 -1.055524e+02 6.850000e+00
      vertex   1.638706e+02 -1.055350e+02 6.850000e+00
    endloop
  endfacet
  facet normal 0.000000e+00 -0.000000e+00 -1.000000e+00
    outer loop
      vertex   1.638706e+02 -1.055350e+02 6.850000e+00
      vertex   1.640642e+02 -1.054831e+02 6.850000e+00
      vertex   1.585453e+02 -1.172531e+02 6.850000e+00
    endloop
  endfacet
  facet normal 0.000000e+00 0.000000e+00 -1.000000e+00
    outer loop
      vertex   7.148454e+01 -2.328438e+01 6.850000e+00
      vertex   7.146707e+01 -2.308468e+01 6.850000e+00
      vertex   7.899546e+01 -2.600313e+01 6.850000e+00
    endloop
  endfacet
  facet normal 0.000000e+00 0.000000e+00 -1.000000e+00
    outer loop
      vertex   7.141518e+01 -2.289105e+01 6.850000e+00
      vertex   7.133047e+01 -2.270938e+01 6.850000e+00
      vertex   7.288629e+01 -1.938437e+01 6.850000e+00
    endloop
  endfacet
  facet normal 0.000000e+00 0.000000e+00 -1.000000e+00
    outer loop
      vertex   7.288629e+01 -1.938437e+01 6.850000e+00
      vertex   7.133047e+01 -2.270938e+01 6.850000e+00
      vertex   7.121549e+01 -2.254517e+01 6.850000e+00
    endloop
  endfacet
  facet normal 0.000000e+00 0.000000e+00 -1.000000e+00
    outer loop
      vertex   7.288629e+01 -1.938437e+01 6.850000e+00
      vertex   7.121549e+01 -2.254517e+01 6.850000e+00
      vertex   7.107374e+01 -2.240342e+01 6.850000e+00
    endloop
  endfacet
  facet normal 0.000000e+00 0.000000e+00 -1.000000e+00
    outer loop
      vertex   7.107374e+01 -2.240342e+01 6.850000e+00
      vertex   7.090954e+01 -2.228845e+01 6.850000e+00
      vertex   7.288629e+01 -1.938437e+01 6.850000e+00
    endloop
  endfacet
  facet normal 0.000000e+00 0.000000e+00 -1.000000e+00
    outer loop
      vertex   7.288629e+01 -1.938437e+01 6.850000e+00
      vertex   7.090954e+01 -2.228845e+01 6.850000e+00
      vertex   7.072786e+01 -2.220373e+01 6.850000e+00
    endloop
  endfacet
  facet normal 0.000000e+00 0.000000e+00 -1.000000e+00
    outer loop
      vertex   7.288629e+01 -1.938437e+01 6.850000e+00
      vertex   7.072786e+01 -2.220373e+01 6.850000e+00
      vertex   7.053423e+01 -2.215185e+01 6.850000e+00
    endloop
  endfacet
  facet normal 0.000000e+00 0.000000e+00 -1.000000e+00
    outer loop
      vertex   7.053423e+01 -2.215185e+01 6.850000e+00
      vertex   7.033454e+01 -2.213437e+01 6.850000e+00
      vertex   7.288629e+01 -1.938437e+01 6.850000e+00
    endloop
  endfacet
  facet normal 0.000000e+00 0.000000e+00 -1.000000e+00
    outer loop
      vertex   7.288629e+01 -1.938437e+01 6.850000e+00
      vertex   7.033454e+01 -2.213437e+01 6.850000e+00
      vertex   7.013484e+01 -2.215185e+01 6.850000e+00
    endloop
  endfacet
  facet normal 0.000000e+00 0.000000e+00 -1.000000e+00
    outer loop
      vertex   7.288629e+01 -1.938437e+01 6.850000e+00
      vertex   7.013484e+01 -2.215185e+01 6.850000e+00
      vertex   6.994121e+01 -2.220373e+01 6.850000e+00
    endloop
  endfacet
  facet normal -0.000000e+00 0.000000e+00 -1.000000e+00
    outer loop
      vertex   6.959533e+01 -2.240342e+01 6.850000e+00
      vertex   6.945359e+01 -2.254517e+01 6.850000e+00
      vertex   6.455192e+01 -1.938437e+01 6.850000e+00
    endloop
  endfacet
  facet normal 0.000000e+00 0.000000e+00 -1.000000e+00
    outer loop
      vertex   6.455192e+01 -1.938437e+01 6.850000e+00
      vertex   6.945359e+01 -2.254517e+01 6.850000e+00
      vertex   6.933861e+01 -2.270938e+01 6.850000e+00
    endloop
  endfacet
  facet normal 0.000000e+00 0.000000e+00 -1.000000e+00
    outer loop
      vertex   6.455192e+01 -1.938437e+01 6.850000e+00
      vertex   6.933861e+01 -2.270938e+01 6.850000e+00
      vertex   6.925389e+01 -2.289105e+01 6.850000e+00
    endloop
  endfacet
  facet normal -0.000000e+00 -0.000000e+00 -1.000000e+00
    outer loop
      vertex   6.918454e+01 -2.328438e+01 6.850000e+00
      vertex   6.920201e+01 -2.348407e+01 6.850000e+00
      vertex   6.336129e+01 -2.057500e+01 6.850000e+00
    endloop
  endfacet
  facet normal 0.000000e+00 0.000000e+00 -1.000000e+00
    outer loop
      vertex   6.336129e+01 -2.057500e+01 6.850000e+00
      vertex   6.920201e+01 -2.348407e+01 6.850000e+00
      vertex   6.925389e+01 -2.367770e+01 6.850000e+00
    endloop
  endfacet
  facet normal 0.000000e+00 -0.000000e+00 -1.000000e+00
    outer loop
      vertex   6.933861e+01 -2.385938e+01 6.850000e+00
      vertex   6.945359e+01 -2.402358e+01 6.850000e+00
      vertex   6.827984e+01 -2.838437e+01 6.850000e+00
    endloop
  endfacet
  facet normal 0.000000e+00 0.000000e+00 -1.000000e+00
    outer loop
      vertex   6.827984e+01 -2.838437e+01 6.850000e+00
      vertex   6.945359e+01 -2.402358e+01 6.850000e+00
      vertex   6.959533e+01 -2.416533e+01 6.850000e+00
    endloop
  endfacet
  facet normal 0.000000e+00 0.000000e+00 -1.000000e+00
    outer loop
      vertex   6.827984e+01 -2.838437e+01 6.850000e+00
      vertex   6.959533e+01 -2.416533e+01 6.850000e+00
      vertex   6.975954e+01 -2.428030e+01 6.850000e+00
    endloop
  endfacet
  facet normal 0.000000e+00 -0.000000e+00 -1.000000e+00
    outer loop
      vertex   6.975954e+01 -2.428030e+01 6.850000e+00
      vertex   6.994121e+01 -2.436502e+01 6.850000e+00
      vertex   6.827984e+01 -2.838437e+01 6.850000e+00
    endloop
  endfacet
  facet normal 0.000000e+00 0.000000e+00 -1.000000e+00
    outer loop
      vertex   6.827984e+01 -2.838437e+01 6.850000e+00
      vertex   6.994121e+01 -2.436502e+01 6.850000e+00
      vertex   7.013484e+01 -2.441690e+01 6.850000e+00
    endloop
  endfacet
  facet normal 0.000000e+00 0.000000e+00 -1.000000e+00
    outer loop
      vertex   6.827984e+01 -2.838437e+01 6.850000e+00
      vertex   7.013484e+01 -2.441690e+01 6.850000e+00
      vertex   7.033454e+01 -2.443438e+01 6.850000e+00
    endloop
  endfacet
  facet normal 0.000000e+00 -0.000000e+00 -1.000000e+00
    outer loop
      vertex   7.033454e+01 -2.443438e+01 6.850000e+00
      vertex   7.053423e+01 -2.441690e+01 6.850000e+00
      vertex   6.827984e+01 -2.838437e+01 6.850000e+00
    endloop
  endfacet
  facet normal 0.000000e+00 0.000000e+00 -1.000000e+00
    outer loop
      vertex   6.827984e+01 -2.838437e+01 6.850000e+00
      vertex   7.053423e+01 -2.441690e+01 6.850000e+00
      vertex   7.072786e+01 -2.436502e+01 6.850000e+00
    endloop
  endfacet
  facet normal 0.000000e+00 0.000000e+00 -1.000000e+00
    outer loop
      vertex   7.107374e+01 -2.416533e+01 6.850000e+00
      vertex   7.121549e+01 -2.402358e+01 6.850000e+00
      vertex   7.661421e+01 -2.838437e+01 6.850000e+00
    endloop
  endfacet
  facet normal 0.000000e+00 0.000000e+00 -1.000000e+00
    outer loop
      vertex   7.661421e+01 -2.838437e+01 6.850000e+00
      vertex   7.121549e+01 -2.402358e+01 6.850000e+00
      vertex   7.133047e+01 -2.385938e+01 6.850000e+00
    endloop
  endfacet
  facet normal 0.000000e+00 0.000000e+00 -1.000000e+00
    outer loop
      vertex   7.661421e+01 -2.838437e+01 6.850000e+00
      vertex   7.133047e+01 -2.385938e+01 6.850000e+00
      vertex   7.141518e+01 -2.367770e+01 6.850000e+00
    endloop
  endfacet
  facet normal 0.000000e+00 0.000000e+00 -1.000000e+00
    outer loop
      vertex   8.693495e+01 -1.287098e+02 6.850000e+00
      vertex   8.695242e+01 -1.285101e+02 6.850000e+00
      vertex   8.971109e+01 -1.252063e+02 6.850000e+00
    endloop
  endfacet
  facet normal 0.000000e+00 0.000000e+00 -1.000000e+00
    outer loop
      vertex   8.971109e+01 -1.252063e+02 6.850000e+00
      vertex   8.695242e+01 -1.285101e+02 6.850000e+00
      vertex   8.693495e+01 -1.283104e+02 6.850000e+00
    endloop
  endfacet
  facet normal 0.000000e+00 0.000000e+00 -1.000000e+00
    outer loop
      vertex   8.971109e+01 -1.252063e+02 6.850000e+00
      vertex   8.693495e+01 -1.283104e+02 6.850000e+00
      vertex   8.688307e+01 -1.281168e+02 6.850000e+00
    endloop
  endfacet
  facet normal 0.000000e+00 0.000000e+00 -1.000000e+00
    outer loop
      vertex   8.688307e+01 -1.281168e+02 6.850000e+00
      vertex   8.679835e+01 -1.279351e+02 6.850000e+00
      vertex   8.971109e+01 -1.252063e+02 6.850000e+00
    endloop
  endfacet
  facet normal 0.000000e+00 0.000000e+00 -1.000000e+00
    outer loop
      vertex   8.971109e+01 -1.252063e+02 6.850000e+00
      vertex   8.679835e+01 -1.279351e+02 6.850000e+00
      vertex   8.668338e+01 -1.277709e+02 6.850000e+00
    endloop
  endfacet
  facet normal 0.000000e+00 0.000000e+00 -1.000000e+00
    outer loop
      vertex   8.971109e+01 -1.252063e+02 6.850000e+00
      vertex   8.668338e+01 -1.277709e+02 6.850000e+00
      vertex   8.654163e+01 -1.276291e+02 6.850000e+00
    endloop
  endfacet
endsolid
